Age_in_years,Age_in_months,Body_length,Weight,Owner_play_time_minutes,Sleep_time_hours,Breed_maine coon,Breed_nan,Breed_ragdoll,Gender_male,Gender_nan,Neutered_or_spayed_nan,Neutered_or_spayed_true,Fur_colour_dominant_brown/chocolate,Fur_colour_dominant_lilac,Fur_colour_dominant_nan,Fur_colour_dominant_red/cream,Fur_colour_dominant_seal,Fur_colour_dominant_white,Fur_pattern_colorpoint,Fur_pattern_dirty,Fur_pattern_mitted,Fur_pattern_nan,Fur_pattern_solid,Fur_pattern_tabby,Fur_pattern_tortie,Eye_colour_blue,Eye_colour_green,Eye_colour_nan,Eye_colour_yellow,Allowed_outdoor_nan,Allowed_outdoor_true,Preferred_food_dry,Preferred_food_nan,Preferred_food_wet,Country_france,Country_germany,Country_my country,Country_nan,Country_uk,Country_usa,Country_where i live,Country_with me
-1.8380295002422267,-1.8508095953060388,-2.097228728006523,-1.8037152719401215,2.15320704534155,0.07626781086189616,-0.508571073354389,-0.3353646338730602,-0.8505791253521618,-0.9075501609217962,-0.25607375986579195,-0.24112141108520604,-1.1677484162422842,-0.3784390048634126,-0.07432941462471664,-0.11559856812793746,-0.3669650414492984,-0.678729811709616,1.647508942095828,-0.7471406682025761,-0.0941763218696022,-0.105409255338946,-0.23073955174772434,1.2917514083134436,-0.2773500981126145,-0.19090958396133909,0.9095654110330884,-0.41554832735932656,-0.21160368475757949,-0.43893114546442885,-0.21442250696755896,-0.3018726524899911,-0.6461002111639058,-0.153694655873568,0.6839166144230383,2.862152894574151,-0.2909029959270487,-0.03316790634033297,-0.27272727272727276,-0.3353646338730602,-1.1443970770893999,-0.033167906340332974,-0.033167906340332974
-1.8067966159324493,-1.8183141924172004,-2.097228728006523,-1.5276404282006528,2.337683664581847,0.07626781086189616,-0.508571073354389,-0.3353646338730602,-0.8505791253521618,1.101867470316244,-0.25607375986579195,-0.24112141108520604,-1.1677484162422842,-0.3784390048634126,-0.07432941462471664,-0.11559856812793746,-0.3669650414492984,-0.678729811709616,1.647508942095828,-0.7471406682025761,-0.0941763218696022,-0.105409255338946,-0.23073955174772434,1.2917514083134436,-0.2773500981126145,-0.19090958396133909,0.9095654110330884,-0.41554832735932656,-0.21160368475757949,-0.43893114546442885,-0.21442250696755896,-0.3018726524899911,-0.6461002111639058,-0.153694655873568,0.6839166144230383,2.862152894574151,-0.2909029959270487,-0.03316790634033297,-0.27272727272727276,-0.3353646338730602,-1.1443970770893999,-0.033167906340332974,-0.033167906340332974
-1.7404267367741726,-0.031067033531087286,-2.0020142926400326,-1.361995521956972,1.6920154972408086,-1.8954284358519036,-0.508571073354389,-0.3353646338730602,-0.8505791253521618,-0.9075501609217962,3.905124837953327,-0.24112141108520604,-1.1677484162422842,-0.3784390048634126,-0.07432941462471664,-0.11559856812793746,-0.3669650414492984,1.4733403229794104,-0.6069769786668839,-0.7471406682025761,-0.0941763218696022,-0.105409255338946,-0.23073955174772434,1.2917514083134436,-0.2773500981126145,-0.19090958396133909,-1.0994261521710633,2.4064589703793833,-0.21160368475757949,-0.43893114546442885,-0.21442250696755896,-0.3018726524899911,-0.6461002111639058,-0.153694655873568,0.6839166144230383,2.862152894574151,-0.2909029959270487,-0.03316790634033297,-0.27272727272727276,-0.3353646338730602,-1.1443970770893999,-0.033167906340332974,-0.033167906340332974
-1.7404267367741726,-0.031067033531087286,-1.906799857273542,-1.2515655844611844,0.1239642336982873,-3.0784461838801835,-0.508571073354389,-0.3353646338730602,-0.8505791253521618,-0.9075501609217962,3.905124837953327,-0.24112141108520604,-1.1677484162422842,-0.3784390048634126,-0.07432941462471664,-0.11559856812793746,-0.3669650414492984,-0.678729811709616,1.647508942095828,-0.7471406682025761,10.618380290797647,-0.105409255338946,-0.23073955174772434,-0.7741427596395154,-0.2773500981126145,-0.19090958396133909,0.9095654110330884,-0.41554832735932656,-0.21160368475757949,-0.43893114546442885,-0.21442250696755896,-0.3018726524899911,-0.6461002111639058,-0.153694655873568,0.6839166144230383,2.862152894574151,-0.2909029959270487,-0.03316790634033297,-0.27272727272727276,-0.3353646338730602,-1.1443970770893999,-0.033167906340332974,-0.033167906340332974
-1.7404267367741726,-0.031067033531087286,-1.906799857273542,-1.2515655844611844,2.6143985934422918,-2.2897676851946636,-0.508571073354389,-0.3353646338730602,-0.8505791253521618,-0.9075501609217962,3.905124837953327,4.147288270665544,-1.1677484162422842,-0.3784390048634126,-0.07432941462471664,-0.11559856812793746,2.7250552152068273,-0.678729811709616,-0.6069769786668839,-0.7471406682025761,-0.0941763218696022,-0.105409255338946,-0.23073955174772434,-0.7741427596395154,3.605551275463989,-0.19090958396133909,-1.0994261521710633,2.4064589703793833,-0.21160368475757949,-0.43893114546442885,-0.21442250696755896,-0.3018726524899911,-0.6461002111639058,-0.153694655873568,0.6839166144230383,2.862152894574151,-0.2909029959270487,-0.03316790634033297,-0.27272727272727276,-0.3353646338730602,-1.1443970770893999,-0.033167906340332974,-0.033167906340332974
-1.7404267367741726,-1.7533233866395235,-1.906799857273542,-1.2515655844611844,0.6773940914191772,4.808338802975015,-0.508571073354389,2.981829027262644,-0.8505791253521618,-0.9075501609217962,-0.25607375986579195,-0.24112141108520604,-1.1677484162422842,-0.3784390048634126,-0.07432941462471664,-0.11559856812793746,-0.3669650414492984,-0.678729811709616,1.647508942095828,-0.7471406682025761,-0.0941763218696022,-0.105409255338946,-0.23073955174772434,1.2917514083134436,-0.2773500981126145,-0.19090958396133909,-1.0994261521710633,-0.41554832735932656,-0.21160368475757949,-0.43893114546442885,-0.21442250696755896,-0.3018726524899911,-0.6461002111639058,-0.153694655873568,-1.4621665549733924,2.862152894574151,-0.2909029959270487,-0.03316790634033297,-0.27272727272727276,-0.3353646338730602,-1.1443970770893999,-0.033167906340332974,-0.033167906340332974
-1.7091938524643953,-0.031067033531087286,-1.8115854219070515,-1.2515655844611844,2.2454453549616984,-2.6841069345374233,-0.508571073354389,-0.3353646338730602,-0.8505791253521618,-0.9075501609217962,3.905124837953327,4.147288270665544,-1.1677484162422842,-0.3784390048634126,-0.07432941462471664,-0.11559856812793746,-0.3669650414492984,-0.678729811709616,1.647508942095828,-0.7471406682025761,-0.0941763218696022,-0.105409255338946,-0.23073955174772434,1.2917514083134436,-0.2773500981126145,-0.19090958396133909,-1.0994261521710633,-0.41554832735932656,-0.21160368475757949,-0.43893114546442885,-0.21442250696755896,-0.3018726524899911,-0.6461002111639058,-0.153694655873568,0.6839166144230383,2.862152894574151,-0.2909029959270487,-0.03316790634033297,-0.27272727272727276,-0.3353646338730602,-1.1443970770893999,-0.033167906340332974,-0.033167906340332974
-0.04994687350747595,-1.7208279837506852,-1.716370986540561,-1.2515655844611844,2.9833518319228847,-1.8954284358519036,-0.508571073354389,-0.3353646338730602,-0.8505791253521618,-0.9075501609217962,3.905124837953327,4.147288270665544,-1.1677484162422842,-0.3784390048634126,-0.07432941462471664,-0.11559856812793746,2.7250552152068273,-0.678729811709616,-0.6069769786668839,-0.7471406682025761,-0.0941763218696022,-0.105409255338946,4.333890711087691,-0.7741427596395154,-0.2773500981126145,-0.19090958396133909,0.9095654110330884,-0.41554832735932656,-0.21160368475757949,-0.43893114546442885,-0.21442250696755896,-0.3018726524899911,-0.6461002111639058,-0.153694655873568,0.6839166144230383,2.862152894574151,-0.2909029959270487,-0.03316790634033297,-0.27272727272727276,-0.3353646338730602,-1.1443970770893999,-0.033167906340332974,-0.033167906340332974
-0.04994687350747595,-1.7208279837506852,-1.5259421158075799,-1.2515655844611844,-0.24498900478230598,-1.5010891865091436,-0.508571073354389,-0.3353646338730602,-0.8505791253521618,-0.9075501609217962,-0.25607375986579195,4.147288270665544,-1.1677484162422842,-0.3784390048634126,-0.07432941462471664,-0.11559856812793746,-0.3669650414492984,-0.678729811709616,-0.6069769786668839,-0.7471406682025761,-0.0941763218696022,-0.105409255338946,4.333890711087691,-0.7741427596395154,-0.2773500981126145,-0.19090958396133909,0.9095654110330884,-0.41554832735932656,-0.21160368475757949,-0.43893114546442885,-0.21442250696755896,-0.3018726524899911,-0.6461002111639058,-0.153694655873568,0.6839166144230383,2.862152894574151,-0.2909029959270487,-0.03316790634033297,-0.27272727272727276,-0.3353646338730602,-1.1443970770893999,-0.033167906340332974,-0.033167906340332974
-1.6740568576158958,-1.6883325808618468,-1.4307276804410896,-1.2515655844611844,1.5075388780005121,0.864946309547416,-0.508571073354389,2.981829027262644,-0.8505791253521618,-0.9075501609217962,-0.25607375986579195,-0.24112141108520604,-1.1677484162422842,-0.3784390048634126,-0.07432941462471664,-0.11559856812793746,-0.3669650414492984,-0.678729811709616,-0.6069769786668839,-0.7471406682025761,-0.0941763218696022,-0.105409255338946,-0.23073955174772434,1.2917514083134436,-0.2773500981126145,-0.19090958396133909,-1.0994261521710633,2.4064589703793833,-0.21160368475757949,-0.43893114546442885,-0.21442250696755896,-0.3018726524899911,-0.6461002111639058,-0.153694655873568,0.6839166144230383,2.862152894574151,-0.2909029959270487,-0.03316790634033297,-0.27272727272727276,-0.3353646338730602,-1.1443970770893999,-0.033167906340332974,-0.033167906340332974
-1.6740568576158958,-1.6883325808618468,-1.4307276804410896,-1.0859206782175033,0.03172592407813898,0.07626781086189616,-0.508571073354389,-0.3353646338730602,-0.8505791253521618,1.101867470316244,-0.25607375986579195,4.147288270665544,-1.1677484162422842,-0.3784390048634126,-0.07432941462471664,-0.11559856812793746,-0.3669650414492984,-0.678729811709616,1.647508942095828,-0.7471406682025761,-0.0941763218696022,-0.105409255338946,4.333890711087691,-0.7741427596395154,-0.2773500981126145,-0.19090958396133909,-1.0994261521710633,-0.41554832735932656,-0.21160368475757949,-0.43893114546442885,-0.21442250696755896,-0.3018726524899911,-0.6461002111639058,-0.153694655873568,0.6839166144230383,2.862152894574151,-0.2909029959270487,-0.03316790634033297,-0.27272727272727276,-0.3353646338730602,-1.1443970770893999,-0.033167906340332974,-0.033167906340332974
-1.6428239733061185,-1.6558371779730083,-1.335513245074599,-1.0859206782175033,0.03172592407813898,0.07626781086189616,-0.508571073354389,-0.3353646338730602,-0.8505791253521618,1.101867470316244,-0.25607375986579195,4.147288270665544,-1.1677484162422842,-0.3784390048634126,-0.07432941462471664,-0.11559856812793746,-0.3669650414492984,-0.678729811709616,1.647508942095828,-0.7471406682025761,-0.0941763218696022,-0.105409255338946,4.333890711087691,-0.7741427596395154,-0.2773500981126145,-0.19090958396133909,-1.0994261521710633,-0.41554832735932656,-0.21160368475757949,-0.43893114546442885,-0.21442250696755896,-0.3018726524899911,-0.6461002111639058,-0.153694655873568,0.6839166144230383,2.862152894574151,-0.2909029959270487,-0.03316790634033297,-0.27272727272727276,-0.3353646338730602,-1.1443970770893999,-0.033167906340332974,-0.033167906340332974
-0.04994687350747595,-0.031067033531087286,-1.2402988097081085,-1.1411356469653968,1.1385856395199188,-0.7124106878236237,-0.508571073354389,-0.3353646338730602,-0.8505791253521618,1.101867470316244,-0.25607375986579195,4.147288270665544,-1.1677484162422842,-0.3784390048634126,-0.07432941462471664,-0.11559856812793746,-0.3669650414492984,-0.678729811709616,1.647508942095828,-0.7471406682025761,-0.0941763218696022,-0.105409255338946,-0.23073955174772434,1.2917514083134436,-0.2773500981126145,-0.19090958396133909,0.9095654110330884,-0.41554832735932656,-0.21160368475757949,-0.43893114546442885,-0.21442250696755896,-0.3018726524899911,-0.6461002111639058,-0.153694655873568,0.6839166144230383,2.862152894574151,-0.2909029959270487,-0.03316790634033297,-0.27272727272727276,-0.3353646338730602,-1.1443970770893999,-0.033167906340332974,-0.033167906340332974
-0.04994687350747595,-0.031067033531087286,-1.0498699389751274,-0.9754907407217158,1.4153005683803637,1.653624808232936,-0.508571073354389,-0.3353646338730602,-0.8505791253521618,1.101867470316244,-0.25607375986579195,4.147288270665544,-1.1677484162422842,-0.3784390048634126,-0.07432941462471664,-0.11559856812793746,2.7250552152068273,-0.678729811709616,-0.6069769786668839,-0.7471406682025761,-0.0941763218696022,-0.105409255338946,-0.23073955174772434,-0.7741427596395154,3.605551275463989,-0.19090958396133909,0.9095654110330884,-0.41554832735932656,-0.21160368475757949,-0.43893114546442885,-0.21442250696755896,-0.3018726524899911,1.547747520773237,-0.153694655873568,-1.4621665549733924,2.862152894574151,-0.2909029959270487,-0.03316790634033297,-0.27272727272727276,-0.3353646338730602,-1.1443970770893999,-0.033167906340332974,-0.033167906340332974
-1.6115910889963412,-1.6233417750841699,-0.9546555036086368,-1.0307057094696095,3.075590141543033,0.4706070602046561,-0.508571073354389,2.981829027262644,-0.8505791253521618,1.101867470316244,-0.25607375986579195,-0.24112141108520604,-1.1677484162422842,-0.3784390048634126,-0.07432941462471664,-0.11559856812793746,-0.3669650414492984,-0.678729811709616,1.647508942095828,-0.7471406682025761,-0.0941763218696022,-0.105409255338946,-0.23073955174772434,1.2917514083134436,-0.2773500981126145,-0.19090958396133909,-1.0994261521710633,2.4064589703793833,-0.21160368475757949,-0.43893114546442885,-0.21442250696755896,-0.3018726524899911,1.547747520773237,-0.153694655873568,-1.4621665549733924,2.862152894574151,-0.2909029959270487,-0.03316790634033297,-0.27272727272727276,-0.3353646338730602,-1.1443970770893999,-0.033167906340332974,-0.033167906340332974
-0.04994687350747595,-0.031067033531087286,-0.002511149943731609,-0.14726620950331015,2.337683664581847,-0.7124106878236237,-0.508571073354389,2.981829027262644,-0.8505791253521618,-0.9075501609217962,3.905124837953327,4.147288270665544,-1.1677484162422842,-0.3784390048634126,-0.07432941462471664,8.650626181573987,-0.3669650414492984,-0.678729811709616,-0.6069769786668839,-0.7471406682025761,-0.0941763218696022,-0.105409255338946,4.333890711087691,-0.7741427596395154,-0.2773500981126145,-0.19090958396133909,-1.0994261521710633,2.4064589703793833,-0.21160368475757949,-0.43893114546442885,-0.21442250696755896,-0.3018726524899911,-0.6461002111639058,-0.153694655873568,0.6839166144230383,-0.3493873447137373,-0.2909029959270487,-0.03316790634033297,3.666666666666667,-0.3353646338730602,-1.1443970770893999,-0.033167906340332974,-0.033167906340332974
-1.5764540941478418,-1.5908463721953314,-0.9546555036086368,-0.754630865730141,2.9833518319228847,6.385695800346055,-0.508571073354389,2.981829027262644,-0.8505791253521618,-0.9075501609217962,-0.25607375986579195,-0.24112141108520604,0.8563488385776753,-0.3784390048634126,-0.07432941462471664,-0.11559856812793746,-0.3669650414492984,-0.678729811709616,1.647508942095828,-0.7471406682025761,-0.0941763218696022,-0.105409255338946,-0.23073955174772434,1.2917514083134436,-0.2773500981126145,-0.19090958396133909,-1.0994261521710633,-0.41554832735932656,4.725815626252609,-0.43893114546442885,4.663689526544407,-0.3018726524899911,-0.6461002111639058,-0.153694655873568,0.6839166144230383,-0.3493873447137373,-0.2909029959270487,-0.03316790634033297,3.666666666666667,-0.3353646338730602,-1.1443970770893999,-0.033167906340332974,-0.033167906340332974
-0.04994687350747595,-0.031067033531087286,-0.9546555036086368,-0.9754907407217158,1.784253806860957,-0.7124106878236237,-0.508571073354389,-0.3353646338730602,-0.8505791253521618,1.101867470316244,-0.25607375986579195,4.147288270665544,-1.1677484162422842,-0.3784390048634126,-0.07432941462471664,-0.11559856812793746,-0.3669650414492984,-0.678729811709616,1.647508942095828,-0.7471406682025761,-0.0941763218696022,-0.105409255338946,-0.23073955174772434,1.2917514083134436,-0.2773500981126145,-0.19090958396133909,0.9095654110330884,-0.41554832735932656,-0.21160368475757949,-0.43893114546442885,-0.21442250696755896,3.312655160219113,-0.6461002111639058,-0.153694655873568,0.6839166144230383,-0.3493873447137373,-0.2909029959270487,-0.03316790634033297,3.666666666666667,-0.3353646338730602,-1.1443970770893999,-0.033167906340332974,-0.033167906340332974
-1.5452212098380644,-1.558350969306493,-0.5737977621426747,-0.754630865730141,1.6920154972408086,0.4706070602046561,-0.508571073354389,-0.3353646338730602,-0.8505791253521618,1.101867470316244,-0.25607375986579195,4.147288270665544,-1.1677484162422842,-0.3784390048634126,-0.07432941462471664,-0.11559856812793746,-0.3669650414492984,-0.678729811709616,1.647508942095828,-0.7471406682025761,-0.0941763218696022,-0.105409255338946,-0.23073955174772434,1.2917514083134436,-0.2773500981126145,-0.19090958396133909,-1.0994261521710633,-0.41554832735932656,-0.21160368475757949,-0.43893114546442885,-0.21442250696755896,-0.3018726524899911,-0.6461002111639058,-0.153694655873568,0.6839166144230383,-0.3493873447137373,-0.2909029959270487,-0.03316790634033297,3.666666666666667,-0.3353646338730602,-1.1443970770893999,-0.033167906340332974,-0.033167906340332974
-0.2451524004435841,-0.031067033531087286,-1.5259421158075799,-0.6994158969822473,1.2308239491400672,-0.7124106878236237,-0.508571073354389,-0.3353646338730602,-0.8505791253521618,1.101867470316244,-0.25607375986579195,4.147288270665544,-1.1677484162422842,-0.3784390048634126,-0.07432941462471664,-0.11559856812793746,-0.3669650414492984,-0.678729811709616,1.647508942095828,-0.7471406682025761,-0.0941763218696022,-0.105409255338946,-0.23073955174772434,1.2917514083134436,-0.2773500981126145,-0.19090958396133909,0.9095654110330884,-0.41554832735932656,-0.21160368475757949,-0.43893114546442885,-0.21442250696755896,-0.3018726524899911,1.547747520773237,-0.153694655873568,-1.4621665549733924,2.862152894574151,-0.2909029959270487,-0.03316790634033297,-0.27272727272727276,-0.3353646338730602,-1.1443970770893999,-0.033167906340332974,-0.033167906340332974
-1.4788513306797877,-0.031067033531087286,-0.6690121975091653,-0.8098458344780347,0.03172592407813898,0.4706070602046561,-0.508571073354389,-0.3353646338730602,-0.8505791253521618,-0.9075501609217962,-0.25607375986579195,4.147288270665544,-1.1677484162422842,-0.3784390048634126,-0.07432941462471664,-0.11559856812793746,-0.3669650414492984,-0.678729811709616,1.647508942095828,-0.7471406682025761,-0.0941763218696022,-0.105409255338946,-0.23073955174772434,1.2917514083134436,-0.2773500981126145,-0.19090958396133909,0.9095654110330884,-0.41554832735932656,-0.21160368475757949,-0.43893114546442885,-0.21442250696755896,3.312655160219113,-0.6461002111639058,-0.153694655873568,0.6839166144230383,2.862152894574151,-0.2909029959270487,-0.03316790634033297,-0.27272727272727276,-0.3353646338730602,-1.1443970770893999,-0.033167906340332974,-0.033167906340332974
-0.7643991020936318,-0.031067033531087286,-0.28815445604320317,-0.14726620950331015,-0.6139422432628993,-0.7124106878236237,-0.508571073354389,-0.3353646338730602,-0.8505791253521618,1.101867470316244,-0.25607375986579195,-0.24112141108520604,0.8563488385776753,-0.3784390048634126,-0.07432941462471664,-0.11559856812793746,-0.3669650414492984,-0.678729811709616,1.647508942095828,-0.7471406682025761,-0.0941763218696022,-0.105409255338946,-0.23073955174772434,1.2917514083134436,-0.2773500981126145,-0.19090958396133909,-1.0994261521710633,-0.41554832735932656,-0.21160368475757949,-0.43893114546442885,-0.21442250696755896,-0.3018726524899911,-0.6461002111639058,-0.153694655873568,0.6839166144230383,2.862152894574151,-0.2909029959270487,-0.03316790634033297,-0.27272727272727276,-0.3353646338730602,-1.1443970770893999,-0.033167906340332974,-0.033167906340332974
-1.4788513306797877,-0.031067033531087286,-1.5259421158075799,-1.2515655844611844,-0.3372273144024543,0.4706070602046561,-0.508571073354389,-0.3353646338730602,-0.8505791253521618,-0.9075501609217962,-0.25607375986579195,-0.24112141108520604,0.8563488385776753,-0.3784390048634126,-0.07432941462471664,-0.11559856812793746,-0.3669650414492984,-0.678729811709616,1.647508942095828,-0.7471406682025761,-0.0941763218696022,-0.105409255338946,-0.23073955174772434,1.2917514083134436,-0.2773500981126145,-0.19090958396133909,-1.0994261521710633,-0.41554832735932656,-0.21160368475757949,-0.43893114546442885,-0.21442250696755896,-0.3018726524899911,-0.6461002111639058,-0.153694655873568,0.6839166144230383,2.862152894574151,-0.2909029959270487,-0.03316790634033297,-0.27272727272727276,-0.3353646338730602,-1.1443970770893999,-0.033167906340332974,-0.033167906340332974
-0.3739880482214155,-0.031067033531087286,-0.19294002067671265,-0.3681260844948852,0.9541090202796222,-0.7124106878236237,-0.508571073354389,-0.3353646338730602,-0.8505791253521618,1.101867470316244,-0.25607375986579195,-0.24112141108520604,0.8563488385776753,-0.3784390048634126,-0.07432941462471664,-0.11559856812793746,-0.3669650414492984,-0.678729811709616,1.647508942095828,-0.7471406682025761,10.618380290797647,-0.105409255338946,-0.23073955174772434,-0.7741427596395154,-0.2773500981126145,-0.19090958396133909,0.9095654110330884,-0.41554832735932656,-0.21160368475757949,-0.43893114546442885,-0.21442250696755896,-0.3018726524899911,-0.6461002111639058,-0.153694655873568,0.6839166144230383,2.862152894574151,-0.2909029959270487,-0.03316790634033297,-0.27272727272727276,-0.3353646338730602,-1.1443970770893999,-0.033167906340332974,-0.033167906340332974
0.34046418036474035,-0.031067033531087286,-0.3833688914096937,-0.3681260844948852,-1.2596104106039374,0.07626781086189616,-0.508571073354389,-0.3353646338730602,-0.8505791253521618,1.101867470316244,-0.25607375986579195,-0.24112141108520604,0.8563488385776753,-0.3784390048634126,-0.07432941462471664,-0.11559856812793746,-0.3669650414492984,-0.678729811709616,-0.6069769786668839,-0.7471406682025761,-0.0941763218696022,-0.105409255338946,-0.23073955174772434,1.2917514083134436,-0.2773500981126145,-0.19090958396133909,-1.0994261521710633,2.4064589703793833,-0.21160368475757949,-0.43893114546442885,-0.21442250696755896,3.312655160219113,1.547747520773237,-0.153694655873568,-1.4621665549733924,2.862152894574151,-0.2909029959270487,-0.03316790634033297,-0.27272727272727276,-0.3353646338730602,-1.1443970770893999,-0.033167906340332974,-0.033167906340332974
-1.4476184463700104,-1.4608647606399778,-1.4307276804410896,-1.0307057094696095,0.2162025433184356,-0.3180714384808638,-0.508571073354389,-0.3353646338730602,-0.8505791253521618,-0.9075501609217962,-0.25607375986579195,-0.24112141108520604,0.8563488385776753,-0.3784390048634126,-0.07432941462471664,-0.11559856812793746,-0.3669650414492984,-0.678729811709616,1.647508942095828,-0.7471406682025761,-0.0941763218696022,-0.105409255338946,-0.23073955174772434,1.2917514083134436,-0.2773500981126145,-0.19090958396133909,0.9095654110330884,-0.41554832735932656,-0.21160368475757949,-0.43893114546442885,-0.21442250696755896,-0.3018726524899911,-0.6461002111639058,-0.153694655873568,0.6839166144230383,2.862152894574151,-0.2909029959270487,-0.03316790634033297,-0.27272727272727276,-0.3353646338730602,-1.1443970770893999,-0.033167906340332974,-0.033167906340332974
0.1452586534286322,0.13140998091310482,0.28313215615573994,-0.3681260844948852,-0.24498900478230598,0.07626781086189616,-0.508571073354389,-0.3353646338730602,-0.8505791253521618,1.101867470316244,-0.25607375986579195,-0.24112141108520604,0.8563488385776753,-0.3784390048634126,-0.07432941462471664,-0.11559856812793746,-0.3669650414492984,-0.678729811709616,1.647508942095828,-0.7471406682025761,-0.0941763218696022,-0.105409255338946,-0.23073955174772434,1.2917514083134436,-0.2773500981126145,-0.19090958396133909,0.9095654110330884,-0.41554832735932656,-0.21160368475757949,-0.43893114546442885,-0.21442250696755896,3.312655160219113,-0.6461002111639058,-0.153694655873568,0.6839166144230383,2.862152894574151,-0.2909029959270487,-0.03316790634033297,-0.27272727272727276,-0.3353646338730602,-1.1443970770893999,-0.033167906340332974,-0.033167906340332974
-0.04994687350747595,-1.4608647606399778,-0.09772558531022213,-0.8098458344780347,1.1385856395199188,0.4706070602046561,-0.508571073354389,-0.3353646338730602,-0.8505791253521618,1.101867470316244,-0.25607375986579195,-0.24112141108520604,0.8563488385776753,-0.3784390048634126,-0.07432941462471664,-0.11559856812793746,2.7250552152068273,-0.678729811709616,-0.6069769786668839,-0.7471406682025761,-0.0941763218696022,-0.105409255338946,-0.23073955174772434,-0.7741427596395154,3.605551275463989,-0.19090958396133909,0.9095654110330884,-0.41554832735932656,-0.21160368475757949,-0.43893114546442885,-0.21442250696755896,-0.3018726524899911,-0.6461002111639058,-0.153694655873568,0.6839166144230383,2.862152894574151,-0.2909029959270487,-0.03316790634033297,-0.27272727272727276,-0.3353646338730602,-1.1443970770893999,-0.033167906340332974,-0.033167906340332974
-0.04994687350747595,-0.031067033531087286,-0.002511149943731609,-0.14726620950331015,0.7696324010393255,-0.7124106878236237,-0.508571073354389,-0.3353646338730602,-0.8505791253521618,1.101867470316244,-0.25607375986579195,-0.24112141108520604,-1.1677484162422842,-0.3784390048634126,-0.07432941462471664,-0.11559856812793746,-0.3669650414492984,-0.678729811709616,-0.6069769786668839,-0.7471406682025761,-0.0941763218696022,-0.105409255338946,-0.23073955174772434,1.2917514083134436,-0.2773500981126145,-0.19090958396133909,-1.0994261521710633,2.4064589703793833,-0.21160368475757949,-0.43893114546442885,-0.21442250696755896,-0.3018726524899911,1.547747520773237,-0.153694655873568,-1.4621665549733924,2.862152894574151,-0.2909029959270487,-0.03316790634033297,-0.27272727272727276,-0.3353646338730602,-1.1443970770893999,-0.033167906340332974,-0.033167906340332974
-0.04994687350747595,-1.3633785519734625,-0.09772558531022213,-0.920275771973822,0.40067916255873226,-0.7124106878236237,-0.508571073354389,-0.3353646338730602,-0.8505791253521618,1.101867470316244,-0.25607375986579195,-0.24112141108520604,-1.1677484162422842,-0.3784390048634126,-0.07432941462471664,-0.11559856812793746,-0.3669650414492984,-0.678729811709616,1.647508942095828,-0.7471406682025761,-0.0941763218696022,-0.105409255338946,-0.23073955174772434,1.2917514083134436,-0.2773500981126145,-0.19090958396133909,-1.0994261521710633,-0.41554832735932656,4.725815626252609,-0.43893114546442885,-0.21442250696755896,-0.3018726524899911,-0.6461002111639058,-0.153694655873568,0.6839166144230383,2.862152894574151,-0.2909029959270487,-0.03316790634033297,-0.27272727272727276,-0.3353646338730602,-1.1443970770893999,-0.033167906340332974,-0.033167906340332974
-1.318782798592179,-1.330883149084624,-0.7642266328756558,-0.9754907407217158,-0.42946562402260263,0.864946309547416,-0.508571073354389,-0.3353646338730602,-0.8505791253521618,-0.9075501609217962,-0.25607375986579195,-0.24112141108520604,0.8563488385776753,-0.3784390048634126,-0.07432941462471664,-0.11559856812793746,-0.3669650414492984,-0.678729811709616,1.647508942095828,-0.7471406682025761,-0.0941763218696022,-0.105409255338946,-0.23073955174772434,1.2917514083134436,-0.2773500981126145,-0.19090958396133909,-1.0994261521710633,-0.41554832735932656,4.725815626252609,-0.43893114546442885,-0.21442250696755896,-0.3018726524899911,1.547747520773237,-0.153694655873568,-1.4621665549733924,2.862152894574151,-0.2909029959270487,-0.03316790634033297,-0.27272727272727276,-0.3353646338730602,-1.1443970770893999,-0.033167906340332974,-0.033167906340332974
-1.318782798592179,-1.330883149084624,-0.7642266328756558,-1.1411356469653968,-0.9828954817434925,1.259285558890176,-0.508571073354389,-0.3353646338730602,-0.8505791253521618,-0.9075501609217962,-0.25607375986579195,-0.24112141108520604,0.8563488385776753,-0.3784390048634126,-0.07432941462471664,-0.11559856812793746,-0.3669650414492984,-0.678729811709616,1.647508942095828,-0.7471406682025761,-0.0941763218696022,-0.105409255338946,-0.23073955174772434,1.2917514083134436,-0.2773500981126145,-0.19090958396133909,-1.0994261521710633,-0.41554832735932656,4.725815626252609,-0.43893114546442885,-0.21442250696755896,3.312655160219113,-0.6461002111639058,-0.153694655873568,0.6839166144230383,2.862152894574151,-0.2909029959270487,-0.03316790634033297,-0.27272727272727276,-0.3353646338730602,-1.1443970770893999,-0.033167906340332974,-0.033167906340332974
-0.17878252128530736,-0.19354404797527938,-0.3833688914096937,0.1840236029840519,-1.2596104106039374,-0.7124106878236237,-0.508571073354389,-0.3353646338730602,-0.8505791253521618,1.101867470316244,-0.25607375986579195,-0.24112141108520604,0.8563488385776753,-0.3784390048634126,-0.07432941462471664,-0.11559856812793746,-0.3669650414492984,-0.678729811709616,1.647508942095828,-0.7471406682025761,-0.0941763218696022,-0.105409255338946,-0.23073955174772434,1.2917514083134436,-0.2773500981126145,-0.19090958396133909,-1.0994261521710633,-0.41554832735932656,4.725815626252609,-0.43893114546442885,-0.21442250696755896,-0.3018726524899911,-0.6461002111639058,-0.153694655873568,0.6839166144230383,2.862152894574151,-0.2909029959270487,-0.03316790634033297,-0.27272727272727276,-0.3353646338730602,-1.1443970770893999,-0.033167906340332974,-0.033167906340332974
-0.08117975781725328,-0.09605783930876413,-0.002511149943731609,-0.5889859594864597,-0.3372273144024543,-0.7124106878236237,-0.508571073354389,-0.3353646338730602,-0.8505791253521618,-0.9075501609217962,3.905124837953327,-0.24112141108520604,-1.1677484162422842,-0.3784390048634126,-0.07432941462471664,-0.11559856812793746,-0.3669650414492984,-0.678729811709616,-0.6069769786668839,-0.7471406682025761,-0.0941763218696022,-0.105409255338946,-0.23073955174772434,1.2917514083134436,-0.2773500981126145,-0.19090958396133909,-1.0994261521710633,-0.41554832735932656,4.725815626252609,-0.43893114546442885,-0.21442250696755896,3.312655160219113,1.547747520773237,-0.153694655873568,-1.4621665549733924,2.862152894574151,-0.2909029959270487,-0.03316790634033297,-0.27272727272727276,-0.3353646338730602,-1.1443970770893999,-0.033167906340332974,-0.033167906340332974
-1.2836458037436795,-1.2983877461957858,-0.5737977621426747,-0.14726620950331015,-1.1673721009837892,-0.3180714384808638,-0.508571073354389,2.981829027262644,-0.8505791253521618,-0.9075501609217962,-0.25607375986579195,-0.24112141108520604,0.8563488385776753,-0.3784390048634126,-0.07432941462471664,-0.11559856812793746,-0.3669650414492984,-0.678729811709616,1.647508942095828,-0.7471406682025761,-0.0941763218696022,-0.105409255338946,-0.23073955174772434,1.2917514083134436,-0.2773500981126145,-0.19090958396133909,-1.0994261521710633,-0.41554832735932656,4.725815626252609,-0.43893114546442885,4.663689526544407,-0.3018726524899911,-0.6461002111639058,-0.153694655873568,0.6839166144230383,2.862152894574151,-0.2909029959270487,-0.03316790634033297,-0.27272727272727276,-0.3353646338730602,-1.1443970770893999,-0.033167906340332974,-0.033167906340332974
-1.2836458037436795,-1.2983877461957858,-1.2402988097081085,-1.1963506157132906,1.5075388780005121,0.864946309547416,-0.508571073354389,2.981829027262644,-0.8505791253521618,1.101867470316244,-0.25607375986579195,-0.24112141108520604,0.8563488385776753,-0.3784390048634126,-0.07432941462471664,-0.11559856812793746,-0.3669650414492984,-0.678729811709616,1.647508942095828,-0.7471406682025761,-0.0941763218696022,-0.105409255338946,-0.23073955174772434,1.2917514083134436,-0.2773500981126145,-0.19090958396133909,-1.0994261521710633,-0.41554832735932656,4.725815626252609,-0.43893114546442885,4.663689526544407,-0.3018726524899911,-0.6461002111639058,-0.153694655873568,0.6839166144230383,2.862152894574151,-0.2909029959270487,-0.03316790634033297,-0.27272727272727276,-0.3353646338730602,-1.1443970770893999,-0.033167906340332974,-0.033167906340332974
-1.2836458037436795,-1.2983877461957858,-0.4785833267761842,-0.754630865730141,1.1385856395199188,1.259285558890176,-0.508571073354389,2.981829027262644,-0.8505791253521618,1.101867470316244,-0.25607375986579195,-0.24112141108520604,-1.1677484162422842,-0.3784390048634126,-0.07432941462471664,-0.11559856812793746,-0.3669650414492984,-0.678729811709616,-0.6069769786668839,-0.7471406682025761,-0.0941763218696022,-0.105409255338946,-0.23073955174772434,1.2917514083134436,-0.2773500981126145,-0.19090958396133909,-1.0994261521710633,-0.41554832735932656,4.725815626252609,-0.43893114546442885,4.663689526544407,-0.3018726524899911,-0.6461002111639058,-0.153694655873568,0.6839166144230383,2.862152894574151,-0.2909029959270487,-0.03316790634033297,-0.27272727272727276,-0.3353646338730602,-1.1443970770893999,-0.033167906340332974,-0.033167906340332974
-1.2524129194339022,-1.2658923433069473,-1.2402988097081085,-0.20248117825120368,-1.1673721009837892,0.4706070602046561,-0.508571073354389,2.981829027262644,-0.8505791253521618,-0.9075501609217962,-0.25607375986579195,-0.24112141108520604,0.8563488385776753,-0.3784390048634126,-0.07432941462471664,-0.11559856812793746,-0.3669650414492984,-0.678729811709616,1.647508942095828,-0.7471406682025761,-0.0941763218696022,-0.105409255338946,-0.23073955174772434,1.2917514083134436,-0.2773500981126145,-0.19090958396133909,-1.0994261521710633,-0.41554832735932656,-0.21160368475757949,-0.43893114546442885,-0.21442250696755896,-0.3018726524899911,-0.6461002111639058,-0.153694655873568,0.6839166144230383,2.862152894574151,-0.2909029959270487,-0.03316790634033297,-0.27272727272727276,-0.3353646338730602,-1.1443970770893999,-0.033167906340332974,-0.033167906340332974
-1.2524129194339022,-1.2658923433069473,-0.6690121975091653,-0.3129111157469912,0.03172592407813898,1.259285558890176,-0.508571073354389,-0.3353646338730602,-0.8505791253521618,-0.9075501609217962,3.905124837953327,-0.24112141108520604,0.8563488385776753,-0.3784390048634126,-0.07432941462471664,-0.11559856812793746,-0.3669650414492984,-0.678729811709616,-0.6069769786668839,-0.7471406682025761,-0.0941763218696022,-0.105409255338946,-0.23073955174772434,1.2917514083134436,-0.2773500981126145,-0.19090958396133909,-1.0994261521710633,-0.41554832735932656,4.725815626252609,-0.43893114546442885,-0.21442250696755896,-0.3018726524899911,1.547747520773237,-0.153694655873568,-1.4621665549733924,2.862152894574151,-0.2909029959270487,-0.03316790634033297,-0.27272727272727276,-0.3353646338730602,-1.1443970770893999,-0.033167906340332974,-0.033167906340332974
-1.2524129194339022,-1.2658923433069473,-0.6690121975091653,-0.6994158969822473,0.2162025433184356,1.653624808232936,-0.508571073354389,-0.3353646338730602,-0.8505791253521618,-0.9075501609217962,3.905124837953327,-0.24112141108520604,-1.1677484162422842,-0.3784390048634126,-0.07432941462471664,-0.11559856812793746,-0.3669650414492984,-0.678729811709616,1.647508942095828,-0.7471406682025761,-0.0941763218696022,-0.105409255338946,-0.23073955174772434,1.2917514083134436,-0.2773500981126145,-0.19090958396133909,0.9095654110330884,-0.41554832735932656,-0.21160368475757949,-0.43893114546442885,-0.21442250696755896,3.312655160219113,-0.6461002111639058,-0.153694655873568,0.6839166144230383,2.862152894574151,-0.2909029959270487,-0.03316790634033297,-0.27272727272727276,-0.3353646338730602,-1.1443970770893999,-0.033167906340332974,-0.033167906340332974
-1.2211800351241249,-1.2333969404181089,-1.8115854219070515,-1.3067805532090782,1.5997771876206603,1.653624808232936,-0.508571073354389,-0.3353646338730602,-0.8505791253521618,-0.9075501609217962,3.905124837953327,-0.24112141108520604,0.8563488385776753,-0.3784390048634126,-0.07432941462471664,-0.11559856812793746,-0.3669650414492984,-0.678729811709616,-0.6069769786668839,-0.7471406682025761,-0.0941763218696022,-0.105409255338946,-0.23073955174772434,1.2917514083134436,-0.2773500981126145,-0.19090958396133909,-1.0994261521710633,2.4064589703793833,-0.21160368475757949,-0.43893114546442885,-0.21442250696755896,-0.3018726524899911,-0.6461002111639058,-0.153694655873568,0.6839166144230383,2.862152894574151,-0.2909029959270487,-0.03316790634033297,-0.27272727272727276,-0.3353646338730602,-1.1443970770893999,-0.033167906340332974,-0.033167906340332974
-1.2211800351241249,-1.2333969404181089,-0.002511149943731609,-0.3129111157469912,2.060968735721402,1.653624808232936,-0.508571073354389,-0.3353646338730602,-0.8505791253521618,-0.9075501609217962,3.905124837953327,-0.24112141108520604,-1.1677484162422842,-0.3784390048634126,-0.07432941462471664,-0.11559856812793746,-0.3669650414492984,-0.678729811709616,1.647508942095828,-0.7471406682025761,-0.0941763218696022,-0.105409255338946,-0.23073955174772434,1.2917514083134436,-0.2773500981126145,-0.19090958396133909,0.9095654110330884,-0.41554832735932656,-0.21160368475757949,-0.43893114546442885,-0.21442250696755896,-0.3018726524899911,1.547747520773237,-0.153694655873568,-1.4621665549733924,2.862152894574151,-0.2909029959270487,-0.03316790634033297,-0.27272727272727276,-0.3353646338730602,-1.1443970770893999,-0.033167906340332974,-0.033167906340332974
-1.2211800351241249,-1.2333969404181089,-1.6211565511740704,-0.5337709907385663,0.6773940914191772,0.07626781086189616,-0.508571073354389,-0.3353646338730602,-0.8505791253521618,-0.9075501609217962,3.905124837953327,-0.24112141108520604,0.8563488385776753,-0.3784390048634126,-0.07432941462471664,-0.11559856812793746,-0.3669650414492984,-0.678729811709616,-0.6069769786668839,-0.7471406682025761,-0.0941763218696022,-0.105409255338946,-0.23073955174772434,-0.7741427596395154,-0.2773500981126145,-0.19090958396133909,-1.0994261521710633,-0.41554832735932656,-0.21160368475757949,-0.43893114546442885,-0.21442250696755896,3.312655160219113,-0.6461002111639058,-0.153694655873568,0.6839166144230383,2.862152894574151,-0.2909029959270487,-0.03316790634033297,-0.27272727272727276,-0.3353646338730602,-1.1443970770893999,-0.033167906340332974,-0.033167906340332974
-1.1860430402756255,-1.2009015375292704,-0.5737977621426747,-1.4172104907048653,-0.15275069516215767,0.864946309547416,-0.508571073354389,-0.3353646338730602,-0.8505791253521618,-0.9075501609217962,3.905124837953327,-0.24112141108520604,-1.1677484162422842,-0.3784390048634126,-0.07432941462471664,-0.11559856812793746,-0.3669650414492984,-0.678729811709616,1.647508942095828,-0.7471406682025761,-0.0941763218696022,-0.105409255338946,-0.23073955174772434,1.2917514083134436,-0.2773500981126145,-0.19090958396133909,-1.0994261521710633,-0.41554832735932656,-0.21160368475757949,-0.43893114546442885,-0.21442250696755896,-0.3018726524899911,1.547747520773237,-0.153694655873568,-1.4621665549733924,2.862152894574151,-0.2909029959270487,-0.03316790634033297,-0.27272727272727276,-0.3353646338730602,-1.1443970770893999,-0.033167906340332974,-0.033167906340332974
-1.1860430402756255,-0.031067033531087286,-0.7642266328756558,-1.0307057094696095,-0.7984188625031958,0.07626781086189616,-0.508571073354389,-0.3353646338730602,-0.8505791253521618,-0.9075501609217962,3.905124837953327,-0.24112141108520604,0.8563488385776753,-0.3784390048634126,-0.07432941462471664,-0.11559856812793746,-0.3669650414492984,-0.678729811709616,1.647508942095828,-0.7471406682025761,-0.0941763218696022,-0.105409255338946,-0.23073955174772434,1.2917514083134436,-0.2773500981126145,-0.19090958396133909,-1.0994261521710633,-0.41554832735932656,-0.21160368475757949,-0.43893114546442885,-0.21442250696755896,-0.3018726524899911,-0.6461002111639058,-0.153694655873568,0.6839166144230383,2.862152894574151,-0.2909029959270487,-0.03316790634033297,-0.27272727272727276,-0.3353646338730602,-1.1443970770893999,-0.033167906340332974,-0.033167906340332974
-1.1548101559658481,-0.031067033531087286,-0.8594410682421463,-1.5828553969485466,-1.0751337913636407,-0.7124106878236237,-0.508571073354389,-0.3353646338730602,-0.8505791253521618,-0.9075501609217962,-0.25607375986579195,-0.24112141108520604,-1.1677484162422842,-0.3784390048634126,-0.07432941462471664,-0.11559856812793746,-0.3669650414492984,-0.678729811709616,-0.6069769786668839,-0.7471406682025761,-0.0941763218696022,-0.105409255338946,-0.23073955174772434,1.2917514083134436,-0.2773500981126145,-0.19090958396133909,-1.0994261521710633,2.4064589703793833,-0.21160368475757949,-0.43893114546442885,-0.21442250696755896,-0.3018726524899911,-0.6461002111639058,-0.153694655873568,0.6839166144230383,2.862152894574151,-0.2909029959270487,-0.03316790634033297,-0.27272727272727276,-0.3353646338730602,-1.1443970770893999,-0.033167906340332974,-0.033167906340332974
-1.1548101559658481,-0.031067033531087286,-0.5737977621426747,-0.8098458344780347,-0.7061805528830476,-0.7124106878236237,-0.508571073354389,-0.3353646338730602,-0.8505791253521618,-0.9075501609217962,-0.25607375986579195,-0.24112141108520604,0.8563488385776753,-0.3784390048634126,-0.07432941462471664,-0.11559856812793746,-0.3669650414492984,-0.678729811709616,1.647508942095828,-0.7471406682025761,-0.0941763218696022,-0.105409255338946,-0.23073955174772434,1.2917514083134436,-0.2773500981126145,-0.19090958396133909,0.9095654110330884,-0.41554832735932656,-0.21160368475757949,-0.43893114546442885,-0.21442250696755896,-0.3018726524899911,-0.6461002111639058,-0.153694655873568,0.6839166144230383,2.862152894574151,-0.2909029959270487,-0.03316790634033297,-0.27272727272727276,-0.3353646338730602,-1.1443970770893999,-0.033167906340332974,-0.033167906340332974
-1.1548101559658481,-0.031067033531087286,-0.28815445604320317,-0.8650608032259283,0.03172592407813898,0.07626781086189616,-0.508571073354389,-0.3353646338730602,-0.8505791253521618,1.101867470316244,-0.25607375986579195,-0.24112141108520604,0.8563488385776753,-0.3784390048634126,-0.07432941462471664,-0.11559856812793746,-0.3669650414492984,-0.678729811709616,1.647508942095828,-0.7471406682025761,-0.0941763218696022,-0.105409255338946,-0.23073955174772434,1.2917514083134436,-0.2773500981126145,-0.19090958396133909,0.9095654110330884,-0.41554832735932656,-0.21160368475757949,-0.43893114546442885,-0.21442250696755896,3.312655160219113,1.547747520773237,-0.153694655873568,-1.4621665549733924,2.862152894574151,-0.2909029959270487,-0.03316790634033297,-0.27272727272727276,-0.3353646338730602,-1.1443970770893999,-0.033167906340332974,-0.033167906340332974
-1.1235772716560708,-0.031067033531087286,-0.7642266328756558,-1.3067805532090782,1.2308239491400672,-0.7124106878236237,-0.508571073354389,-0.3353646338730602,-0.8505791253521618,-0.9075501609217962,-0.25607375986579195,-0.24112141108520604,-1.1677484162422842,-0.3784390048634126,-0.07432941462471664,-0.11559856812793746,-0.3669650414492984,-0.678729811709616,1.647508942095828,-0.7471406682025761,-0.0941763218696022,-0.105409255338946,-0.23073955174772434,1.2917514083134436,-0.2773500981126145,-0.19090958396133909,-1.0994261521710633,-0.41554832735932656,-0.21160368475757949,-0.43893114546442885,-0.21442250696755896,-0.3018726524899911,-0.6461002111639058,-0.153694655873568,0.6839166144230383,2.862152894574151,-0.2909029959270487,-0.03316790634033297,-0.27272727272727276,-0.3353646338730602,-1.1443970770893999,-0.033167906340332974,-0.033167906340332974
-1.1235772716560708,-0.031067033531087286,-0.002511149943731609,-0.6442009282343537,-1.0751337913636407,0.07626781086189616,-0.508571073354389,-0.3353646338730602,-0.8505791253521618,1.101867470316244,-0.25607375986579195,-0.24112141108520604,-1.1677484162422842,-0.3784390048634126,-0.07432941462471664,-0.11559856812793746,-0.3669650414492984,-0.678729811709616,-0.6069769786668839,-0.7471406682025761,-0.0941763218696022,-0.105409255338946,-0.23073955174772434,1.2917514083134436,-0.2773500981126145,-0.19090958396133909,0.9095654110330884,-0.41554832735932656,-0.21160368475757949,-0.43893114546442885,-0.21442250696755896,-0.3018726524899911,-0.6461002111639058,-0.153694655873568,0.6839166144230383,2.862152894574151,-0.2909029959270487,-0.03316790634033297,-0.27272727272727276,-0.3353646338730602,-1.1443970770893999,-0.033167906340332974,-0.033167906340332974
-1.0884402768075714,-0.031067033531087286,-0.5737977621426747,-1.472425459452759,0.49291747217888054,0.4706070602046561,-0.508571073354389,-0.3353646338730602,-0.8505791253521618,-0.9075501609217962,-0.25607375986579195,-0.24112141108520604,0.8563488385776753,-0.3784390048634126,-0.07432941462471664,-0.11559856812793746,-0.3669650414492984,-0.678729811709616,1.647508942095828,-0.7471406682025761,-0.0941763218696022,-0.105409255338946,-0.23073955174772434,1.2917514083134436,-0.2773500981126145,-0.19090958396133909,0.9095654110330884,-0.41554832735932656,-0.21160368475757949,-0.43893114546442885,-0.21442250696755896,-0.3018726524899911,-0.6461002111639058,-0.153694655873568,0.6839166144230383,2.862152894574151,-0.2909029959270487,-0.03316790634033297,-0.27272727272727276,-0.3353646338730602,-1.1443970770893999,-0.033167906340332974,-0.033167906340332974
-1.057207392497794,-1.0709199259739168,-0.28815445604320317,-0.3681260844948852,-1.0751337913636407,-0.7124106878236237,-0.508571073354389,-0.3353646338730602,-0.8505791253521618,1.101867470316244,-0.25607375986579195,-0.24112141108520604,-1.1677484162422842,-0.3784390048634126,-0.07432941462471664,-0.11559856812793746,2.7250552152068273,-0.678729811709616,-0.6069769786668839,-0.7471406682025761,-0.0941763218696022,-0.105409255338946,-0.23073955174772434,-0.7741427596395154,3.605551275463989,-0.19090958396133909,0.9095654110330884,-0.41554832735932656,-0.21160368475757949,-0.43893114546442885,-0.21442250696755896,-0.3018726524899911,-0.6461002111639058,-0.153694655873568,0.6839166144230383,2.862152894574151,-0.2909029959270487,-0.03316790634033297,-0.27272727272727276,-0.3353646338730602,-1.1443970770893999,-0.033167906340332974,-0.033167906340332974
-1.057207392497794,-1.0709199259739168,-0.6690121975091653,-0.8650608032259283,-1.1673721009837892,-0.7124106878236237,-0.508571073354389,-0.3353646338730602,-0.8505791253521618,-0.9075501609217962,-0.25607375986579195,-0.24112141108520604,-1.1677484162422842,-0.3784390048634126,-0.07432941462471664,-0.11559856812793746,-0.3669650414492984,-0.678729811709616,-0.6069769786668839,-0.7471406682025761,-0.0941763218696022,-0.105409255338946,-0.23073955174772434,1.2917514083134436,-0.2773500981126145,-0.19090958396133909,-1.0994261521710633,2.4064589703793833,-0.21160368475757949,-0.43893114546442885,-0.21442250696755896,-0.3018726524899911,-0.6461002111639058,-0.153694655873568,0.6839166144230383,2.862152894574151,-0.2909029959270487,-0.03316790634033297,-0.27272727272727276,-0.3353646338730602,-1.1443970770893999,-0.033167906340332974,-0.033167906340332974
-1.057207392497794,-1.0709199259739168,-1.5259421158075799,-1.1963506157132906,1.5075388780005121,0.07626781086189616,-0.508571073354389,-0.3353646338730602,-0.8505791253521618,1.101867470316244,-0.25607375986579195,-0.24112141108520604,0.8563488385776753,-0.3784390048634126,-0.07432941462471664,-0.11559856812793746,-0.3669650414492984,-0.678729811709616,1.647508942095828,-0.7471406682025761,-0.0941763218696022,-0.105409255338946,-0.23073955174772434,1.2917514083134436,-0.2773500981126145,-0.19090958396133909,-1.0994261521710633,-0.41554832735932656,-0.21160368475757949,-0.43893114546442885,-0.21442250696755896,-0.3018726524899911,-0.6461002111639058,-0.153694655873568,0.6839166144230383,2.862152894574151,-0.2909029959270487,-0.03316790634033297,-0.27272727272727276,-0.3353646338730602,-1.1443970770893999,-0.033167906340332974,-0.033167906340332974
-1.057207392497794,-1.0709199259739168,-0.28815445604320317,0.01837869674037087,1.5075388780005121,-0.7124106878236237,-0.508571073354389,-0.3353646338730602,-0.8505791253521618,1.101867470316244,-0.25607375986579195,-0.24112141108520604,0.8563488385776753,-0.3784390048634126,-0.07432941462471664,-0.11559856812793746,-0.3669650414492984,-0.678729811709616,1.647508942095828,-0.7471406682025761,-0.0941763218696022,-0.105409255338946,-0.23073955174772434,1.2917514083134436,-0.2773500981126145,-0.19090958396133909,-1.0994261521710633,-0.41554832735932656,-0.21160368475757949,-0.43893114546442885,-0.21442250696755896,-0.3018726524899911,-0.6461002111639058,-0.153694655873568,0.6839166144230383,2.862152894574151,-0.2909029959270487,-0.03316790634033297,-0.27272727272727276,-0.3353646338730602,-1.1443970770893999,-0.033167906340332974,-0.033167906340332974
-1.0259745081880167,-1.0384245230850784,-0.4785833267761842,-0.6994158969822473,-0.3372273144024543,-0.7124106878236237,-0.508571073354389,-0.3353646338730602,-0.8505791253521618,-0.9075501609217962,-0.25607375986579195,-0.24112141108520604,-1.1677484162422842,-0.3784390048634126,-0.07432941462471664,-0.11559856812793746,2.7250552152068273,-0.678729811709616,-0.6069769786668839,-0.7471406682025761,-0.0941763218696022,-0.105409255338946,-0.23073955174772434,1.2917514083134436,-0.2773500981126145,-0.19090958396133909,0.9095654110330884,-0.41554832735932656,-0.21160368475757949,-0.43893114546442885,-0.21442250696755896,-0.3018726524899911,1.547747520773237,-0.153694655873568,-1.4621665549733924,2.862152894574151,-0.2909029959270487,-0.03316790634033297,-0.27272727272727276,-0.3353646338730602,-1.1443970770893999,-0.033167906340332974,-0.033167906340332974
-1.0259745081880167,-1.0384245230850784,-0.4785833267761842,-1.5828553969485466,-0.3372273144024543,0.07626781086189616,-0.508571073354389,-0.3353646338730602,-0.8505791253521618,-0.9075501609217962,-0.25607375986579195,-0.24112141108520604,-1.1677484162422842,-0.3784390048634126,-0.07432941462471664,-0.11559856812793746,-0.3669650414492984,-0.678729811709616,1.647508942095828,-0.7471406682025761,10.618380290797647,-0.105409255338946,-0.23073955174772434,-0.7741427596395154,-0.2773500981126145,-0.19090958396133909,0.9095654110330884,-0.41554832735932656,-0.21160368475757949,-0.43893114546442885,-0.21442250696755896,-0.3018726524899911,-0.6461002111639058,-0.153694655873568,0.6839166144230383,2.862152894574151,-0.2909029959270487,-0.03316790634033297,-0.27272727272727276,-0.3353646338730602,-1.1443970770893999,-0.033167906340332974,-0.033167906340332974
-1.0259745081880167,-1.0384245230850784,-0.19294002067671265,-0.754630865730141,1.0463473298997705,-0.7124106878236237,-0.508571073354389,-0.3353646338730602,-0.8505791253521618,1.101867470316244,-0.25607375986579195,-0.24112141108520604,0.8563488385776753,-0.3784390048634126,-0.07432941462471664,-0.11559856812793746,-0.3669650414492984,-0.678729811709616,1.647508942095828,-0.7471406682025761,-0.0941763218696022,-0.105409255338946,-0.23073955174772434,1.2917514083134436,-0.2773500981126145,-0.19090958396133909,0.9095654110330884,-0.41554832735932656,-0.21160368475757949,-0.43893114546442885,-0.21442250696755896,-0.3018726524899911,-0.6461002111639058,-0.153694655873568,0.6839166144230383,2.862152894574151,-0.2909029959270487,-0.03316790634033297,-0.27272727272727276,-0.3353646338730602,-1.1443970770893999,-0.033167906340332974,-0.033167906340332974
-1.0259745081880167,-1.0384245230850784,-0.4785833267761842,-1.0859206782175033,0.8618707106594738,0.4706070602046561,-0.508571073354389,2.981829027262644,-0.8505791253521618,-0.9075501609217962,-0.25607375986579195,-0.24112141108520604,0.8563488385776753,-0.3784390048634126,-0.07432941462471664,-0.11559856812793746,-0.3669650414492984,-0.678729811709616,1.647508942095828,-0.7471406682025761,-0.0941763218696022,-0.105409255338946,-0.23073955174772434,1.2917514083134436,-0.2773500981126145,-0.19090958396133909,-1.0994261521710633,-0.41554832735932656,-0.21160368475757949,-0.43893114546442885,-0.21442250696755896,-0.3018726524899911,1.547747520773237,-0.153694655873568,-1.4621665549733924,2.862152894574151,-0.2909029959270487,-0.03316790634033297,-0.27272727272727276,-0.3353646338730602,-1.1443970770893999,-0.033167906340332974,-0.033167906340332974
-1.0259745081880167,-1.0384245230850784,-0.19294002067671265,-1.4172104907048653,0.9541090202796222,-0.7124106878236237,-0.508571073354389,2.981829027262644,-0.8505791253521618,-0.9075501609217962,-0.25607375986579195,-0.24112141108520604,0.8563488385776753,-0.3784390048634126,-0.07432941462471664,-0.11559856812793746,-0.3669650414492984,-0.678729811709616,-0.6069769786668839,-0.7471406682025761,-0.0941763218696022,-0.105409255338946,-0.23073955174772434,1.2917514083134436,-0.2773500981126145,-0.19090958396133909,-1.0994261521710633,2.4064589703793833,-0.21160368475757949,-0.43893114546442885,-0.21442250696755896,3.312655160219113,1.547747520773237,-0.153694655873568,-1.4621665549733924,2.862152894574151,-0.2909029959270487,-0.03316790634033297,-0.27272727272727276,-0.3353646338730602,-1.1443970770893999,-0.033167906340332974,-0.033167906340332974
-0.9908375133395173,-1.00592912019624,-0.19294002067671265,-0.5337709907385663,1.3230622587602154,-0.7124106878236237,-0.508571073354389,2.981829027262644,-0.8505791253521618,1.101867470316244,-0.25607375986579195,-0.24112141108520604,-1.1677484162422842,-0.3784390048634126,-0.07432941462471664,-0.11559856812793746,-0.3669650414492984,-0.678729811709616,1.647508942095828,-0.7471406682025761,-0.0941763218696022,-0.105409255338946,-0.23073955174772434,1.2917514083134436,-0.2773500981126145,-0.19090958396133909,0.9095654110330884,-0.41554832735932656,-0.21160368475757949,-0.43893114546442885,-0.21442250696755896,-0.3018726524899911,-0.6461002111639058,-0.153694655873568,0.6839166144230383,2.862152894574151,-0.2909029959270487,-0.03316790634033297,-0.27272727272727276,-0.3353646338730602,-1.1443970770893999,-0.033167906340332974,-0.033167906340332974
-0.95960462902974,-0.9734337173074015,-0.5737977621426747,-0.920275771973822,-0.42946562402260263,-0.7124106878236237,-0.508571073354389,2.981829027262644,-0.8505791253521618,-0.9075501609217962,-0.25607375986579195,-0.24112141108520604,0.8563488385776753,-0.3784390048634126,-0.07432941462471664,-0.11559856812793746,-0.3669650414492984,-0.678729811709616,1.647508942095828,-0.7471406682025761,-0.0941763218696022,-0.105409255338946,-0.23073955174772434,1.2917514083134436,-0.2773500981126145,-0.19090958396133909,-1.0994261521710633,2.4064589703793833,-0.21160368475757949,-0.43893114546442885,-0.21442250696755896,-0.3018726524899911,-0.6461002111639058,-0.153694655873568,0.6839166144230383,2.862152894574151,-0.2909029959270487,-0.03316790634033297,-0.27272727272727276,-0.3353646338730602,-1.1443970770893999,-0.033167906340332974,-0.033167906340332974
-0.95960462902974,-0.9734337173074015,-0.3833688914096937,-0.3129111157469912,1.9687304261012537,0.07626781086189616,-0.508571073354389,2.981829027262644,-0.8505791253521618,1.101867470316244,-0.25607375986579195,-0.24112141108520604,-1.1677484162422842,-0.3784390048634126,-0.07432941462471664,-0.11559856812793746,-0.3669650414492984,-0.678729811709616,1.647508942095828,-0.7471406682025761,-0.0941763218696022,-0.105409255338946,-0.23073955174772434,1.2917514083134436,-0.2773500981126145,-0.19090958396133909,-1.0994261521710633,-0.41554832735932656,-0.21160368475757949,-0.43893114546442885,-0.21442250696755896,-0.3018726524899911,-0.6461002111639058,-0.153694655873568,0.6839166144230383,2.862152894574151,-0.2909029959270487,-0.03316790634033297,-0.27272727272727276,-0.3353646338730602,-1.1443970770893999,-0.033167906340332974,-0.033167906340332974
-0.9283717447199626,-0.940938314418563,-0.09772558531022213,-0.4233410532427787,1.4153005683803637,-0.7124106878236237,-0.508571073354389,2.981829027262644,-0.8505791253521618,1.101867470316244,-0.25607375986579195,-0.24112141108520604,0.8563488385776753,-0.3784390048634126,-0.07432941462471664,-0.11559856812793746,2.7250552152068273,-0.678729811709616,-0.6069769786668839,-0.7471406682025761,-0.0941763218696022,-0.105409255338946,-0.23073955174772434,1.2917514083134436,-0.2773500981126145,-0.19090958396133909,0.9095654110330884,-0.41554832735932656,-0.21160368475757949,-0.43893114546442885,-0.21442250696755896,-0.3018726524899911,-0.6461002111639058,-0.153694655873568,0.6839166144230383,2.862152894574151,-0.2909029959270487,-0.03316790634033297,-0.27272727272727276,-0.3353646338730602,-1.1443970770893999,-0.033167906340332974,-0.033167906340332974
-0.9283717447199626,-0.940938314418563,-0.002511149943731609,-0.14726620950331015,0.6773940914191772,0.07626781086189616,-0.508571073354389,2.981829027262644,-0.8505791253521618,-0.9075501609217962,3.905124837953327,4.147288270665544,-1.1677484162422842,-0.3784390048634126,-0.07432941462471664,8.650626181573987,-0.3669650414492984,-0.678729811709616,-0.6069769786668839,-0.7471406682025761,-0.0941763218696022,-0.105409255338946,4.333890711087691,-0.7741427596395154,-0.2773500981126145,-0.19090958396133909,-1.0994261521710633,-0.41554832735932656,4.725815626252609,-0.43893114546442885,4.663689526544407,-0.3018726524899911,-0.6461002111639058,6.506407098647712,-1.4621665549733924,2.862152894574151,-0.2909029959270487,-0.03316790634033297,-0.27272727272727276,-0.3353646338730602,-1.1443970770893999,-0.033167906340332974,-0.033167906340332974
-0.8932347498714632,-0.9084429115297247,-0.28815445604320317,-0.754630865730141,1.3230622587602154,-0.7124106878236237,-0.508571073354389,-0.3353646338730602,-0.8505791253521618,-0.9075501609217962,-0.25607375986579195,-0.24112141108520604,0.8563488385776753,-0.3784390048634126,-0.07432941462471664,-0.11559856812793746,2.7250552152068273,-0.678729811709616,-0.6069769786668839,-0.7471406682025761,-0.0941763218696022,-0.105409255338946,-0.23073955174772434,1.2917514083134436,-0.2773500981126145,-0.19090958396133909,0.9095654110330884,-0.41554832735932656,-0.21160368475757949,-0.43893114546442885,-0.21442250696755896,-0.3018726524899911,-0.6461002111639058,-0.153694655873568,0.6839166144230383,2.862152894574151,-0.2909029959270487,-0.03316790634033297,-0.27272727272727276,-0.3353646338730602,-1.1443970770893999,-0.033167906340332974,-0.033167906340332974
-0.8932347498714632,-0.9084429115297247,-0.09772558531022213,-0.6994158969822473,0.6773940914191772,-0.7124106878236237,-0.508571073354389,-0.3353646338730602,-0.8505791253521618,1.101867470316244,-0.25607375986579195,-0.24112141108520604,-1.1677484162422842,-0.3784390048634126,-0.07432941462471664,-0.11559856812793746,-0.3669650414492984,-0.678729811709616,-0.6069769786668839,-0.7471406682025761,-0.0941763218696022,-0.105409255338946,-0.23073955174772434,1.2917514083134436,-0.2773500981126145,-0.19090958396133909,0.9095654110330884,-0.41554832735932656,-0.21160368475757949,-0.43893114546442885,-0.21442250696755896,-0.3018726524899911,1.547747520773237,-0.153694655873568,-1.4621665549733924,2.862152894574151,-0.2909029959270487,-0.03316790634033297,-0.27272727272727276,-0.3353646338730602,-1.1443970770893999,-0.033167906340332974,-0.033167906340332974
-0.8932347498714632,-0.9084429115297247,-0.6690121975091653,-0.754630865730141,-0.15275069516215767,-0.7124106878236237,-0.508571073354389,-0.3353646338730602,-0.8505791253521618,-0.9075501609217962,-0.25607375986579195,-0.24112141108520604,0.8563488385776753,-0.3784390048634126,-0.07432941462471664,-0.11559856812793746,-0.3669650414492984,-0.678729811709616,-0.6069769786668839,-0.7471406682025761,-0.0941763218696022,-0.105409255338946,-0.23073955174772434,1.2917514083134436,-0.2773500981126145,-0.19090958396133909,-1.0994261521710633,2.4064589703793833,-0.21160368475757949,-0.43893114546442885,-0.21442250696755896,3.312655160219113,1.547747520773237,-0.153694655873568,-1.4621665549733924,2.862152894574151,-0.2909029959270487,-0.03316790634033297,-0.27272727272727276,-0.3353646338730602,-1.1443970770893999,-0.033167906340332974,-0.033167906340332974
-0.7956319864034092,-0.8109567028632094,-0.6690121975091653,-0.6442009282343537,0.49291747217888054,-0.7124106878236237,-0.508571073354389,-0.3353646338730602,-0.8505791253521618,-0.9075501609217962,-0.25607375986579195,-0.24112141108520604,0.8563488385776753,-0.3784390048634126,-0.07432941462471664,-0.11559856812793746,-0.3669650414492984,-0.678729811709616,1.647508942095828,-0.7471406682025761,-0.0941763218696022,-0.105409255338946,-0.23073955174772434,1.2917514083134436,-0.2773500981126145,-0.19090958396133909,-1.0994261521710633,2.4064589703793833,-0.21160368475757949,-0.43893114546442885,-0.21442250696755896,3.312655160219113,-0.6461002111639058,-0.153694655873568,0.6839166144230383,2.862152894574151,-0.2909029959270487,-0.03316790634033297,-0.27272727272727276,-0.3353646338730602,-1.1443970770893999,-0.033167906340332974,-0.033167906340332974
-0.7956319864034092,-0.8109567028632094,-0.8594410682421463,-1.5276404282006528,0.9541090202796222,-0.7124106878236237,-0.508571073354389,-0.3353646338730602,-0.8505791253521618,-0.9075501609217962,-0.25607375986579195,-0.24112141108520604,0.8563488385776753,-0.3784390048634126,-0.07432941462471664,-0.11559856812793746,-0.3669650414492984,-0.678729811709616,1.647508942095828,-0.7471406682025761,-0.0941763218696022,-0.105409255338946,-0.23073955174772434,1.2917514083134436,-0.2773500981126145,-0.19090958396133909,-1.0994261521710633,-0.41554832735932656,-0.21160368475757949,-0.43893114546442885,-0.21442250696755896,-0.3018726524899911,-0.6461002111639058,-0.153694655873568,0.6839166144230383,2.862152894574151,-0.2909029959270487,-0.03316790634033297,-0.27272727272727276,-0.3353646338730602,-1.1443970770893999,-0.033167906340332974,-0.033167906340332974
-0.7956319864034092,-0.8109567028632094,-0.002511149943731609,-0.8098458344780347,-0.15275069516215767,-0.7124106878236237,-0.508571073354389,-0.3353646338730602,-0.8505791253521618,1.101867470316244,-0.25607375986579195,-0.24112141108520604,0.8563488385776753,-0.3784390048634126,-0.07432941462471664,-0.11559856812793746,-0.3669650414492984,-0.678729811709616,1.647508942095828,-0.7471406682025761,-0.0941763218696022,-0.105409255338946,-0.23073955174772434,1.2917514083134436,-0.2773500981126145,-0.19090958396133909,-1.0994261521710633,-0.41554832735932656,-0.21160368475757949,-0.43893114546442885,-0.21442250696755896,-0.3018726524899911,-0.6461002111639058,-0.153694655873568,0.6839166144230383,-0.3493873447137373,-0.2909029959270487,-0.03316790634033297,-0.27272727272727276,-0.3353646338730602,0.8738225743667123,-0.033167906340332974,-0.033167906340332974
-0.7956319864034092,-0.8109567028632094,-0.19294002067671265,-0.6442009282343537,0.49291747217888054,-0.7124106878236237,-0.508571073354389,-0.3353646338730602,-0.8505791253521618,1.101867470316244,-0.25607375986579195,-0.24112141108520604,-1.1677484162422842,-0.3784390048634126,-0.07432941462471664,-0.11559856812793746,-0.3669650414492984,-0.678729811709616,1.647508942095828,-0.7471406682025761,-0.0941763218696022,-0.105409255338946,-0.23073955174772434,1.2917514083134436,-0.2773500981126145,-0.19090958396133909,0.9095654110330884,-0.41554832735932656,-0.21160368475757949,-0.43893114546442885,-0.21442250696755896,-0.3018726524899911,-0.6461002111639058,-0.153694655873568,0.6839166144230383,-0.3493873447137373,-0.2909029959270487,-0.03316790634033297,-0.27272727272727276,-0.3353646338730602,0.8738225743667123,-0.033167906340332974,-0.033167906340332974
-0.7643991020936318,-0.778461299974371,-0.19294002067671265,-0.4785560219906722,-0.6139422432628993,-0.3180714384808638,-0.508571073354389,-0.3353646338730602,-0.8505791253521618,1.101867470316244,-0.25607375986579195,-0.24112141108520604,0.8563488385776753,-0.3784390048634126,-0.07432941462471664,-0.11559856812793746,-0.3669650414492984,-0.678729811709616,1.647508942095828,-0.7471406682025761,-0.0941763218696022,-0.105409255338946,-0.23073955174772434,1.2917514083134436,-0.2773500981126145,-0.19090958396133909,-1.0994261521710633,2.4064589703793833,-0.21160368475757949,-0.43893114546442885,-0.21442250696755896,-0.3018726524899911,1.547747520773237,-0.153694655873568,-1.4621665549733924,-0.3493873447137373,-0.2909029959270487,-0.03316790634033297,-0.27272727272727276,-0.3353646338730602,0.8738225743667123,-0.033167906340332974,-0.033167906340332974
-0.7643991020936318,-0.778461299974371,-0.19294002067671265,-0.25769614699909765,1.9687304261012537,-0.7124106878236237,-0.508571073354389,-0.3353646338730602,-0.8505791253521618,1.101867470316244,-0.25607375986579195,-0.24112141108520604,-1.1677484162422842,-0.3784390048634126,-0.07432941462471664,-0.11559856812793746,-0.3669650414492984,-0.678729811709616,1.647508942095828,-0.7471406682025761,-0.0941763218696022,-0.105409255338946,-0.23073955174772434,1.2917514083134436,-0.2773500981126145,-0.19090958396133909,0.9095654110330884,-0.41554832735932656,-0.21160368475757949,-0.43893114546442885,-0.21442250696755896,-0.3018726524899911,-0.6461002111639058,-0.153694655873568,0.6839166144230383,-0.3493873447137373,-0.2909029959270487,-0.03316790634033297,-0.27272727272727276,-0.3353646338730602,0.8738225743667123,-0.033167906340332974,-0.033167906340332974
-0.7331662177838545,-0.7459658970855325,-0.19294002067671265,-0.09205124075541665,0.2162025433184356,0.07626781086189616,-0.508571073354389,-0.3353646338730602,-0.8505791253521618,1.101867470316244,-0.25607375986579195,-0.24112141108520604,0.8563488385776753,-0.3784390048634126,-0.07432941462471664,-0.11559856812793746,2.7250552152068273,-0.678729811709616,-0.6069769786668839,-0.7471406682025761,-0.0941763218696022,-0.105409255338946,-0.23073955174772434,-0.7741427596395154,3.605551275463989,-0.19090958396133909,0.9095654110330884,-0.41554832735932656,-0.21160368475757949,-0.43893114546442885,-0.21442250696755896,-0.3018726524899911,1.547747520773237,-0.153694655873568,-1.4621665549733924,-0.3493873447137373,-0.2909029959270487,-0.03316790634033297,-0.27272727272727276,-0.3353646338730602,0.8738225743667123,-0.033167906340332974,-0.033167906340332974
-0.7331662177838545,-0.7459658970855325,-0.28815445604320317,-0.8650608032259283,0.2162025433184356,-0.7124106878236237,-0.508571073354389,-0.3353646338730602,-0.8505791253521618,1.101867470316244,-0.25607375986579195,-0.24112141108520604,0.8563488385776753,-0.3784390048634126,-0.07432941462471664,-0.11559856812793746,-0.3669650414492984,-0.678729811709616,-0.6069769786668839,-0.7471406682025761,-0.0941763218696022,-0.105409255338946,-0.23073955174772434,1.2917514083134436,-0.2773500981126145,-0.19090958396133909,-1.0994261521710633,2.4064589703793833,-0.21160368475757949,-0.43893114546442885,-0.21442250696755896,3.312655160219113,-0.6461002111639058,-0.153694655873568,0.6839166144230383,-0.3493873447137373,-0.2909029959270487,-0.03316790634033297,-0.27272727272727276,-0.3353646338730602,0.8738225743667123,-0.033167906340332974,-0.033167906340332974
-0.7331662177838545,-0.7459658970855325,-0.09772558531022213,0.01837869674037087,-1.0751337913636407,-0.7124106878236237,-0.508571073354389,-0.3353646338730602,-0.8505791253521618,1.101867470316244,-0.25607375986579195,-0.24112141108520604,0.8563488385776753,-0.3784390048634126,-0.07432941462471664,-0.11559856812793746,-0.3669650414492984,-0.678729811709616,1.647508942095828,-0.7471406682025761,-0.0941763218696022,-0.105409255338946,-0.23073955174772434,1.2917514083134436,-0.2773500981126145,-0.19090958396133909,0.9095654110330884,-0.41554832735932656,-0.21160368475757949,-0.43893114546442885,-0.21442250696755896,-0.3018726524899911,1.547747520773237,-0.153694655873568,-1.4621665549733924,2.862152894574151,-0.2909029959270487,-0.03316790634033297,-0.27272727272727276,-0.3353646338730602,-1.1443970770893999,-0.033167906340332974,-0.033167906340332974
-0.6980292229353551,-0.7134704941966942,-0.4785833267761842,-0.6994158969822473,-1.0751337913636407,-0.7124106878236237,-0.508571073354389,-0.3353646338730602,-0.8505791253521618,-0.9075501609217962,-0.25607375986579195,-0.24112141108520604,-1.1677484162422842,-0.3784390048634126,-0.07432941462471664,-0.11559856812793746,-0.3669650414492984,-0.678729811709616,1.647508942095828,-0.7471406682025761,-0.0941763218696022,-0.105409255338946,-0.23073955174772434,1.2917514083134436,-0.2773500981126145,-0.19090958396133909,-1.0994261521710633,-0.41554832735932656,-0.21160368475757949,-0.43893114546442885,-0.21442250696755896,-0.3018726524899911,-0.6461002111639058,-0.153694655873568,0.6839166144230383,-0.3493873447137373,-0.2909029959270487,-0.03316790634033297,-0.27272727272727276,-0.3353646338730602,0.8738225743667123,-0.033167906340332974,-0.033167906340332974
-0.6667963386255777,-0.6809750913078557,-0.09772558531022213,-0.4233410532427787,-0.9828954817434925,0.07626781086189616,-0.508571073354389,-0.3353646338730602,-0.8505791253521618,1.101867470316244,-0.25607375986579195,-0.24112141108520604,-1.1677484162422842,-0.3784390048634126,-0.07432941462471664,-0.11559856812793746,-0.3669650414492984,-0.678729811709616,-0.6069769786668839,-0.7471406682025761,-0.0941763218696022,-0.105409255338946,-0.23073955174772434,-0.7741427596395154,-0.2773500981126145,-0.19090958396133909,0.9095654110330884,-0.41554832735932656,-0.21160368475757949,-0.43893114546442885,-0.21442250696755896,-0.3018726524899911,-0.6461002111639058,-0.153694655873568,0.6839166144230383,-0.3493873447137373,-0.2909029959270487,-0.03316790634033297,-0.27272727272727276,-0.3353646338730602,0.8738225743667123,-0.033167906340332974,-0.033167906340332974
-0.600426459467301,-0.6159842855301788,-0.002511149943731609,-0.4785560219906722,0.1239642336982873,0.4706070602046561,-0.508571073354389,-0.3353646338730602,-0.8505791253521618,1.101867470316244,-0.25607375986579195,-0.24112141108520604,0.8563488385776753,-0.3784390048634126,-0.07432941462471664,-0.11559856812793746,-0.3669650414492984,-0.678729811709616,1.647508942095828,-0.7471406682025761,-0.0941763218696022,-0.105409255338946,-0.23073955174772434,1.2917514083134436,-0.2773500981126145,-0.19090958396133909,-1.0994261521710633,-0.41554832735932656,-0.21160368475757949,-0.43893114546442885,-0.21442250696755896,-0.3018726524899911,1.547747520773237,-0.153694655873568,-1.4621665549733924,-0.3493873447137373,-0.2909029959270487,-0.03316790634033297,-0.27272727272727276,-0.3353646338730602,0.8738225743667123,-0.033167906340332974,-0.033167906340332974
-0.5691935751575237,-0.5834888826413405,-0.19294002067671265,-0.25769614699909765,-0.7061805528830476,0.07626781086189616,-0.508571073354389,-0.3353646338730602,-0.8505791253521618,1.101867470316244,-0.25607375986579195,-0.24112141108520604,0.8563488385776753,-0.3784390048634126,-0.07432941462471664,-0.11559856812793746,-0.3669650414492984,-0.678729811709616,-0.6069769786668839,-0.7471406682025761,-0.0941763218696022,-0.105409255338946,-0.23073955174772434,1.2917514083134436,-0.2773500981126145,-0.19090958396133909,0.9095654110330884,-0.41554832735932656,-0.21160368475757949,-0.43893114546442885,-0.21442250696755896,-0.3018726524899911,-0.6461002111639058,-0.153694655873568,0.6839166144230383,-0.3493873447137373,-0.2909029959270487,-0.03316790634033297,-0.27272727272727276,-0.3353646338730602,0.8738225743667123,-0.033167906340332974,-0.033167906340332974
-0.5691935751575237,-0.031067033531087286,-0.09772558531022213,-0.754630865730141,-0.8906571721233442,0.07626781086189616,-0.508571073354389,-0.3353646338730602,-0.8505791253521618,1.101867470316244,-0.25607375986579195,-0.24112141108520604,0.8563488385776753,-0.3784390048634126,-0.07432941462471664,-0.11559856812793746,-0.3669650414492984,-0.678729811709616,1.647508942095828,-0.7471406682025761,-0.0941763218696022,-0.105409255338946,-0.23073955174772434,1.2917514083134436,-0.2773500981126145,-0.19090958396133909,-1.0994261521710633,2.4064589703793833,-0.21160368475757949,-0.43893114546442885,-0.21442250696755896,3.312655160219113,1.547747520773237,-0.153694655873568,-1.4621665549733924,-0.3493873447137373,-0.2909029959270487,-0.03316790634033297,-0.27272727272727276,-0.3353646338730602,0.8738225743667123,-0.033167906340332974,-0.033167906340332974
-0.5691935751575237,-0.031067033531087286,-0.7642266328756558,-0.5337709907385663,1.3230622587602154,-0.7124106878236237,-0.508571073354389,-0.3353646338730602,-0.8505791253521618,-0.9075501609217962,-0.25607375986579195,-0.24112141108520604,-1.1677484162422842,-0.3784390048634126,-0.07432941462471664,-0.11559856812793746,-0.3669650414492984,-0.678729811709616,1.647508942095828,-0.7471406682025761,-0.0941763218696022,-0.105409255338946,-0.23073955174772434,1.2917514083134436,-0.2773500981126145,-0.19090958396133909,-1.0994261521710633,-0.41554832735932656,-0.21160368475757949,-0.43893114546442885,-0.21442250696755896,-0.3018726524899911,1.547747520773237,-0.153694655873568,-1.4621665549733924,-0.3493873447137373,-0.2909029959270487,-0.03316790634033297,-0.27272727272727276,-0.3353646338730602,0.8738225743667123,-0.033167906340332974,-0.033167906340332974
-0.5379606908477463,-0.031067033531087286,-0.5737977621426747,-1.0307057094696095,0.03172592407813898,0.07626781086189616,-0.508571073354389,-0.3353646338730602,-0.8505791253521618,-0.9075501609217962,-0.25607375986579195,-0.24112141108520604,0.8563488385776753,-0.3784390048634126,-0.07432941462471664,-0.11559856812793746,-0.3669650414492984,-0.678729811709616,1.647508942095828,-0.7471406682025761,-0.0941763218696022,-0.105409255338946,-0.23073955174772434,1.2917514083134436,-0.2773500981126145,-0.19090958396133909,0.9095654110330884,-0.41554832735932656,-0.21160368475757949,-0.43893114546442885,-0.21442250696755896,-0.3018726524899911,1.547747520773237,-0.153694655873568,-1.4621665549733924,2.862152894574151,-0.2909029959270487,-0.03316790634033297,-0.27272727272727276,-0.3353646338730602,-1.1443970770893999,-0.033167906340332974,-0.033167906340332974
-0.5379606908477463,-0.550993479752502,-0.6690121975091653,-1.0859206782175033,-0.24498900478230598,-0.7124106878236237,-0.508571073354389,-0.3353646338730602,-0.8505791253521618,-0.9075501609217962,-0.25607375986579195,-0.24112141108520604,0.8563488385776753,-0.3784390048634126,-0.07432941462471664,-0.11559856812793746,-0.3669650414492984,-0.678729811709616,1.647508942095828,-0.7471406682025761,-0.0941763218696022,-0.105409255338946,-0.23073955174772434,1.2917514083134436,-0.2773500981126145,-0.19090958396133909,0.9095654110330884,-0.41554832735932656,-0.21160368475757949,-0.43893114546442885,-0.21442250696755896,-0.3018726524899911,-0.6461002111639058,-0.153694655873568,0.6839166144230383,-0.3493873447137373,-0.2909029959270487,-0.03316790634033297,-0.27272727272727276,-0.3353646338730602,0.8738225743667123,-0.033167906340332974,-0.033167906340332974
-0.5028236959992469,-0.5184980768636636,-0.19294002067671265,-0.4233410532427787,0.03172592407813898,-0.7124106878236237,-0.508571073354389,-0.3353646338730602,-0.8505791253521618,1.101867470316244,-0.25607375986579195,-0.24112141108520604,-1.1677484162422842,-0.3784390048634126,-0.07432941462471664,-0.11559856812793746,-0.3669650414492984,-0.678729811709616,1.647508942095828,-0.7471406682025761,-0.0941763218696022,-0.105409255338946,-0.23073955174772434,1.2917514083134436,-0.2773500981126145,-0.19090958396133909,-1.0994261521710633,-0.41554832735932656,-0.21160368475757949,-0.43893114546442885,-0.21442250696755896,-0.3018726524899911,-0.6461002111639058,-0.153694655873568,0.6839166144230383,-0.3493873447137373,-0.2909029959270487,-0.03316790634033297,-0.27272727272727276,-0.3353646338730602,0.8738225743667123,-0.033167906340332974,-0.033167906340332974
-0.5028236959992469,-0.5184980768636636,-0.3833688914096937,-0.3681260844948852,0.8618707106594738,-0.7124106878236237,-0.508571073354389,-0.3353646338730602,-0.8505791253521618,1.101867470316244,-0.25607375986579195,-0.24112141108520604,-1.1677484162422842,-0.3784390048634126,-0.07432941462471664,-0.11559856812793746,-0.3669650414492984,-0.678729811709616,1.647508942095828,-0.7471406682025761,-0.0941763218696022,-0.105409255338946,-0.23073955174772434,1.2917514083134436,-0.2773500981126145,-0.19090958396133909,-1.0994261521710633,-0.41554832735932656,-0.21160368475757949,-0.43893114546442885,-0.21442250696755896,-0.3018726524899911,-0.6461002111639058,-0.153694655873568,0.6839166144230383,2.862152894574151,-0.2909029959270487,-0.03316790634033297,-0.27272727272727276,-0.3353646338730602,-1.1443970770893999,-0.033167906340332974,-0.033167906340332974
-0.5028236959992469,-0.5184980768636636,-0.3833688914096937,-0.5889859594864597,0.9541090202796222,-0.7124106878236237,-0.508571073354389,2.981829027262644,-0.8505791253521618,1.101867470316244,-0.25607375986579195,-0.24112141108520604,0.8563488385776753,-0.3784390048634126,-0.07432941462471664,-0.11559856812793746,-0.3669650414492984,-0.678729811709616,1.647508942095828,-0.7471406682025761,-0.0941763218696022,-0.105409255338946,-0.23073955174772434,1.2917514083134436,-0.2773500981126145,-0.19090958396133909,0.9095654110330884,-0.41554832735932656,-0.21160368475757949,-0.43893114546442885,-0.21442250696755896,-0.3018726524899911,-0.6461002111639058,-0.153694655873568,0.6839166144230383,-0.3493873447137373,-0.2909029959270487,-0.03316790634033297,-0.27272727272727276,-0.3353646338730602,0.8738225743667123,-0.033167906340332974,-0.033167906340332974
-0.4715908116894696,-0.48600267397482516,0.18791772078924943,-0.754630865730141,1.4153005683803637,-0.7124106878236237,-0.508571073354389,-0.3353646338730602,-0.8505791253521618,1.101867470316244,-0.25607375986579195,-0.24112141108520604,0.8563488385776753,-0.3784390048634126,-0.07432941462471664,-0.11559856812793746,-0.3669650414492984,-0.678729811709616,1.647508942095828,-0.7471406682025761,-0.0941763218696022,-0.105409255338946,-0.23073955174772434,1.2917514083134436,-0.2773500981126145,-0.19090958396133909,0.9095654110330884,-0.41554832735932656,-0.21160368475757949,-0.43893114546442885,-0.21442250696755896,-0.3018726524899911,-0.6461002111639058,-0.153694655873568,0.6839166144230383,-0.3493873447137373,-0.2909029959270487,-0.03316790634033297,-0.27272727272727276,-0.3353646338730602,0.8738225743667123,-0.033167906340332974,-0.033167906340332974
-0.44035792737969226,-0.45350727108598676,-0.3833688914096937,-0.6442009282343537,1.4153005683803637,0.07626781086189616,-0.508571073354389,-0.3353646338730602,-0.8505791253521618,1.101867470316244,-0.25607375986579195,-0.24112141108520604,-1.1677484162422842,-0.3784390048634126,-0.07432941462471664,-0.11559856812793746,-0.3669650414492984,-0.678729811709616,1.647508942095828,-0.7471406682025761,-0.0941763218696022,-0.105409255338946,-0.23073955174772434,1.2917514083134436,-0.2773500981126145,-0.19090958396133909,-1.0994261521710633,2.4064589703793833,-0.21160368475757949,-0.43893114546442885,-0.21442250696755896,-0.3018726524899911,-0.6461002111639058,-0.153694655873568,0.6839166144230383,-0.3493873447137373,-0.2909029959270487,-0.03316790634033297,-0.27272727272727276,-0.3353646338730602,0.8738225743667123,-0.033167906340332974,-0.033167906340332974
-0.44035792737969226,-0.45350727108598676,-0.09772558531022213,-0.25769614699909765,-1.0751337913636407,-0.3180714384808638,-0.508571073354389,-0.3353646338730602,-0.8505791253521618,1.101867470316244,-0.25607375986579195,-0.24112141108520604,0.8563488385776753,-0.3784390048634126,-0.07432941462471664,-0.11559856812793746,-0.3669650414492984,-0.678729811709616,-0.6069769786668839,-0.7471406682025761,-0.0941763218696022,-0.105409255338946,-0.23073955174772434,-0.7741427596395154,-0.2773500981126145,-0.19090958396133909,-1.0994261521710633,-0.41554832735932656,-0.21160368475757949,-0.43893114546442885,-0.21442250696755896,3.312655160219113,-0.6461002111639058,-0.153694655873568,0.6839166144230383,-0.3493873447137373,-0.2909029959270487,-0.03316790634033297,-0.27272727272727276,-0.3353646338730602,0.8738225743667123,-0.033167906340332974,-0.033167906340332974
-0.04994687350747595,-0.45350727108598676,-0.19294002067671265,-0.6994158969822473,-0.42946562402260263,-0.7124106878236237,-0.508571073354389,-0.3353646338730602,-0.8505791253521618,1.101867470316244,-0.25607375986579195,-0.24112141108520604,-1.1677484162422842,-0.3784390048634126,-0.07432941462471664,-0.11559856812793746,2.7250552152068273,-0.678729811709616,-0.6069769786668839,-0.7471406682025761,-0.0941763218696022,-0.105409255338946,-0.23073955174772434,-0.7741427596395154,3.605551275463989,-0.19090958396133909,0.9095654110330884,-0.41554832735932656,-0.21160368475757949,-0.43893114546442885,-0.21442250696755896,-0.3018726524899911,1.547747520773237,-0.153694655873568,-1.4621665549733924,2.862152894574151,-0.2909029959270487,-0.03316790634033297,-0.27272727272727276,-0.3353646338730602,-1.1443970770893999,-0.033167906340332974,-0.033167906340332974
-0.40522093253119285,-0.4210118681971483,-0.6690121975091653,-0.3129111157469912,0.2162025433184356,-0.7124106878236237,-0.508571073354389,2.981829027262644,-0.8505791253521618,-0.9075501609217962,-0.25607375986579195,-0.24112141108520604,0.8563488385776753,-0.3784390048634126,-0.07432941462471664,-0.11559856812793746,-0.3669650414492984,-0.678729811709616,1.647508942095828,-0.7471406682025761,-0.0941763218696022,-0.105409255338946,-0.23073955174772434,1.2917514083134436,-0.2773500981126145,-0.19090958396133909,-1.0994261521710633,-0.41554832735932656,-0.21160368475757949,-0.43893114546442885,-0.21442250696755896,-0.3018726524899911,1.547747520773237,-0.153694655873568,-1.4621665549733924,-0.3493873447137373,-0.2909029959270487,-0.03316790634033297,-0.27272727272727276,-0.3353646338730602,0.8738225743667123,-0.033167906340332974,-0.033167906340332974
-0.04994687350747595,-0.4210118681971483,-0.3833688914096937,-1.0859206782175033,0.2162025433184356,-0.3180714384808638,-0.508571073354389,-0.3353646338730602,-0.8505791253521618,-0.9075501609217962,-0.25607375986579195,-0.24112141108520604,0.8563488385776753,-0.3784390048634126,-0.07432941462471664,-0.11559856812793746,-0.3669650414492984,-0.678729811709616,-0.6069769786668839,-0.7471406682025761,-0.0941763218696022,-0.105409255338946,4.333890711087691,-0.7741427596395154,-0.2773500981126145,-0.19090958396133909,-1.0994261521710633,-0.41554832735932656,-0.21160368475757949,-0.43893114546442885,-0.21442250696755896,-0.3018726524899911,1.547747520773237,-0.153694655873568,-1.4621665549733924,-0.3493873447137373,-0.2909029959270487,-0.03316790634033297,-0.27272727272727276,-0.3353646338730602,0.8738225743667123,-0.033167906340332974,-0.033167906340332974
-0.04994687350747595,-0.4210118681971483,-0.5737977621426747,-1.361995521956972,0.49291747217888054,-0.7124106878236237,-0.508571073354389,-0.3353646338730602,-0.8505791253521618,-0.9075501609217962,-0.25607375986579195,-0.24112141108520604,0.8563488385776753,-0.3784390048634126,-0.07432941462471664,-0.11559856812793746,-0.3669650414492984,-0.678729811709616,1.647508942095828,-0.7471406682025761,-0.0941763218696022,-0.105409255338946,4.333890711087691,-0.7741427596395154,-0.2773500981126145,-0.19090958396133909,0.9095654110330884,-0.41554832735932656,-0.21160368475757949,-0.43893114546442885,-0.21442250696755896,-0.3018726524899911,-0.6461002111639058,-0.153694655873568,0.6839166144230383,-0.3493873447137373,-0.2909029959270487,-0.03316790634033297,-0.27272727272727276,-0.3353646338730602,0.8738225743667123,-0.033167906340332974,-0.033167906340332974
-0.40522093253119285,-0.4210118681971483,-0.19294002067671265,-0.4785560219906722,0.03172592407813898,-0.3180714384808638,-0.508571073354389,-0.3353646338730602,-0.8505791253521618,1.101867470316244,-0.25607375986579195,4.147288270665544,-1.1677484162422842,-0.3784390048634126,-0.07432941462471664,-0.11559856812793746,-0.3669650414492984,-0.678729811709616,1.647508942095828,-0.7471406682025761,-0.0941763218696022,-0.105409255338946,4.333890711087691,-0.7741427596395154,-0.2773500981126145,-0.19090958396133909,0.9095654110330884,-0.41554832735932656,-0.21160368475757949,-0.43893114546442885,-0.21442250696755896,-0.3018726524899911,-0.6461002111639058,-0.153694655873568,0.6839166144230383,-0.3493873447137373,-0.2909029959270487,-0.03316790634033297,-0.27272727272727276,-0.3353646338730602,0.8738225743667123,-0.033167906340332974,-0.033167906340332974
-0.3739880482214155,-0.3885164653083099,-0.4785833267761842,-0.25769614699909765,0.49291747217888054,0.4706070602046561,-0.508571073354389,-0.3353646338730602,-0.8505791253521618,1.101867470316244,-0.25607375986579195,4.147288270665544,-1.1677484162422842,-0.3784390048634126,-0.07432941462471664,-0.11559856812793746,-0.3669650414492984,-0.678729811709616,1.647508942095828,-0.7471406682025761,-0.0941763218696022,-0.105409255338946,4.333890711087691,-0.7741427596395154,-0.2773500981126145,-0.19090958396133909,-1.0994261521710633,2.4064589703793833,-0.21160368475757949,-0.43893114546442885,-0.21442250696755896,-0.3018726524899911,-0.6461002111639058,-0.153694655873568,0.6839166144230383,-0.3493873447137373,-0.2909029959270487,-0.03316790634033297,-0.27272727272727276,-0.3353646338730602,0.8738225743667123,-0.033167906340332974,-0.033167906340332974
-0.3427551639116382,-0.3560210624194715,-0.3833688914096937,-0.25769614699909765,1.4153005683803637,-0.7124106878236237,-0.508571073354389,2.981829027262644,-0.8505791253521618,1.101867470316244,-0.25607375986579195,-0.24112141108520604,-1.1677484162422842,-0.3784390048634126,-0.07432941462471664,-0.11559856812793746,-0.3669650414492984,-0.678729811709616,1.647508942095828,-0.7471406682025761,-0.0941763218696022,-0.105409255338946,-0.23073955174772434,1.2917514083134436,-0.2773500981126145,-0.19090958396133909,-1.0994261521710633,2.4064589703793833,-0.21160368475757949,-0.43893114546442885,-0.21442250696755896,-0.3018726524899911,-0.6461002111639058,-0.153694655873568,0.6839166144230383,-0.3493873447137373,-0.2909029959270487,-0.03316790634033297,-0.27272727272727276,-0.3353646338730602,0.8738225743667123,-0.033167906340332974,-0.033167906340332974
-0.3427551639116382,-0.3560210624194715,-0.5737977621426747,-0.3129111157469912,-1.0751337913636407,-0.7124106878236237,-0.508571073354389,-0.3353646338730602,-0.8505791253521618,-0.9075501609217962,-0.25607375986579195,4.147288270665544,-1.1677484162422842,-0.3784390048634126,-0.07432941462471664,-0.11559856812793746,-0.3669650414492984,-0.678729811709616,1.647508942095828,-0.7471406682025761,-0.0941763218696022,-0.105409255338946,4.333890711087691,-0.7741427596395154,-0.2773500981126145,-0.19090958396133909,0.9095654110330884,-0.41554832735932656,-0.21160368475757949,-0.43893114546442885,-0.21442250696755896,-0.3018726524899911,-0.6461002111639058,-0.153694655873568,0.6839166144230383,-0.3493873447137373,-0.2909029959270487,-0.03316790634033297,-0.27272727272727276,-0.3353646338730602,0.8738225743667123,-0.033167906340332974,-0.033167906340332974
-0.3427551639116382,-0.3560210624194715,-0.3833688914096937,0.1840236029840519,-0.9828954817434925,-0.7124106878236237,-0.508571073354389,-0.3353646338730602,-0.8505791253521618,1.101867470316244,-0.25607375986579195,4.147288270665544,-1.1677484162422842,-0.3784390048634126,-0.07432941462471664,-0.11559856812793746,-0.3669650414492984,-0.678729811709616,1.647508942095828,-0.7471406682025761,-0.0941763218696022,-0.105409255338946,4.333890711087691,-0.7741427596395154,-0.2773500981126145,-0.19090958396133909,0.9095654110330884,-0.41554832735932656,-0.21160368475757949,-0.43893114546442885,-0.21442250696755896,-0.3018726524899911,-0.6461002111639058,-0.153694655873568,0.6839166144230383,-0.3493873447137373,-0.2909029959270487,-0.03316790634033297,-0.27272727272727276,-0.3353646338730602,0.8738225743667123,-0.033167906340332974,-0.033167906340332974
-0.30761816906313877,-0.32352565953063306,-0.3833688914096937,-0.8098458344780347,0.03172592407813898,-0.7124106878236237,-0.508571073354389,-0.3353646338730602,-0.8505791253521618,-0.9075501609217962,-0.25607375986579195,4.147288270665544,-1.1677484162422842,-0.3784390048634126,-0.07432941462471664,-0.11559856812793746,-0.3669650414492984,-0.678729811709616,1.647508942095828,-0.7471406682025761,-0.0941763218696022,-0.105409255338946,4.333890711087691,-0.7741427596395154,-0.2773500981126145,-0.19090958396133909,-1.0994261521710633,-0.41554832735932656,-0.21160368475757949,-0.43893114546442885,-0.21442250696755896,-0.3018726524899911,1.547747520773237,-0.153694655873568,-1.4621665549733924,-0.3493873447137373,-0.2909029959270487,-0.03316790634033297,-0.27272727272727276,-0.3353646338730602,0.8738225743667123,-0.033167906340332974,-0.033167906340332974
-0.30761816906313877,-0.32352565953063306,-0.002511149943731609,-0.4233410532427787,0.1239642336982873,0.07626781086189616,-0.508571073354389,-0.3353646338730602,-0.8505791253521618,1.101867470316244,-0.25607375986579195,4.147288270665544,-1.1677484162422842,-0.3784390048634126,-0.07432941462471664,-0.11559856812793746,-0.3669650414492984,-0.678729811709616,1.647508942095828,-0.7471406682025761,-0.0941763218696022,-0.105409255338946,4.333890711087691,-0.7741427596395154,-0.2773500981126145,-0.19090958396133909,-1.0994261521710633,-0.41554832735932656,-0.21160368475757949,-0.43893114546442885,-0.21442250696755896,-0.3018726524899911,-0.6461002111639058,-0.153694655873568,0.6839166144230383,-0.3493873447137373,-0.2909029959270487,-0.03316790634033297,-0.27272727272727276,-0.3353646338730602,0.8738225743667123,-0.033167906340332974,-0.033167906340332974
-0.30761816906313877,-0.32352565953063306,-0.5737977621426747,-1.361995521956972,0.49291747217888054,-0.7124106878236237,-0.508571073354389,-0.3353646338730602,-0.8505791253521618,-0.9075501609217962,-0.25607375986579195,-0.24112141108520604,0.8563488385776753,-0.3784390048634126,-0.07432941462471664,-0.11559856812793746,-0.3669650414492984,-0.678729811709616,1.647508942095828,-0.7471406682025761,-0.0941763218696022,-0.105409255338946,-0.23073955174772434,1.2917514083134436,-0.2773500981126145,-0.19090958396133909,-1.0994261521710633,-0.41554832735932656,-0.21160368475757949,-0.43893114546442885,-0.21442250696755896,3.312655160219113,1.547747520773237,-0.153694655873568,-1.4621665549733924,-0.3493873447137373,-0.2909029959270487,-0.03316790634033297,-0.27272727272727276,-0.3353646338730602,0.8738225743667123,-0.033167906340332974,-0.033167906340332974
-0.04994687350747595,-0.031067033531087286,-0.3833688914096937,-0.3681260844948852,1.2308239491400672,-0.7124106878236237,-0.508571073354389,-0.3353646338730602,-0.8505791253521618,1.101867470316244,-0.25607375986579195,-0.24112141108520604,0.8563488385776753,-0.3784390048634126,-0.07432941462471664,-0.11559856812793746,-0.3669650414492984,-0.678729811709616,1.647508942095828,-0.7471406682025761,-0.0941763218696022,-0.105409255338946,-0.23073955174772434,1.2917514083134436,-0.2773500981126145,-0.19090958396133909,-1.0994261521710633,-0.41554832735932656,-0.21160368475757949,-0.43893114546442885,-0.21442250696755896,-0.3018726524899911,1.547747520773237,-0.153694655873568,-1.4621665549733924,2.862152894574151,-0.2909029959270487,-0.03316790634033297,-0.27272727272727276,-0.3353646338730602,-1.1443970770893999,-0.033167906340332974,-0.033167906340332974
-0.04994687350747595,-0.031067033531087286,-0.6690121975091653,-0.5337709907385663,1.3230622587602154,0.07626781086189616,-0.508571073354389,-0.3353646338730602,-0.8505791253521618,-0.9075501609217962,-0.25607375986579195,-0.24112141108520604,0.8563488385776753,-0.3784390048634126,-0.07432941462471664,-0.11559856812793746,-0.3669650414492984,-0.678729811709616,1.647508942095828,-0.7471406682025761,-0.0941763218696022,-0.105409255338946,-0.23073955174772434,1.2917514083134436,-0.2773500981126145,-0.19090958396133909,0.9095654110330884,-0.41554832735932656,-0.21160368475757949,-0.43893114546442885,-0.21442250696755896,-0.3018726524899911,-0.6461002111639058,-0.153694655873568,0.6839166144230383,-0.3493873447137373,-0.2909029959270487,-0.03316790634033297,-0.27272727272727276,-0.3353646338730602,0.8738225743667123,-0.033167906340332974,-0.033167906340332974
-0.04994687350747595,-0.031067033531087286,-0.5737977621426747,-0.8098458344780347,0.6773940914191772,-0.7124106878236237,-0.508571073354389,-0.3353646338730602,-0.8505791253521618,-0.9075501609217962,-0.25607375986579195,-0.24112141108520604,0.8563488385776753,-0.3784390048634126,-0.07432941462471664,-0.11559856812793746,-0.3669650414492984,-0.678729811709616,-0.6069769786668839,-0.7471406682025761,-0.0941763218696022,-0.105409255338946,-0.23073955174772434,1.2917514083134436,-0.2773500981126145,-0.19090958396133909,-1.0994261521710633,-0.41554832735932656,-0.21160368475757949,-0.43893114546442885,-0.21442250696755896,-0.3018726524899911,-0.6461002111639058,-0.153694655873568,0.6839166144230383,-0.3493873447137373,-0.2909029959270487,-0.03316790634033297,-0.27272727272727276,-0.3353646338730602,0.8738225743667123,-0.033167906340332974,-0.033167906340332974
-0.04994687350747595,-0.031067033531087286,-0.8594410682421463,-1.5828553969485466,1.5997771876206603,-0.7124106878236237,-0.508571073354389,-0.3353646338730602,-0.8505791253521618,-0.9075501609217962,-0.25607375986579195,-0.24112141108520604,0.8563488385776753,-0.3784390048634126,-0.07432941462471664,-0.11559856812793746,-0.3669650414492984,-0.678729811709616,1.647508942095828,-0.7471406682025761,-0.0941763218696022,-0.105409255338946,-0.23073955174772434,1.2917514083134436,-0.2773500981126145,-0.19090958396133909,0.9095654110330884,-0.41554832735932656,-0.21160368475757949,-0.43893114546442885,-0.21442250696755896,-0.3018726524899911,-0.6461002111639058,-0.153694655873568,0.6839166144230383,-0.3493873447137373,-0.2909029959270487,-0.03316790634033297,-0.27272727272727276,-0.3353646338730602,0.8738225743667123,-0.033167906340332974,-0.033167906340332974
-0.04994687350747595,-0.031067033531087286,-0.19294002067671265,-0.4785560219906722,1.0463473298997705,0.07626781086189616,-0.508571073354389,-0.3353646338730602,-0.8505791253521618,-0.9075501609217962,3.905124837953327,-0.24112141108520604,-1.1677484162422842,-0.3784390048634126,-0.07432941462471664,-0.11559856812793746,-0.3669650414492984,-0.678729811709616,1.647508942095828,-0.7471406682025761,-0.0941763218696022,-0.105409255338946,-0.23073955174772434,1.2917514083134436,-0.2773500981126145,-0.19090958396133909,0.9095654110330884,-0.41554832735932656,-0.21160368475757949,-0.43893114546442885,-0.21442250696755896,-0.3018726524899911,-0.6461002111639058,-0.153694655873568,0.6839166144230383,-0.3493873447137373,-0.2909029959270487,-0.03316790634033297,-0.27272727272727276,-0.3353646338730602,0.8738225743667123,-0.033167906340332974,-0.033167906340332974
-0.04994687350747595,-0.031067033531087286,-0.002511149943731609,-0.09205124075541665,-0.3372273144024543,-0.7124106878236237,-0.508571073354389,-0.3353646338730602,-0.8505791253521618,-0.9075501609217962,3.905124837953327,-0.24112141108520604,0.8563488385776753,-0.3784390048634126,-0.07432941462471664,-0.11559856812793746,-0.3669650414492984,-0.678729811709616,1.647508942095828,-0.7471406682025761,-0.0941763218696022,-0.105409255338946,-0.23073955174772434,1.2917514083134436,-0.2773500981126145,-0.19090958396133909,-1.0994261521710633,-0.41554832735932656,-0.21160368475757949,-0.43893114546442885,-0.21442250696755896,-0.3018726524899911,1.547747520773237,-0.153694655873568,-1.4621665549733924,-0.3493873447137373,-0.2909029959270487,-0.03316790634033297,-0.27272727272727276,-0.3353646338730602,0.8738225743667123,-0.033167906340332974,-0.033167906340332974
-0.04994687350747595,-0.031067033531087286,-0.19294002067671265,-0.5337709907385663,1.5075388780005121,0.07626781086189616,-0.508571073354389,-0.3353646338730602,-0.8505791253521618,-0.9075501609217962,3.905124837953327,-0.24112141108520604,-1.1677484162422842,-0.3784390048634126,-0.07432941462471664,-0.11559856812793746,-0.3669650414492984,-0.678729811709616,1.647508942095828,-0.7471406682025761,-0.0941763218696022,-0.105409255338946,-0.23073955174772434,1.2917514083134436,-0.2773500981126145,-0.19090958396133909,0.9095654110330884,-0.41554832735932656,-0.21160368475757949,-0.43893114546442885,-0.21442250696755896,-0.3018726524899911,-0.6461002111639058,-0.153694655873568,0.6839166144230383,-0.3493873447137373,-0.2909029959270487,-0.03316790634033297,-0.27272727272727276,-0.3353646338730602,0.8738225743667123,-0.033167906340332974,-0.033167906340332974
-0.04994687350747595,-0.031067033531087286,-0.5737977621426747,-1.0307057094696095,1.2308239491400672,-0.7124106878236237,-0.508571073354389,-0.3353646338730602,-0.8505791253521618,-0.9075501609217962,-0.25607375986579195,-0.24112141108520604,-1.1677484162422842,-0.3784390048634126,-0.07432941462471664,-0.11559856812793746,-0.3669650414492984,-0.678729811709616,1.647508942095828,-0.7471406682025761,10.618380290797647,-0.105409255338946,-0.23073955174772434,-0.7741427596395154,-0.2773500981126145,-0.19090958396133909,0.9095654110330884,-0.41554832735932656,-0.21160368475757949,-0.43893114546442885,-0.21442250696755896,-0.3018726524899911,-0.6461002111639058,-0.153694655873568,0.6839166144230383,-0.3493873447137373,-0.2909029959270487,-0.03316790634033297,-0.27272727272727276,-0.3353646338730602,0.8738225743667123,-0.033167906340332974,-0.033167906340332974
-0.14754963697553003,-0.16104864508644096,-0.3833688914096937,-1.5276404282006528,1.5075388780005121,0.4706070602046561,-0.508571073354389,-0.3353646338730602,-0.8505791253521618,-0.9075501609217962,-0.25607375986579195,-0.24112141108520604,0.8563488385776753,-0.3784390048634126,-0.07432941462471664,-0.11559856812793746,-0.3669650414492984,-0.678729811709616,1.647508942095828,-0.7471406682025761,-0.0941763218696022,-0.105409255338946,-0.23073955174772434,1.2917514083134436,-0.2773500981126145,-0.19090958396133909,-1.0994261521710633,-0.41554832735932656,-0.21160368475757949,-0.43893114546442885,-0.21442250696755896,3.312655160219113,-0.6461002111639058,-0.153694655873568,0.6839166144230383,-0.3493873447137373,-0.2909029959270487,-0.03316790634033297,-0.27272727272727276,-0.3353646338730602,0.8738225743667123,-0.033167906340332974,-0.033167906340332974
-0.14754963697553003,-0.16104864508644096,-0.5737977621426747,-0.5337709907385663,1.2308239491400672,0.4706070602046561,-0.508571073354389,-0.3353646338730602,-0.8505791253521618,1.101867470316244,-0.25607375986579195,-0.24112141108520604,-1.1677484162422842,-0.3784390048634126,-0.07432941462471664,-0.11559856812793746,-0.3669650414492984,-0.678729811709616,1.647508942095828,-0.7471406682025761,-0.0941763218696022,-0.105409255338946,-0.23073955174772434,1.2917514083134436,-0.2773500981126145,-0.19090958396133909,-1.0994261521710633,-0.41554832735932656,-0.21160368475757949,-0.43893114546442885,-0.21442250696755896,-0.3018726524899911,1.547747520773237,-0.153694655873568,-1.4621665549733924,-0.3493873447137373,-0.2909029959270487,-0.03316790634033297,-0.27272727272727276,-0.3353646338730602,0.8738225743667123,-0.033167906340332974,-0.033167906340332974
-0.14754963697553003,-0.16104864508644096,-0.3833688914096937,-1.0307057094696095,0.1239642336982873,-0.7124106878236237,-0.508571073354389,-0.3353646338730602,-0.8505791253521618,-0.9075501609217962,-0.25607375986579195,-0.24112141108520604,0.8563488385776753,-0.3784390048634126,-0.07432941462471664,-0.11559856812793746,-0.3669650414492984,-0.678729811709616,1.647508942095828,-0.7471406682025761,-0.0941763218696022,-0.105409255338946,-0.23073955174772434,1.2917514083134436,-0.2773500981126145,-0.19090958396133909,0.9095654110330884,-0.41554832735932656,-0.21160368475757949,-0.43893114546442885,-0.21442250696755896,-0.3018726524899911,1.547747520773237,-0.153694655873568,-1.4621665549733924,-0.3493873447137373,-0.2909029959270487,-0.03316790634033297,-0.27272727272727276,-0.3353646338730602,0.8738225743667123,-0.033167906340332974,-0.033167906340332974
-0.14754963697553003,-0.031067033531087286,-0.28815445604320317,-0.09205124075541665,-0.5217039336427509,-0.7124106878236237,-0.508571073354389,-0.3353646338730602,-0.8505791253521618,1.101867470316244,-0.25607375986579195,-0.24112141108520604,0.8563488385776753,-0.3784390048634126,-0.07432941462471664,-0.11559856812793746,2.7250552152068273,-0.678729811709616,-0.6069769786668839,-0.7471406682025761,-0.0941763218696022,-0.105409255338946,-0.23073955174772434,1.2917514083134436,-0.2773500981126145,-0.19090958396133909,0.9095654110330884,-0.41554832735932656,-0.21160368475757949,-0.43893114546442885,-0.21442250696755896,-0.3018726524899911,-0.6461002111639058,-0.153694655873568,0.6839166144230383,-0.3493873447137373,-0.2909029959270487,-0.03316790634033297,-0.27272727272727276,-0.3353646338730602,0.8738225743667123,-0.033167906340332974,-0.033167906340332974
-0.08117975781725328,-0.031067033531087286,-0.28815445604320317,-0.754630865730141,-0.7984188625031958,0.07626781086189616,-0.508571073354389,-0.3353646338730602,-0.8505791253521618,-0.9075501609217962,-0.25607375986579195,-0.24112141108520604,-1.1677484162422842,-0.3784390048634126,-0.07432941462471664,-0.11559856812793746,-0.3669650414492984,-0.678729811709616,1.647508942095828,-0.7471406682025761,-0.0941763218696022,-0.105409255338946,-0.23073955174772434,1.2917514083134436,-0.2773500981126145,-0.19090958396133909,-1.0994261521710633,-0.41554832735932656,-0.21160368475757949,-0.43893114546442885,-0.21442250696755896,-0.3018726524899911,-0.6461002111639058,-0.153694655873568,0.6839166144230383,-0.3493873447137373,-0.2909029959270487,-0.03316790634033297,-0.27272727272727276,-0.3353646338730602,0.8738225743667123,-0.033167906340332974,-0.033167906340332974
-0.08117975781725328,-0.031067033531087286,-0.28815445604320317,-1.1963506157132906,0.03172592407813898,-0.7124106878236237,-0.508571073354389,-0.3353646338730602,-0.8505791253521618,-0.9075501609217962,-0.25607375986579195,-0.24112141108520604,0.8563488385776753,-0.3784390048634126,-0.07432941462471664,-0.11559856812793746,-0.3669650414492984,-0.678729811709616,1.647508942095828,-0.7471406682025761,-0.0941763218696022,-0.105409255338946,-0.23073955174772434,1.2917514083134436,-0.2773500981126145,-0.19090958396133909,-1.0994261521710633,-0.41554832735932656,-0.21160368475757949,-0.43893114546442885,-0.21442250696755896,-0.3018726524899911,1.547747520773237,-0.153694655873568,-1.4621665549733924,-0.3493873447137373,-0.2909029959270487,-0.03316790634033297,-0.27272727272727276,-0.3353646338730602,0.8738225743667123,-0.033167906340332974,-0.033167906340332974
-0.08117975781725328,-0.031067033531087286,-0.3833688914096937,-0.6994158969822473,0.8618707106594738,0.07626781086189616,-0.508571073354389,-0.3353646338730602,-0.8505791253521618,1.101867470316244,-0.25607375986579195,-0.24112141108520604,-1.1677484162422842,-0.3784390048634126,-0.07432941462471664,-0.11559856812793746,-0.3669650414492984,-0.678729811709616,1.647508942095828,-0.7471406682025761,-0.0941763218696022,-0.105409255338946,-0.23073955174772434,1.2917514083134436,-0.2773500981126145,-0.19090958396133909,0.9095654110330884,-0.41554832735932656,-0.21160368475757949,-0.43893114546442885,-0.21442250696755896,-0.3018726524899911,1.547747520773237,-0.153694655873568,-1.4621665549733924,-0.3493873447137373,-0.2909029959270487,-0.03316790634033297,-0.27272727272727276,-0.3353646338730602,0.8738225743667123,-0.033167906340332974,-0.033167906340332974
-0.04994687350747595,-0.031067033531087286,-0.09772558531022213,-0.4233410532427787,-0.42946562402260263,-0.7124106878236237,-0.508571073354389,-0.3353646338730602,-0.8505791253521618,1.101867470316244,-0.25607375986579195,-0.24112141108520604,0.8563488385776753,-0.3784390048634126,-0.07432941462471664,-0.11559856812793746,-0.3669650414492984,-0.678729811709616,1.647508942095828,-0.7471406682025761,-0.0941763218696022,-0.105409255338946,-0.23073955174772434,1.2917514083134436,-0.2773500981126145,-0.19090958396133909,-1.0994261521710633,-0.41554832735932656,-0.21160368475757949,-0.43893114546442885,-0.21442250696755896,-0.3018726524899911,-0.6461002111639058,-0.153694655873568,0.6839166144230383,-0.3493873447137373,-0.2909029959270487,-0.03316790634033297,-0.27272727272727276,-0.3353646338730602,0.8738225743667123,-0.033167906340332974,-0.033167906340332974
-0.04994687350747595,-0.031067033531087286,-0.3833688914096937,-1.2515655844611844,-0.24498900478230598,-0.7124106878236237,-0.508571073354389,-0.3353646338730602,-0.8505791253521618,-0.9075501609217962,-0.25607375986579195,-0.24112141108520604,0.8563488385776753,-0.3784390048634126,-0.07432941462471664,-0.11559856812793746,-0.3669650414492984,-0.678729811709616,1.647508942095828,-0.7471406682025761,-0.0941763218696022,-0.105409255338946,-0.23073955174772434,1.2917514083134436,-0.2773500981126145,-0.19090958396133909,-1.0994261521710633,-0.41554832735932656,-0.21160368475757949,-0.43893114546442885,-0.21442250696755896,-0.3018726524899911,-0.6461002111639058,-0.153694655873568,0.6839166144230383,2.862152894574151,-0.2909029959270487,-0.03316790634033297,-0.27272727272727276,-0.3353646338730602,-1.1443970770893999,-0.033167906340332974,-0.033167906340332974
-0.04994687350747595,-0.031067033531087286,-0.4785833267761842,-0.8650608032259283,0.8618707106594738,0.4706070602046561,-0.508571073354389,-0.3353646338730602,-0.8505791253521618,1.101867470316244,-0.25607375986579195,-0.24112141108520604,-1.1677484162422842,-0.3784390048634126,-0.07432941462471664,-0.11559856812793746,-0.3669650414492984,-0.678729811709616,1.647508942095828,-0.7471406682025761,-0.0941763218696022,-0.105409255338946,-0.23073955174772434,1.2917514083134436,-0.2773500981126145,-0.19090958396133909,0.9095654110330884,-0.41554832735932656,-0.21160368475757949,-0.43893114546442885,-0.21442250696755896,-0.3018726524899911,-0.6461002111639058,-0.153694655873568,0.6839166144230383,-0.3493873447137373,-0.2909029959270487,-0.03316790634033297,-0.27272727272727276,-0.3353646338730602,0.8738225743667123,-0.033167906340332974,-0.033167906340332974
-0.014809878658976545,-0.031067033531087286,-0.4785833267761842,-0.4785560219906722,0.5851557817990288,0.07626781086189616,-0.508571073354389,-0.3353646338730602,-0.8505791253521618,1.101867470316244,-0.25607375986579195,-0.24112141108520604,0.8563488385776753,-0.3784390048634126,-0.07432941462471664,-0.11559856812793746,-0.3669650414492984,-0.678729811709616,1.647508942095828,-0.7471406682025761,-0.0941763218696022,-0.105409255338946,-0.23073955174772434,1.2917514083134436,-0.2773500981126145,-0.19090958396133909,-1.0994261521710633,2.4064589703793833,-0.21160368475757949,-0.43893114546442885,-0.21442250696755896,-0.3018726524899911,1.547747520773237,-0.153694655873568,-1.4621665549733924,-0.3493873447137373,-0.2909029959270487,-0.03316790634033297,-0.27272727272727276,-0.3353646338730602,0.8738225743667123,-0.033167906340332974,-0.033167906340332974
-0.014809878658976545,-0.031067033531087286,-0.002511149943731609,-0.20248117825120368,-0.7984188625031958,-0.7124106878236237,-0.508571073354389,-0.3353646338730602,-0.8505791253521618,1.101867470316244,-0.25607375986579195,-0.24112141108520604,-1.1677484162422842,-0.3784390048634126,-0.07432941462471664,-0.11559856812793746,-0.3669650414492984,-0.678729811709616,1.647508942095828,-0.7471406682025761,-0.0941763218696022,-0.105409255338946,-0.23073955174772434,1.2917514083134436,-0.2773500981126145,-0.19090958396133909,-1.0994261521710633,-0.41554832735932656,-0.21160368475757949,-0.43893114546442885,-0.21442250696755896,-0.3018726524899911,-0.6461002111639058,-0.153694655873568,0.6839166144230383,-0.3493873447137373,-0.2909029959270487,-0.03316790634033297,-0.27272727272727276,-0.3353646338730602,0.8738225743667123,-0.033167906340332974,-0.033167906340332974
-0.014809878658976545,-0.031067033531087286,-0.09772558531022213,-0.6994158969822473,0.7696324010393255,-0.7124106878236237,-0.508571073354389,-0.3353646338730602,-0.8505791253521618,1.101867470316244,-0.25607375986579195,-0.24112141108520604,0.8563488385776753,-0.3784390048634126,-0.07432941462471664,-0.11559856812793746,2.7250552152068273,-0.678729811709616,-0.6069769786668839,-0.7471406682025761,-0.0941763218696022,-0.105409255338946,-0.23073955174772434,-0.7741427596395154,3.605551275463989,-0.19090958396133909,-1.0994261521710633,-0.41554832735932656,-0.21160368475757949,-0.43893114546442885,-0.21442250696755896,3.312655160219113,-0.6461002111639058,-0.153694655873568,0.6839166144230383,-0.3493873447137373,-0.2909029959270487,-0.03316790634033297,-0.27272727272727276,-0.3353646338730602,0.8738225743667123,-0.033167906340332974,-0.033167906340332974
-0.014809878658976545,-0.031067033531087286,-0.28815445604320317,-0.3681260844948852,0.49291747217888054,0.4706070602046561,-0.508571073354389,-0.3353646338730602,-0.8505791253521618,-0.9075501609217962,-0.25607375986579195,-0.24112141108520604,0.8563488385776753,-0.3784390048634126,-0.07432941462471664,-0.11559856812793746,-0.3669650414492984,-0.678729811709616,1.647508942095828,-0.7471406682025761,-0.0941763218696022,-0.105409255338946,-0.23073955174772434,1.2917514083134436,-0.2773500981126145,-0.19090958396133909,0.9095654110330884,-0.41554832735932656,-0.21160368475757949,-0.43893114546442885,-0.21442250696755896,-0.3018726524899911,-0.6461002111639058,-0.153694655873568,0.6839166144230383,-0.3493873447137373,-0.2909029959270487,-0.03316790634033297,-0.27272727272727276,-0.3353646338730602,0.8738225743667123,-0.033167906340332974,-0.033167906340332974
0.016423005650800786,0.0014283693577511344,-0.19294002067671265,-0.3129111157469912,0.8618707106594738,-0.7124106878236237,-0.508571073354389,-0.3353646338730602,-0.8505791253521618,-0.9075501609217962,-0.25607375986579195,-0.24112141108520604,0.8563488385776753,-0.3784390048634126,-0.07432941462471664,-0.11559856812793746,-0.3669650414492984,-0.678729811709616,1.647508942095828,-0.7471406682025761,-0.0941763218696022,-0.105409255338946,-0.23073955174772434,1.2917514083134436,-0.2773500981126145,-0.19090958396133909,0.9095654110330884,-0.41554832735932656,-0.21160368475757949,-0.43893114546442885,-0.21442250696755896,-0.3018726524899911,1.547747520773237,-0.153694655873568,-1.4621665549733924,-0.3493873447137373,-0.2909029959270487,-0.03316790634033297,-0.27272727272727276,-0.3353646338730602,0.8738225743667123,-0.033167906340332974,-0.033167906340332974
0.016423005650800786,0.0014283693577511344,-0.3833688914096937,-0.036836272007522645,0.5851557817990288,-0.7124106878236237,-0.508571073354389,-0.3353646338730602,-0.8505791253521618,1.101867470316244,-0.25607375986579195,-0.24112141108520604,0.8563488385776753,-0.3784390048634126,-0.07432941462471664,-0.11559856812793746,-0.3669650414492984,-0.678729811709616,1.647508942095828,-0.7471406682025761,-0.0941763218696022,-0.105409255338946,-0.23073955174772434,1.2917514083134436,-0.2773500981126145,-0.19090958396133909,-1.0994261521710633,-0.41554832735932656,-0.21160368475757949,-0.43893114546442885,-0.21442250696755896,-0.3018726524899911,1.547747520773237,-0.153694655873568,-1.4621665549733924,-0.3493873447137373,-0.2909029959270487,-0.03316790634033297,-0.27272727272727276,-0.3353646338730602,0.8738225743667123,-0.033167906340332974,-0.033167906340332974
0.04765588996057812,0.03392377224658955,-0.09772558531022213,-0.3129111157469912,0.7696324010393255,-0.7124106878236237,-0.508571073354389,-0.3353646338730602,-0.8505791253521618,1.101867470316244,-0.25607375986579195,-0.24112141108520604,0.8563488385776753,-0.3784390048634126,-0.07432941462471664,-0.11559856812793746,-0.3669650414492984,-0.678729811709616,1.647508942095828,-0.7471406682025761,-0.0941763218696022,-0.105409255338946,-0.23073955174772434,1.2917514083134436,-0.2773500981126145,-0.19090958396133909,-1.0994261521710633,-0.41554832735932656,-0.21160368475757949,-0.43893114546442885,-0.21442250696755896,-0.3018726524899911,-0.6461002111639058,-0.153694655873568,0.6839166144230383,-0.3493873447137373,-0.2909029959270487,-0.03316790634033297,-0.27272727272727276,-0.3353646338730602,0.8738225743667123,-0.033167906340332974,-0.033167906340332974
0.04765588996057812,0.03392377224658955,-0.19294002067671265,-1.0307057094696095,0.40067916255873226,0.07626781086189616,-0.508571073354389,-0.3353646338730602,-0.8505791253521618,-0.9075501609217962,-0.25607375986579195,-0.24112141108520604,-1.1677484162422842,-0.3784390048634126,-0.07432941462471664,-0.11559856812793746,-0.3669650414492984,-0.678729811709616,1.647508942095828,-0.7471406682025761,-0.0941763218696022,-0.105409255338946,-0.23073955174772434,1.2917514083134436,-0.2773500981126145,-0.19090958396133909,0.9095654110330884,-0.41554832735932656,-0.21160368475757949,-0.43893114546442885,-0.21442250696755896,-0.3018726524899911,-0.6461002111639058,-0.153694655873568,0.6839166144230383,-0.3493873447137373,-0.2909029959270487,-0.03316790634033297,-0.27272727272727276,-0.3353646338730602,0.8738225743667123,-0.033167906340332974,-0.033167906340332974
0.04765588996057812,0.03392377224658955,-0.3833688914096937,-1.1963506157132906,0.5851557817990288,-0.7124106878236237,-0.508571073354389,-0.3353646338730602,-0.8505791253521618,-0.9075501609217962,-0.25607375986579195,-0.24112141108520604,0.8563488385776753,-0.3784390048634126,-0.07432941462471664,-0.11559856812793746,-0.3669650414492984,-0.678729811709616,1.647508942095828,-0.7471406682025761,-0.0941763218696022,-0.105409255338946,-0.23073955174772434,1.2917514083134436,-0.2773500981126145,-0.19090958396133909,0.9095654110330884,-0.41554832735932656,-0.21160368475757949,-0.43893114546442885,-0.21442250696755896,-0.3018726524899911,1.547747520773237,-0.153694655873568,-1.4621665549733924,-0.3493873447137373,-0.2909029959270487,-0.03316790634033297,-0.27272727272727276,-0.3353646338730602,0.8738225743667123,-0.033167906340332974,-0.033167906340332974
0.08279288480907752,0.06641917513542797,-0.19294002067671265,-0.754630865730141,1.1385856395199188,0.4706070602046561,-0.508571073354389,-0.3353646338730602,-0.8505791253521618,-0.9075501609217962,-0.25607375986579195,-0.24112141108520604,-1.1677484162422842,-0.3784390048634126,-0.07432941462471664,-0.11559856812793746,-0.3669650414492984,-0.678729811709616,1.647508942095828,-0.7471406682025761,-0.0941763218696022,-0.105409255338946,-0.23073955174772434,1.2917514083134436,-0.2773500981126145,-0.19090958396133909,0.9095654110330884,-0.41554832735932656,-0.21160368475757949,-0.43893114546442885,-0.21442250696755896,-0.3018726524899911,1.547747520773237,-0.153694655873568,-1.4621665549733924,-0.3493873447137373,3.4375720222928714,-0.03316790634033297,-0.27272727272727276,-0.3353646338730602,-1.1443970770893999,-0.033167906340332974,-0.033167906340332974
0.08279288480907752,0.06641917513542797,-0.6690121975091653,-1.0307057094696095,-1.2596104106039374,-0.7124106878236237,-0.508571073354389,-0.3353646338730602,-0.8505791253521618,-0.9075501609217962,-0.25607375986579195,-0.24112141108520604,0.8563488385776753,-0.3784390048634126,-0.07432941462471664,-0.11559856812793746,-0.3669650414492984,-0.678729811709616,1.647508942095828,-0.7471406682025761,-0.0941763218696022,-0.105409255338946,-0.23073955174772434,1.2917514083134436,-0.2773500981126145,-0.19090958396133909,-1.0994261521710633,2.4064589703793833,-0.21160368475757949,-0.43893114546442885,-0.21442250696755896,-0.3018726524899911,1.547747520773237,-0.153694655873568,-1.4621665549733924,-0.3493873447137373,3.4375720222928714,-0.03316790634033297,-0.27272727272727276,-0.3353646338730602,-1.1443970770893999,-0.033167906340332974,-0.033167906340332974
0.08279288480907752,0.06641917513542797,-0.28815445604320317,-0.754630865730141,-1.2596104106039374,-0.7124106878236237,-0.508571073354389,-0.3353646338730602,-0.8505791253521618,-0.9075501609217962,-0.25607375986579195,-0.24112141108520604,0.8563488385776753,-0.3784390048634126,-0.07432941462471664,-0.11559856812793746,-0.3669650414492984,-0.678729811709616,1.647508942095828,-0.7471406682025761,-0.0941763218696022,-0.105409255338946,-0.23073955174772434,1.2917514083134436,-0.2773500981126145,-0.19090958396133909,-1.0994261521710633,2.4064589703793833,-0.21160368475757949,-0.43893114546442885,-0.21442250696755896,3.312655160219113,-0.6461002111639058,-0.153694655873568,0.6839166144230383,-0.3493873447137373,3.4375720222928714,-0.03316790634033297,-0.27272727272727276,-0.3353646338730602,-1.1443970770893999,-0.033167906340332974,-0.033167906340332974
0.08279288480907752,0.06641917513542797,-0.28815445604320317,-1.4172104907048653,0.40067916255873226,-0.7124106878236237,-0.508571073354389,-0.3353646338730602,-0.8505791253521618,-0.9075501609217962,-0.25607375986579195,-0.24112141108520604,-1.1677484162422842,-0.3784390048634126,-0.07432941462471664,-0.11559856812793746,-0.3669650414492984,-0.678729811709616,1.647508942095828,-0.7471406682025761,-0.0941763218696022,-0.105409255338946,-0.23073955174772434,1.2917514083134436,-0.2773500981126145,-0.19090958396133909,-1.0994261521710633,-0.41554832735932656,-0.21160368475757949,-0.43893114546442885,-0.21442250696755896,-0.3018726524899911,-0.6461002111639058,-0.153694655873568,0.6839166144230383,-0.3493873447137373,3.4375720222928714,-0.03316790634033297,-0.27272727272727276,-0.3353646338730602,-1.1443970770893999,-0.033167906340332974,-0.033167906340332974
0.08279288480907752,0.06641917513542797,-0.4785833267761842,-0.5337709907385663,-0.3372273144024543,-0.7124106878236237,-0.508571073354389,-0.3353646338730602,-0.8505791253521618,1.101867470316244,-0.25607375986579195,-0.24112141108520604,0.8563488385776753,-0.3784390048634126,-0.07432941462471664,-0.11559856812793746,-0.3669650414492984,-0.678729811709616,1.647508942095828,-0.7471406682025761,-0.0941763218696022,-0.105409255338946,-0.23073955174772434,1.2917514083134436,-0.2773500981126145,-0.19090958396133909,-1.0994261521710633,-0.41554832735932656,-0.21160368475757949,-0.43893114546442885,-0.21442250696755896,-0.3018726524899911,-0.6461002111639058,-0.153694655873568,0.6839166144230383,-0.3493873447137373,3.4375720222928714,-0.03316790634033297,-0.27272727272727276,-0.3353646338730602,-1.1443970770893999,-0.033167906340332974,-0.033167906340332974
0.08279288480907752,0.06641917513542797,-0.09772558531022213,-0.20248117825120368,1.5075388780005121,-0.7124106878236237,-0.508571073354389,-0.3353646338730602,-0.8505791253521618,1.101867470316244,-0.25607375986579195,-0.24112141108520604,0.8563488385776753,-0.3784390048634126,-0.07432941462471664,-0.11559856812793746,-0.3669650414492984,-0.678729811709616,1.647508942095828,-0.7471406682025761,-0.0941763218696022,-0.105409255338946,-0.23073955174772434,1.2917514083134436,-0.2773500981126145,-0.19090958396133909,0.9095654110330884,-0.41554832735932656,-0.21160368475757949,-0.43893114546442885,-0.21442250696755896,-0.3018726524899911,-0.6461002111639058,-0.153694655873568,0.6839166144230383,-0.3493873447137373,3.4375720222928714,-0.03316790634033297,-0.27272727272727276,-0.3353646338730602,-1.1443970770893999,-0.033167906340332974,-0.033167906340332974
0.08279288480907752,0.06641917513542797,-0.4785833267761842,-0.9754907407217158,1.3230622587602154,-0.7124106878236237,-0.508571073354389,2.981829027262644,-0.8505791253521618,1.101867470316244,-0.25607375986579195,-0.24112141108520604,-1.1677484162422842,-0.3784390048634126,-0.07432941462471664,-0.11559856812793746,-0.3669650414492984,-0.678729811709616,1.647508942095828,-0.7471406682025761,-0.0941763218696022,-0.105409255338946,-0.23073955174772434,1.2917514083134436,-0.2773500981126145,-0.19090958396133909,0.9095654110330884,-0.41554832735932656,-0.21160368475757949,-0.43893114546442885,-0.21442250696755896,-0.3018726524899911,-0.6461002111639058,-0.153694655873568,0.6839166144230383,-0.3493873447137373,3.4375720222928714,-0.03316790634033297,-0.27272727272727276,-0.3353646338730602,-1.1443970770893999,-0.033167906340332974,-0.033167906340332974
0.08279288480907752,0.06641917513542797,-0.19294002067671265,-0.6442009282343537,-0.5217039336427509,0.07626781086189616,-0.508571073354389,2.981829027262644,-0.8505791253521618,-0.9075501609217962,-0.25607375986579195,-0.24112141108520604,-1.1677484162422842,-0.3784390048634126,-0.07432941462471664,-0.11559856812793746,-0.3669650414492984,-0.678729811709616,1.647508942095828,-0.7471406682025761,-0.0941763218696022,-0.105409255338946,-0.23073955174772434,1.2917514083134436,-0.2773500981126145,-0.19090958396133909,0.9095654110330884,-0.41554832735932656,-0.21160368475757949,-0.43893114546442885,-0.21442250696755896,-0.3018726524899911,-0.6461002111639058,-0.153694655873568,0.6839166144230383,-0.3493873447137373,3.4375720222928714,-0.03316790634033297,-0.27272727272727276,-0.3353646338730602,-1.1443970770893999,-0.033167906340332974,-0.033167906340332974
0.11402576911885486,0.0989145780242664,-0.9546555036086368,-1.5828553969485466,0.5851557817990288,0.07626781086189616,-0.508571073354389,2.981829027262644,-0.8505791253521618,-0.9075501609217962,-0.25607375986579195,-0.24112141108520604,0.8563488385776753,-0.3784390048634126,-0.07432941462471664,-0.11559856812793746,-0.3669650414492984,-0.678729811709616,1.647508942095828,-0.7471406682025761,-0.0941763218696022,-0.105409255338946,-0.23073955174772434,1.2917514083134436,-0.2773500981126145,-0.19090958396133909,0.9095654110330884,-0.41554832735932656,-0.21160368475757949,-0.43893114546442885,-0.21442250696755896,-0.3018726524899911,-0.6461002111639058,-0.153694655873568,0.6839166144230383,-0.3493873447137373,3.4375720222928714,-0.03316790634033297,-0.27272727272727276,-0.3353646338730602,-1.1443970770893999,-0.033167906340332974,-0.033167906340332974
0.11402576911885486,0.0989145780242664,-0.3833688914096937,-1.1963506157132906,0.03172592407813898,-0.7124106878236237,-0.508571073354389,2.981829027262644,-0.8505791253521618,-0.9075501609217962,-0.25607375986579195,-0.24112141108520604,-1.1677484162422842,-0.3784390048634126,-0.07432941462471664,-0.11559856812793746,-0.3669650414492984,-0.678729811709616,1.647508942095828,-0.7471406682025761,-0.0941763218696022,-0.105409255338946,-0.23073955174772434,1.2917514083134436,-0.2773500981126145,-0.19090958396133909,0.9095654110330884,-0.41554832735932656,-0.21160368475757949,-0.43893114546442885,-0.21442250696755896,-0.3018726524899911,1.547747520773237,-0.153694655873568,-1.4621665549733924,-0.3493873447137373,3.4375720222928714,-0.03316790634033297,-0.27272727272727276,-0.3353646338730602,-1.1443970770893999,-0.033167906340332974,-0.033167906340332974
0.1452586534286322,0.13140998091310482,-0.5737977621426747,-1.0307057094696095,0.3084408529385839,-0.7124106878236237,-0.508571073354389,2.981829027262644,-0.8505791253521618,-0.9075501609217962,-0.25607375986579195,-0.24112141108520604,0.8563488385776753,-0.3784390048634126,-0.07432941462471664,-0.11559856812793746,-0.3669650414492984,-0.678729811709616,1.647508942095828,-0.7471406682025761,-0.0941763218696022,-0.105409255338946,-0.23073955174772434,1.2917514083134436,-0.2773500981126145,-0.19090958396133909,0.9095654110330884,-0.41554832735932656,-0.21160368475757949,-0.43893114546442885,-0.21442250696755896,-0.3018726524899911,1.547747520773237,-0.153694655873568,-1.4621665549733924,-0.3493873447137373,3.4375720222928714,-0.03316790634033297,-0.27272727272727276,-0.3353646338730602,-1.1443970770893999,-0.033167906340332974,-0.033167906340332974
0.1452586534286322,0.13140998091310482,-0.4785833267761842,-0.4233410532427787,-1.2596104106039374,-0.7124106878236237,-0.508571073354389,2.981829027262644,-0.8505791253521618,1.101867470316244,-0.25607375986579195,-0.24112141108520604,-1.1677484162422842,-0.3784390048634126,-0.07432941462471664,-0.11559856812793746,-0.3669650414492984,-0.678729811709616,1.647508942095828,-0.7471406682025761,-0.0941763218696022,-0.105409255338946,-0.23073955174772434,1.2917514083134436,-0.2773500981126145,-0.19090958396133909,0.9095654110330884,-0.41554832735932656,-0.21160368475757949,-0.43893114546442885,-0.21442250696755896,-0.3018726524899911,-0.6461002111639058,-0.153694655873568,0.6839166144230383,-0.3493873447137373,3.4375720222928714,-0.03316790634033297,-0.27272727272727276,-0.3353646338730602,-1.1443970770893999,-0.033167906340332974,-0.033167906340332974
0.1452586534286322,0.13140998091310482,-0.3833688914096937,-1.3067805532090782,-0.6139422432628993,-0.7124106878236237,-0.508571073354389,2.981829027262644,-0.8505791253521618,-0.9075501609217962,-0.25607375986579195,-0.24112141108520604,0.8563488385776753,-0.3784390048634126,-0.07432941462471664,-0.11559856812793746,-0.3669650414492984,-0.678729811709616,1.647508942095828,-0.7471406682025761,-0.0941763218696022,-0.105409255338946,-0.23073955174772434,1.2917514083134436,-0.2773500981126145,-0.19090958396133909,0.9095654110330884,-0.41554832735932656,-0.21160368475757949,-0.43893114546442885,-0.21442250696755896,3.312655160219113,1.547747520773237,-0.153694655873568,-1.4621665549733924,-0.3493873447137373,3.4375720222928714,-0.03316790634033297,-0.27272727272727276,-0.3353646338730602,-1.1443970770893999,-0.033167906340332974,-0.033167906340332974
0.1803956482771316,0.16390538380194325,-0.28815445604320317,-0.5337709907385663,0.03172592407813898,0.4706070602046561,-0.508571073354389,2.981829027262644,-0.8505791253521618,1.101867470316244,-0.25607375986579195,-0.24112141108520604,0.8563488385776753,-0.3784390048634126,-0.07432941462471664,-0.11559856812793746,-0.3669650414492984,-0.678729811709616,-0.6069769786668839,-0.7471406682025761,-0.0941763218696022,-0.105409255338946,-0.23073955174772434,1.2917514083134436,-0.2773500981126145,-0.19090958396133909,-1.0994261521710633,-0.41554832735932656,-0.21160368475757949,-0.43893114546442885,-0.21442250696755896,-0.3018726524899911,-0.6461002111639058,-0.153694655873568,0.6839166144230383,-0.3493873447137373,3.4375720222928714,-0.03316790634033297,-0.27272727272727276,-0.3353646338730602,-1.1443970770893999,-0.033167906340332974,-0.033167906340332974
0.1803956482771316,0.16390538380194325,-0.19294002067671265,-0.6442009282343537,0.40067916255873226,0.4706070602046561,-0.508571073354389,-0.3353646338730602,-0.8505791253521618,-0.9075501609217962,-0.25607375986579195,-0.24112141108520604,-1.1677484162422842,-0.3784390048634126,-0.07432941462471664,-0.11559856812793746,-0.3669650414492984,-0.678729811709616,1.647508942095828,-0.7471406682025761,-0.0941763218696022,-0.105409255338946,-0.23073955174772434,1.2917514083134436,-0.2773500981126145,-0.19090958396133909,0.9095654110330884,-0.41554832735932656,-0.21160368475757949,-0.43893114546442885,-0.21442250696755896,-0.3018726524899911,-0.6461002111639058,-0.153694655873568,0.6839166144230383,-0.3493873447137373,3.4375720222928714,-0.03316790634033297,-0.27272727272727276,-0.3353646338730602,-1.1443970770893999,-0.033167906340332974,-0.033167906340332974
0.21162853258690892,0.19640078669078165,-0.09772558531022213,-0.036836272007522645,-0.5217039336427509,-0.7124106878236237,-0.508571073354389,-0.3353646338730602,-0.8505791253521618,1.101867470316244,-0.25607375986579195,-0.24112141108520604,0.8563488385776753,-0.3784390048634126,-0.07432941462471664,-0.11559856812793746,-0.3669650414492984,-0.678729811709616,1.647508942095828,-0.7471406682025761,-0.0941763218696022,-0.105409255338946,-0.23073955174772434,1.2917514083134436,-0.2773500981126145,-0.19090958396133909,-1.0994261521710633,2.4064589703793833,-0.21160368475757949,-0.43893114546442885,-0.21442250696755896,-0.3018726524899911,1.547747520773237,-0.153694655873568,-1.4621665549733924,-0.3493873447137373,3.4375720222928714,-0.03316790634033297,-0.27272727272727276,-0.3353646338730602,-1.1443970770893999,-0.033167906340332974,-0.033167906340332974
0.24286141689668625,0.22889618957962007,-0.09772558531022213,-0.4785560219906722,0.40067916255873226,-0.7124106878236237,-0.508571073354389,-0.3353646338730602,-0.8505791253521618,1.101867470316244,-0.25607375986579195,-0.24112141108520604,-1.1677484162422842,-0.3784390048634126,-0.07432941462471664,-0.11559856812793746,-0.3669650414492984,-0.678729811709616,-0.6069769786668839,-0.7471406682025761,-0.0941763218696022,-0.105409255338946,-0.23073955174772434,1.2917514083134436,-0.2773500981126145,-0.19090958396133909,0.9095654110330884,-0.41554832735932656,-0.21160368475757949,-0.43893114546442885,-0.21442250696755896,-0.3018726524899911,-0.6461002111639058,-0.153694655873568,0.6839166144230383,-0.3493873447137373,3.4375720222928714,-0.03316790634033297,-0.27272727272727276,-0.3353646338730602,-1.1443970770893999,-0.033167906340332974,-0.033167906340332974
0.2779984117451857,0.2613915924684585,-0.19294002067671265,0.12880863423615838,-0.9828954817434925,-0.7124106878236237,-0.508571073354389,-0.3353646338730602,-0.8505791253521618,1.101867470316244,-0.25607375986579195,-0.24112141108520604,0.8563488385776753,-0.3784390048634126,-0.07432941462471664,-0.11559856812793746,-0.3669650414492984,-0.678729811709616,1.647508942095828,-0.7471406682025761,-0.0941763218696022,-0.105409255338946,-0.23073955174772434,1.2917514083134436,-0.2773500981126145,-0.19090958396133909,0.9095654110330884,-0.41554832735932656,-0.21160368475757949,-0.43893114546442885,-0.21442250696755896,-0.3018726524899911,-0.6461002111639058,-0.153694655873568,0.6839166144230383,-0.3493873447137373,3.4375720222928714,-0.03316790634033297,-0.27272727272727276,-0.3353646338730602,-1.1443970770893999,-0.033167906340332974,-0.033167906340332974
0.2779984117451857,0.2613915924684585,-0.002511149943731609,-0.5337709907385663,0.1239642336982873,-0.7124106878236237,-0.508571073354389,-0.3353646338730602,-0.8505791253521618,1.101867470316244,-0.25607375986579195,-0.24112141108520604,-1.1677484162422842,-0.3784390048634126,-0.07432941462471664,-0.11559856812793746,-0.3669650414492984,-0.678729811709616,1.647508942095828,-0.7471406682025761,-0.0941763218696022,-0.105409255338946,-0.23073955174772434,1.2917514083134436,-0.2773500981126145,-0.19090958396133909,0.9095654110330884,-0.41554832735932656,-0.21160368475757949,-0.43893114546442885,-0.21442250696755896,-0.3018726524899911,1.547747520773237,-0.153694655873568,-1.4621665549733924,-0.3493873447137373,3.4375720222928714,-0.03316790634033297,-0.27272727272727276,-0.3353646338730602,-1.1443970770893999,-0.033167906340332974,-0.033167906340332974
0.2779984117451857,0.2613915924684585,-0.4785833267761842,-0.09205124075541665,1.3230622587602154,-0.7124106878236237,-0.508571073354389,-0.3353646338730602,-0.8505791253521618,1.101867470316244,-0.25607375986579195,-0.24112141108520604,0.8563488385776753,-0.3784390048634126,-0.07432941462471664,-0.11559856812793746,-0.3669650414492984,-0.678729811709616,1.647508942095828,-0.7471406682025761,-0.0941763218696022,-0.105409255338946,-0.23073955174772434,1.2917514083134436,-0.2773500981126145,-0.19090958396133909,-1.0994261521710633,2.4064589703793833,-0.21160368475757949,-0.43893114546442885,-0.21442250696755896,-0.3018726524899911,1.547747520773237,-0.153694655873568,-1.4621665549733924,-0.3493873447137373,3.4375720222928714,-0.03316790634033297,-0.27272727272727276,-0.3353646338730602,-1.1443970770893999,-0.033167906340332974,-0.033167906340332974
0.2779984117451857,0.2613915924684585,-0.3833688914096937,0.01837869674037087,1.3230622587602154,-0.3180714384808638,-0.508571073354389,-0.3353646338730602,-0.8505791253521618,1.101867470316244,-0.25607375986579195,-0.24112141108520604,0.8563488385776753,-0.3784390048634126,-0.07432941462471664,-0.11559856812793746,2.7250552152068273,-0.678729811709616,-0.6069769786668839,-0.7471406682025761,-0.0941763218696022,-0.105409255338946,-0.23073955174772434,-0.7741427596395154,3.605551275463989,-0.19090958396133909,0.9095654110330884,-0.41554832735932656,-0.21160368475757949,-0.43893114546442885,-0.21442250696755896,-0.3018726524899911,-0.6461002111639058,-0.153694655873568,0.6839166144230383,-0.3493873447137373,3.4375720222928714,-0.03316790634033297,-0.27272727272727276,-0.3353646338730602,-1.1443970770893999,-0.033167906340332974,-0.033167906340332974
0.309231296054963,0.2938869953572969,-0.19294002067671265,-0.4785560219906722,1.5075388780005121,-0.3180714384808638,-0.508571073354389,-0.3353646338730602,-0.8505791253521618,1.101867470316244,-0.25607375986579195,-0.24112141108520604,-1.1677484162422842,-0.3784390048634126,-0.07432941462471664,-0.11559856812793746,-0.3669650414492984,-0.678729811709616,1.647508942095828,-0.7471406682025761,-0.0941763218696022,-0.105409255338946,-0.23073955174772434,1.2917514083134436,-0.2773500981126145,-0.19090958396133909,-1.0994261521710633,-0.41554832735932656,-0.21160368475757949,-0.43893114546442885,-0.21442250696755896,-0.3018726524899911,1.547747520773237,-0.153694655873568,-1.4621665549733924,-0.3493873447137373,3.4375720222928714,-0.03316790634033297,-0.27272727272727276,-0.3353646338730602,-1.1443970770893999,-0.033167906340332974,-0.033167906340332974
0.309231296054963,0.2938869953572969,-0.28815445604320317,-0.4785560219906722,-0.42946562402260263,-0.7124106878236237,-0.508571073354389,-0.3353646338730602,-0.8505791253521618,-0.9075501609217962,-0.25607375986579195,-0.24112141108520604,0.8563488385776753,-0.3784390048634126,-0.07432941462471664,-0.11559856812793746,-0.3669650414492984,-0.678729811709616,-0.6069769786668839,-0.7471406682025761,-0.0941763218696022,-0.105409255338946,-0.23073955174772434,-0.7741427596395154,-0.2773500981126145,-0.19090958396133909,-1.0994261521710633,-0.41554832735932656,-0.21160368475757949,-0.43893114546442885,-0.21442250696755896,-0.3018726524899911,1.547747520773237,-0.153694655873568,-1.4621665549733924,-0.3493873447137373,-0.2909029959270487,-0.03316790634033297,-0.27272727272727276,-0.3353646338730602,0.8738225743667123,-0.033167906340332974,-0.033167906340332974
0.309231296054963,0.2938869953572969,-0.28815445604320317,-1.1411356469653968,0.2162025433184356,-0.3180714384808638,-0.508571073354389,-0.3353646338730602,-0.8505791253521618,-0.9075501609217962,-0.25607375986579195,-0.24112141108520604,0.8563488385776753,-0.3784390048634126,-0.07432941462471664,-0.11559856812793746,-0.3669650414492984,-0.678729811709616,1.647508942095828,-0.7471406682025761,-0.0941763218696022,-0.105409255338946,-0.23073955174772434,1.2917514083134436,-0.2773500981126145,-0.19090958396133909,-1.0994261521710633,-0.41554832735932656,-0.21160368475757949,-0.43893114546442885,-0.21442250696755896,3.312655160219113,-0.6461002111639058,-0.153694655873568,0.6839166144230383,-0.3493873447137373,-0.2909029959270487,-0.03316790634033297,-0.27272727272727276,-0.3353646338730602,0.8738225743667123,-0.033167906340332974,-0.033167906340332974
0.309231296054963,0.2938869953572969,-0.9546555036086368,-1.1963506157132906,-1.2596104106039374,-0.3180714384808638,-0.508571073354389,-0.3353646338730602,-0.8505791253521618,-0.9075501609217962,-0.25607375986579195,-0.24112141108520604,0.8563488385776753,-0.3784390048634126,-0.07432941462471664,-0.11559856812793746,-0.3669650414492984,-0.678729811709616,1.647508942095828,-0.7471406682025761,-0.0941763218696022,-0.105409255338946,-0.23073955174772434,1.2917514083134436,-0.2773500981126145,-0.19090958396133909,0.9095654110330884,-0.41554832735932656,-0.21160368475757949,-0.43893114546442885,-0.21442250696755896,-0.3018726524899911,-0.6461002111639058,-0.153694655873568,0.6839166144230383,-0.3493873447137373,-0.2909029959270487,-0.03316790634033297,-0.27272727272727276,-0.3353646338730602,0.8738225743667123,-0.033167906340332974,-0.033167906340332974
0.3756011752132397,0.35887780113497375,-0.19294002067671265,-0.25769614699909765,-0.9828954817434925,0.07626781086189616,-0.508571073354389,-0.3353646338730602,-0.8505791253521618,-0.9075501609217962,-0.25607375986579195,-0.24112141108520604,0.8563488385776753,-0.3784390048634126,-0.07432941462471664,-0.11559856812793746,-0.3669650414492984,-0.678729811709616,1.647508942095828,-0.7471406682025761,-0.0941763218696022,-0.105409255338946,-0.23073955174772434,1.2917514083134436,-0.2773500981126145,-0.19090958396133909,-1.0994261521710633,2.4064589703793833,-0.21160368475757949,-0.43893114546442885,-0.21442250696755896,-0.3018726524899911,-0.6461002111639058,-0.153694655873568,0.6839166144230383,-0.3493873447137373,-0.2909029959270487,-0.03316790634033297,-0.27272727272727276,-0.3353646338730602,0.8738225743667123,-0.033167906340332974,-0.033167906340332974
0.3756011752132397,0.35887780113497375,-0.28815445604320317,-0.5337709907385663,0.3084408529385839,-1.1067499371663836,-0.508571073354389,-0.3353646338730602,-0.8505791253521618,1.101867470316244,-0.25607375986579195,-0.24112141108520604,-1.1677484162422842,-0.3784390048634126,-0.07432941462471664,-0.11559856812793746,-0.3669650414492984,-0.678729811709616,1.647508942095828,-0.7471406682025761,10.618380290797647,-0.105409255338946,-0.23073955174772434,-0.7741427596395154,-0.2773500981126145,-0.19090958396133909,-1.0994261521710633,2.4064589703793833,-0.21160368475757949,-0.43893114546442885,-0.21442250696755896,-0.3018726524899911,1.547747520773237,-0.153694655873568,-1.4621665549733924,-0.3493873447137373,-0.2909029959270487,-0.03316790634033297,-0.27272727272727276,-0.3353646338730602,0.8738225743667123,-0.033167906340332974,-0.033167906340332974
0.3756011752132397,0.35887780113497375,-0.002511149943731609,-0.754630865730141,0.5851557817990288,-1.1067499371663836,-0.508571073354389,-0.3353646338730602,-0.8505791253521618,1.101867470316244,-0.25607375986579195,-0.24112141108520604,0.8563488385776753,-0.3784390048634126,-0.07432941462471664,-0.11559856812793746,-0.3669650414492984,-0.678729811709616,1.647508942095828,-0.7471406682025761,-0.0941763218696022,-0.105409255338946,-0.23073955174772434,1.2917514083134436,-0.2773500981126145,-0.19090958396133909,-1.0994261521710633,-0.41554832735932656,-0.21160368475757949,-0.43893114546442885,-0.21442250696755896,-0.3018726524899911,-0.6461002111639058,-0.153694655873568,0.6839166144230383,-0.3493873447137373,-0.2909029959270487,-0.03316790634033297,-0.27272727272727276,-0.3353646338730602,0.8738225743667123,-0.033167906340332974,-0.033167906340332974
0.3756011752132397,0.35887780113497375,-0.4785833267761842,-0.3129111157469912,0.5851557817990288,0.07626781086189616,-0.508571073354389,-0.3353646338730602,-0.8505791253521618,-0.9075501609217962,-0.25607375986579195,-0.24112141108520604,0.8563488385776753,-0.3784390048634126,-0.07432941462471664,-0.11559856812793746,-0.3669650414492984,-0.678729811709616,1.647508942095828,-0.7471406682025761,-0.0941763218696022,-0.105409255338946,-0.23073955174772434,1.2917514083134436,-0.2773500981126145,-0.19090958396133909,-1.0994261521710633,-0.41554832735932656,-0.21160368475757949,-0.43893114546442885,-0.21442250696755896,-0.3018726524899911,1.547747520773237,-0.153694655873568,-1.4621665549733924,-0.3493873447137373,-0.2909029959270487,-0.03316790634033297,-0.27272727272727276,-0.3353646338730602,0.8738225743667123,-0.033167906340332974,-0.033167906340332974
0.40683405952301704,0.3913732040238122,-0.4785833267761842,-0.25769614699909765,0.9541090202796222,0.4706070602046561,-0.508571073354389,-0.3353646338730602,-0.8505791253521618,1.101867470316244,-0.25607375986579195,-0.24112141108520604,-1.1677484162422842,-0.3784390048634126,-0.07432941462471664,-0.11559856812793746,-0.3669650414492984,-0.678729811709616,1.647508942095828,-0.7471406682025761,-0.0941763218696022,-0.105409255338946,-0.23073955174772434,1.2917514083134436,-0.2773500981126145,-0.19090958396133909,0.9095654110330884,-0.41554832735932656,-0.21160368475757949,-0.43893114546442885,-0.21442250696755896,-0.3018726524899911,-0.6461002111639058,-0.153694655873568,0.6839166144230383,-0.3493873447137373,-0.2909029959270487,-0.03316790634033297,-0.27272727272727276,-0.3353646338730602,0.8738225743667123,-0.033167906340332974,-0.033167906340332974
0.40683405952301704,0.3913732040238122,-0.4785833267761842,-0.920275771973822,0.3084408529385839,-1.1067499371663836,-0.508571073354389,-0.3353646338730602,-0.8505791253521618,-0.9075501609217962,-0.25607375986579195,-0.24112141108520604,-1.1677484162422842,-0.3784390048634126,-0.07432941462471664,-0.11559856812793746,-0.3669650414492984,-0.678729811709616,1.647508942095828,-0.7471406682025761,-0.0941763218696022,-0.105409255338946,-0.23073955174772434,1.2917514083134436,-0.2773500981126145,-0.19090958396133909,-1.0994261521710633,2.4064589703793833,-0.21160368475757949,-0.43893114546442885,-0.21442250696755896,-0.3018726524899911,1.547747520773237,-0.153694655873568,-1.4621665549733924,2.862152894574151,-0.2909029959270487,-0.03316790634033297,-0.27272727272727276,-0.3353646338730602,-1.1443970770893999,-0.033167906340332974,-0.033167906340332974
0.4380669438327944,0.4238686069126506,-0.28815445604320317,-0.4785560219906722,-0.6139422432628993,-0.7124106878236237,-0.508571073354389,-0.3353646338730602,-0.8505791253521618,1.101867470316244,-0.25607375986579195,-0.24112141108520604,0.8563488385776753,-0.3784390048634126,-0.07432941462471664,-0.11559856812793746,-0.3669650414492984,-0.678729811709616,1.647508942095828,-0.7471406682025761,-0.0941763218696022,-0.105409255338946,4.333890711087691,-0.7741427596395154,-0.2773500981126145,-0.19090958396133909,-1.0994261521710633,-0.41554832735932656,4.725815626252609,-0.43893114546442885,-0.21442250696755896,-0.3018726524899911,-0.6461002111639058,-0.153694655873568,0.6839166144230383,-0.3493873447137373,-0.2909029959270487,-0.03316790634033297,-0.27272727272727276,-0.3353646338730602,0.8738225743667123,-0.033167906340332974,-0.033167906340332974
0.4380669438327944,0.4238686069126506,-0.28815445604320317,-1.0307057094696095,1.4153005683803637,0.07626781086189616,-0.508571073354389,-0.3353646338730602,-0.8505791253521618,-0.9075501609217962,-0.25607375986579195,-0.24112141108520604,0.8563488385776753,-0.3784390048634126,-0.07432941462471664,-0.11559856812793746,-0.3669650414492984,-0.678729811709616,1.647508942095828,-0.7471406682025761,-0.0941763218696022,-0.105409255338946,4.333890711087691,-0.7741427596395154,-0.2773500981126145,-0.19090958396133909,-1.0994261521710633,-0.41554832735932656,4.725815626252609,-0.43893114546442885,-0.21442250696755896,-0.3018726524899911,-0.6461002111639058,-0.153694655873568,0.6839166144230383,-0.3493873447137373,-0.2909029959270487,-0.03316790634033297,-0.27272727272727276,-0.3353646338730602,0.8738225743667123,-0.033167906340332974,-0.033167906340332974
0.4380669438327944,0.4238686069126506,-0.002511149943731609,-0.8650608032259283,1.5075388780005121,0.07626781086189616,-0.508571073354389,-0.3353646338730602,-0.8505791253521618,1.101867470316244,-0.25607375986579195,-0.24112141108520604,-1.1677484162422842,-0.3784390048634126,-0.07432941462471664,-0.11559856812793746,-0.3669650414492984,-0.678729811709616,1.647508942095828,-0.7471406682025761,-0.0941763218696022,-0.105409255338946,-0.23073955174772434,1.2917514083134436,-0.2773500981126145,-0.19090958396133909,0.9095654110330884,-0.41554832735932656,-0.21160368475757949,-0.43893114546442885,-0.21442250696755896,-0.3018726524899911,1.547747520773237,-0.153694655873568,-1.4621665549733924,-0.3493873447137373,-0.2909029959270487,-0.03316790634033297,-0.27272727272727276,-0.3353646338730602,0.8738225743667123,-0.033167906340332974,-0.033167906340332974
0.5044368229910712,0.48885941269032746,-0.19294002067671265,-0.5889859594864597,0.1239642336982873,-1.1067499371663836,-0.508571073354389,-0.3353646338730602,-0.8505791253521618,1.101867470316244,-0.25607375986579195,-0.24112141108520604,-1.1677484162422842,-0.3784390048634126,-0.07432941462471664,-0.11559856812793746,-0.3669650414492984,-0.678729811709616,1.647508942095828,-0.7471406682025761,-0.0941763218696022,-0.105409255338946,-0.23073955174772434,1.2917514083134436,-0.2773500981126145,-0.19090958396133909,0.9095654110330884,-0.41554832735932656,-0.21160368475757949,-0.43893114546442885,-0.21442250696755896,-0.3018726524899911,-0.6461002111639058,-0.153694655873568,0.6839166144230383,-0.3493873447137373,-0.2909029959270487,-0.03316790634033297,-0.27272727272727276,-0.3353646338730602,0.8738225743667123,-0.033167906340332974,-0.033167906340332974
0.5044368229910712,0.48885941269032746,-0.28815445604320317,-0.920275771973822,0.03172592407813898,0.07626781086189616,-0.508571073354389,-0.3353646338730602,-0.8505791253521618,-0.9075501609217962,3.905124837953327,-0.24112141108520604,-1.1677484162422842,-0.3784390048634126,-0.07432941462471664,-0.11559856812793746,-0.3669650414492984,-0.678729811709616,1.647508942095828,-0.7471406682025761,-0.0941763218696022,-0.105409255338946,-0.23073955174772434,1.2917514083134436,-0.2773500981126145,-0.19090958396133909,-1.0994261521710633,-0.41554832735932656,-0.21160368475757949,-0.43893114546442885,-0.21442250696755896,-0.3018726524899911,-0.6461002111639058,-0.153694655873568,0.6839166144230383,2.862152894574151,-0.2909029959270487,-0.03316790634033297,-0.27272727272727276,-0.3353646338730602,-1.1443970770893999,-0.033167906340332974,-0.033167906340332974
0.5044368229910712,0.48885941269032746,-0.002511149943731609,-0.4785560219906722,0.1239642336982873,-1.1067499371663836,-0.508571073354389,-0.3353646338730602,-0.8505791253521618,-0.9075501609217962,3.905124837953327,-0.24112141108520604,-1.1677484162422842,-0.3784390048634126,-0.07432941462471664,-0.11559856812793746,-0.3669650414492984,-0.678729811709616,1.647508942095828,-0.7471406682025761,-0.0941763218696022,-0.105409255338946,-0.23073955174772434,1.2917514083134436,-0.2773500981126145,-0.19090958396133909,-1.0994261521710633,-0.41554832735932656,-0.21160368475757949,-0.43893114546442885,-0.21442250696755896,-0.3018726524899911,-0.6461002111639058,-0.153694655873568,0.6839166144230383,-0.3493873447137373,-0.2909029959270487,-0.03316790634033297,-0.27272727272727276,-0.3353646338730602,0.8738225743667123,-0.033167906340332974,-0.033167906340332974
0.5356697073008485,0.5213548155791659,-0.3833688914096937,-1.1963506157132906,0.6773940914191772,-1.1067499371663836,-0.508571073354389,-0.3353646338730602,-0.8505791253521618,-0.9075501609217962,3.905124837953327,-0.24112141108520604,-1.1677484162422842,-0.3784390048634126,-0.07432941462471664,-0.11559856812793746,-0.3669650414492984,-0.678729811709616,1.647508942095828,-0.7471406682025761,-0.0941763218696022,-0.105409255338946,-0.23073955174772434,1.2917514083134436,-0.2773500981126145,-0.19090958396133909,-1.0994261521710633,2.4064589703793833,-0.21160368475757949,-0.43893114546442885,-0.21442250696755896,-0.3018726524899911,1.547747520773237,-0.153694655873568,-1.4621665549733924,-0.3493873447137373,-0.2909029959270487,-0.03316790634033297,-0.27272727272727276,-0.3353646338730602,0.8738225743667123,-0.033167906340332974,-0.033167906340332974
0.5708067021493479,0.5538502184680043,-0.4785833267761842,-0.3129111157469912,-0.9828954817434925,0.07626781086189616,-0.508571073354389,-0.3353646338730602,-0.8505791253521618,-0.9075501609217962,3.905124837953327,-0.24112141108520604,0.8563488385776753,-0.3784390048634126,-0.07432941462471664,-0.11559856812793746,-0.3669650414492984,-0.678729811709616,1.647508942095828,-0.7471406682025761,-0.0941763218696022,-0.105409255338946,-0.23073955174772434,1.2917514083134436,-0.2773500981126145,-0.19090958396133909,-1.0994261521710633,-0.41554832735932656,-0.21160368475757949,-0.43893114546442885,-0.21442250696755896,-0.3018726524899911,-0.6461002111639058,-0.153694655873568,0.6839166144230383,-0.3493873447137373,-0.2909029959270487,-0.03316790634033297,-0.27272727272727276,-0.3353646338730602,0.8738225743667123,-0.033167906340332974,-0.033167906340332974
0.6020395864591253,0.5863456213568427,-0.3833688914096937,-0.4233410532427787,0.6773940914191772,0.4706070602046561,-0.508571073354389,-0.3353646338730602,-0.8505791253521618,-0.9075501609217962,3.905124837953327,-0.24112141108520604,0.8563488385776753,-0.3784390048634126,-0.07432941462471664,-0.11559856812793746,2.7250552152068273,-0.678729811709616,-0.6069769786668839,-0.7471406682025761,-0.0941763218696022,-0.105409255338946,-0.23073955174772434,1.2917514083134436,-0.2773500981126145,-0.19090958396133909,0.9095654110330884,-0.41554832735932656,-0.21160368475757949,-0.43893114546442885,-0.21442250696755896,-0.3018726524899911,-0.6461002111639058,-0.153694655873568,0.6839166144230383,-0.3493873447137373,-0.2909029959270487,-0.03316790634033297,-0.27272727272727276,-0.3353646338730602,0.8738225743667123,-0.033167906340332974,-0.033167906340332974
0.6020395864591253,0.5863456213568427,-0.4785833267761842,-0.6994158969822473,-0.42946562402260263,0.07626781086189616,-0.508571073354389,-0.3353646338730602,-0.8505791253521618,-0.9075501609217962,3.905124837953327,-0.24112141108520604,0.8563488385776753,-0.3784390048634126,-0.07432941462471664,-0.11559856812793746,-0.3669650414492984,-0.678729811709616,1.647508942095828,-0.7471406682025761,-0.0941763218696022,-0.105409255338946,-0.23073955174772434,1.2917514083134436,-0.2773500981126145,-0.19090958396133909,0.9095654110330884,-0.41554832735932656,-0.21160368475757949,-0.43893114546442885,-0.21442250696755896,3.312655160219113,1.547747520773237,-0.153694655873568,-1.4621665549733924,-0.3493873447137373,-0.2909029959270487,-0.03316790634033297,-0.27272727272727276,-0.3353646338730602,0.8738225743667123,-0.033167906340332974,-0.033167906340332974
0.6020395864591253,0.5863456213568427,-0.19294002067671265,-0.5889859594864597,-0.7061805528830476,0.4706070602046561,-0.508571073354389,-0.3353646338730602,-0.8505791253521618,1.101867470316244,-0.25607375986579195,-0.24112141108520604,-1.1677484162422842,-0.3784390048634126,-0.07432941462471664,-0.11559856812793746,-0.3669650414492984,-0.678729811709616,-0.6069769786668839,-0.7471406682025761,-0.0941763218696022,-0.105409255338946,-0.23073955174772434,-0.7741427596395154,-0.2773500981126145,-0.19090958396133909,-1.0994261521710633,-0.41554832735932656,-0.21160368475757949,-0.43893114546442885,-0.21442250696755896,-0.3018726524899911,-0.6461002111639058,-0.153694655873568,0.6839166144230383,-0.3493873447137373,-0.2909029959270487,-0.03316790634033297,-0.27272727272727276,-0.3353646338730602,0.8738225743667123,-0.033167906340332974,-0.033167906340332974
0.6020395864591253,0.5863456213568427,-0.6690121975091653,-0.8098458344780347,-0.15275069516215767,-0.7124106878236237,-0.508571073354389,-0.3353646338730602,-0.8505791253521618,-0.9075501609217962,-0.25607375986579195,-0.24112141108520604,-1.1677484162422842,-0.3784390048634126,-0.07432941462471664,-0.11559856812793746,-0.3669650414492984,-0.678729811709616,1.647508942095828,-0.7471406682025761,-0.0941763218696022,-0.105409255338946,-0.23073955174772434,1.2917514083134436,-0.2773500981126145,-0.19090958396133909,0.9095654110330884,-0.41554832735932656,-0.21160368475757949,-0.43893114546442885,-0.21442250696755896,-0.3018726524899911,-0.6461002111639058,-0.153694655873568,0.6839166144230383,-0.3493873447137373,-0.2909029959270487,-0.03316790634033297,-0.27272727272727276,-0.3353646338730602,0.8738225743667123,-0.033167906340332974,-0.033167906340332974
0.6020395864591253,0.5863456213568427,-0.28815445604320317,-0.036836272007522645,-1.2596104106039374,-1.1067499371663836,-0.508571073354389,-0.3353646338730602,-0.8505791253521618,-0.9075501609217962,-0.25607375986579195,-0.24112141108520604,0.8563488385776753,-0.3784390048634126,-0.07432941462471664,-0.11559856812793746,-0.3669650414492984,-0.678729811709616,1.647508942095828,-0.7471406682025761,-0.0941763218696022,-0.105409255338946,-0.23073955174772434,1.2917514083134436,-0.2773500981126145,-0.19090958396133909,0.9095654110330884,-0.41554832735932656,-0.21160368475757949,-0.43893114546442885,-0.21442250696755896,-0.3018726524899911,-0.6461002111639058,-0.153694655873568,0.6839166144230383,-0.3493873447137373,-0.2909029959270487,-0.03316790634033297,-0.27272727272727276,-0.3353646338730602,0.8738225743667123,-0.033167906340332974,-0.033167906340332974
0.6332724707689026,0.6188410242456811,-0.09772558531022213,-0.5889859594864597,-0.9828954817434925,-0.7124106878236237,-0.508571073354389,-0.3353646338730602,-0.8505791253521618,1.101867470316244,-0.25607375986579195,-0.24112141108520604,-1.1677484162422842,-0.3784390048634126,-0.07432941462471664,-0.11559856812793746,2.7250552152068273,-0.678729811709616,-0.6069769786668839,-0.7471406682025761,-0.0941763218696022,-0.105409255338946,-0.23073955174772434,-0.7741427596395154,3.605551275463989,-0.19090958396133909,0.9095654110330884,-0.41554832735932656,-0.21160368475757949,-0.43893114546442885,-0.21442250696755896,-0.3018726524899911,-0.6461002111639058,-0.153694655873568,0.6839166144230383,-0.3493873447137373,-0.2909029959270487,-0.03316790634033297,-0.27272727272727276,-0.3353646338730602,0.8738225743667123,-0.033167906340332974,-0.033167906340332974
0.6332724707689026,0.6188410242456811,-0.002511149943731609,-0.8098458344780347,0.03172592407813898,0.07626781086189616,-0.508571073354389,-0.3353646338730602,-0.8505791253521618,1.101867470316244,-0.25607375986579195,-0.24112141108520604,0.8563488385776753,-0.3784390048634126,-0.07432941462471664,-0.11559856812793746,2.7250552152068273,-0.678729811709616,-0.6069769786668839,-0.7471406682025761,-0.0941763218696022,-0.105409255338946,-0.23073955174772434,-0.7741427596395154,3.605551275463989,-0.19090958396133909,-1.0994261521710633,2.4064589703793833,-0.21160368475757949,-0.43893114546442885,-0.21442250696755896,-0.3018726524899911,1.547747520773237,-0.153694655873568,-1.4621665549733924,-0.3493873447137373,-0.2909029959270487,-0.03316790634033297,-0.27272727272727276,-0.3353646338730602,0.8738225743667123,-0.033167906340332974,-0.033167906340332974
0.6332724707689026,0.6188410242456811,-0.002511149943731609,-0.754630865730141,-0.6139422432628993,0.4706070602046561,-0.508571073354389,-0.3353646338730602,-0.8505791253521618,1.101867470316244,-0.25607375986579195,-0.24112141108520604,-1.1677484162422842,-0.3784390048634126,-0.07432941462471664,-0.11559856812793746,-0.3669650414492984,-0.678729811709616,1.647508942095828,-0.7471406682025761,-0.0941763218696022,-0.105409255338946,-0.23073955174772434,1.2917514083134436,-0.2773500981126145,-0.19090958396133909,-1.0994261521710633,-0.41554832735932656,-0.21160368475757949,-0.43893114546442885,-0.21442250696755896,-0.3018726524899911,1.547747520773237,-0.153694655873568,-1.4621665549733924,-0.3493873447137373,-0.2909029959270487,-0.03316790634033297,-0.27272727272727276,-0.3353646338730602,-1.1443970770893999,-0.033167906340332974,-0.033167906340332974
0.668409465617402,0.6513364271345196,-0.09772558531022213,-0.25769614699909765,-0.8906571721233442,-0.7124106878236237,-0.508571073354389,-0.3353646338730602,-0.8505791253521618,1.101867470316244,-0.25607375986579195,-0.24112141108520604,0.8563488385776753,-0.3784390048634126,-0.07432941462471664,-0.11559856812793746,-0.3669650414492984,-0.678729811709616,1.647508942095828,-0.7471406682025761,-0.0941763218696022,-0.105409255338946,-0.23073955174772434,1.2917514083134436,-0.2773500981126145,-0.19090958396133909,0.9095654110330884,-0.41554832735932656,-0.21160368475757949,-0.43893114546442885,-0.21442250696755896,-0.3018726524899911,1.547747520773237,-0.153694655873568,-1.4621665549733924,-0.3493873447137373,-0.2909029959270487,-0.03316790634033297,-0.27272727272727276,-0.3353646338730602,-1.1443970770893999,-0.033167906340332974,-0.033167906340332974
0.668409465617402,0.6513364271345196,-0.6690121975091653,-1.693285334444334,1.0463473298997705,0.4706070602046561,-0.508571073354389,-0.3353646338730602,-0.8505791253521618,-0.9075501609217962,-0.25607375986579195,-0.24112141108520604,-1.1677484162422842,-0.3784390048634126,-0.07432941462471664,-0.11559856812793746,-0.3669650414492984,-0.678729811709616,1.647508942095828,-0.7471406682025761,-0.0941763218696022,-0.105409255338946,-0.23073955174772434,1.2917514083134436,-0.2773500981126145,-0.19090958396133909,-1.0994261521710633,-0.41554832735932656,-0.21160368475757949,-0.43893114546442885,-0.21442250696755896,-0.3018726524899911,1.547747520773237,-0.153694655873568,-1.4621665549733924,-0.3493873447137373,-0.2909029959270487,-0.03316790634033297,-0.27272727272727276,-0.3353646338730602,-1.1443970770893999,-0.033167906340332974,-0.033167906340332974
0.6996423499271793,0.683831830023358,-0.3833688914096937,-1.5828553969485466,-0.6139422432628993,-0.7124106878236237,-0.508571073354389,-0.3353646338730602,-0.8505791253521618,-0.9075501609217962,-0.25607375986579195,-0.24112141108520604,-1.1677484162422842,-0.3784390048634126,-0.07432941462471664,-0.11559856812793746,-0.3669650414492984,-0.678729811709616,1.647508942095828,-0.7471406682025761,-0.0941763218696022,-0.105409255338946,-0.23073955174772434,1.2917514083134436,-0.2773500981126145,-0.19090958396133909,0.9095654110330884,-0.41554832735932656,-0.21160368475757949,-0.43893114546442885,-0.21442250696755896,-0.3018726524899911,1.547747520773237,-0.153694655873568,-1.4621665549733924,-0.3493873447137373,-0.2909029959270487,-0.03316790634033297,-0.27272727272727276,-0.3353646338730602,-1.1443970770893999,-0.033167906340332974,-0.033167906340332974
0.6996423499271793,0.683831830023358,-0.19294002067671265,-0.4785560219906722,0.1239642336982873,-0.7124106878236237,-0.508571073354389,-0.3353646338730602,-0.8505791253521618,1.101867470316244,-0.25607375986579195,-0.24112141108520604,0.8563488385776753,-0.3784390048634126,-0.07432941462471664,-0.11559856812793746,-0.3669650414492984,-0.678729811709616,1.647508942095828,-0.7471406682025761,-0.0941763218696022,-0.105409255338946,-0.23073955174772434,1.2917514083134436,-0.2773500981126145,-0.19090958396133909,-1.0994261521710633,-0.41554832735932656,-0.21160368475757949,-0.43893114546442885,-0.21442250696755896,-0.3018726524899911,1.547747520773237,-0.153694655873568,-1.4621665549733924,-0.3493873447137373,-0.2909029959270487,-0.03316790634033297,-0.27272727272727276,-0.3353646338730602,-1.1443970770893999,-0.033167906340332974,-0.033167906340332974
0.6996423499271793,0.683831830023358,-0.09772558531022213,-0.4233410532427787,-0.5217039336427509,-0.7124106878236237,-0.508571073354389,-0.3353646338730602,-0.8505791253521618,1.101867470316244,-0.25607375986579195,-0.24112141108520604,0.8563488385776753,-0.3784390048634126,-0.07432941462471664,-0.11559856812793746,-0.3669650414492984,-0.678729811709616,1.647508942095828,-0.7471406682025761,-0.0941763218696022,-0.105409255338946,-0.23073955174772434,1.2917514083134436,-0.2773500981126145,-0.19090958396133909,0.9095654110330884,-0.41554832735932656,-0.21160368475757949,-0.43893114546442885,-0.21442250696755896,3.312655160219113,-0.6461002111639058,-0.153694655873568,0.6839166144230383,-0.3493873447137373,-0.2909029959270487,30.149626863362666,-0.27272727272727276,-0.3353646338730602,-1.1443970770893999,-0.033167906340332974,-0.033167906340332974
0.7308752342369567,0.7163272329121964,-0.3833688914096937,-1.361995521956972,1.2308239491400672,-0.7124106878236237,-0.508571073354389,-0.3353646338730602,-0.8505791253521618,-0.9075501609217962,-0.25607375986579195,-0.24112141108520604,-1.1677484162422842,-0.3784390048634126,-0.07432941462471664,-0.11559856812793746,-0.3669650414492984,-0.678729811709616,1.647508942095828,-0.7471406682025761,-0.0941763218696022,-0.105409255338946,-0.23073955174772434,1.2917514083134436,-0.2773500981126145,-0.19090958396133909,-1.0994261521710633,-0.41554832735932656,-0.21160368475757949,-0.43893114546442885,-0.21442250696755896,-0.3018726524899911,1.547747520773237,-0.153694655873568,-1.4621665549733924,-0.3493873447137373,-0.2909029959270487,-0.03316790634033297,-0.27272727272727276,-0.3353646338730602,-1.1443970770893999,-0.033167906340332974,-0.033167906340332974
0.7660122290854561,0.7488226358010348,-0.002511149943731609,-0.3129111157469912,0.3084408529385839,-0.7124106878236237,-0.508571073354389,-0.3353646338730602,-0.8505791253521618,1.101867470316244,-0.25607375986579195,-0.24112141108520604,0.8563488385776753,-0.3784390048634126,-0.07432941462471664,-0.11559856812793746,-0.3669650414492984,-0.678729811709616,1.647508942095828,-0.7471406682025761,-0.0941763218696022,-0.105409255338946,-0.23073955174772434,1.2917514083134436,-0.2773500981126145,-0.19090958396133909,0.9095654110330884,-0.41554832735932656,-0.21160368475757949,-0.43893114546442885,-0.21442250696755896,-0.3018726524899911,-0.6461002111639058,-0.153694655873568,0.6839166144230383,-0.3493873447137373,-0.2909029959270487,-0.03316790634033297,-0.27272727272727276,-0.3353646338730602,-1.1443970770893999,-0.033167906340332974,-0.033167906340332974
0.7660122290854561,0.7488226358010348,-0.28815445604320317,-0.4233410532427787,0.8618707106594738,0.07626781086189616,-0.508571073354389,-0.3353646338730602,-0.8505791253521618,1.101867470316244,-0.25607375986579195,-0.24112141108520604,0.8563488385776753,-0.3784390048634126,-0.07432941462471664,-0.11559856812793746,-0.3669650414492984,-0.678729811709616,1.647508942095828,-0.7471406682025761,-0.0941763218696022,-0.105409255338946,-0.23073955174772434,1.2917514083134436,-0.2773500981126145,-0.19090958396133909,-1.0994261521710633,-0.41554832735932656,-0.21160368475757949,-0.43893114546442885,-0.21442250696755896,-0.3018726524899911,-0.6461002111639058,-0.153694655873568,0.6839166144230383,-0.3493873447137373,-0.2909029959270487,-0.03316790634033297,-0.27272727272727276,-0.3353646338730602,-1.1443970770893999,-0.033167906340332974,-0.033167906340332974
0.7660122290854561,0.7488226358010348,-0.19294002067671265,-0.5337709907385663,-0.06051238554200934,-0.7124106878236237,-0.508571073354389,2.981829027262644,-0.8505791253521618,-0.9075501609217962,-0.25607375986579195,-0.24112141108520604,0.8563488385776753,-0.3784390048634126,-0.07432941462471664,-0.11559856812793746,-0.3669650414492984,-0.678729811709616,1.647508942095828,-0.7471406682025761,-0.0941763218696022,-0.105409255338946,-0.23073955174772434,1.2917514083134436,-0.2773500981126145,-0.19090958396133909,-1.0994261521710633,-0.41554832735932656,-0.21160368475757949,-0.43893114546442885,-0.21442250696755896,-0.3018726524899911,-0.6461002111639058,-0.153694655873568,0.6839166144230383,-0.3493873447137373,-0.2909029959270487,-0.03316790634033297,-0.27272727272727276,-0.3353646338730602,-1.1443970770893999,-0.033167906340332974,-0.033167906340332974
0.7972451133952334,-0.031067033531087286,-0.002511149943731609,-0.14726620950331015,-0.24498900478230598,-0.7124106878236237,-0.508571073354389,2.981829027262644,-0.8505791253521618,-0.9075501609217962,3.905124837953327,4.147288270665544,-1.1677484162422842,-0.3784390048634126,-0.07432941462471664,8.650626181573987,-0.3669650414492984,-0.678729811709616,-0.6069769786668839,-0.7471406682025761,10.618380290797647,-0.105409255338946,-0.23073955174772434,-0.7741427596395154,-0.2773500981126145,-0.19090958396133909,0.9095654110330884,-0.41554832735932656,-0.21160368475757949,-0.43893114546442885,-0.21442250696755896,3.312655160219113,1.547747520773237,-0.153694655873568,-1.4621665549733924,-0.3493873447137373,-0.2909029959270487,-0.03316790634033297,-0.27272727272727276,-0.3353646338730602,-1.1443970770893999,-0.033167906340332974,-0.033167906340332974
0.7972451133952334,0.7813180386898733,-0.19294002067671265,-0.4785560219906722,-0.6139422432628993,-0.7124106878236237,-0.508571073354389,2.981829027262644,-0.8505791253521618,1.101867470316244,-0.25607375986579195,-0.24112141108520604,0.8563488385776753,-0.3784390048634126,-0.07432941462471664,-0.11559856812793746,-0.3669650414492984,-0.678729811709616,1.647508942095828,-0.7471406682025761,-0.0941763218696022,-0.105409255338946,-0.23073955174772434,1.2917514083134436,-0.2773500981126145,-0.19090958396133909,-1.0994261521710633,-0.41554832735932656,-0.21160368475757949,-0.43893114546442885,-0.21442250696755896,-0.3018726524899911,1.547747520773237,-0.153694655873568,-1.4621665549733924,-0.3493873447137373,-0.2909029959270487,-0.03316790634033297,-0.27272727272727276,-0.3353646338730602,-1.1443970770893999,-0.033167906340332974,-0.033167906340332974
0.8284779977050107,0.8138134415787116,-0.5737977621426747,-1.5276404282006528,0.40067916255873226,-0.7124106878236237,-0.508571073354389,2.981829027262644,-0.8505791253521618,-0.9075501609217962,-0.25607375986579195,-0.24112141108520604,-1.1677484162422842,-0.3784390048634126,-0.07432941462471664,-0.11559856812793746,-0.3669650414492984,-0.678729811709616,1.647508942095828,-0.7471406682025761,-0.0941763218696022,-0.105409255338946,-0.23073955174772434,1.2917514083134436,-0.2773500981126145,-0.19090958396133909,0.9095654110330884,-0.41554832735932656,-0.21160368475757949,-0.43893114546442885,-0.21442250696755896,-0.3018726524899911,-0.6461002111639058,-0.153694655873568,0.6839166144230383,-0.3493873447137373,-0.2909029959270487,-0.03316790634033297,-0.27272727272727276,-0.3353646338730602,-1.1443970770893999,-0.033167906340332974,-0.033167906340332974
0.86361499255351,0.8463088444675501,-0.09772558531022213,0.07359366548826488,-1.2596104106039374,1.653624808232936,-0.508571073354389,2.981829027262644,-0.8505791253521618,1.101867470316244,-0.25607375986579195,-0.24112141108520604,0.8563488385776753,-0.3784390048634126,-0.07432941462471664,-0.11559856812793746,-0.3669650414492984,-0.678729811709616,1.647508942095828,-0.7471406682025761,-0.0941763218696022,-0.105409255338946,-0.23073955174772434,1.2917514083134436,-0.2773500981126145,-0.19090958396133909,-1.0994261521710633,-0.41554832735932656,-0.21160368475757949,-0.43893114546442885,-0.21442250696755896,-0.3018726524899911,-0.6461002111639058,-0.153694655873568,0.6839166144230383,-0.3493873447137373,-0.2909029959270487,-0.03316790634033297,-0.27272727272727276,-0.3353646338730602,-1.1443970770893999,-0.033167906340332974,-0.033167906340332974
0.8948478768632874,0.8788042473563885,-0.19294002067671265,-0.6994158969822473,1.3230622587602154,1.653624808232936,-0.508571073354389,2.981829027262644,-0.8505791253521618,1.101867470316244,-0.25607375986579195,-0.24112141108520604,-1.1677484162422842,-0.3784390048634126,-0.07432941462471664,-0.11559856812793746,-0.3669650414492984,-0.678729811709616,1.647508942095828,-0.7471406682025761,-0.0941763218696022,-0.105409255338946,-0.23073955174772434,1.2917514083134436,-0.2773500981126145,-0.19090958396133909,-1.0994261521710633,2.4064589703793833,-0.21160368475757949,-0.43893114546442885,-0.21442250696755896,-0.3018726524899911,-0.6461002111639058,-0.153694655873568,0.6839166144230383,-0.3493873447137373,-0.2909029959270487,-0.03316790634033297,-0.27272727272727276,-0.3353646338730602,-1.1443970770893999,-0.033167906340332974,-0.033167906340332974
0.8948478768632874,0.8788042473563885,-0.4785833267761842,-0.20248117825120368,0.5851557817990288,1.259285558890176,-0.508571073354389,-0.3353646338730602,-0.8505791253521618,1.101867470316244,-0.25607375986579195,-0.24112141108520604,0.8563488385776753,-0.3784390048634126,-0.07432941462471664,-0.11559856812793746,-0.3669650414492984,-0.678729811709616,1.647508942095828,-0.7471406682025761,-0.0941763218696022,-0.105409255338946,-0.23073955174772434,1.2917514083134436,-0.2773500981126145,-0.19090958396133909,-1.0994261521710633,-0.41554832735932656,-0.21160368475757949,-0.43893114546442885,-0.21442250696755896,-0.3018726524899911,1.547747520773237,-0.153694655873568,-1.4621665549733924,-0.3493873447137373,-0.2909029959270487,-0.03316790634033297,-0.27272727272727276,-0.3353646338730602,-1.1443970770893999,-0.033167906340332974,-0.033167906340332974
0.8948478768632874,0.8788042473563885,-0.28815445604320317,-0.4785560219906722,0.40067916255873226,0.07626781086189616,-0.508571073354389,-0.3353646338730602,-0.8505791253521618,1.101867470316244,-0.25607375986579195,-0.24112141108520604,-1.1677484162422842,-0.3784390048634126,-0.07432941462471664,-0.11559856812793746,-0.3669650414492984,-0.678729811709616,1.647508942095828,-0.7471406682025761,-0.0941763218696022,-0.105409255338946,-0.23073955174772434,1.2917514083134436,-0.2773500981126145,-0.19090958396133909,-1.0994261521710633,-0.41554832735932656,-0.21160368475757949,-0.43893114546442885,-0.21442250696755896,-0.3018726524899911,-0.6461002111639058,-0.153694655873568,0.6839166144230383,-0.3493873447137373,-0.2909029959270487,-0.03316790634033297,-0.27272727272727276,-0.3353646338730602,-1.1443970770893999,-0.033167906340332974,-0.033167906340332974
0.8948478768632874,0.8788042473563885,-0.7642266328756558,-0.6994158969822473,-0.6139422432628993,-0.7124106878236237,-0.508571073354389,-0.3353646338730602,-0.8505791253521618,-0.9075501609217962,-0.25607375986579195,-0.24112141108520604,-1.1677484162422842,-0.3784390048634126,-0.07432941462471664,-0.11559856812793746,-0.3669650414492984,-0.678729811709616,-0.6069769786668839,-0.7471406682025761,-0.0941763218696022,-0.105409255338946,-0.23073955174772434,-0.7741427596395154,-0.2773500981126145,-0.19090958396133909,-1.0994261521710633,-0.41554832735932656,-0.21160368475757949,-0.43893114546442885,-0.21442250696755896,-0.3018726524899911,1.547747520773237,-0.153694655873568,-1.4621665549733924,-0.3493873447137373,-0.2909029959270487,-0.03316790634033297,-0.27272727272727276,-0.3353646338730602,-1.1443970770893999,-0.033167906340332974,-0.033167906340332974
0.8948478768632874,0.8788042473563885,-0.09772558531022213,-0.5889859594864597,-0.5217039336427509,1.259285558890176,-0.508571073354389,-0.3353646338730602,-0.8505791253521618,1.101867470316244,-0.25607375986579195,-0.24112141108520604,-1.1677484162422842,-0.3784390048634126,-0.07432941462471664,-0.11559856812793746,-0.3669650414492984,-0.678729811709616,1.647508942095828,-0.7471406682025761,-0.0941763218696022,-0.105409255338946,-0.23073955174772434,1.2917514083134436,-0.2773500981126145,-0.19090958396133909,0.9095654110330884,-0.41554832735932656,-0.21160368475757949,-0.43893114546442885,-0.21442250696755896,-0.3018726524899911,1.547747520773237,-0.153694655873568,-1.4621665549733924,-0.3493873447137373,-0.2909029959270487,-0.03316790634033297,-0.27272727272727276,-0.3353646338730602,-1.1443970770893999,-0.033167906340332974,-0.033167906340332974
0.8948478768632874,0.8788042473563885,-0.09772558531022213,0.07359366548826488,-0.9828954817434925,1.653624808232936,-0.508571073354389,-0.3353646338730602,-0.8505791253521618,1.101867470316244,-0.25607375986579195,-0.24112141108520604,0.8563488385776753,-0.3784390048634126,-0.07432941462471664,-0.11559856812793746,2.7250552152068273,-0.678729811709616,-0.6069769786668839,-0.7471406682025761,-0.0941763218696022,-0.105409255338946,-0.23073955174772434,-0.7741427596395154,3.605551275463989,-0.19090958396133909,0.9095654110330884,-0.41554832735932656,-0.21160368475757949,-0.43893114546442885,-0.21442250696755896,-0.3018726524899911,-0.6461002111639058,-0.153694655873568,0.6839166144230383,-0.3493873447137373,-0.2909029959270487,-0.03316790634033297,-0.27272727272727276,-0.3353646338730602,0.8738225743667123,-0.033167906340332974,-0.033167906340332974
0.8948478768632874,0.8788042473563885,-0.7642266328756558,-1.5276404282006528,0.03172592407813898,0.864946309547416,-0.508571073354389,-0.3353646338730602,-0.8505791253521618,-0.9075501609217962,-0.25607375986579195,-0.24112141108520604,0.8563488385776753,-0.3784390048634126,-0.07432941462471664,-0.11559856812793746,-0.3669650414492984,-0.678729811709616,1.647508942095828,-0.7471406682025761,-0.0941763218696022,-0.105409255338946,-0.23073955174772434,1.2917514083134436,-0.2773500981126145,-0.19090958396133909,0.9095654110330884,-0.41554832735932656,-0.21160368475757949,-0.43893114546442885,-0.21442250696755896,-0.3018726524899911,1.547747520773237,-0.153694655873568,-1.4621665549733924,-0.3493873447137373,-0.2909029959270487,-0.03316790634033297,-0.27272727272727276,-0.3353646338730602,0.8738225743667123,-0.033167906340332974,-0.033167906340332974
0.9260807611730647,0.911299650245227,-0.002511149943731609,-0.754630865730141,0.40067916255873226,-0.7124106878236237,-0.508571073354389,-0.3353646338730602,-0.8505791253521618,1.101867470316244,-0.25607375986579195,-0.24112141108520604,-1.1677484162422842,-0.3784390048634126,-0.07432941462471664,-0.11559856812793746,-0.3669650414492984,-0.678729811709616,-0.6069769786668839,-0.7471406682025761,-0.0941763218696022,-0.105409255338946,-0.23073955174772434,-0.7741427596395154,-0.2773500981126145,-0.19090958396133909,0.9095654110330884,-0.41554832735932656,-0.21160368475757949,-0.43893114546442885,-0.21442250696755896,-0.3018726524899911,1.547747520773237,-0.153694655873568,-1.4621665549733924,-0.3493873447137373,-0.2909029959270487,-0.03316790634033297,-0.27272727272727276,-0.3353646338730602,0.8738225743667123,-0.033167906340332974,-0.033167906340332974
-0.04994687350747595,-0.031067033531087286,-0.5737977621426747,-0.754630865730141,0.2162025433184356,1.259285558890176,-0.508571073354389,-0.3353646338730602,-0.8505791253521618,-0.9075501609217962,-0.25607375986579195,-0.24112141108520604,0.8563488385776753,-0.3784390048634126,-0.07432941462471664,-0.11559856812793746,-0.3669650414492984,-0.678729811709616,1.647508942095828,-0.7471406682025761,-0.0941763218696022,-0.105409255338946,-0.23073955174772434,1.2917514083134436,-0.2773500981126145,-0.19090958396133909,0.9095654110330884,-0.41554832735932656,-0.21160368475757949,-0.43893114546442885,-0.21442250696755896,3.312655160219113,1.547747520773237,-0.153694655873568,-1.4621665549733924,-0.3493873447137373,-0.2909029959270487,-0.03316790634033297,-0.27272727272727276,-0.3353646338730602,0.8738225743667123,-0.033167906340332974,-0.033167906340332974
-0.04994687350747595,-0.031067033531087286,-0.6690121975091653,-1.0859206782175033,0.8618707106594738,-0.7124106878236237,-0.508571073354389,-0.3353646338730602,-0.8505791253521618,-0.9075501609217962,-0.25607375986579195,-0.24112141108520604,0.8563488385776753,-0.3784390048634126,-0.07432941462471664,-0.11559856812793746,-0.3669650414492984,-0.678729811709616,1.647508942095828,-0.7471406682025761,-0.0941763218696022,-0.105409255338946,-0.23073955174772434,1.2917514083134436,-0.2773500981126145,-0.19090958396133909,-1.0994261521710633,-0.41554832735932656,-0.21160368475757949,-0.43893114546442885,-0.21442250696755896,-0.3018726524899911,-0.6461002111639058,-0.153694655873568,0.6839166144230383,-0.3493873447137373,-0.2909029959270487,-0.03316790634033297,-0.27272727272727276,-0.3353646338730602,0.8738225743667123,-0.033167906340332974,-0.033167906340332974
-0.04994687350747595,-0.031067033531087286,-0.19294002067671265,0.07359366548826488,-1.6285636490845308,-0.7124106878236237,-0.508571073354389,-0.3353646338730602,-0.8505791253521618,1.101867470316244,-0.25607375986579195,-0.24112141108520604,0.8563488385776753,-0.3784390048634126,-0.07432941462471664,-0.11559856812793746,-0.3669650414492984,-0.678729811709616,1.647508942095828,-0.7471406682025761,-0.0941763218696022,-0.105409255338946,-0.23073955174772434,1.2917514083134436,-0.2773500981126145,-0.19090958396133909,-1.0994261521710633,-0.41554832735932656,-0.21160368475757949,-0.43893114546442885,-0.21442250696755896,-0.3018726524899911,-0.6461002111639058,6.506407098647712,-1.4621665549733924,-0.3493873447137373,-0.2909029959270487,-0.03316790634033297,-0.27272727272727276,-0.3353646338730602,0.8738225743667123,-0.033167906340332974,-0.033167906340332974
-0.04994687350747595,-0.031067033531087286,-0.09772558531022213,0.12880863423615838,-0.7984188625031958,-0.7124106878236237,-0.508571073354389,-0.3353646338730602,-0.8505791253521618,1.101867470316244,-0.25607375986579195,-0.24112141108520604,0.8563488385776753,-0.3784390048634126,-0.07432941462471664,-0.11559856812793746,2.7250552152068273,-0.678729811709616,-0.6069769786668839,-0.7471406682025761,-0.0941763218696022,-0.105409255338946,-0.23073955174772434,-0.7741427596395154,3.605551275463989,-0.19090958396133909,0.9095654110330884,-0.41554832735932656,-0.21160368475757949,-0.43893114546442885,-0.21442250696755896,-0.3018726524899911,-0.6461002111639058,6.506407098647712,-1.4621665549733924,-0.3493873447137373,-0.2909029959270487,-0.03316790634033297,-0.27272727272727276,-0.3353646338730602,0.8738225743667123,-0.033167906340332974,-0.033167906340332974
-0.04994687350747595,-0.031067033531087286,-0.4785833267761842,-0.20248117825120368,0.7696324010393255,0.864946309547416,-0.508571073354389,-0.3353646338730602,-0.8505791253521618,1.101867470316244,-0.25607375986579195,-0.24112141108520604,-1.1677484162422842,-0.3784390048634126,-0.07432941462471664,-0.11559856812793746,-0.3669650414492984,-0.678729811709616,1.647508942095828,-0.7471406682025761,-0.0941763218696022,-0.105409255338946,-0.23073955174772434,1.2917514083134436,-0.2773500981126145,-0.19090958396133909,0.9095654110330884,-0.41554832735932656,-0.21160368475757949,-0.43893114546442885,-0.21442250696755896,-0.3018726524899911,-0.6461002111639058,6.506407098647712,-1.4621665549733924,-0.3493873447137373,-0.2909029959270487,-0.03316790634033297,-0.27272727272727276,-0.3353646338730602,0.8738225743667123,-0.033167906340332974,-0.033167906340332974
1.0588205194896183,1.0412812618005807,-0.09772558531022213,0.01837869674037087,1.5075388780005121,0.864946309547416,-0.508571073354389,-0.3353646338730602,-0.8505791253521618,1.101867470316244,-0.25607375986579195,-0.24112141108520604,0.8563488385776753,-0.3784390048634126,-0.07432941462471664,-0.11559856812793746,-0.3669650414492984,-0.678729811709616,-0.6069769786668839,-0.7471406682025761,-0.0941763218696022,-0.105409255338946,-0.23073955174772434,1.2917514083134436,-0.2773500981126145,-0.19090958396133909,0.9095654110330884,-0.41554832735932656,-0.21160368475757949,-0.43893114546442885,-0.21442250696755896,-0.3018726524899911,-0.6461002111639058,6.506407098647712,-1.4621665549733924,-0.3493873447137373,-0.2909029959270487,-0.03316790634033297,-0.27272727272727276,-0.3353646338730602,0.8738225743667123,-0.033167906340332974,-0.033167906340332974
1.0900534037993956,1.0737766646894191,-0.7642266328756558,-1.1963506157132906,0.3084408529385839,0.864946309547416,-0.508571073354389,-0.3353646338730602,-0.8505791253521618,-0.9075501609217962,-0.25607375986579195,-0.24112141108520604,0.8563488385776753,-0.3784390048634126,-0.07432941462471664,-0.11559856812793746,-0.3669650414492984,-0.678729811709616,1.647508942095828,-0.7471406682025761,-0.0941763218696022,-0.105409255338946,-0.23073955174772434,1.2917514083134436,-0.2773500981126145,-0.19090958396133909,0.9095654110330884,-0.41554832735932656,-0.21160368475757949,-0.43893114546442885,-0.21442250696755896,3.312655160219113,-0.6461002111639058,6.506407098647712,-1.4621665549733924,-0.3493873447137373,-0.2909029959270487,-0.03316790634033297,-0.27272727272727276,-0.3353646338730602,0.8738225743667123,-0.033167906340332974,-0.033167906340332974
1.0900534037993956,1.0737766646894191,0.09270328542275891,-0.3129111157469912,-0.6139422432628993,-0.7124106878236237,-0.508571073354389,-0.3353646338730602,-0.8505791253521618,1.101867470316244,-0.25607375986579195,-0.24112141108520604,0.8563488385776753,-0.3784390048634126,-0.07432941462471664,-0.11559856812793746,-0.3669650414492984,-0.678729811709616,1.647508942095828,-0.7471406682025761,-0.0941763218696022,-0.105409255338946,-0.23073955174772434,1.2917514083134436,-0.2773500981126145,-0.19090958396133909,-1.0994261521710633,2.4064589703793833,-0.21160368475757949,-0.43893114546442885,-0.21442250696755896,-0.3018726524899911,-0.6461002111639058,-0.153694655873568,0.6839166144230383,-0.3493873447137373,-0.2909029959270487,-0.03316790634033297,-0.27272727272727276,-0.3353646338730602,0.8738225743667123,-0.033167906340332974,-0.033167906340332974
1.0900534037993956,1.0737766646894191,-0.3833688914096937,-1.361995521956972,0.49291747217888054,0.864946309547416,-0.508571073354389,-0.3353646338730602,-0.8505791253521618,-0.9075501609217962,-0.25607375986579195,-0.24112141108520604,-1.1677484162422842,-0.3784390048634126,-0.07432941462471664,-0.11559856812793746,-0.3669650414492984,-0.678729811709616,1.647508942095828,-0.7471406682025761,-0.0941763218696022,-0.105409255338946,-0.23073955174772434,1.2917514083134436,-0.2773500981126145,-0.19090958396133909,-1.0994261521710633,2.4064589703793833,-0.21160368475757949,-0.43893114546442885,-0.21442250696755896,-0.3018726524899911,1.547747520773237,-0.153694655873568,-1.4621665549733924,-0.3493873447137373,-0.2909029959270487,-0.03316790634033297,-0.27272727272727276,-0.3353646338730602,0.8738225743667123,-0.033167906340332974,-0.033167906340332974
1.0900534037993956,1.0737766646894191,-0.3833688914096937,-0.5889859594864597,-0.7061805528830476,0.864946309547416,-0.508571073354389,-0.3353646338730602,-0.8505791253521618,1.101867470316244,-0.25607375986579195,-0.24112141108520604,0.8563488385776753,-0.3784390048634126,-0.07432941462471664,-0.11559856812793746,-0.3669650414492984,-0.678729811709616,1.647508942095828,-0.7471406682025761,-0.0941763218696022,-0.105409255338946,-0.23073955174772434,1.2917514083134436,-0.2773500981126145,-0.19090958396133909,0.9095654110330884,-0.41554832735932656,-0.21160368475757949,-0.43893114546442885,-0.21442250696755896,-0.3018726524899911,-0.6461002111639058,-0.153694655873568,0.6839166144230383,-0.3493873447137373,-0.2909029959270487,-0.03316790634033297,-0.27272727272727276,-0.3353646338730602,0.8738225743667123,-0.033167906340332974,-0.033167906340332974
1.0900534037993956,1.0737766646894191,-0.002511149943731609,-0.8098458344780347,0.6773940914191772,1.653624808232936,-0.508571073354389,-0.3353646338730602,-0.8505791253521618,1.101867470316244,-0.25607375986579195,-0.24112141108520604,-1.1677484162422842,-0.3784390048634126,-0.07432941462471664,-0.11559856812793746,-0.3669650414492984,-0.678729811709616,-0.6069769786668839,-0.7471406682025761,-0.0941763218696022,-0.105409255338946,-0.23073955174772434,1.2917514083134436,-0.2773500981126145,-0.19090958396133909,0.9095654110330884,-0.41554832735932656,-0.21160368475757949,-0.43893114546442885,-0.21442250696755896,-0.3018726524899911,-0.6461002111639058,-0.153694655873568,0.6839166144230383,-0.3493873447137373,-0.2909029959270487,-0.03316790634033297,-0.27272727272727276,-0.3353646338730602,0.8738225743667123,-0.033167906340332974,-0.033167906340332974
1.121286288109173,1.1062720675782574,-0.3833688914096937,-0.9754907407217158,0.2162025433184356,-0.7124106878236237,-0.508571073354389,-0.3353646338730602,-0.8505791253521618,1.101867470316244,-0.25607375986579195,-0.24112141108520604,-1.1677484162422842,-0.3784390048634126,-0.07432941462471664,-0.11559856812793746,-0.3669650414492984,-0.678729811709616,1.647508942095828,-0.7471406682025761,-0.0941763218696022,-0.105409255338946,-0.23073955174772434,1.2917514083134436,-0.2773500981126145,-0.19090958396133909,-1.0994261521710633,-0.41554832735932656,-0.21160368475757949,-0.43893114546442885,-0.21442250696755896,-0.3018726524899911,-0.6461002111639058,-0.153694655873568,0.6839166144230383,-0.3493873447137373,-0.2909029959270487,-0.03316790634033297,-0.27272727272727276,-0.3353646338730602,0.8738225743667123,-0.033167906340332974,-0.033167906340332974
1.121286288109173,1.1062720675782574,-0.28815445604320317,-0.3681260844948852,1.3230622587602154,-0.7124106878236237,-0.508571073354389,-0.3353646338730602,-0.8505791253521618,1.101867470316244,-0.25607375986579195,-0.24112141108520604,0.8563488385776753,-0.3784390048634126,-0.07432941462471664,-0.11559856812793746,-0.3669650414492984,-0.678729811709616,1.647508942095828,-0.7471406682025761,-0.0941763218696022,-0.105409255338946,-0.23073955174772434,1.2917514083134436,-0.2773500981126145,-0.19090958396133909,-1.0994261521710633,-0.41554832735932656,-0.21160368475757949,-0.43893114546442885,-0.21442250696755896,-0.3018726524899911,-0.6461002111639058,-0.153694655873568,0.6839166144230383,-0.3493873447137373,-0.2909029959270487,-0.03316790634033297,-0.27272727272727276,-0.3353646338730602,0.8738225743667123,-0.033167906340332974,-0.033167906340332974
1.121286288109173,-0.031067033531087286,-0.28815445604320317,-0.6994158969822473,0.40067916255873226,0.07626781086189616,-0.508571073354389,-0.3353646338730602,-0.8505791253521618,1.101867470316244,-0.25607375986579195,-0.24112141108520604,0.8563488385776753,-0.3784390048634126,-0.07432941462471664,-0.11559856812793746,-0.3669650414492984,-0.678729811709616,1.647508942095828,-0.7471406682025761,-0.0941763218696022,-0.105409255338946,-0.23073955174772434,1.2917514083134436,-0.2773500981126145,-0.19090958396133909,-1.0994261521710633,-0.41554832735932656,-0.21160368475757949,-0.43893114546442885,-0.21442250696755896,-0.3018726524899911,1.547747520773237,-0.153694655873568,-1.4621665549733924,-0.3493873447137373,-0.2909029959270487,-0.03316790634033297,-0.27272727272727276,-0.3353646338730602,0.8738225743667123,-0.033167906340332974,-0.033167906340332974
1.121286288109173,-0.031067033531087286,-0.09772558531022213,0.01837869674037087,0.2162025433184356,0.864946309547416,-0.508571073354389,-0.3353646338730602,-0.8505791253521618,1.101867470316244,-0.25607375986579195,-0.24112141108520604,0.8563488385776753,-0.3784390048634126,-0.07432941462471664,-0.11559856812793746,-0.3669650414492984,-0.678729811709616,1.647508942095828,-0.7471406682025761,-0.0941763218696022,-0.105409255338946,-0.23073955174772434,1.2917514083134436,-0.2773500981126145,-0.19090958396133909,-1.0994261521710633,-0.41554832735932656,-0.21160368475757949,-0.43893114546442885,-0.21442250696755896,-0.3018726524899911,-0.6461002111639058,-0.153694655873568,0.6839166144230383,-0.3493873447137373,-0.2909029959270487,-0.03316790634033297,-0.27272727272727276,-0.3353646338730602,0.8738225743667123,-0.033167906340332974,-0.033167906340332974
1.121286288109173,-0.031067033531087286,-0.7642266328756558,-0.6994158969822473,-1.1673721009837892,0.07626781086189616,-0.508571073354389,-0.3353646338730602,-0.8505791253521618,-0.9075501609217962,-0.25607375986579195,-0.24112141108520604,0.8563488385776753,-0.3784390048634126,-0.07432941462471664,-0.11559856812793746,-0.3669650414492984,-0.678729811709616,1.647508942095828,-0.7471406682025761,-0.0941763218696022,-0.105409255338946,-0.23073955174772434,-0.7741427596395154,-0.2773500981126145,-0.19090958396133909,0.9095654110330884,-0.41554832735932656,-0.21160368475757949,-0.43893114546442885,-0.21442250696755896,3.312655160219113,-0.6461002111639058,-0.153694655873568,0.6839166144230383,-0.3493873447137373,-0.2909029959270487,-0.03316790634033297,-0.27272727272727276,-0.3353646338730602,0.8738225743667123,-0.033167906340332974,-0.033167906340332974
1.121286288109173,-0.031067033531087286,-0.09772558531022213,-0.5337709907385663,0.2162025433184356,0.864946309547416,-0.508571073354389,-0.3353646338730602,-0.8505791253521618,1.101867470316244,-0.25607375986579195,-0.24112141108520604,-1.1677484162422842,-0.3784390048634126,-0.07432941462471664,-0.11559856812793746,-0.3669650414492984,-0.678729811709616,1.647508942095828,-0.7471406682025761,-0.0941763218696022,-0.105409255338946,-0.23073955174772434,1.2917514083134436,-0.2773500981126145,-0.19090958396133909,0.9095654110330884,-0.41554832735932656,-0.21160368475757949,-0.43893114546442885,-0.21442250696755896,-0.3018726524899911,-0.6461002111639058,-0.153694655873568,0.6839166144230383,-0.3493873447137373,-0.2909029959270487,-0.03316790634033297,-0.27272727272727276,-0.3353646338730602,0.8738225743667123,-0.033167906340332974,-0.033167906340332974
1.121286288109173,1.1062720675782574,-0.19294002067671265,-0.14726620950331015,0.1239642336982873,0.07626781086189616,-0.508571073354389,-0.3353646338730602,-0.8505791253521618,1.101867470316244,-0.25607375986579195,-0.24112141108520604,0.8563488385776753,-0.3784390048634126,-0.07432941462471664,-0.11559856812793746,2.7250552152068273,-0.678729811709616,-0.6069769786668839,-0.7471406682025761,-0.0941763218696022,-0.105409255338946,4.333890711087691,-0.7741427596395154,-0.2773500981126145,-0.19090958396133909,-1.0994261521710633,-0.41554832735932656,4.725815626252609,-0.43893114546442885,4.663689526544407,-0.3018726524899911,-0.6461002111639058,-0.153694655873568,0.6839166144230383,-0.3493873447137373,-0.2909029959270487,-0.03316790634033297,-0.27272727272727276,-0.3353646338730602,-1.1443970770893999,30.149626863362673,-0.033167906340332974
1.1564232829576724,1.1387674704670958,-0.19294002067671265,-0.8098458344780347,0.8618707106594738,1.259285558890176,-0.508571073354389,-0.3353646338730602,-0.8505791253521618,1.101867470316244,-0.25607375986579195,-0.24112141108520604,0.8563488385776753,-0.3784390048634126,-0.07432941462471664,-0.11559856812793746,-0.3669650414492984,-0.678729811709616,1.647508942095828,-0.7471406682025761,-0.0941763218696022,-0.105409255338946,4.333890711087691,-0.7741427596395154,-0.2773500981126145,-0.19090958396133909,-1.0994261521710633,-0.41554832735932656,4.725815626252609,-0.43893114546442885,4.663689526544407,-0.3018726524899911,-0.6461002111639058,-0.153694655873568,0.6839166144230383,-0.3493873447137373,-0.2909029959270487,-0.03316790634033297,-0.27272727272727276,-0.3353646338730602,0.8738225743667123,-0.033167906340332974,-0.033167906340332974
1.1876561672674497,1.1712628733559343,-0.3833688914096937,-1.0307057094696095,0.5851557817990288,0.4706070602046561,-0.508571073354389,-0.3353646338730602,-0.8505791253521618,-0.9075501609217962,-0.25607375986579195,-0.24112141108520604,-1.1677484162422842,-0.3784390048634126,-0.07432941462471664,-0.11559856812793746,-0.3669650414492984,-0.678729811709616,-0.6069769786668839,-0.7471406682025761,-0.0941763218696022,-0.105409255338946,4.333890711087691,-0.7741427596395154,-0.2773500981126145,-0.19090958396133909,-1.0994261521710633,-0.41554832735932656,4.725815626252609,-0.43893114546442885,4.663689526544407,-0.3018726524899911,-0.6461002111639058,-0.153694655873568,0.6839166144230383,-0.3493873447137373,-0.2909029959270487,-0.03316790634033297,-0.27272727272727276,-0.3353646338730602,0.8738225743667123,-0.033167906340332974,-0.033167906340332974
1.1876561672674497,1.1712628733559343,-0.4785833267761842,-0.4233410532427787,0.49291747217888054,0.07626781086189616,-0.508571073354389,-0.3353646338730602,-0.8505791253521618,1.101867470316244,-0.25607375986579195,-0.24112141108520604,-1.1677484162422842,-0.3784390048634126,-0.07432941462471664,-0.11559856812793746,-0.3669650414492984,-0.678729811709616,1.647508942095828,-0.7471406682025761,-0.0941763218696022,-0.105409255338946,4.333890711087691,-0.7741427596395154,-0.2773500981126145,-0.19090958396133909,-1.0994261521710633,-0.41554832735932656,4.725815626252609,-0.43893114546442885,4.663689526544407,-0.3018726524899911,1.547747520773237,-0.153694655873568,-1.4621665549733924,-0.3493873447137373,-0.2909029959270487,-0.03316790634033297,-0.27272727272727276,-0.3353646338730602,0.8738225743667123,-0.033167906340332974,-0.033167906340332974
1.1876561672674497,1.1712628733559343,-0.6690121975091653,-0.20248117825120368,-0.5217039336427509,1.259285558890176,-0.508571073354389,-0.3353646338730602,-0.8505791253521618,-0.9075501609217962,-0.25607375986579195,-0.24112141108520604,0.8563488385776753,-0.3784390048634126,-0.07432941462471664,-0.11559856812793746,-0.3669650414492984,-0.678729811709616,1.647508942095828,-0.7471406682025761,-0.0941763218696022,-0.105409255338946,-0.23073955174772434,1.2917514083134436,-0.2773500981126145,-0.19090958396133909,-1.0994261521710633,-0.41554832735932656,-0.21160368475757949,-0.43893114546442885,-0.21442250696755896,-0.3018726524899911,-0.6461002111639058,-0.153694655873568,0.6839166144230383,-0.3493873447137373,-0.2909029959270487,-0.03316790634033297,-0.27272727272727276,-0.3353646338730602,0.8738225743667123,-0.033167906340332974,-0.033167906340332974
0.86361499255351,0.8463088444675501,-0.4785833267761842,-0.9754907407217158,0.5851557817990288,1.653624808232936,-0.508571073354389,-0.3353646338730602,-0.8505791253521618,1.101867470316244,-0.25607375986579195,-0.24112141108520604,-1.1677484162422842,-0.3784390048634126,-0.07432941462471664,-0.11559856812793746,2.7250552152068273,-0.678729811709616,-0.6069769786668839,-0.7471406682025761,-0.0941763218696022,-0.105409255338946,-0.23073955174772434,1.2917514083134436,-0.2773500981126145,-0.19090958396133909,0.9095654110330884,-0.41554832735932656,-0.21160368475757949,-0.43893114546442885,-0.21442250696755896,-0.3018726524899911,1.547747520773237,-0.153694655873568,-1.4621665549733924,-0.3493873447137373,-0.2909029959270487,-0.03316790634033297,-0.27272727272727276,-0.3353646338730602,0.8738225743667123,-0.033167906340332974,-0.033167906340332974
1.218889051577227,1.2037582762447727,-0.7642266328756558,-1.1963506157132906,-0.42946562402260263,1.259285558890176,-0.508571073354389,-0.3353646338730602,-0.8505791253521618,-0.9075501609217962,-0.25607375986579195,-0.24112141108520604,-1.1677484162422842,-0.3784390048634126,-0.07432941462471664,-0.11559856812793746,-0.3669650414492984,-0.678729811709616,1.647508942095828,-0.7471406682025761,-0.0941763218696022,-0.105409255338946,-0.23073955174772434,1.2917514083134436,-0.2773500981126145,-0.19090958396133909,-1.0994261521710633,-0.41554832735932656,-0.21160368475757949,-0.43893114546442885,-0.21442250696755896,-0.3018726524899911,-0.6461002111639058,-0.153694655873568,0.6839166144230383,-0.3493873447137373,-0.2909029959270487,-0.03316790634033297,-0.27272727272727276,-0.3353646338730602,0.8738225743667123,-0.033167906340332974,-0.033167906340332974
1.218889051577227,1.2037582762447727,-0.002511149943731609,-0.5889859594864597,-1.2596104106039374,0.864946309547416,-0.508571073354389,-0.3353646338730602,-0.8505791253521618,-0.9075501609217962,3.905124837953327,-0.24112141108520604,0.8563488385776753,-0.3784390048634126,-0.07432941462471664,-0.11559856812793746,-0.3669650414492984,-0.678729811709616,-0.6069769786668839,-0.7471406682025761,-0.0941763218696022,-0.105409255338946,-0.23073955174772434,-0.7741427596395154,-0.2773500981126145,-0.19090958396133909,-1.0994261521710633,-0.41554832735932656,-0.21160368475757949,-0.43893114546442885,-0.21442250696755896,3.312655160219113,-0.6461002111639058,-0.153694655873568,0.6839166144230383,-0.3493873447137373,-0.2909029959270487,-0.03316790634033297,-0.27272727272727276,-0.3353646338730602,0.8738225743667123,-0.033167906340332974,-0.033167906340332974
1.218889051577227,1.2037582762447727,-0.3833688914096937,-0.8098458344780347,0.40067916255873226,0.07626781086189616,-0.508571073354389,-0.3353646338730602,-0.8505791253521618,-0.9075501609217962,3.905124837953327,-0.24112141108520604,0.8563488385776753,-0.3784390048634126,-0.07432941462471664,-0.11559856812793746,2.7250552152068273,-0.678729811709616,-0.6069769786668839,-0.7471406682025761,-0.0941763218696022,-0.105409255338946,-0.23073955174772434,-0.7741427596395154,3.605551275463989,-0.19090958396133909,0.9095654110330884,-0.41554832735932656,-0.21160368475757949,-0.43893114546442885,-0.21442250696755896,-0.3018726524899911,-0.6461002111639058,-0.153694655873568,0.6839166144230383,-0.3493873447137373,-0.2909029959270487,-0.03316790634033297,-0.27272727272727276,-0.3353646338730602,-1.1443970770893999,-0.033167906340332974,30.149626863362673
-0.3739880482214155,-0.3885164653083099,-0.4785833267761842,-1.5828553969485466,-0.7984188625031958,-0.7124106878236237,-0.508571073354389,-0.3353646338730602,-0.8505791253521618,-0.9075501609217962,3.905124837953327,-0.24112141108520604,0.8563488385776753,-0.3784390048634126,-0.07432941462471664,-0.11559856812793746,-0.3669650414492984,-0.678729811709616,1.647508942095828,-0.7471406682025761,-0.0941763218696022,-0.105409255338946,-0.23073955174772434,1.2917514083134436,-0.2773500981126145,-0.19090958396133909,0.9095654110330884,-0.41554832735932656,-0.21160368475757949,-0.43893114546442885,-0.21442250696755896,3.312655160219113,-0.6461002111639058,-0.153694655873568,0.6839166144230383,-0.3493873447137373,-0.2909029959270487,-0.03316790634033297,-0.27272727272727276,-0.3353646338730602,0.8738225743667123,-0.033167906340332974,-0.033167906340332974
1.2852589307355038,1.2687490820224496,-0.6690121975091653,-0.920275771973822,0.2162025433184356,1.259285558890176,-0.508571073354389,-0.3353646338730602,-0.8505791253521618,-0.9075501609217962,3.905124837953327,-0.24112141108520604,0.8563488385776753,-0.3784390048634126,-0.07432941462471664,-0.11559856812793746,-0.3669650414492984,-0.678729811709616,1.647508942095828,-0.7471406682025761,10.618380290797647,-0.105409255338946,-0.23073955174772434,-0.7741427596395154,-0.2773500981126145,-0.19090958396133909,-1.0994261521710633,-0.41554832735932656,-0.21160368475757949,-0.43893114546442885,-0.21442250696755896,-0.3018726524899911,-0.6461002111639058,-0.153694655873568,0.6839166144230383,-0.3493873447137373,-0.2909029959270487,-0.03316790634033297,-0.27272727272727276,-0.3353646338730602,0.8738225743667123,-0.033167906340332974,-0.033167906340332974
-0.30761816906313877,-0.32352565953063306,-0.5737977621426747,-1.361995521956972,-0.24498900478230598,-0.7124106878236237,-0.508571073354389,-0.3353646338730602,-0.8505791253521618,-0.9075501609217962,3.905124837953327,-0.24112141108520604,-1.1677484162422842,-0.3784390048634126,-0.07432941462471664,-0.11559856812793746,-0.3669650414492984,-0.678729811709616,1.647508942095828,-0.7471406682025761,-0.0941763218696022,-0.105409255338946,-0.23073955174772434,1.2917514083134436,-0.2773500981126145,-0.19090958396133909,0.9095654110330884,-0.41554832735932656,-0.21160368475757949,-0.43893114546442885,-0.21442250696755896,-0.3018726524899911,1.547747520773237,-0.153694655873568,-1.4621665549733924,-0.3493873447137373,-0.2909029959270487,-0.03316790634033297,-0.27272727272727276,-0.3353646338730602,0.8738225743667123,-0.033167906340332974,-0.033167906340332974
-0.04994687350747595,0.03392377224658955,-0.4785833267761842,-1.6380703656964404,-0.6139422432628993,0.07626781086189616,-0.508571073354389,-0.3353646338730602,-0.8505791253521618,-0.9075501609217962,3.905124837953327,-0.24112141108520604,-1.1677484162422842,-0.3784390048634126,-0.07432941462471664,-0.11559856812793746,-0.3669650414492984,-0.678729811709616,1.647508942095828,-0.7471406682025761,-0.0941763218696022,-0.105409255338946,-0.23073955174772434,1.2917514083134436,-0.2773500981126145,-0.19090958396133909,0.9095654110330884,-0.41554832735932656,-0.21160368475757949,-0.43893114546442885,-0.21442250696755896,-0.3018726524899911,1.547747520773237,-0.153694655873568,-1.4621665549733924,-0.3493873447137373,-0.2909029959270487,-0.03316790634033297,-0.27272727272727276,-0.3353646338730602,0.8738225743667123,-0.033167906340332974,-0.033167906340332974
-0.04994687350747595,-0.16104864508644096,-0.5737977621426747,-1.361995521956972,0.2162025433184356,0.4706070602046561,-0.508571073354389,-0.3353646338730602,-0.8505791253521618,-0.9075501609217962,3.905124837953327,-0.24112141108520604,0.8563488385776753,-0.3784390048634126,-0.07432941462471664,-0.11559856812793746,-0.3669650414492984,-0.678729811709616,1.647508942095828,-0.7471406682025761,-0.0941763218696022,-0.105409255338946,-0.23073955174772434,1.2917514083134436,-0.2773500981126145,-0.19090958396133909,-1.0994261521710633,-0.41554832735932656,-0.21160368475757949,-0.43893114546442885,-0.21442250696755896,-0.3018726524899911,1.547747520773237,-0.153694655873568,-1.4621665549733924,-0.3493873447137373,-0.2909029959270487,-0.03316790634033297,-0.27272727272727276,-0.3353646338730602,0.8738225743667123,-0.033167906340332974,-0.033167906340332974
-0.04994687350747595,1.3662352906889648,-0.09772558531022213,-0.6994158969822473,-0.42946562402260263,-0.7124106878236237,-0.508571073354389,-0.3353646338730602,-0.8505791253521618,1.101867470316244,-0.25607375986579195,-0.24112141108520604,-1.1677484162422842,-0.3784390048634126,-0.07432941462471664,-0.11559856812793746,-0.3669650414492984,-0.678729811709616,1.647508942095828,-0.7471406682025761,-0.0941763218696022,-0.105409255338946,-0.23073955174772434,1.2917514083134436,-0.2773500981126145,-0.19090958396133909,0.9095654110330884,-0.41554832735932656,-0.21160368475757949,-0.43893114546442885,-0.21442250696755896,-0.3018726524899911,1.547747520773237,-0.153694655873568,-1.4621665549733924,-0.3493873447137373,-0.2909029959270487,-0.03316790634033297,-0.27272727272727276,-0.3353646338730602,0.8738225743667123,-0.033167906340332974,-0.033167906340332974
-0.04994687350747595,0.8138134415787116,-0.4785833267761842,-0.25769614699909765,-1.2596104106039374,0.07626781086189616,-0.508571073354389,-0.3353646338730602,-0.8505791253521618,1.101867470316244,-0.25607375986579195,-0.24112141108520604,0.8563488385776753,-0.3784390048634126,-0.07432941462471664,-0.11559856812793746,-0.3669650414492984,-0.678729811709616,-0.6069769786668839,-0.7471406682025761,-0.0941763218696022,-0.105409255338946,-0.23073955174772434,-0.7741427596395154,-0.2773500981126145,-0.19090958396133909,0.9095654110330884,-0.41554832735932656,-0.21160368475757949,-0.43893114546442885,-0.21442250696755896,3.312655160219113,-0.6461002111639058,-0.153694655873568,0.6839166144230383,-0.3493873447137373,-0.2909029959270487,-0.03316790634033297,-0.27272727272727276,-0.3353646338730602,0.8738225743667123,-0.033167906340332974,-0.033167906340332974
-0.04994687350747595,0.7813180386898733,-0.7642266328756558,-1.2515655844611844,1.0463473298997705,-0.7124106878236237,-0.508571073354389,-0.3353646338730602,-0.8505791253521618,-0.9075501609217962,-0.25607375986579195,-0.24112141108520604,-1.1677484162422842,-0.3784390048634126,-0.07432941462471664,-0.11559856812793746,-0.3669650414492984,-0.678729811709616,1.647508942095828,-0.7471406682025761,-0.0941763218696022,-0.105409255338946,-0.23073955174772434,1.2917514083134436,-0.2773500981126145,-0.19090958396133909,0.9095654110330884,-0.41554832735932656,-0.21160368475757949,-0.43893114546442885,-0.21442250696755896,-0.3018726524899911,1.547747520773237,-0.153694655873568,-1.4621665549733924,-0.3493873447137373,-0.2909029959270487,-0.03316790634033297,-0.27272727272727276,-0.3353646338730602,0.8738225743667123,-0.033167906340332974,-0.033167906340332974
-0.04994687350747595,1.3987306935778032,-0.19294002067671265,-0.4785560219906722,-0.42946562402260263,0.07626781086189616,-0.508571073354389,-0.3353646338730602,-0.8505791253521618,1.101867470316244,-0.25607375986579195,-0.24112141108520604,-1.1677484162422842,-0.3784390048634126,-0.07432941462471664,-0.11559856812793746,-0.3669650414492984,-0.678729811709616,1.647508942095828,-0.7471406682025761,-0.0941763218696022,-0.105409255338946,-0.23073955174772434,1.2917514083134436,-0.2773500981126145,-0.19090958396133909,-1.0994261521710633,-0.41554832735932656,-0.21160368475757949,-0.43893114546442885,-0.21442250696755896,-0.3018726524899911,-0.6461002111639058,-0.153694655873568,0.6839166144230383,-0.3493873447137373,-0.2909029959270487,-0.03316790634033297,-0.27272727272727276,-0.3353646338730602,0.8738225743667123,-0.033167906340332974,-0.033167906340332974
-0.04994687350747595,0.8463088444675501,-0.28815445604320317,-0.3681260844948852,-0.15275069516215767,-0.7124106878236237,-0.508571073354389,-0.3353646338730602,-0.8505791253521618,-0.9075501609217962,-0.25607375986579195,-0.24112141108520604,-1.1677484162422842,-0.3784390048634126,-0.07432941462471664,-0.11559856812793746,-0.3669650414492984,-0.678729811709616,1.647508942095828,-0.7471406682025761,-0.0941763218696022,-0.105409255338946,-0.23073955174772434,1.2917514083134436,-0.2773500981126145,-0.19090958396133909,0.9095654110330884,-0.41554832735932656,-0.21160368475757949,-0.43893114546442885,-0.21442250696755896,-0.3018726524899911,-0.6461002111639058,-0.153694655873568,0.6839166144230383,-0.3493873447137373,-0.2909029959270487,-0.03316790634033297,-0.27272727272727276,-0.3353646338730602,0.8738225743667123,-0.033167906340332974,-0.033167906340332974
-0.04994687350747595,1.3987306935778032,1.0448476390876642,-0.14726620950331015,0.6773940914191772,0.07626781086189616,-0.508571073354389,-0.3353646338730602,-0.8505791253521618,1.101867470316244,-0.25607375986579195,-0.24112141108520604,0.8563488385776753,-0.3784390048634126,-0.07432941462471664,-0.11559856812793746,2.7250552152068273,-0.678729811709616,-0.6069769786668839,-0.7471406682025761,-0.0941763218696022,-0.105409255338946,-0.23073955174772434,1.2917514083134436,-0.2773500981126145,-0.19090958396133909,0.9095654110330884,-0.41554832735932656,-0.21160368475757949,-0.43893114546442885,-0.21442250696755896,-0.3018726524899911,-0.6461002111639058,-0.153694655873568,0.6839166144230383,-0.3493873447137373,-0.2909029959270487,-0.03316790634033297,-0.27272727272727276,-0.3353646338730602,0.8738225743667123,-0.033167906340332974,-0.033167906340332974
1.4492315733618346,1.4312260964666417,-0.5737977621426747,-0.6442009282343537,-0.7061805528830476,0.07626781086189616,-0.508571073354389,-0.3353646338730602,-0.8505791253521618,-0.9075501609217962,-0.25607375986579195,-0.24112141108520604,0.8563488385776753,-0.3784390048634126,-0.07432941462471664,-0.11559856812793746,-0.3669650414492984,-0.678729811709616,1.647508942095828,-0.7471406682025761,-0.0941763218696022,-0.105409255338946,-0.23073955174772434,1.2917514083134436,-0.2773500981126145,-0.19090958396133909,0.9095654110330884,-0.41554832735932656,-0.21160368475757949,-0.43893114546442885,-0.21442250696755896,-0.3018726524899911,1.547747520773237,-0.153694655873568,-1.4621665549733924,-0.3493873447137373,-0.2909029959270487,-0.03316790634033297,-0.27272727272727276,-0.3353646338730602,0.8738225743667123,-0.033167906340332974,-0.033167906340332974
-0.08117975781725328,-0.09605783930876413,-0.6690121975091653,-1.4172104907048653,-0.06051238554200934,-0.7124106878236237,-0.508571073354389,-0.3353646338730602,-0.8505791253521618,-0.9075501609217962,-0.25607375986579195,-0.24112141108520604,0.8563488385776753,-0.3784390048634126,-0.07432941462471664,-0.11559856812793746,-0.3669650414492984,-0.678729811709616,1.647508942095828,-0.7471406682025761,-0.0941763218696022,-0.105409255338946,-0.23073955174772434,1.2917514083134436,-0.2773500981126145,-0.19090958396133909,0.9095654110330884,-0.41554832735932656,-0.21160368475757949,-0.43893114546442885,-0.21442250696755896,3.312655160219113,-0.6461002111639058,-0.153694655873568,0.6839166144230383,-0.3493873447137373,-0.2909029959270487,-0.03316790634033297,-0.27272727272727276,-0.3353646338730602,0.8738225743667123,-0.033167906340332974,-0.033167906340332974
0.7308752342369567,0.7163272329121964,-0.4785833267761842,-0.920275771973822,0.8618707106594738,0.4706070602046561,-0.508571073354389,-0.3353646338730602,-0.8505791253521618,-0.9075501609217962,-0.25607375986579195,-0.24112141108520604,0.8563488385776753,-0.3784390048634126,-0.07432941462471664,-0.11559856812793746,-0.3669650414492984,-0.678729811709616,1.647508942095828,-0.7471406682025761,-0.0941763218696022,-0.105409255338946,-0.23073955174772434,1.2917514083134436,-0.2773500981126145,-0.19090958396133909,0.9095654110330884,-0.41554832735932656,-0.21160368475757949,-0.43893114546442885,-0.21442250696755896,-0.3018726524899911,-0.6461002111639058,-0.153694655873568,0.6839166144230383,-0.3493873447137373,-0.2909029959270487,-0.03316790634033297,-0.27272727272727276,-0.3353646338730602,0.8738225743667123,-0.033167906340332974,-0.033167906340332974
0.9924506403313414,0.9762904560229038,-0.4785833267761842,-0.9754907407217158,-0.6139422432628993,-0.7124106878236237,-0.508571073354389,-0.3353646338730602,-0.8505791253521618,-0.9075501609217962,-0.25607375986579195,-0.24112141108520604,-1.1677484162422842,-0.3784390048634126,-0.07432941462471664,-0.11559856812793746,-0.3669650414492984,-0.678729811709616,1.647508942095828,-0.7471406682025761,-0.0941763218696022,-0.105409255338946,-0.23073955174772434,1.2917514083134436,-0.2773500981126145,-0.19090958396133909,-1.0994261521710633,2.4064589703793833,-0.21160368475757949,-0.43893114546442885,-0.21442250696755896,-0.3018726524899911,-0.6461002111639058,-0.153694655873568,0.6839166144230383,-0.3493873447137373,-0.2909029959270487,-0.03316790634033297,-0.27272727272727276,-0.3353646338730602,0.8738225743667123,-0.033167906340332974,-0.033167906340332974
1.023683524641119,1.0087858589117422,-0.4785833267761842,-0.920275771973822,1.5075388780005121,0.864946309547416,-0.508571073354389,2.981829027262644,-0.8505791253521618,1.101867470316244,-0.25607375986579195,-0.24112141108520604,-1.1677484162422842,-0.3784390048634126,-0.07432941462471664,-0.11559856812793746,-0.3669650414492984,-0.678729811709616,1.647508942095828,-0.7471406682025761,-0.0941763218696022,-0.105409255338946,-0.23073955174772434,1.2917514083134436,-0.2773500981126145,-0.19090958396133909,0.9095654110330884,-0.41554832735932656,-0.21160368475757949,-0.43893114546442885,-0.21442250696755896,-0.3018726524899911,-0.6461002111639058,-0.153694655873568,0.6839166144230383,-0.3493873447137373,-0.2909029959270487,-0.03316790634033297,-0.27272727272727276,-0.3353646338730602,0.8738225743667123,-0.033167906340332974,-0.033167906340332974
1.5468343368298887,1.5287123051331568,-0.6690121975091653,-0.4233410532427787,-0.8906571721233442,1.259285558890176,-0.508571073354389,-0.3353646338730602,-0.8505791253521618,-0.9075501609217962,-0.25607375986579195,-0.24112141108520604,0.8563488385776753,-0.3784390048634126,-0.07432941462471664,-0.11559856812793746,-0.3669650414492984,-0.678729811709616,-0.6069769786668839,-0.7471406682025761,-0.0941763218696022,-0.105409255338946,-0.23073955174772434,-0.7741427596395154,-0.2773500981126145,-0.19090958396133909,-1.0994261521710633,-0.41554832735932656,-0.21160368475757949,-0.43893114546442885,-0.21442250696755896,-0.3018726524899911,1.547747520773237,-0.153694655873568,-1.4621665549733924,-0.3493873447137373,-0.2909029959270487,-0.03316790634033297,-0.27272727272727276,-0.3353646338730602,0.8738225743667123,-0.033167906340332974,-0.033167906340332974
0.6996423499271793,0.683831830023358,-0.7642266328756558,-1.3067805532090782,-0.24498900478230598,0.07626781086189616,-0.508571073354389,-0.3353646338730602,-0.8505791253521618,-0.9075501609217962,-0.25607375986579195,-0.24112141108520604,-1.1677484162422842,-0.3784390048634126,-0.07432941462471664,-0.11559856812793746,-0.3669650414492984,-0.678729811709616,1.647508942095828,-0.7471406682025761,-0.0941763218696022,-0.105409255338946,-0.23073955174772434,1.2917514083134436,-0.2773500981126145,-0.19090958396133909,-1.0994261521710633,2.4064589703793833,-0.21160368475757949,-0.43893114546442885,-0.21442250696755896,-0.3018726524899911,-0.6461002111639058,-0.153694655873568,0.6839166144230383,-0.3493873447137373,-0.2909029959270487,-0.03316790634033297,-0.27272727272727276,-0.3353646338730602,0.8738225743667123,-0.033167906340332974,-0.033167906340332974
1.578067221139666,1.5612077080219953,-0.28815445604320317,-0.8650608032259283,-1.5363253394643823,0.4706070602046561,-0.508571073354389,-0.3353646338730602,-0.8505791253521618,-0.9075501609217962,-0.25607375986579195,-0.24112141108520604,0.8563488385776753,-0.3784390048634126,-0.07432941462471664,-0.11559856812793746,-0.3669650414492984,-0.678729811709616,1.647508942095828,-0.7471406682025761,-0.0941763218696022,-0.105409255338946,-0.23073955174772434,1.2917514083134436,-0.2773500981126145,-0.19090958396133909,-1.0994261521710633,-0.41554832735932656,-0.21160368475757949,-0.43893114546442885,-0.21442250696755896,3.312655160219113,1.547747520773237,-0.153694655873568,-1.4621665549733924,-0.3493873447137373,-0.2909029959270487,-0.03316790634033297,-0.27272727272727276,-0.3353646338730602,0.8738225743667123,-0.033167906340332974,-0.033167906340332974
0.9260807611730647,0.911299650245227,-0.19294002067671265,-0.5337709907385663,-0.6139422432628993,-1.1067499371663836,-0.508571073354389,-0.3353646338730602,-0.8505791253521618,-0.9075501609217962,-0.25607375986579195,-0.24112141108520604,-1.1677484162422842,-0.3784390048634126,-0.07432941462471664,-0.11559856812793746,-0.3669650414492984,-0.678729811709616,1.647508942095828,-0.7471406682025761,-0.0941763218696022,-0.105409255338946,-0.23073955174772434,1.2917514083134436,-0.2773500981126145,-0.19090958396133909,-1.0994261521710633,-0.41554832735932656,-0.21160368475757949,-0.43893114546442885,-0.21442250696755896,-0.3018726524899911,-0.6461002111639058,-0.153694655873568,0.6839166144230383,-0.3493873447137373,-0.2909029959270487,-0.03316790634033297,-0.27272727272727276,-0.3353646338730602,0.8738225743667123,-0.033167906340332974,-0.033167906340332974
0.08279288480907752,0.06641917513542797,-0.4785833267761842,-1.5276404282006528,0.40067916255873226,-1.1067499371663836,-0.508571073354389,-0.3353646338730602,-0.8505791253521618,-0.9075501609217962,-0.25607375986579195,-0.24112141108520604,-1.1677484162422842,-0.3784390048634126,-0.07432941462471664,-0.11559856812793746,-0.3669650414492984,-0.678729811709616,1.647508942095828,-0.7471406682025761,-0.0941763218696022,-0.105409255338946,-0.23073955174772434,1.2917514083134436,-0.2773500981126145,-0.19090958396133909,-1.0994261521710633,-0.41554832735932656,-0.21160368475757949,-0.43893114546442885,-0.21442250696755896,-0.3018726524899911,-0.6461002111639058,-0.153694655873568,0.6839166144230383,-0.3493873447137373,-0.2909029959270487,-0.03316790634033297,-0.27272727272727276,-0.3353646338730602,0.8738225743667123,-0.033167906340332974,-0.033167906340332974
1.6093001054494434,1.5937031109108337,1.6161342512866073,-0.036836272007522645,0.6773940914191772,1.653624808232936,-0.508571073354389,2.981829027262644,-0.8505791253521618,1.101867470316244,-0.25607375986579195,-0.24112141108520604,0.8563488385776753,-0.3784390048634126,-0.07432941462471664,-0.11559856812793746,-0.3669650414492984,-0.678729811709616,-0.6069769786668839,-0.7471406682025761,-0.0941763218696022,-0.105409255338946,-0.23073955174772434,-0.7741427596395154,-0.2773500981126145,-0.19090958396133909,0.9095654110330884,-0.41554832735932656,-0.21160368475757949,-0.43893114546442885,-0.21442250696755896,-0.3018726524899911,-0.6461002111639058,-0.153694655873568,0.6839166144230383,-0.3493873447137373,-0.2909029959270487,-0.03316790634033297,-0.27272727272727276,-0.3353646338730602,0.8738225743667123,-0.033167906340332974,-0.033167906340332974
1.6444371002979428,1.6261985137996722,-0.5737977621426747,-0.6442009282343537,-0.24498900478230598,0.07626781086189616,-0.508571073354389,-0.3353646338730602,-0.8505791253521618,-0.9075501609217962,-0.25607375986579195,-0.24112141108520604,-1.1677484162422842,-0.3784390048634126,-0.07432941462471664,-0.11559856812793746,-0.3669650414492984,-0.678729811709616,1.647508942095828,-0.7471406682025761,-0.0941763218696022,-0.105409255338946,-0.23073955174772434,1.2917514083134436,-0.2773500981126145,-0.19090958396133909,-1.0994261521710633,2.4064589703793833,-0.21160368475757949,-0.43893114546442885,-0.21442250696755896,-0.3018726524899911,-0.6461002111639058,-0.153694655873568,0.6839166144230383,-0.3493873447137373,-0.2909029959270487,-0.03316790634033297,-0.27272727272727276,-0.3353646338730602,0.8738225743667123,-0.033167906340332974,-0.033167906340332974
0.6020395864591253,0.5863456213568427,-0.19294002067671265,-0.9754907407217158,0.2162025433184356,0.4706070602046561,-0.508571073354389,-0.3353646338730602,-0.8505791253521618,1.101867470316244,-0.25607375986579195,-0.24112141108520604,0.8563488385776753,-0.3784390048634126,-0.07432941462471664,-0.11559856812793746,-0.3669650414492984,-0.678729811709616,1.647508942095828,-0.7471406682025761,-0.0941763218696022,-0.105409255338946,-0.23073955174772434,1.2917514083134436,-0.2773500981126145,-0.19090958396133909,-1.0994261521710633,-0.41554832735932656,-0.21160368475757949,-0.43893114546442885,-0.21442250696755896,-0.3018726524899911,-0.6461002111639058,-0.153694655873568,0.6839166144230383,-0.3493873447137373,-0.2909029959270487,-0.03316790634033297,-0.27272727272727276,-0.3353646338730602,0.8738225743667123,-0.033167906340332974,-0.033167906340332974
1.67566998460772,1.6586939166885106,-0.28815445604320317,-0.14726620950331015,0.40067916255873226,0.07626781086189616,-0.508571073354389,-0.3353646338730602,-0.8505791253521618,1.101867470316244,-0.25607375986579195,-0.24112141108520604,0.8563488385776753,-0.3784390048634126,-0.07432941462471664,-0.11559856812793746,-0.3669650414492984,-0.678729811709616,1.647508942095828,-0.7471406682025761,-0.0941763218696022,-0.105409255338946,-0.23073955174772434,1.2917514083134436,-0.2773500981126145,-0.19090958396133909,-1.0994261521710633,-0.41554832735932656,-0.21160368475757949,-0.43893114546442885,-0.21442250696755896,-0.3018726524899911,-0.6461002111639058,-0.153694655873568,0.6839166144230383,-0.3493873447137373,-0.2909029959270487,-0.03316790634033297,-0.27272727272727276,-0.3353646338730602,0.8738225743667123,-0.033167906340332974,-0.033167906340332974
1.67566998460772,1.6586939166885106,-0.28815445604320317,-0.754630865730141,-0.06051238554200934,1.259285558890176,-0.508571073354389,-0.3353646338730602,-0.8505791253521618,1.101867470316244,-0.25607375986579195,-0.24112141108520604,-1.1677484162422842,-0.3784390048634126,-0.07432941462471664,-0.11559856812793746,-0.3669650414492984,-0.678729811709616,1.647508942095828,-0.7471406682025761,-0.0941763218696022,-0.105409255338946,-0.23073955174772434,1.2917514083134436,-0.2773500981126145,-0.19090958396133909,-1.0994261521710633,-0.41554832735932656,-0.21160368475757949,-0.43893114546442885,-0.21442250696755896,-0.3018726524899911,-0.6461002111639058,-0.153694655873568,0.6839166144230383,-0.3493873447137373,-0.2909029959270487,-0.03316790634033297,-0.27272727272727276,-0.3353646338730602,0.8738225743667123,-0.033167906340332974,-0.033167906340332974
1.7069028689174974,1.691189319577349,-0.4785833267761842,-0.754630865730141,0.2162025433184356,-0.7124106878236237,-0.508571073354389,-0.3353646338730602,-0.8505791253521618,-0.9075501609217962,-0.25607375986579195,-0.24112141108520604,-1.1677484162422842,-0.3784390048634126,-0.07432941462471664,-0.11559856812793746,-0.3669650414492984,-0.678729811709616,1.647508942095828,-0.7471406682025761,10.618380290797647,-0.105409255338946,-0.23073955174772434,-0.7741427596395154,-0.2773500981126145,-0.19090958396133909,-1.0994261521710633,2.4064589703793833,-0.21160368475757949,-0.43893114546442885,-0.21442250696755896,-0.3018726524899911,-0.6461002111639058,-0.153694655873568,0.6839166144230383,-0.3493873447137373,-0.2909029959270487,-0.03316790634033297,-0.27272727272727276,-0.3353646338730602,0.8738225743667123,-0.033167906340332974,-0.033167906340332974
1.3164918150452811,1.3012444849112879,-0.002511149943731609,-0.6442009282343537,-0.42946562402260263,-0.7124106878236237,-0.508571073354389,-0.3353646338730602,-0.8505791253521618,1.101867470316244,-0.25607375986579195,-0.24112141108520604,0.8563488385776753,-0.3784390048634126,-0.07432941462471664,-0.11559856812793746,-0.3669650414492984,-0.678729811709616,1.647508942095828,-0.7471406682025761,-0.0941763218696022,-0.105409255338946,-0.23073955174772434,1.2917514083134436,-0.2773500981126145,-0.19090958396133909,0.9095654110330884,-0.41554832735932656,-0.21160368475757949,-0.43893114546442885,-0.21442250696755896,-0.3018726524899911,1.547747520773237,-0.153694655873568,-1.4621665549733924,-0.3493873447137373,-0.2909029959270487,-0.03316790634033297,-0.27272727272727276,-0.3353646338730602,0.8738225743667123,-0.033167906340332974,-0.033167906340332974
-0.27638528475336144,-0.29103025664179466,-0.7642266328756558,-1.4172104907048653,1.4153005683803637,0.4706070602046561,-0.508571073354389,-0.3353646338730602,-0.8505791253521618,-0.9075501609217962,-0.25607375986579195,-0.24112141108520604,-1.1677484162422842,-0.3784390048634126,-0.07432941462471664,-0.11559856812793746,-0.3669650414492984,-0.678729811709616,1.647508942095828,-0.7471406682025761,-0.0941763218696022,-0.105409255338946,-0.23073955174772434,1.2917514083134436,-0.2773500981126145,-0.19090958396133909,-1.0994261521710633,-0.41554832735932656,-0.21160368475757949,-0.43893114546442885,-0.21442250696755896,-0.3018726524899911,1.547747520773237,-0.153694655873568,-1.4621665549733924,-0.3493873447137373,-0.2909029959270487,-0.03316790634033297,-0.27272727272727276,-0.3353646338730602,0.8738225743667123,-0.033167906340332974,-0.033167906340332974
0.5708067021493479,0.5538502184680043,-0.4785833267761842,-1.5276404282006528,-0.3372273144024543,0.4706070602046561,-0.508571073354389,-0.3353646338730602,-0.8505791253521618,-0.9075501609217962,-0.25607375986579195,-0.24112141108520604,0.8563488385776753,-0.3784390048634126,-0.07432941462471664,-0.11559856812793746,-0.3669650414492984,-0.678729811709616,1.647508942095828,-0.7471406682025761,-0.0941763218696022,-0.105409255338946,-0.23073955174772434,1.2917514083134436,-0.2773500981126145,-0.19090958396133909,0.9095654110330884,-0.41554832735932656,-0.21160368475757949,-0.43893114546442885,-0.21442250696755896,3.312655160219113,-0.6461002111639058,-0.153694655873568,0.6839166144230383,-0.3493873447137373,-0.2909029959270487,-0.03316790634033297,-0.27272727272727276,-0.3353646338730602,0.8738225743667123,-0.033167906340332974,-0.033167906340332974
1.7732727480757742,1.7561801253550258,-0.28815445604320317,-0.6442009282343537,-0.42946562402260263,1.259285558890176,-0.508571073354389,-0.3353646338730602,-0.8505791253521618,-0.9075501609217962,-0.25607375986579195,-0.24112141108520604,0.8563488385776753,-0.3784390048634126,-0.07432941462471664,-0.11559856812793746,-0.3669650414492984,-0.678729811709616,1.647508942095828,-0.7471406682025761,-0.0941763218696022,-0.105409255338946,-0.23073955174772434,1.2917514083134436,-0.2773500981126145,-0.19090958396133909,0.9095654110330884,-0.41554832735932656,-0.21160368475757949,-0.43893114546442885,-0.21442250696755896,-0.3018726524899911,-0.6461002111639058,-0.153694655873568,0.6839166144230383,-0.3493873447137373,-0.2909029959270487,-0.03316790634033297,-0.27272727272727276,-0.3353646338730602,0.8738225743667123,-0.033167906340332974,-0.033167906340332974
1.8045056323855515,1.7886755282438642,-0.4785833267761842,-0.6994158969822473,0.49291747217888054,0.07626781086189616,-0.508571073354389,-0.3353646338730602,-0.8505791253521618,1.101867470316244,-0.25607375986579195,-0.24112141108520604,0.8563488385776753,-0.3784390048634126,-0.07432941462471664,-0.11559856812793746,-0.3669650414492984,-0.678729811709616,1.647508942095828,-0.7471406682025761,-0.0941763218696022,-0.105409255338946,4.333890711087691,-0.7741427596395154,-0.2773500981126145,-0.19090958396133909,-1.0994261521710633,-0.41554832735932656,4.725815626252609,-0.43893114546442885,4.663689526544407,-0.3018726524899911,-0.6461002111639058,6.506407098647712,-1.4621665549733924,-0.3493873447137373,-0.2909029959270487,-0.03316790634033297,-0.27272727272727276,-0.3353646338730602,0.8738225743667123,-0.033167906340332974,-0.033167906340332974
-0.7643991020936318,-0.778461299974371,-0.19294002067671265,-1.1963506157132906,0.03172592407813898,0.07626781086189616,-0.508571073354389,-0.3353646338730602,-0.8505791253521618,-0.9075501609217962,-0.25607375986579195,-0.24112141108520604,0.8563488385776753,-0.3784390048634126,-0.07432941462471664,-0.11559856812793746,-0.3669650414492984,-0.678729811709616,1.647508942095828,-0.7471406682025761,-0.0941763218696022,-0.105409255338946,4.333890711087691,-0.7741427596395154,-0.2773500981126145,-0.19090958396133909,-1.0994261521710633,-0.41554832735932656,4.725815626252609,-0.43893114546442885,4.663689526544407,-0.3018726524899911,-0.6461002111639058,6.506407098647712,-1.4621665549733924,-0.3493873447137373,-0.2909029959270487,-0.03316790634033297,3.666666666666667,-0.3353646338730602,-1.1443970770893999,-0.033167906340332974,-0.033167906340332974
1.8045056323855515,1.7886755282438642,1.901777557386079,-0.14726620950331015,0.03172592407813898,0.07626781086189616,-0.508571073354389,-0.3353646338730602,-0.8505791253521618,1.101867470316244,-0.25607375986579195,-0.24112141108520604,0.8563488385776753,-0.3784390048634126,-0.07432941462471664,-0.11559856812793746,-0.3669650414492984,-0.678729811709616,-0.6069769786668839,-0.7471406682025761,-0.0941763218696022,-0.105409255338946,4.333890711087691,-0.7741427596395154,-0.2773500981126145,-0.19090958396133909,-1.0994261521710633,-0.41554832735932656,4.725815626252609,-0.43893114546442885,4.663689526544407,-0.3018726524899911,-0.6461002111639058,6.506407098647712,-1.4621665549733924,-0.3493873447137373,-0.2909029959270487,-0.03316790634033297,3.666666666666667,-0.3353646338730602,-1.1443970770893999,-0.033167906340332974,-0.033167906340332974
1.839642627234051,1.8211709311327027,-0.4785833267761842,-0.6442009282343537,0.03172592407813898,0.07626781086189616,-0.508571073354389,-0.3353646338730602,-0.8505791253521618,-0.9075501609217962,-0.25607375986579195,-0.24112141108520604,0.8563488385776753,-0.3784390048634126,-0.07432941462471664,-0.11559856812793746,-0.3669650414492984,-0.678729811709616,1.647508942095828,-0.7471406682025761,-0.0941763218696022,-0.105409255338946,4.333890711087691,-0.7741427596395154,-0.2773500981126145,-0.19090958396133909,-1.0994261521710633,-0.41554832735932656,4.725815626252609,-0.43893114546442885,4.663689526544407,-0.3018726524899911,-0.6461002111639058,6.506407098647712,-1.4621665549733924,-0.3493873447137373,-0.2909029959270487,-0.03316790634033297,3.666666666666667,-0.3353646338730602,-1.1443970770893999,-0.033167906340332974,-0.033167906340332974
0.3756011752132397,0.35887780113497375,-0.5737977621426747,-1.0859206782175033,0.03172592407813898,0.07626781086189616,-0.508571073354389,-0.3353646338730602,-0.8505791253521618,-0.9075501609217962,-0.25607375986579195,-0.24112141108520604,0.8563488385776753,-0.3784390048634126,-0.07432941462471664,-0.11559856812793746,-0.3669650414492984,-0.678729811709616,1.647508942095828,-0.7471406682025761,-0.0941763218696022,-0.105409255338946,4.333890711087691,-0.7741427596395154,-0.2773500981126145,-0.19090958396133909,-1.0994261521710633,-0.41554832735932656,4.725815626252609,-0.43893114546442885,4.663689526544407,-0.3018726524899911,-0.6461002111639058,6.506407098647712,-1.4621665549733924,-0.3493873447137373,-0.2909029959270487,-0.03316790634033297,3.666666666666667,-0.3353646338730602,-1.1443970770893999,-0.033167906340332974,-0.033167906340332974
1.839642627234051,1.8211709311327027,-0.19294002067671265,-0.036836272007522645,0.03172592407813898,0.07626781086189616,-0.508571073354389,-0.3353646338730602,-0.8505791253521618,1.101867470316244,-0.25607375986579195,-0.24112141108520604,-1.1677484162422842,-0.3784390048634126,-0.07432941462471664,-0.11559856812793746,-0.3669650414492984,-0.678729811709616,1.647508942095828,-0.7471406682025761,-0.0941763218696022,-0.105409255338946,4.333890711087691,-0.7741427596395154,-0.2773500981126145,-0.19090958396133909,-1.0994261521710633,-0.41554832735932656,4.725815626252609,-0.43893114546442885,4.663689526544407,-0.3018726524899911,-0.6461002111639058,6.506407098647712,-1.4621665549733924,-0.3493873447137373,-0.2909029959270487,-0.03316790634033297,3.666666666666667,-0.3353646338730602,-1.1443970770893999,-0.033167906340332974,-0.033167906340332974
1.839642627234051,1.8211709311327027,-0.3833688914096937,-0.3681260844948852,0.03172592407813898,0.07626781086189616,-0.508571073354389,-0.3353646338730602,-0.8505791253521618,-0.9075501609217962,-0.25607375986579195,-0.24112141108520604,-1.1677484162422842,-0.3784390048634126,-0.07432941462471664,-0.11559856812793746,-0.3669650414492984,-0.678729811709616,1.647508942095828,-0.7471406682025761,-0.0941763218696022,-0.105409255338946,-0.23073955174772434,1.2917514083134436,-0.2773500981126145,-0.19090958396133909,0.9095654110330884,-0.41554832735932656,-0.21160368475757949,-0.43893114546442885,-0.21442250696755896,-0.3018726524899911,-0.6461002111639058,-0.153694655873568,0.6839166144230383,-0.3493873447137373,-0.2909029959270487,-0.03316790634033297,3.666666666666667,-0.3353646338730602,-1.1443970770893999,-0.033167906340332974,-0.033167906340332974
0.5356697073008485,0.5213548155791659,-0.28815445604320317,-0.25769614699909765,0.03172592407813898,0.07626781086189616,-0.508571073354389,-0.3353646338730602,-0.8505791253521618,-0.9075501609217962,-0.25607375986579195,-0.24112141108520604,0.8563488385776753,-0.3784390048634126,-0.07432941462471664,-0.11559856812793746,-0.3669650414492984,-0.678729811709616,1.647508942095828,-0.7471406682025761,-0.0941763218696022,-0.105409255338946,-0.23073955174772434,1.2917514083134436,-0.2773500981126145,-0.19090958396133909,0.9095654110330884,-0.41554832735932656,-0.21160368475757949,-0.43893114546442885,-0.21442250696755896,-0.3018726524899911,1.547747520773237,-0.153694655873568,-1.4621665549733924,-0.3493873447137373,-0.2909029959270487,-0.03316790634033297,3.666666666666667,-0.3353646338730602,-1.1443970770893999,-0.033167906340332974,-0.033167906340332974
1.3516288098937805,1.3337398878001263,-0.09772558531022213,-0.5337709907385663,0.03172592407813898,0.07626781086189616,-0.508571073354389,-0.3353646338730602,-0.8505791253521618,1.101867470316244,-0.25607375986579195,-0.24112141108520604,-1.1677484162422842,-0.3784390048634126,-0.07432941462471664,-0.11559856812793746,-0.3669650414492984,-0.678729811709616,1.647508942095828,-0.7471406682025761,-0.0941763218696022,-0.105409255338946,-0.23073955174772434,1.2917514083134436,-0.2773500981126145,-0.19090958396133909,-1.0994261521710633,-0.41554832735932656,-0.21160368475757949,-0.43893114546442885,-0.21442250696755896,-0.3018726524899911,-0.6461002111639058,-0.153694655873568,0.6839166144230383,-0.3493873447137373,-0.2909029959270487,-0.03316790634033297,3.666666666666667,-0.3353646338730602,-1.1443970770893999,-0.033167906340332974,-0.033167906340332974
1.8708755115438283,1.8536663340215411,-0.28815445604320317,-0.4785560219906722,0.03172592407813898,0.07626781086189616,-0.508571073354389,-0.3353646338730602,-0.8505791253521618,1.101867470316244,-0.25607375986579195,-0.24112141108520604,-1.1677484162422842,-0.3784390048634126,-0.07432941462471664,-0.11559856812793746,-0.3669650414492984,-0.678729811709616,1.647508942095828,-0.7471406682025761,-0.0941763218696022,-0.105409255338946,-0.23073955174772434,1.2917514083134436,-0.2773500981126145,-0.19090958396133909,0.9095654110330884,-0.41554832735932656,-0.21160368475757949,-0.43893114546442885,-0.21442250696755896,-0.3018726524899911,-0.6461002111639058,-0.153694655873568,0.6839166144230383,-0.3493873447137373,-0.2909029959270487,-0.03316790634033297,3.666666666666667,-0.3353646338730602,-1.1443970770893999,-0.033167906340332974,-0.033167906340332974
-0.04994687350747595,1.8536663340215411,-0.3833688914096937,-0.20248117825120368,0.03172592407813898,0.07626781086189616,-0.508571073354389,-0.3353646338730602,-0.8505791253521618,1.101867470316244,-0.25607375986579195,-0.24112141108520604,-1.1677484162422842,-0.3784390048634126,-0.07432941462471664,-0.11559856812793746,-0.3669650414492984,-0.678729811709616,1.647508942095828,-0.7471406682025761,-0.0941763218696022,-0.105409255338946,-0.23073955174772434,1.2917514083134436,-0.2773500981126145,-0.19090958396133909,0.9095654110330884,-0.41554832735932656,-0.21160368475757949,-0.43893114546442885,-0.21442250696755896,-0.3018726524899911,-0.6461002111639058,-0.153694655873568,0.6839166144230383,-0.3493873447137373,-0.2909029959270487,-0.03316790634033297,3.666666666666667,-0.3353646338730602,-1.1443970770893999,-0.033167906340332974,-0.033167906340332974
-0.04994687350747595,-0.3885164653083099,-0.3833688914096937,-1.472425459452759,0.03172592407813898,0.07626781086189616,-0.508571073354389,-0.3353646338730602,-0.8505791253521618,-0.9075501609217962,-0.25607375986579195,-0.24112141108520604,0.8563488385776753,-0.3784390048634126,-0.07432941462471664,-0.11559856812793746,-0.3669650414492984,-0.678729811709616,-0.6069769786668839,-0.7471406682025761,-0.0941763218696022,-0.105409255338946,-0.23073955174772434,-0.7741427596395154,-0.2773500981126145,-0.19090958396133909,0.9095654110330884,-0.41554832735932656,-0.21160368475757949,-0.43893114546442885,-0.21442250696755896,-0.3018726524899911,-0.6461002111639058,-0.153694655873568,0.6839166144230383,-0.3493873447137373,-0.2909029959270487,-0.03316790634033297,3.666666666666667,-0.3353646338730602,-1.1443970770893999,-0.033167906340332974,-0.033167906340332974
-0.04994687350747595,-0.778461299974371,-0.5737977621426747,-1.0859206782175033,0.03172592407813898,-0.7124106878236237,-0.508571073354389,-0.3353646338730602,-0.8505791253521618,-0.9075501609217962,-0.25607375986579195,-0.24112141108520604,0.8563488385776753,-0.3784390048634126,-0.07432941462471664,-0.11559856812793746,-0.3669650414492984,-0.678729811709616,-0.6069769786668839,-0.7471406682025761,-0.0941763218696022,-0.105409255338946,-0.23073955174772434,-0.7741427596395154,-0.2773500981126145,-0.19090958396133909,0.9095654110330884,-0.41554832735932656,-0.21160368475757949,-0.43893114546442885,-0.21442250696755896,-0.3018726524899911,1.547747520773237,-0.153694655873568,-1.4621665549733924,-0.3493873447137373,-0.2909029959270487,-0.03316790634033297,-0.27272727272727276,2.981829027262644,-1.1443970770893999,-0.033167906340332974,-0.033167906340332974
-0.04994687350747595,1.8861617369103796,-0.5737977621426747,-0.20248117825120368,-1.0751337913636407,0.4706070602046561,-0.508571073354389,-0.3353646338730602,-0.8505791253521618,-0.9075501609217962,-0.25607375986579195,-0.24112141108520604,-1.1677484162422842,-0.3784390048634126,-0.07432941462471664,-0.11559856812793746,-0.3669650414492984,-0.678729811709616,1.647508942095828,-0.7471406682025761,-0.0941763218696022,-0.105409255338946,-0.23073955174772434,1.2917514083134436,-0.2773500981126145,-0.19090958396133909,0.9095654110330884,-0.41554832735932656,-0.21160368475757949,-0.43893114546442885,-0.21442250696755896,-0.3018726524899911,-0.6461002111639058,-0.153694655873568,0.6839166144230383,-0.3493873447137373,-0.2909029959270487,-0.03316790634033297,-0.27272727272727276,2.981829027262644,-1.1443970770893999,-0.033167906340332974,-0.033167906340332974
1.9021083958536054,1.8861617369103796,-0.19294002067671265,-1.3067805532090782,-1.5363253394643823,-0.7124106878236237,-0.508571073354389,-0.3353646338730602,-0.8505791253521618,-0.9075501609217962,-0.25607375986579195,-0.24112141108520604,0.8563488385776753,-0.3784390048634126,-0.07432941462471664,-0.11559856812793746,-0.3669650414492984,-0.678729811709616,1.647508942095828,-0.7471406682025761,-0.0941763218696022,-0.105409255338946,-0.23073955174772434,1.2917514083134436,-0.2773500981126145,-0.19090958396133909,-1.0994261521710633,-0.41554832735932656,-0.21160368475757949,-0.43893114546442885,-0.21442250696755896,3.312655160219113,1.547747520773237,-0.153694655873568,-1.4621665549733924,-0.3493873447137373,-0.2909029959270487,-0.03316790634033297,-0.27272727272727276,2.981829027262644,-1.1443970770893999,-0.033167906340332974,-0.033167906340332974
1.9021083958536054,1.8861617369103796,0.663989897621702,-0.036836272007522645,-0.06051238554200934,0.07626781086189616,-0.508571073354389,-0.3353646338730602,-0.8505791253521618,1.101867470316244,-0.25607375986579195,-0.24112141108520604,-1.1677484162422842,-0.3784390048634126,-0.07432941462471664,-0.11559856812793746,2.7250552152068273,-0.678729811709616,-0.6069769786668839,-0.7471406682025761,-0.0941763218696022,-0.105409255338946,-0.23073955174772434,-0.7741427596395154,3.605551275463989,-0.19090958396133909,0.9095654110330884,-0.41554832735932656,-0.21160368475757949,-0.43893114546442885,-0.21442250696755896,-0.3018726524899911,1.547747520773237,-0.153694655873568,-1.4621665549733924,-0.3493873447137373,-0.2909029959270487,-0.03316790634033297,-0.27272727272727276,2.981829027262644,-1.1443970770893999,-0.033167906340332974,-0.033167906340332974
1.3516288098937805,1.3337398878001263,-0.4785833267761842,-0.6994158969822473,-0.42946562402260263,1.653624808232936,-0.508571073354389,-0.3353646338730602,-0.8505791253521618,-0.9075501609217962,-0.25607375986579195,-0.24112141108520604,0.8563488385776753,-0.3784390048634126,-0.07432941462471664,-0.11559856812793746,-0.3669650414492984,-0.678729811709616,1.647508942095828,-0.7471406682025761,-0.0941763218696022,-0.105409255338946,-0.23073955174772434,1.2917514083134436,-0.2773500981126145,-0.19090958396133909,0.9095654110330884,-0.41554832735932656,-0.21160368475757949,-0.43893114546442885,-0.21442250696755896,3.312655160219113,-0.6461002111639058,-0.153694655873568,0.6839166144230383,-0.3493873447137373,-0.2909029959270487,-0.03316790634033297,-0.27272727272727276,2.981829027262644,-1.1443970770893999,-0.033167906340332974,-0.033167906340332974
-0.014809878658976545,-0.031067033531087286,-0.5737977621426747,-1.3067805532090782,1.4153005683803637,-1.1067499371663836,-0.508571073354389,-0.3353646338730602,-0.8505791253521618,-0.9075501609217962,-0.25607375986579195,-0.24112141108520604,0.8563488385776753,-0.3784390048634126,-0.07432941462471664,-0.11559856812793746,-0.3669650414492984,-0.678729811709616,1.647508942095828,-0.7471406682025761,-0.0941763218696022,-0.105409255338946,-0.23073955174772434,1.2917514083134436,-0.2773500981126145,-0.19090958396133909,-1.0994261521710633,-0.41554832735932656,-0.21160368475757949,-0.43893114546442885,-0.21442250696755896,-0.3018726524899911,1.547747520773237,-0.153694655873568,-1.4621665549733924,-0.3493873447137373,-0.2909029959270487,-0.03316790634033297,-0.27272727272727276,2.981829027262644,-1.1443970770893999,-0.033167906340332974,-0.033167906340332974
0.8284779977050107,0.8138134415787116,-0.09772558531022213,-0.14726620950331015,1.5075388780005121,0.4706070602046561,-0.508571073354389,-0.3353646338730602,-0.8505791253521618,1.101867470316244,-0.25607375986579195,-0.24112141108520604,-1.1677484162422842,-0.3784390048634126,-0.07432941462471664,-0.11559856812793746,-0.3669650414492984,-0.678729811709616,-0.6069769786668839,-0.7471406682025761,-0.0941763218696022,-0.105409255338946,-0.23073955174772434,-0.7741427596395154,-0.2773500981126145,5.238081709939242,0.9095654110330884,-0.41554832735932656,-0.21160368475757949,-0.43893114546442885,-0.21442250696755896,-0.3018726524899911,-0.6461002111639058,-0.153694655873568,0.6839166144230383,-0.3493873447137373,-0.2909029959270487,-0.03316790634033297,-0.27272727272727276,2.981829027262644,-1.1443970770893999,-0.033167906340332974,-0.033167906340332974
0.04765588996057812,0.03392377224658955,-0.7642266328756558,-1.5828553969485466,-0.8906571721233442,-1.1067499371663836,-0.508571073354389,-0.3353646338730602,-0.8505791253521618,-0.9075501609217962,-0.25607375986579195,-0.24112141108520604,-1.1677484162422842,-0.3784390048634126,-0.07432941462471664,-0.11559856812793746,-0.3669650414492984,-0.678729811709616,1.647508942095828,-0.7471406682025761,-0.0941763218696022,-0.105409255338946,-0.23073955174772434,1.2917514083134436,-0.2773500981126145,-0.19090958396133909,0.9095654110330884,-0.41554832735932656,-0.21160368475757949,-0.43893114546442885,-0.21442250696755896,-0.3018726524899911,-0.6461002111639058,-0.153694655873568,0.6839166144230383,-0.3493873447137373,-0.2909029959270487,-0.03316790634033297,-0.27272727272727276,2.981829027262644,-1.1443970770893999,-0.033167906340332974,-0.033167906340332974
1.968478275011882,1.9511525426880563,-0.4785833267761842,-0.8098458344780347,0.03172592407813898,-0.7124106878236237,-0.508571073354389,-0.3353646338730602,-0.8505791253521618,1.101867470316244,-0.25607375986579195,-0.24112141108520604,-1.1677484162422842,-0.3784390048634126,-0.07432941462471664,-0.11559856812793746,-0.3669650414492984,-0.678729811709616,1.647508942095828,-0.7471406682025761,-0.0941763218696022,-0.105409255338946,-0.23073955174772434,1.2917514083134436,-0.2773500981126145,-0.19090958396133909,-1.0994261521710633,-0.41554832735932656,-0.21160368475757949,-0.43893114546442885,-0.21442250696755896,-0.3018726524899911,-0.6461002111639058,-0.153694655873568,0.6839166144230383,-0.3493873447137373,-0.2909029959270487,-0.03316790634033297,-0.27272727272727276,2.981829027262644,-1.1443970770893999,-0.033167906340332974,-0.033167906340332974
2.4564920923521525,2.438583586020633,-0.09772558531022213,-0.4785560219906722,-0.8906571721233442,0.864946309547416,-0.508571073354389,-0.3353646338730602,-0.8505791253521618,1.101867470316244,-0.25607375986579195,-0.24112141108520604,0.8563488385776753,-0.3784390048634126,-0.07432941462471664,-0.11559856812793746,-0.3669650414492984,-0.678729811709616,1.647508942095828,-0.7471406682025761,-0.0941763218696022,-0.105409255338946,-0.23073955174772434,1.2917514083134436,-0.2773500981126145,-0.19090958396133909,0.9095654110330884,-0.41554832735932656,-0.21160368475757949,-0.43893114546442885,-0.21442250696755896,-0.3018726524899911,-0.6461002111639058,-0.153694655873568,0.6839166144230383,-0.3493873447137373,-0.2909029959270487,-0.03316790634033297,-0.27272727272727276,2.981829027262644,-1.1443970770893999,-0.033167906340332974,-0.033167906340332974
1.968478275011882,1.9511525426880563,-0.3833688914096937,-0.8650608032259283,-0.3372273144024543,0.4706070602046561,-0.508571073354389,-0.3353646338730602,-0.8505791253521618,-0.9075501609217962,-0.25607375986579195,-0.24112141108520604,0.8563488385776753,-0.3784390048634126,-0.07432941462471664,-0.11559856812793746,-0.3669650414492984,-0.678729811709616,1.647508942095828,-0.7471406682025761,-0.0941763218696022,-0.105409255338946,-0.23073955174772434,1.2917514083134436,-0.2773500981126145,-0.19090958396133909,0.9095654110330884,-0.41554832735932656,-0.21160368475757949,-0.43893114546442885,-0.21442250696755896,3.312655160219113,-0.6461002111639058,-0.153694655873568,0.6839166144230383,-0.3493873447137373,-0.2909029959270487,-0.03316790634033297,-0.27272727272727276,-0.3353646338730602,0.8738225743667123,-0.033167906340332974,-0.033167906340332974
0.34046418036474035,0.32638239824613535,-0.5737977621426747,-1.472425459452759,0.03172592407813898,-1.1067499371663836,-0.508571073354389,-0.3353646338730602,-0.8505791253521618,-0.9075501609217962,-0.25607375986579195,-0.24112141108520604,0.8563488385776753,-0.3784390048634126,-0.07432941462471664,-0.11559856812793746,2.7250552152068273,-0.678729811709616,-0.6069769786668839,-0.7471406682025761,-0.0941763218696022,-0.105409255338946,-0.23073955174772434,1.2917514083134436,-0.2773500981126145,-0.19090958396133909,0.9095654110330884,-0.41554832735932656,-0.21160368475757949,-0.43893114546442885,-0.21442250696755896,-0.3018726524899911,-0.6461002111639058,-0.153694655873568,0.6839166144230383,-0.3493873447137373,-0.2909029959270487,-0.03316790634033297,-0.27272727272727276,-0.3353646338730602,0.8738225743667123,-0.033167906340332974,-0.033167906340332974
-1.8380295002422267,-1.8508095953060388,-1.8115854219070515,-1.0859206782175033,2.5221602838221435,0.07626781086189616,1.9662935082097504,-0.3353646338730602,-0.8505791253521618,-0.9075501609217962,-0.25607375986579195,-0.24112141108520604,-1.1677484162422842,2.6424337532568107,-0.07432941462471664,-0.11559856812793746,-0.3669650414492984,-0.678729811709616,-0.6069769786668839,-0.7471406682025761,-0.0941763218696022,-0.105409255338946,-0.23073955174772434,-0.7741427596395154,3.605551275463989,-0.19090958396133909,0.9095654110330884,-0.41554832735932656,-0.21160368475757949,-0.43893114546442885,-0.21442250696755896,-0.3018726524899911,-0.6461002111639058,-0.153694655873568,0.6839166144230383,-0.3493873447137373,-0.2909029959270487,-0.03316790634033297,-0.27272727272727276,-0.3353646338730602,0.8738225743667123,-0.033167906340332974,-0.033167906340332974
-1.869262384552004,-1.8833049981948773,-1.5259421158075799,-0.8650608032259283,3.4445433800236263,0.07626781086189616,1.9662935082097504,-0.3353646338730602,-0.8505791253521618,1.101867470316244,-0.25607375986579195,-0.24112141108520604,-1.1677484162422842,-0.3784390048634126,-0.07432941462471664,-0.11559856812793746,-0.3669650414492984,-0.678729811709616,1.647508942095828,-0.7471406682025761,-0.0941763218696022,-0.105409255338946,-0.23073955174772434,1.2917514083134436,-0.2773500981126145,-0.19090958396133909,0.9095654110330884,-0.41554832735932656,-0.21160368475757949,-0.43893114546442885,-0.21442250696755896,-0.3018726524899911,-0.6461002111639058,-0.153694655873568,0.6839166144230383,-0.3493873447137373,-0.2909029959270487,-0.03316790634033297,-0.27272727272727276,-0.3353646338730602,0.8738225743667123,-0.033167906340332974,-0.033167906340332974
-1.77165962108395,-1.785818789528362,-1.5259421158075799,-1.0859206782175033,-0.24498900478230598,0.07626781086189616,1.9662935082097504,-0.3353646338730602,-0.8505791253521618,1.101867470316244,-0.25607375986579195,-0.24112141108520604,-1.1677484162422842,2.6424337532568107,-0.07432941462471664,-0.11559856812793746,-0.3669650414492984,-0.678729811709616,-0.6069769786668839,-0.7471406682025761,-0.0941763218696022,-0.105409255338946,-0.23073955174772434,1.2917514083134436,-0.2773500981126145,-0.19090958396133909,-1.0994261521710633,-0.41554832735932656,-0.21160368475757949,2.2782616597915593,-0.21442250696755896,-0.3018726524899911,-0.6461002111639058,-0.153694655873568,0.6839166144230383,-0.3493873447137373,-0.2909029959270487,-0.03316790634033297,-0.27272727272727276,-0.3353646338730602,0.8738225743667123,-0.033167906340332974,-0.033167906340332974
-1.7404267367741726,-1.7533233866395235,-1.4307276804410896,-1.0859206782175033,2.891113522302737,-2.2897676851946636,1.9662935082097504,-0.3353646338730602,-0.8505791253521618,1.101867470316244,-0.25607375986579195,-0.24112141108520604,-1.1677484162422842,2.6424337532568107,-0.07432941462471664,-0.11559856812793746,-0.3669650414492984,-0.678729811709616,-0.6069769786668839,-0.7471406682025761,-0.0941763218696022,-0.105409255338946,-0.23073955174772434,-0.7741427596395154,3.605551275463989,-0.19090958396133909,-1.0994261521710633,-0.41554832735932656,-0.21160368475757949,2.2782616597915593,-0.21442250696755896,-0.3018726524899911,-0.6461002111639058,-0.153694655873568,0.6839166144230383,-0.3493873447137373,-0.2909029959270487,-0.03316790634033297,-0.27272727272727276,2.981829027262644,-1.1443970770893999,-0.033167906340332974,-0.033167906340332974
-1.7404267367741726,-1.7533233866395235,-1.0498699389751274,-0.9754907407217158,1.5075388780005121,0.07626781086189616,1.9662935082097504,-0.3353646338730602,-0.8505791253521618,-0.9075501609217962,-0.25607375986579195,-0.24112141108520604,-1.1677484162422842,2.6424337532568107,-0.07432941462471664,-0.11559856812793746,-0.3669650414492984,-0.678729811709616,-0.6069769786668839,-0.7471406682025761,-0.0941763218696022,-0.105409255338946,-0.23073955174772434,-0.7741427596395154,3.605551275463989,-0.19090958396133909,-1.0994261521710633,-0.41554832735932656,-0.21160368475757949,2.2782616597915593,-0.21442250696755896,-0.3018726524899911,-0.6461002111639058,-0.153694655873568,0.6839166144230383,-0.3493873447137373,-0.2909029959270487,-0.03316790634033297,3.666666666666667,-0.3353646338730602,-1.1443970770893999,-0.033167906340332974,-0.033167906340332974
-1.7404267367741726,-1.7533233866395235,-0.9546555036086368,-1.2515655844611844,0.1239642336982873,0.07626781086189616,1.9662935082097504,-0.3353646338730602,-0.8505791253521618,-0.9075501609217962,-0.25607375986579195,-0.24112141108520604,-1.1677484162422842,-0.3784390048634126,-0.07432941462471664,-0.11559856812793746,-0.3669650414492984,-0.678729811709616,1.647508942095828,-0.7471406682025761,-0.0941763218696022,-0.105409255338946,-0.23073955174772434,1.2917514083134436,-0.2773500981126145,-0.19090958396133909,0.9095654110330884,-0.41554832735932656,-0.21160368475757949,-0.43893114546442885,-0.21442250696755896,-0.3018726524899911,-0.6461002111639058,-0.153694655873568,0.6839166144230383,-0.3493873447137373,-0.2909029959270487,-0.03316790634033297,3.666666666666667,-0.3353646338730602,-1.1443970770893999,-0.033167906340332974,-0.033167906340332974
-1.7404267367741726,-1.7533233866395235,-0.6690121975091653,-1.2515655844611844,1.6920154972408086,0.07626781086189616,1.9662935082097504,-0.3353646338730602,-0.8505791253521618,-0.9075501609217962,-0.25607375986579195,-0.24112141108520604,-1.1677484162422842,-0.3784390048634126,-0.07432941462471664,-0.11559856812793746,-0.3669650414492984,-0.678729811709616,-0.6069769786668839,-0.7471406682025761,-0.0941763218696022,-0.105409255338946,-0.23073955174772434,-0.7741427596395154,-0.2773500981126145,5.238081709939242,-1.0994261521710633,-0.41554832735932656,-0.21160368475757949,2.2782616597915593,-0.21442250696755896,-0.3018726524899911,-0.6461002111639058,-0.153694655873568,0.6839166144230383,-0.3493873447137373,-0.2909029959270487,-0.03316790634033297,3.666666666666667,-0.3353646338730602,-1.1443970770893999,-0.033167906340332974,-0.033167906340332974
-1.7091938524643953,-1.7208279837506852,-0.5737977621426747,-0.8650608032259283,2.891113522302737,0.07626781086189616,1.9662935082097504,-0.3353646338730602,-0.8505791253521618,1.101867470316244,-0.25607375986579195,-0.24112141108520604,-1.1677484162422842,-0.3784390048634126,-0.07432941462471664,-0.11559856812793746,-0.3669650414492984,-0.678729811709616,1.647508942095828,-0.7471406682025761,-0.0941763218696022,-0.105409255338946,-0.23073955174772434,1.2917514083134436,-0.2773500981126145,-0.19090958396133909,0.9095654110330884,-0.41554832735932656,-0.21160368475757949,-0.43893114546442885,-0.21442250696755896,-0.3018726524899911,-0.6461002111639058,-0.153694655873568,0.6839166144230383,-0.3493873447137373,-0.2909029959270487,-0.03316790634033297,3.666666666666667,-0.3353646338730602,-1.1443970770893999,-0.033167906340332974,-0.033167906340332974
-1.6740568576158958,-1.6883325808618468,-0.4785833267761842,-1.1411356469653968,2.2454453549616984,0.07626781086189616,1.9662935082097504,-0.3353646338730602,-0.8505791253521618,-0.9075501609217962,-0.25607375986579195,-0.24112141108520604,0.8563488385776753,2.6424337532568107,-0.07432941462471664,-0.11559856812793746,-0.3669650414492984,-0.678729811709616,-0.6069769786668839,-0.7471406682025761,-0.0941763218696022,-0.105409255338946,-0.23073955174772434,-0.7741427596395154,3.605551275463989,-0.19090958396133909,0.9095654110330884,-0.41554832735932656,-0.21160368475757949,-0.43893114546442885,-0.21442250696755896,-0.3018726524899911,-0.6461002111639058,-0.153694655873568,0.6839166144230383,-0.3493873447137373,-0.2909029959270487,-0.03316790634033297,3.666666666666667,-0.3353646338730602,-1.1443970770893999,-0.033167906340332974,-0.033167906340332974
-1.6740568576158958,-1.6883325808618468,-0.28815445604320317,-0.920275771973822,1.5997771876206603,0.07626781086189616,1.9662935082097504,-0.3353646338730602,-0.8505791253521618,1.101867470316244,-0.25607375986579195,-0.24112141108520604,-1.1677484162422842,-0.3784390048634126,-0.07432941462471664,-0.11559856812793746,-0.3669650414492984,-0.678729811709616,1.647508942095828,-0.7471406682025761,-0.0941763218696022,-0.105409255338946,-0.23073955174772434,1.2917514083134436,-0.2773500981126145,-0.19090958396133909,0.9095654110330884,-0.41554832735932656,-0.21160368475757949,-0.43893114546442885,-0.21442250696755896,-0.3018726524899911,1.547747520773237,-0.153694655873568,-1.4621665549733924,-0.3493873447137373,-0.2909029959270487,-0.03316790634033297,3.666666666666667,-0.3353646338730602,-1.1443970770893999,-0.033167906340332974,-0.033167906340332974
-1.6740568576158958,-1.6883325808618468,-0.09772558531022213,-1.1963506157132906,2.891113522302737,0.07626781086189616,1.9662935082097504,-0.3353646338730602,-0.8505791253521618,1.101867470316244,-0.25607375986579195,-0.24112141108520604,0.8563488385776753,2.6424337532568107,-0.07432941462471664,-0.11559856812793746,-0.3669650414492984,-0.678729811709616,-0.6069769786668839,-0.7471406682025761,-0.0941763218696022,-0.105409255338946,-0.23073955174772434,1.2917514083134436,-0.2773500981126145,-0.19090958396133909,-1.0994261521710633,-0.41554832735932656,-0.21160368475757949,2.2782616597915593,-0.21442250696755896,-0.3018726524899911,1.547747520773237,-0.153694655873568,-1.4621665549733924,-0.3493873447137373,-0.2909029959270487,-0.03316790634033297,3.666666666666667,-0.3353646338730602,-1.1443970770893999,-0.033167906340332974,-0.033167906340332974
0.016423005650800786,0.0014283693577511344,-0.28815445604320317,-0.754630865730141,1.2308239491400672,0.07626781086189616,1.9662935082097504,-0.3353646338730602,-0.8505791253521618,-0.9075501609217962,-0.25607375986579195,-0.24112141108520604,-1.1677484162422842,-0.3784390048634126,-0.07432941462471664,-0.11559856812793746,-0.3669650414492984,-0.678729811709616,1.647508942095828,-0.7471406682025761,-0.0941763218696022,-0.105409255338946,-0.23073955174772434,1.2917514083134436,-0.2773500981126145,-0.19090958396133909,0.9095654110330884,-0.41554832735932656,-0.21160368475757949,-0.43893114546442885,-0.21442250696755896,-0.3018726524899911,-0.6461002111639058,-0.153694655873568,0.6839166144230383,-0.3493873447137373,-0.2909029959270487,-0.03316790634033297,3.666666666666667,-0.3353646338730602,-1.1443970770893999,-0.033167906340332974,-0.033167906340332974
-1.513988325528287,-1.5258555664176547,0.09270328542275891,-1.1963506157132906,1.5997771876206603,1.259285558890176,-0.508571073354389,2.981829027262644,-0.8505791253521618,-0.9075501609217962,-0.25607375986579195,-0.24112141108520604,0.8563488385776753,-0.3784390048634126,-0.07432941462471664,-0.11559856812793746,-0.3669650414492984,-0.678729811709616,-0.6069769786668839,-0.7471406682025761,-0.0941763218696022,-0.105409255338946,-0.23073955174772434,1.2917514083134436,-0.2773500981126145,-0.19090958396133909,-1.0994261521710633,2.4064589703793833,-0.21160368475757949,-0.43893114546442885,-0.21442250696755896,-0.3018726524899911,-0.6461002111639058,-0.153694655873568,0.6839166144230383,-0.3493873447137373,-0.2909029959270487,-0.03316790634033297,-0.27272727272727276,2.981829027262644,-1.1443970770893999,-0.033167906340332974,-0.033167906340332974
-1.6428239733061185,-1.6558371779730083,-0.002511149943731609,-0.14726620950331015,0.49291747217888054,1.653624808232936,-0.508571073354389,2.981829027262644,-0.8505791253521618,-0.9075501609217962,3.905124837953327,4.147288270665544,-1.1677484162422842,-0.3784390048634126,-0.07432941462471664,8.650626181573987,-0.3669650414492984,-0.678729811709616,-0.6069769786668839,-0.7471406682025761,-0.0941763218696022,-0.105409255338946,4.333890711087691,-0.7741427596395154,-0.2773500981126145,-0.19090958396133909,-1.0994261521710633,-0.41554832735932656,4.725815626252609,-0.43893114546442885,4.663689526544407,-0.3018726524899911,-0.6461002111639058,-0.153694655873568,0.6839166144230383,-0.3493873447137373,-0.2909029959270487,-0.03316790634033297,-0.27272727272727276,2.981829027262644,-1.1443970770893999,-0.033167906340332974,-0.033167906340332974
-1.6428239733061185,-1.6558371779730083,-0.002511149943731609,-0.14726620950331015,0.7696324010393255,1.259285558890176,-0.508571073354389,2.981829027262644,-0.8505791253521618,-0.9075501609217962,3.905124837953327,4.147288270665544,-1.1677484162422842,-0.3784390048634126,-0.07432941462471664,8.650626181573987,-0.3669650414492984,-0.678729811709616,-0.6069769786668839,-0.7471406682025761,-0.0941763218696022,-0.105409255338946,4.333890711087691,-0.7741427596395154,-0.2773500981126145,-0.19090958396133909,-1.0994261521710633,-0.41554832735932656,4.725815626252609,-0.43893114546442885,4.663689526544407,-0.3018726524899911,-0.6461002111639058,-0.153694655873568,0.6839166144230383,-0.3493873447137373,-0.2909029959270487,-0.03316790634033297,-0.27272727272727276,2.981829027262644,-1.1443970770893999,-0.033167906340332974,-0.033167906340332974
-1.513988325528287,-1.5258555664176547,-0.002511149943731609,-0.14726620950331015,0.49291747217888054,0.07626781086189616,-0.508571073354389,2.981829027262644,-0.8505791253521618,-0.9075501609217962,3.905124837953327,4.147288270665544,-1.1677484162422842,-0.3784390048634126,-0.07432941462471664,8.650626181573987,-0.3669650414492984,-0.678729811709616,-0.6069769786668839,-0.7471406682025761,-0.0941763218696022,-0.105409255338946,4.333890711087691,-0.7741427596395154,-0.2773500981126145,-0.19090958396133909,-1.0994261521710633,-0.41554832735932656,4.725815626252609,-0.43893114546442885,4.663689526544407,-0.3018726524899911,1.547747520773237,-0.153694655873568,-1.4621665549733924,-0.3493873447137373,-0.2909029959270487,-0.03316790634033297,-0.27272727272727276,2.981829027262644,-1.1443970770893999,-0.033167906340332974,-0.033167906340332974
-1.6428239733061185,-1.6558371779730083,-0.002511149943731609,-0.14726620950331015,-0.06051238554200934,1.653624808232936,-0.508571073354389,2.981829027262644,-0.8505791253521618,-0.9075501609217962,3.905124837953327,4.147288270665544,-1.1677484162422842,-0.3784390048634126,-0.07432941462471664,8.650626181573987,-0.3669650414492984,-0.678729811709616,-0.6069769786668839,-0.7471406682025761,-0.0941763218696022,-0.105409255338946,4.333890711087691,-0.7741427596395154,-0.2773500981126145,-0.19090958396133909,-1.0994261521710633,-0.41554832735932656,4.725815626252609,-0.43893114546442885,4.663689526544407,-0.3018726524899911,-0.6461002111639058,-0.153694655873568,0.6839166144230383,-0.3493873447137373,-0.2909029959270487,-0.03316790634033297,-0.27272727272727276,2.981829027262644,-1.1443970770893999,-0.033167906340332974,-0.033167906340332974
-0.04994687350747595,-0.0635624364199257,-0.8594410682421463,-0.6994158969822473,-0.15275069516215767,-1.1067499371663836,-0.508571073354389,2.981829027262644,-0.8505791253521618,-0.9075501609217962,-0.25607375986579195,-0.24112141108520604,0.8563488385776753,-0.3784390048634126,-0.07432941462471664,-0.11559856812793746,-0.3669650414492984,-0.678729811709616,-0.6069769786668839,-0.7471406682025761,-0.0941763218696022,-0.105409255338946,-0.23073955174772434,-0.7741427596395154,-0.2773500981126145,-0.19090958396133909,-1.0994261521710633,-0.41554832735932656,-0.21160368475757949,2.2782616597915593,-0.21442250696755896,-0.3018726524899911,-0.6461002111639058,-0.153694655873568,0.6839166144230383,-0.3493873447137373,-0.2909029959270487,-0.03316790634033297,-0.27272727272727276,2.981829027262644,-1.1443970770893999,-0.033167906340332974,-0.033167906340332974
-0.5028236959992469,-0.5184980768636636,1.1400620744541548,-0.6994158969822473,0.8618707106594738,0.07626781086189616,1.9662935082097504,-0.3353646338730602,-0.8505791253521618,-0.9075501609217962,-0.25607375986579195,-0.24112141108520604,0.8563488385776753,2.6424337532568107,-0.07432941462471664,-0.11559856812793746,-0.3669650414492984,-0.678729811709616,-0.6069769786668839,-0.7471406682025761,-0.0941763218696022,-0.105409255338946,-0.23073955174772434,-0.7741427596395154,3.605551275463989,-0.19090958396133909,-1.0994261521710633,-0.41554832735932656,-0.21160368475757949,2.2782616597915593,-0.21442250696755896,-0.3018726524899911,-0.6461002111639058,-0.153694655873568,0.6839166144230383,-0.3493873447137373,-0.2909029959270487,-0.03316790634033297,3.666666666666667,-0.3353646338730602,-1.1443970770893999,-0.033167906340332974,-0.033167906340332974
-0.08117975781725328,-0.09605783930876413,1.4257053805536262,-0.6994158969822473,1.9687304261012537,0.07626781086189616,1.9662935082097504,-0.3353646338730602,-0.8505791253521618,1.101867470316244,-0.25607375986579195,-0.24112141108520604,0.8563488385776753,-0.3784390048634126,-0.07432941462471664,-0.11559856812793746,2.7250552152068273,-0.678729811709616,-0.6069769786668839,-0.7471406682025761,-0.0941763218696022,-0.105409255338946,-0.23073955174772434,-0.7741427596395154,3.605551275463989,-0.19090958396133909,0.9095654110330884,-0.41554832735932656,-0.21160368475757949,-0.43893114546442885,-0.21442250696755896,-0.3018726524899911,-0.6461002111639058,-0.153694655873568,0.6839166144230383,-0.3493873447137373,-0.2909029959270487,-0.03316790634033297,3.666666666666667,-0.3353646338730602,-1.1443970770893999,-0.033167906340332974,-0.033167906340332974
-1.513988325528287,-1.5258555664176547,-0.9546555036086368,-0.8650608032259283,0.49291747217888054,0.864946309547416,1.9662935082097504,-0.3353646338730602,-0.8505791253521618,-0.9075501609217962,-0.25607375986579195,-0.24112141108520604,0.8563488385776753,-0.3784390048634126,-0.07432941462471664,-0.11559856812793746,-0.3669650414492984,-0.678729811709616,-0.6069769786668839,-0.7471406682025761,-0.0941763218696022,-0.105409255338946,-0.23073955174772434,-0.7741427596395154,-0.2773500981126145,-0.19090958396133909,-1.0994261521710633,2.4064589703793833,-0.21160368475757949,-0.43893114546442885,-0.21442250696755896,-0.3018726524899911,1.547747520773237,-0.153694655873568,-1.4621665549733924,-0.3493873447137373,-0.2909029959270487,-0.03316790634033297,-0.27272727272727276,2.981829027262644,-1.1443970770893999,-0.033167906340332974,-0.033167906340332974
-1.5764540941478418,-1.5908463721953314,-0.19294002067671265,-1.2515655844611844,0.9541090202796222,1.259285558890176,1.9662935082097504,-0.3353646338730602,-0.8505791253521618,-0.9075501609217962,-0.25607375986579195,-0.24112141108520604,-1.1677484162422842,-0.3784390048634126,-0.07432941462471664,-0.11559856812793746,-0.3669650414492984,-0.678729811709616,1.647508942095828,-0.7471406682025761,-0.0941763218696022,-0.105409255338946,-0.23073955174772434,1.2917514083134436,-0.2773500981126145,-0.19090958396133909,0.9095654110330884,-0.41554832735932656,-0.21160368475757949,-0.43893114546442885,-0.21442250696755896,-0.3018726524899911,-0.6461002111639058,-0.153694655873568,0.6839166144230383,-0.3493873447137373,-0.2909029959270487,-0.03316790634033297,-0.27272727272727276,-0.3353646338730602,0.8738225743667123,-0.033167906340332974,-0.033167906340332974
-1.3812485672117336,-1.395873954862301,-0.3833688914096937,-1.1411356469653968,0.40067916255873226,0.864946309547416,1.9662935082097504,-0.3353646338730602,-0.8505791253521618,-0.9075501609217962,-0.25607375986579195,-0.24112141108520604,0.8563488385776753,-0.3784390048634126,-0.07432941462471664,-0.11559856812793746,-0.3669650414492984,-0.678729811709616,1.647508942095828,-0.7471406682025761,-0.0941763218696022,-0.105409255338946,-0.23073955174772434,1.2917514083134436,-0.2773500981126145,-0.19090958396133909,0.9095654110330884,-0.41554832735932656,-0.21160368475757949,-0.43893114546442885,-0.21442250696755896,-0.3018726524899911,-0.6461002111639058,-0.153694655873568,0.6839166144230383,-0.3493873447137373,-0.2909029959270487,-0.03316790634033297,-0.27272727272727276,-0.3353646338730602,0.8738225743667123,-0.033167906340332974,-0.033167906340332974
-1.5452212098380644,-1.558350969306493,-1.2402988097081085,-0.920275771973822,-0.9828954817434925,1.259285558890176,1.9662935082097504,-0.3353646338730602,-0.8505791253521618,1.101867470316244,-0.25607375986579195,-0.24112141108520604,0.8563488385776753,-0.3784390048634126,-0.07432941462471664,-0.11559856812793746,-0.3669650414492984,-0.678729811709616,1.647508942095828,-0.7471406682025761,-0.0941763218696022,-0.105409255338946,-0.23073955174772434,1.2917514083134436,-0.2773500981126145,-0.19090958396133909,0.9095654110330884,-0.41554832735932656,-0.21160368475757949,-0.43893114546442885,-0.21442250696755896,-0.3018726524899911,-0.6461002111639058,-0.153694655873568,0.6839166144230383,-0.3493873447137373,-0.2909029959270487,-0.03316790634033297,-0.27272727272727276,2.981829027262644,-1.1443970770893999,-0.033167906340332974,-0.033167906340332974
-0.6980292229353551,-0.7134704941966942,-0.8594410682421463,-0.754630865730141,0.49291747217888054,0.4706070602046561,1.9662935082097504,-0.3353646338730602,-0.8505791253521618,1.101867470316244,-0.25607375986579195,-0.24112141108520604,0.8563488385776753,-0.3784390048634126,-0.07432941462471664,-0.11559856812793746,-0.3669650414492984,-0.678729811709616,1.647508942095828,-0.7471406682025761,-0.0941763218696022,-0.105409255338946,-0.23073955174772434,1.2917514083134436,-0.2773500981126145,-0.19090958396133909,0.9095654110330884,-0.41554832735932656,-0.21160368475757949,-0.43893114546442885,-0.21442250696755896,3.312655160219113,1.547747520773237,-0.153694655873568,-1.4621665549733924,-0.3493873447137373,-0.2909029959270487,-0.03316790634033297,-0.27272727272727276,2.981829027262644,-1.1443970770893999,-0.033167906340332974,-0.033167906340332974
-1.5452212098380644,-1.558350969306493,0.473561026888721,-0.9754907407217158,-0.5217039336427509,0.4706070602046561,1.9662935082097504,-0.3353646338730602,-0.8505791253521618,1.101867470316244,-0.25607375986579195,-0.24112141108520604,-1.1677484162422842,-0.3784390048634126,-0.07432941462471664,-0.11559856812793746,-0.3669650414492984,-0.678729811709616,-0.6069769786668839,-0.7471406682025761,-0.0941763218696022,-0.105409255338946,-0.23073955174772434,-0.7741427596395154,-0.2773500981126145,-0.19090958396133909,-1.0994261521710633,-0.41554832735932656,-0.21160368475757949,2.2782616597915593,-0.21442250696755896,-0.3018726524899911,-0.6461002111639058,-0.153694655873568,0.6839166144230383,-0.3493873447137373,-0.2909029959270487,-0.03316790634033297,-0.27272727272727276,2.981829027262644,-1.1443970770893999,-0.033167906340332974,-0.033167906340332974
-1.5452212098380644,-1.558350969306493,-0.9546555036086368,-1.1411356469653968,0.3084408529385839,1.653624808232936,1.9662935082097504,-0.3353646338730602,-0.8505791253521618,-0.9075501609217962,-0.25607375986579195,-0.24112141108520604,0.8563488385776753,-0.3784390048634126,-0.07432941462471664,-0.11559856812793746,-0.3669650414492984,-0.678729811709616,1.647508942095828,-0.7471406682025761,-0.0941763218696022,-0.105409255338946,-0.23073955174772434,1.2917514083134436,-0.2773500981126145,-0.19090958396133909,0.9095654110330884,-0.41554832735932656,-0.21160368475757949,-0.43893114546442885,-0.21442250696755896,-0.3018726524899911,-0.6461002111639058,-0.153694655873568,0.6839166144230383,-0.3493873447137373,-0.2909029959270487,-0.03316790634033297,-0.27272727272727276,2.981829027262644,-1.1443970770893999,-0.033167906340332974,-0.033167906340332974
0.08279288480907752,0.06641917513542797,-0.28815445604320317,-0.6994158969822473,1.4153005683803637,-1.1067499371663836,1.9662935082097504,-0.3353646338730602,-0.8505791253521618,-0.9075501609217962,-0.25607375986579195,-0.24112141108520604,-1.1677484162422842,2.6424337532568107,-0.07432941462471664,-0.11559856812793746,-0.3669650414492984,-0.678729811709616,-0.6069769786668839,-0.7471406682025761,-0.0941763218696022,-0.105409255338946,-0.23073955174772434,-0.7741427596395154,3.605551275463989,-0.19090958396133909,-1.0994261521710633,2.4064589703793833,-0.21160368475757949,-0.43893114546442885,-0.21442250696755896,-0.3018726524899911,-0.6461002111639058,-0.153694655873568,0.6839166144230383,-0.3493873447137373,-0.2909029959270487,-0.03316790634033297,-0.27272727272727276,2.981829027262644,-1.1443970770893999,-0.033167906340332974,-0.033167906340332974
0.6332724707689026,0.6188410242456811,0.663989897621702,-0.754630865730141,1.2308239491400672,-1.1067499371663836,1.9662935082097504,-0.3353646338730602,-0.8505791253521618,1.101867470316244,-0.25607375986579195,-0.24112141108520604,-1.1677484162422842,-0.3784390048634126,-0.07432941462471664,-0.11559856812793746,-0.3669650414492984,-0.678729811709616,-0.6069769786668839,-0.7471406682025761,-0.0941763218696022,-0.105409255338946,-0.23073955174772434,1.2917514083134436,-0.2773500981126145,-0.19090958396133909,-1.0994261521710633,-0.41554832735932656,-0.21160368475757949,2.2782616597915593,-0.21442250696755896,-0.3018726524899911,-0.6461002111639058,-0.153694655873568,0.6839166144230383,2.862152894574151,-0.2909029959270487,-0.03316790634033297,-0.27272727272727276,-0.3353646338730602,-1.1443970770893999,-0.033167906340332974,-0.033167906340332974
-1.513988325528287,-1.5258555664176547,1.3304909451871356,-0.8098458344780347,1.2308239491400672,0.864946309547416,1.9662935082097504,-0.3353646338730602,-0.8505791253521618,1.101867470316244,-0.25607375986579195,-0.24112141108520604,-1.1677484162422842,-0.3784390048634126,-0.07432941462471664,-0.11559856812793746,-0.3669650414492984,-0.678729811709616,-0.6069769786668839,-0.7471406682025761,-0.0941763218696022,-0.105409255338946,-0.23073955174772434,1.2917514083134436,-0.2773500981126145,-0.19090958396133909,-1.0994261521710633,-0.41554832735932656,-0.21160368475757949,2.2782616597915593,-0.21442250696755896,-0.3018726524899911,-0.6461002111639058,-0.153694655873568,0.6839166144230383,2.862152894574151,-0.2909029959270487,-0.03316790634033297,-0.27272727272727276,-0.3353646338730602,-1.1443970770893999,-0.033167906340332974,-0.033167906340332974
-0.3739880482214155,-0.3885164653083099,1.235276509820645,-0.6994158969822473,-1.0751337913636407,-1.1067499371663836,1.9662935082097504,-0.3353646338730602,-0.8505791253521618,1.101867470316244,-0.25607375986579195,-0.24112141108520604,-1.1677484162422842,-0.3784390048634126,-0.07432941462471664,-0.11559856812793746,-0.3669650414492984,-0.678729811709616,1.647508942095828,-0.7471406682025761,-0.0941763218696022,-0.105409255338946,-0.23073955174772434,1.2917514083134436,-0.2773500981126145,-0.19090958396133909,-1.0994261521710633,-0.41554832735932656,-0.21160368475757949,2.2782616597915593,-0.21442250696755896,-0.3018726524899911,-0.6461002111639058,-0.153694655873568,0.6839166144230383,2.862152894574151,-0.2909029959270487,-0.03316790634033297,-0.27272727272727276,-0.3353646338730602,-1.1443970770893999,-0.033167906340332974,-0.033167906340332974
-0.17878252128530736,-0.19354404797527938,1.8065631220195884,-0.036836272007522645,-0.6139422432628993,-1.1067499371663836,1.9662935082097504,-0.3353646338730602,-0.8505791253521618,1.101867470316244,-0.25607375986579195,-0.24112141108520604,0.8563488385776753,-0.3784390048634126,-0.07432941462471664,-0.11559856812793746,-0.3669650414492984,-0.678729811709616,-0.6069769786668839,-0.7471406682025761,-0.0941763218696022,-0.105409255338946,-0.23073955174772434,1.2917514083134436,-0.2773500981126145,-0.19090958396133909,0.9095654110330884,-0.41554832735932656,-0.21160368475757949,-0.43893114546442885,-0.21442250696755896,-0.3018726524899911,1.547747520773237,-0.153694655873568,-1.4621665549733924,2.862152894574151,-0.2909029959270487,-0.03316790634033297,-0.27272727272727276,-0.3353646338730602,-1.1443970770893999,-0.033167906340332974,-0.033167906340332974
-1.4788513306797877,-1.4933601635288163,-0.5737977621426747,-1.0859206782175033,-0.42946562402260263,0.864946309547416,1.9662935082097504,-0.3353646338730602,-0.8505791253521618,-0.9075501609217962,-0.25607375986579195,-0.24112141108520604,0.8563488385776753,-0.3784390048634126,-0.07432941462471664,-0.11559856812793746,-0.3669650414492984,-0.678729811709616,1.647508942095828,-0.7471406682025761,-0.0941763218696022,-0.105409255338946,-0.23073955174772434,1.2917514083134436,-0.2773500981126145,-0.19090958396133909,0.9095654110330884,-0.41554832735932656,-0.21160368475757949,-0.43893114546442885,-0.21442250696755896,-0.3018726524899911,1.547747520773237,-0.153694655873568,-1.4621665549733924,2.862152894574151,-0.2909029959270487,-0.03316790634033297,-0.27272727272727276,-0.3353646338730602,-1.1443970770893999,-0.033167906340332974,-0.033167906340332974
-1.4788513306797877,-1.4933601635288163,-0.5737977621426747,-0.5337709907385663,-1.0751337913636407,1.259285558890176,1.9662935082097504,-0.3353646338730602,-0.8505791253521618,1.101867470316244,-0.25607375986579195,-0.24112141108520604,-1.1677484162422842,-0.3784390048634126,-0.07432941462471664,-0.11559856812793746,-0.3669650414492984,-0.678729811709616,-0.6069769786668839,-0.7471406682025761,-0.0941763218696022,-0.105409255338946,4.333890711087691,-0.7741427596395154,-0.2773500981126145,-0.19090958396133909,-1.0994261521710633,-0.41554832735932656,4.725815626252609,-0.43893114546442885,4.663689526544407,-0.3018726524899911,-0.6461002111639058,-0.153694655873568,0.6839166144230383,2.862152894574151,-0.2909029959270487,-0.03316790634033297,-0.27272727272727276,-0.3353646338730602,-1.1443970770893999,-0.033167906340332974,-0.033167906340332974
-1.416385562060233,-1.4283693577511394,1.4257053805536262,-0.8098458344780347,-0.06051238554200934,2.0479640575756957,1.9662935082097504,-0.3353646338730602,-0.8505791253521618,1.101867470316244,-0.25607375986579195,-0.24112141108520604,0.8563488385776753,-0.3784390048634126,-0.07432941462471664,-0.11559856812793746,-0.3669650414492984,-0.678729811709616,-0.6069769786668839,-0.7471406682025761,-0.0941763218696022,-0.105409255338946,4.333890711087691,-0.7741427596395154,-0.2773500981126145,-0.19090958396133909,-1.0994261521710633,-0.41554832735932656,4.725815626252609,-0.43893114546442885,4.663689526544407,-0.3018726524899911,-0.6461002111639058,-0.153694655873568,0.6839166144230383,2.862152894574151,-0.2909029959270487,-0.03316790634033297,-0.27272727272727276,-0.3353646338730602,-1.1443970770893999,-0.033167906340332974,-0.033167906340332974
-1.416385562060233,-1.4283693577511394,0.8544187683546831,-1.0859206782175033,-0.5217039336427509,2.0479640575756957,1.9662935082097504,-0.3353646338730602,-0.8505791253521618,-0.9075501609217962,-0.25607375986579195,-0.24112141108520604,0.8563488385776753,-0.3784390048634126,-0.07432941462471664,-0.11559856812793746,-0.3669650414492984,-0.678729811709616,-0.6069769786668839,-0.7471406682025761,-0.0941763218696022,-0.105409255338946,4.333890711087691,-0.7741427596395154,-0.2773500981126145,-0.19090958396133909,-1.0994261521710633,-0.41554832735932656,4.725815626252609,-0.43893114546442885,4.663689526544407,-0.3018726524899911,-0.6461002111639058,-0.153694655873568,0.6839166144230383,2.862152894574151,-0.2909029959270487,-0.03316790634033297,-0.27272727272727276,-0.3353646338730602,-1.1443970770893999,-0.033167906340332974,-0.033167906340332974
0.24286141689668625,0.22889618957962007,1.4257053805536262,-0.5889859594864597,-0.5217039336427509,0.07626781086189616,1.9662935082097504,-0.3353646338730602,-0.8505791253521618,1.101867470316244,-0.25607375986579195,-0.24112141108520604,0.8563488385776753,-0.3784390048634126,-0.07432941462471664,-0.11559856812793746,-0.3669650414492984,-0.678729811709616,-0.6069769786668839,-0.7471406682025761,-0.0941763218696022,-0.105409255338946,4.333890711087691,-0.7741427596395154,-0.2773500981126145,-0.19090958396133909,-1.0994261521710633,-0.41554832735932656,4.725815626252609,-0.43893114546442885,4.663689526544407,-0.3018726524899911,-0.6461002111639058,-0.153694655873568,0.6839166144230383,2.862152894574151,-0.2909029959270487,-0.03316790634033297,-0.27272727272727276,-0.3353646338730602,-1.1443970770893999,-0.033167906340332974,-0.033167906340332974
-1.3812485672117336,-1.395873954862301,-1.0498699389751274,-1.1411356469653968,1.5075388780005121,0.864946309547416,1.9662935082097504,-0.3353646338730602,-0.8505791253521618,-0.9075501609217962,-0.25607375986579195,-0.24112141108520604,-1.1677484162422842,-0.3784390048634126,-0.07432941462471664,-0.11559856812793746,-0.3669650414492984,-0.678729811709616,-0.6069769786668839,-0.7471406682025761,-0.0941763218696022,-0.105409255338946,4.333890711087691,-0.7741427596395154,-0.2773500981126145,-0.19090958396133909,-1.0994261521710633,-0.41554832735932656,4.725815626252609,-0.43893114546442885,4.663689526544407,-0.3018726524899911,1.547747520773237,-0.153694655873568,-1.4621665549733924,2.862152894574151,-0.2909029959270487,-0.03316790634033297,-0.27272727272727276,-0.3353646338730602,-1.1443970770893999,-0.033167906340332974,-0.033167906340332974
-0.04994687350747595,-1.395873954862301,0.5687754622552115,-0.920275771973822,-0.06051238554200934,1.259285558890176,1.9662935082097504,-0.3353646338730602,-0.8505791253521618,1.101867470316244,-0.25607375986579195,-0.24112141108520604,0.8563488385776753,-0.3784390048634126,-0.07432941462471664,-0.11559856812793746,2.7250552152068273,-0.678729811709616,-0.6069769786668839,-0.7471406682025761,-0.0941763218696022,-0.105409255338946,4.333890711087691,-0.7741427596395154,-0.2773500981126145,-0.19090958396133909,-1.0994261521710633,-0.41554832735932656,4.725815626252609,-0.43893114546442885,4.663689526544407,-0.3018726524899911,-0.6461002111639058,-0.153694655873568,0.6839166144230383,2.862152894574151,-0.2909029959270487,-0.03316790634033297,-0.27272727272727276,-0.3353646338730602,-1.1443970770893999,-0.033167906340332974,-0.033167906340332974
-0.04994687350747595,-1.3633785519734625,0.473561026888721,-0.5337709907385663,-0.8906571721233442,0.864946309547416,1.9662935082097504,-0.3353646338730602,-0.8505791253521618,1.101867470316244,-0.25607375986579195,-0.24112141108520604,-1.1677484162422842,2.6424337532568107,-0.07432941462471664,-0.11559856812793746,-0.3669650414492984,-0.678729811709616,-0.6069769786668839,-0.7471406682025761,-0.0941763218696022,-0.105409255338946,4.333890711087691,-0.7741427596395154,-0.2773500981126145,-0.19090958396133909,-1.0994261521710633,-0.41554832735932656,4.725815626252609,-0.43893114546442885,4.663689526544407,-0.3018726524899911,1.547747520773237,-0.153694655873568,-1.4621665549733924,2.862152894574151,-0.2909029959270487,-0.03316790634033297,-0.27272727272727276,-0.3353646338730602,-1.1443970770893999,-0.033167906340332974,-0.033167906340332974
-0.04994687350747595,-1.3633785519734625,-0.28815445604320317,-1.1411356469653968,-0.5217039336427509,-0.3180714384808638,1.9662935082097504,-0.3353646338730602,-0.8505791253521618,-0.9075501609217962,-0.25607375986579195,-0.24112141108520604,-1.1677484162422842,2.6424337532568107,-0.07432941462471664,-0.11559856812793746,-0.3669650414492984,-0.678729811709616,-0.6069769786668839,-0.7471406682025761,-0.0941763218696022,-0.105409255338946,4.333890711087691,-0.7741427596395154,-0.2773500981126145,-0.19090958396133909,-1.0994261521710633,-0.41554832735932656,4.725815626252609,-0.43893114546442885,4.663689526544407,-0.3018726524899911,1.547747520773237,-0.153694655873568,-1.4621665549733924,2.862152894574151,-0.2909029959270487,-0.03316790634033297,-0.27272727272727276,-0.3353646338730602,-1.1443970770893999,-0.033167906340332974,-0.033167906340332974
-0.04994687350747595,-1.330883149084624,1.8065631220195884,-0.8650608032259283,1.3230622587602154,1.259285558890176,1.9662935082097504,-0.3353646338730602,-0.8505791253521618,-0.9075501609217962,-0.25607375986579195,-0.24112141108520604,0.8563488385776753,-0.3784390048634126,-0.07432941462471664,-0.11559856812793746,-0.3669650414492984,-0.678729811709616,-0.6069769786668839,-0.7471406682025761,-0.0941763218696022,-0.105409255338946,4.333890711087691,-0.7741427596395154,-0.2773500981126145,-0.19090958396133909,-1.0994261521710633,-0.41554832735932656,4.725815626252609,-0.43893114546442885,4.663689526544407,-0.3018726524899911,-0.6461002111639058,-0.153694655873568,0.6839166144230383,-0.3493873447137373,-0.2909029959270487,-0.03316790634033297,-0.27272727272727276,2.981829027262644,-1.1443970770893999,-0.033167906340332974,-0.033167906340332974
-0.04994687350747595,0.5863456213568427,1.1400620744541548,-0.6994158969822473,0.7696324010393255,-1.1067499371663836,1.9662935082097504,-0.3353646338730602,-0.8505791253521618,1.101867470316244,-0.25607375986579195,-0.24112141108520604,-1.1677484162422842,2.6424337532568107,-0.07432941462471664,-0.11559856812793746,-0.3669650414492984,-0.678729811709616,-0.6069769786668839,-0.7471406682025761,-0.0941763218696022,-0.105409255338946,4.333890711087691,-0.7741427596395154,-0.2773500981126145,-0.19090958396133909,-1.0994261521710633,-0.41554832735932656,4.725815626252609,-0.43893114546442885,4.663689526544407,-0.3018726524899911,-0.6461002111639058,-0.153694655873568,0.6839166144230383,-0.3493873447137373,-0.2909029959270487,-0.03316790634033297,-0.27272727272727276,2.981829027262644,-1.1443970770893999,-0.033167906340332974,-0.033167906340332974
-0.04994687350747595,-1.330883149084624,1.235276509820645,-0.4233410532427787,-0.7984188625031958,1.259285558890176,1.9662935082097504,-0.3353646338730602,-0.8505791253521618,1.101867470316244,-0.25607375986579195,-0.24112141108520604,0.8563488385776753,-0.3784390048634126,-0.07432941462471664,-0.11559856812793746,2.7250552152068273,-0.678729811709616,-0.6069769786668839,-0.7471406682025761,-0.0941763218696022,-0.105409255338946,4.333890711087691,-0.7741427596395154,-0.2773500981126145,-0.19090958396133909,-1.0994261521710633,-0.41554832735932656,4.725815626252609,-0.43893114546442885,4.663689526544407,-0.3018726524899911,-0.6461002111639058,-0.153694655873568,0.6839166144230383,-0.3493873447137373,-0.2909029959270487,-0.03316790634033297,-0.27272727272727276,2.981829027262644,-1.1443970770893999,-0.033167906340332974,-0.033167906340332974
0.309231296054963,0.2938869953572969,-0.9546555036086368,-0.754630865730141,0.5851557817990288,-1.1067499371663836,1.9662935082097504,-0.3353646338730602,-0.8505791253521618,1.101867470316244,-0.25607375986579195,-0.24112141108520604,-1.1677484162422842,-0.3784390048634126,-0.07432941462471664,-0.11559856812793746,-0.3669650414492984,-0.678729811709616,1.647508942095828,-0.7471406682025761,-0.0941763218696022,-0.105409255338946,-0.23073955174772434,1.2917514083134436,-0.2773500981126145,-0.19090958396133909,0.9095654110330884,-0.41554832735932656,-0.21160368475757949,-0.43893114546442885,-0.21442250696755896,-0.3018726524899911,1.547747520773237,-0.153694655873568,-1.4621665549733924,-0.3493873447137373,-0.2909029959270487,-0.03316790634033297,-0.27272727272727276,2.981829027262644,-1.1443970770893999,-0.033167906340332974,-0.033167906340332974
-1.318782798592179,-1.330883149084624,1.1400620744541548,-0.14726620950331015,-0.3372273144024543,0.4706070602046561,1.9662935082097504,-0.3353646338730602,-0.8505791253521618,-0.9075501609217962,-0.25607375986579195,-0.24112141108520604,0.8563488385776753,-0.3784390048634126,-0.07432941462471664,-0.11559856812793746,-0.3669650414492984,-0.678729811709616,-0.6069769786668839,-0.7471406682025761,-0.0941763218696022,-0.105409255338946,-0.23073955174772434,1.2917514083134436,-0.2773500981126145,-0.19090958396133909,-1.0994261521710633,-0.41554832735932656,-0.21160368475757949,2.2782616597915593,-0.21442250696755896,-0.3018726524899911,-0.6461002111639058,-0.153694655873568,0.6839166144230383,-0.3493873447137373,-0.2909029959270487,-0.03316790634033297,-0.27272727272727276,2.981829027262644,-1.1443970770893999,-0.033167906340332974,-0.033167906340332974
-1.2836458037436795,-1.2983877461957858,-0.5737977621426747,-0.754630865730141,1.0463473298997705,1.259285558890176,1.9662935082097504,-0.3353646338730602,-0.8505791253521618,1.101867470316244,-0.25607375986579195,-0.24112141108520604,0.8563488385776753,2.6424337532568107,-0.07432941462471664,-0.11559856812793746,-0.3669650414492984,-0.678729811709616,-0.6069769786668839,-0.7471406682025761,-0.0941763218696022,-0.105409255338946,-0.23073955174772434,-0.7741427596395154,3.605551275463989,-0.19090958396133909,-1.0994261521710633,-0.41554832735932656,-0.21160368475757949,2.2782616597915593,-0.21442250696755896,-0.3018726524899911,-0.6461002111639058,-0.153694655873568,0.6839166144230383,-0.3493873447137373,-0.2909029959270487,-0.03316790634033297,-0.27272727272727276,2.981829027262644,-1.1443970770893999,-0.033167906340332974,-0.033167906340332974
-1.2836458037436795,-1.2983877461957858,-0.8594410682421463,-0.8098458344780347,0.40067916255873226,0.864946309547416,1.9662935082097504,-0.3353646338730602,-0.8505791253521618,1.101867470316244,-0.25607375986579195,-0.24112141108520604,-1.1677484162422842,-0.3784390048634126,-0.07432941462471664,-0.11559856812793746,-0.3669650414492984,-0.678729811709616,1.647508942095828,-0.7471406682025761,-0.0941763218696022,-0.105409255338946,-0.23073955174772434,1.2917514083134436,-0.2773500981126145,-0.19090958396133909,0.9095654110330884,-0.41554832735932656,-0.21160368475757949,-0.43893114546442885,-0.21442250696755896,-0.3018726524899911,-0.6461002111639058,-0.153694655873568,0.6839166144230383,-0.3493873447137373,-0.2909029959270487,-0.03316790634033297,-0.27272727272727276,2.981829027262644,-1.1443970770893999,-0.033167906340332974,-0.033167906340332974
-1.2524129194339022,-1.2658923433069473,-0.4785833267761842,-1.0859206782175033,1.3230622587602154,2.0479640575756957,1.9662935082097504,-0.3353646338730602,-0.8505791253521618,1.101867470316244,-0.25607375986579195,-0.24112141108520604,0.8563488385776753,-0.3784390048634126,-0.07432941462471664,-0.11559856812793746,2.7250552152068273,-0.678729811709616,-0.6069769786668839,-0.7471406682025761,-0.0941763218696022,-0.105409255338946,-0.23073955174772434,-0.7741427596395154,3.605551275463989,-0.19090958396133909,-1.0994261521710633,-0.41554832735932656,-0.21160368475757949,2.2782616597915593,-0.21442250696755896,-0.3018726524899911,-0.6461002111639058,-0.153694655873568,0.6839166144230383,2.862152894574151,-0.2909029959270487,-0.03316790634033297,-0.27272727272727276,-0.3353646338730602,-1.1443970770893999,-0.033167906340332974,-0.033167906340332974
-1.2524129194339022,-1.2658923433069473,1.1400620744541548,-0.6994158969822473,-0.24498900478230598,1.259285558890176,1.9662935082097504,-0.3353646338730602,-0.8505791253521618,-0.9075501609217962,-0.25607375986579195,-0.24112141108520604,0.8563488385776753,-0.3784390048634126,-0.07432941462471664,-0.11559856812793746,-0.3669650414492984,-0.678729811709616,-0.6069769786668839,-0.7471406682025761,-0.0941763218696022,-0.105409255338946,-0.23073955174772434,-0.7741427596395154,-0.2773500981126145,-0.19090958396133909,-1.0994261521710633,-0.41554832735932656,-0.21160368475757949,2.2782616597915593,-0.21442250696755896,-0.3018726524899911,1.547747520773237,-0.153694655873568,-1.4621665549733924,-0.3493873447137373,-0.2909029959270487,-0.03316790634033297,-0.27272727272727276,2.981829027262644,-1.1443970770893999,-0.033167906340332974,-0.033167906340332974
-1.2524129194339022,-1.2658923433069473,1.8065631220195884,-0.4233410532427787,-0.9828954817434925,0.07626781086189616,1.9662935082097504,-0.3353646338730602,-0.8505791253521618,-0.9075501609217962,-0.25607375986579195,-0.24112141108520604,0.8563488385776753,-0.3784390048634126,-0.07432941462471664,-0.11559856812793746,-0.3669650414492984,-0.678729811709616,-0.6069769786668839,-0.7471406682025761,-0.0941763218696022,-0.105409255338946,-0.23073955174772434,1.2917514083134436,-0.2773500981126145,-0.19090958396133909,-1.0994261521710633,-0.41554832735932656,-0.21160368475757949,2.2782616597915593,-0.21442250696755896,-0.3018726524899911,1.547747520773237,-0.153694655873568,-1.4621665549733924,-0.3493873447137373,-0.2909029959270487,-0.03316790634033297,-0.27272727272727276,2.981829027262644,-1.1443970770893999,-0.033167906340332974,-0.033167906340332974
-1.2524129194339022,-1.2658923433069473,1.6161342512866073,-1.1963506157132906,0.3084408529385839,-1.1067499371663836,1.9662935082097504,-0.3353646338730602,-0.8505791253521618,1.101867470316244,-0.25607375986579195,-0.24112141108520604,0.8563488385776753,-0.3784390048634126,-0.07432941462471664,-0.11559856812793746,-0.3669650414492984,-0.678729811709616,-0.6069769786668839,-0.7471406682025761,-0.0941763218696022,-0.105409255338946,-0.23073955174772434,1.2917514083134436,-0.2773500981126145,-0.19090958396133909,-1.0994261521710633,-0.41554832735932656,-0.21160368475757949,2.2782616597915593,-0.21442250696755896,3.312655160219113,-0.6461002111639058,-0.153694655873568,0.6839166144230383,-0.3493873447137373,-0.2909029959270487,-0.03316790634033297,-0.27272727272727276,2.981829027262644,-1.1443970770893999,-0.033167906340332974,-0.033167906340332974
-1.2524129194339022,-1.2658923433069473,0.09270328542275891,-0.8650608032259283,-0.8906571721233442,1.259285558890176,1.9662935082097504,-0.3353646338730602,-0.8505791253521618,1.101867470316244,-0.25607375986579195,-0.24112141108520604,-1.1677484162422842,-0.3784390048634126,-0.07432941462471664,-0.11559856812793746,-0.3669650414492984,-0.678729811709616,-0.6069769786668839,-0.7471406682025761,-0.0941763218696022,-0.105409255338946,-0.23073955174772434,1.2917514083134436,-0.2773500981126145,-0.19090958396133909,-1.0994261521710633,-0.41554832735932656,-0.21160368475757949,2.2782616597915593,-0.21442250696755896,-0.3018726524899911,-0.6461002111639058,-0.153694655873568,0.6839166144230383,-0.3493873447137373,-0.2909029959270487,-0.03316790634033297,-0.27272727272727276,2.981829027262644,-1.1443970770893999,-0.033167906340332974,-0.033167906340332974
-1.2211800351241249,-1.2333969404181089,1.6161342512866073,0.01837869674037087,-0.7984188625031958,1.653624808232936,1.9662935082097504,-0.3353646338730602,-0.8505791253521618,-0.9075501609217962,-0.25607375986579195,-0.24112141108520604,0.8563488385776753,-0.3784390048634126,-0.07432941462471664,-0.11559856812793746,2.7250552152068273,-0.678729811709616,-0.6069769786668839,-0.7471406682025761,-0.0941763218696022,-0.105409255338946,-0.23073955174772434,1.2917514083134436,-0.2773500981126145,-0.19090958396133909,-1.0994261521710633,-0.41554832735932656,-0.21160368475757949,2.2782616597915593,-0.21442250696755896,-0.3018726524899911,1.547747520773237,-0.153694655873568,-1.4621665549733924,-0.3493873447137373,-0.2909029959270487,-0.03316790634033297,-0.27272727272727276,2.981829027262644,-1.1443970770893999,-0.033167906340332974,-0.033167906340332974
-1.2211800351241249,-1.2333969404181089,1.7113486866530978,0.570528384219308,-0.8906571721233442,0.07626781086189616,1.9662935082097504,-0.3353646338730602,-0.8505791253521618,-0.9075501609217962,-0.25607375986579195,-0.24112141108520604,-1.1677484162422842,-0.3784390048634126,-0.07432941462471664,-0.11559856812793746,-0.3669650414492984,-0.678729811709616,-0.6069769786668839,-0.7471406682025761,-0.0941763218696022,-0.105409255338946,-0.23073955174772434,1.2917514083134436,-0.2773500981126145,-0.19090958396133909,-1.0994261521710633,-0.41554832735932656,-0.21160368475757949,2.2782616597915593,-0.21442250696755896,-0.3018726524899911,-0.6461002111639058,-0.153694655873568,0.6839166144230383,-0.3493873447137373,-0.2909029959270487,-0.03316790634033297,-0.27272727272727276,2.981829027262644,-1.1443970770893999,-0.033167906340332974,-0.033167906340332974
-1.1860430402756255,-1.2009015375292704,-0.09772558531022213,-1.0307057094696095,-0.9828954817434925,1.653624808232936,1.9662935082097504,-0.3353646338730602,-0.8505791253521618,1.101867470316244,-0.25607375986579195,-0.24112141108520604,0.8563488385776753,-0.3784390048634126,-0.07432941462471664,-0.11559856812793746,2.7250552152068273,-0.678729811709616,-0.6069769786668839,-0.7471406682025761,-0.0941763218696022,-0.105409255338946,-0.23073955174772434,-0.7741427596395154,3.605551275463989,-0.19090958396133909,-1.0994261521710633,-0.41554832735932656,-0.21160368475757949,2.2782616597915593,-0.21442250696755896,-0.3018726524899911,1.547747520773237,-0.153694655873568,-1.4621665549733924,-0.3493873447137373,3.4375720222928714,-0.03316790634033297,-0.27272727272727276,-0.3353646338730602,-1.1443970770893999,-0.033167906340332974,-0.033167906340332974
-1.1860430402756255,-1.2009015375292704,-0.4785833267761842,-1.1411356469653968,1.9687304261012537,-1.1067499371663836,1.9662935082097504,-0.3353646338730602,-0.8505791253521618,-0.9075501609217962,-0.25607375986579195,-0.24112141108520604,0.8563488385776753,-0.3784390048634126,-0.07432941462471664,-0.11559856812793746,-0.3669650414492984,-0.678729811709616,1.647508942095828,-0.7471406682025761,-0.0941763218696022,-0.105409255338946,-0.23073955174772434,1.2917514083134436,-0.2773500981126145,-0.19090958396133909,0.9095654110330884,-0.41554832735932656,-0.21160368475757949,-0.43893114546442885,-0.21442250696755896,-0.3018726524899911,1.547747520773237,-0.153694655873568,-1.4621665549733924,-0.3493873447137373,-0.2909029959270487,-0.03316790634033297,-0.27272727272727276,2.981829027262644,-1.1443970770893999,-0.033167906340332974,-0.033167906340332974
-1.1860430402756255,-1.2009015375292704,1.1400620744541548,-0.6994158969822473,0.6773940914191772,0.864946309547416,1.9662935082097504,-0.3353646338730602,-0.8505791253521618,1.101867470316244,-0.25607375986579195,-0.24112141108520604,0.8563488385776753,-0.3784390048634126,-0.07432941462471664,-0.11559856812793746,2.7250552152068273,-0.678729811709616,-0.6069769786668839,-0.7471406682025761,-0.0941763218696022,-0.105409255338946,-0.23073955174772434,1.2917514083134436,-0.2773500981126145,-0.19090958396133909,-1.0994261521710633,-0.41554832735932656,-0.21160368475757949,2.2782616597915593,-0.21442250696755896,-0.3018726524899911,1.547747520773237,-0.153694655873568,-1.4621665549733924,-0.3493873447137373,3.4375720222928714,-0.03316790634033297,-0.27272727272727276,-0.3353646338730602,-1.1443970770893999,-0.033167906340332974,-0.033167906340332974
-1.1548101559658481,-1.168406134640432,-0.9546555036086368,-1.2515655844611844,1.0463473298997705,-1.1067499371663836,1.9662935082097504,-0.3353646338730602,-0.8505791253521618,1.101867470316244,-0.25607375986579195,-0.24112141108520604,0.8563488385776753,-0.3784390048634126,-0.07432941462471664,-0.11559856812793746,-0.3669650414492984,-0.678729811709616,1.647508942095828,-0.7471406682025761,-0.0941763218696022,-0.105409255338946,-0.23073955174772434,1.2917514083134436,-0.2773500981126145,-0.19090958396133909,-1.0994261521710633,-0.41554832735932656,-0.21160368475757949,2.2782616597915593,-0.21442250696755896,3.312655160219113,-0.6461002111639058,-0.153694655873568,0.6839166144230383,-0.3493873447137373,-0.2909029959270487,-0.03316790634033297,-0.27272727272727276,2.981829027262644,-1.1443970770893999,-0.033167906340332974,-0.033167906340332974
-1.1548101559658481,-1.168406134640432,0.473561026888721,-0.8098458344780347,0.1239642336982873,-1.1067499371663836,1.9662935082097504,-0.3353646338730602,-0.8505791253521618,-0.9075501609217962,-0.25607375986579195,-0.24112141108520604,0.8563488385776753,-0.3784390048634126,-0.07432941462471664,-0.11559856812793746,-0.3669650414492984,-0.678729811709616,-0.6069769786668839,-0.7471406682025761,-0.0941763218696022,-0.105409255338946,-0.23073955174772434,1.2917514083134436,-0.2773500981126145,-0.19090958396133909,-1.0994261521710633,-0.41554832735932656,-0.21160368475757949,2.2782616597915593,-0.21442250696755896,-0.3018726524899911,-0.6461002111639058,-0.153694655873568,0.6839166144230383,-0.3493873447137373,-0.2909029959270487,-0.03316790634033297,-0.27272727272727276,2.981829027262644,-1.1443970770893999,-0.033167906340332974,-0.033167906340332974
-1.1548101559658481,-1.168406134640432,-0.8594410682421463,-0.8098458344780347,0.03172592407813898,-1.1067499371663836,1.9662935082097504,-0.3353646338730602,-0.8505791253521618,-0.9075501609217962,-0.25607375986579195,-0.24112141108520604,-1.1677484162422842,-0.3784390048634126,-0.07432941462471664,-0.11559856812793746,-0.3669650414492984,-0.678729811709616,1.647508942095828,-0.7471406682025761,-0.0941763218696022,-0.105409255338946,-0.23073955174772434,1.2917514083134436,-0.2773500981126145,-0.19090958396133909,0.9095654110330884,-0.41554832735932656,-0.21160368475757949,-0.43893114546442885,-0.21442250696755896,-0.3018726524899911,1.547747520773237,-0.153694655873568,-1.4621665549733924,-0.3493873447137373,-0.2909029959270487,-0.03316790634033297,-0.27272727272727276,2.981829027262644,-1.1443970770893999,-0.033167906340332974,-0.033167906340332974
-1.1548101559658481,-1.168406134640432,-0.28815445604320317,-1.0859206782175033,0.5851557817990288,-1.1067499371663836,-0.508571073354389,2.981829027262644,-0.8505791253521618,-0.9075501609217962,-0.25607375986579195,-0.24112141108520604,-1.1677484162422842,2.6424337532568107,-0.07432941462471664,-0.11559856812793746,-0.3669650414492984,-0.678729811709616,-0.6069769786668839,-0.7471406682025761,-0.0941763218696022,-0.105409255338946,-0.23073955174772434,-0.7741427596395154,3.605551275463989,-0.19090958396133909,-1.0994261521710633,-0.41554832735932656,-0.21160368475757949,2.2782616597915593,-0.21442250696755896,-0.3018726524899911,1.547747520773237,-0.153694655873568,-1.4621665549733924,-0.3493873447137373,-0.2909029959270487,-0.03316790634033297,-0.27272727272727276,2.981829027262644,-1.1443970770893999,-0.033167906340332974,-0.033167906340332974
-0.04994687350747595,-0.031067033531087286,1.4257053805536262,0.4545769498487312,1.4153005683803637,-1.1067499371663836,-0.508571073354389,2.981829027262644,-0.8505791253521618,-0.9075501609217962,3.905124837953327,4.147288270665544,-1.1677484162422842,-0.3784390048634126,-0.07432941462471664,-0.11559856812793746,-0.3669650414492984,-0.678729811709616,-0.6069769786668839,-0.7471406682025761,-0.0941763218696022,-0.105409255338946,-0.23073955174772434,1.2917514083134436,-0.2773500981126145,-0.19090958396133909,-1.0994261521710633,2.4064589703793833,-0.21160368475757949,-0.43893114546442885,-0.21442250696755896,-0.3018726524899911,-0.6461002111639058,-0.153694655873568,0.6839166144230383,-0.3493873447137373,-0.2909029959270487,-0.03316790634033297,-0.27272727272727276,2.981829027262644,-1.1443970770893999,-0.033167906340332974,-0.033167906340332974
-1.0884402768075714,-1.103415328862755,2.3778497342185316,0.05150767798910737,1.5075388780005121,-1.1067499371663836,1.9662935082097504,-0.3353646338730602,-0.8505791253521618,-0.9075501609217962,-0.25607375986579195,-0.24112141108520604,0.8563488385776753,2.6424337532568107,-0.07432941462471664,-0.11559856812793746,-0.3669650414492984,-0.678729811709616,-0.6069769786668839,-0.7471406682025761,-0.0941763218696022,-0.105409255338946,-0.23073955174772434,-0.7741427596395154,3.605551275463989,-0.19090958396133909,-1.0994261521710633,-0.41554832735932656,-0.21160368475757949,2.2782616597915593,-0.21442250696755896,-0.3018726524899911,-0.6461002111639058,-0.153694655873568,0.6839166144230383,-0.3493873447137373,-0.2909029959270487,-0.03316790634033297,-0.27272727272727276,2.981829027262644,-1.1443970770893999,-0.033167906340332974,-0.033167906340332974
-1.0884402768075714,-1.103415328862755,0.9496332037211737,2.282192415404013,1.5075388780005121,0.4706070602046561,1.9662935082097504,-0.3353646338730602,-0.8505791253521618,1.101867470316244,-0.25607375986579195,-0.24112141108520604,0.8563488385776753,2.6424337532568107,-0.07432941462471664,-0.11559856812793746,-0.3669650414492984,-0.678729811709616,-0.6069769786668839,-0.7471406682025761,-0.0941763218696022,-0.105409255338946,-0.23073955174772434,-0.7741427596395154,3.605551275463989,-0.19090958396133909,-1.0994261521710633,-0.41554832735932656,-0.21160368475757949,2.2782616597915593,-0.21442250696755896,-0.3018726524899911,-0.6461002111639058,-0.153694655873568,0.6839166144230383,-0.3493873447137373,-0.2909029959270487,-0.03316790634033297,-0.27272727272727276,2.981829027262644,-1.1443970770893999,-0.033167906340332974,-0.033167906340332974
-1.0884402768075714,-1.103415328862755,2.282635298852041,-0.20248117825120368,-1.1673721009837892,-1.1067499371663836,1.9662935082097504,-0.3353646338730602,-0.8505791253521618,-0.9075501609217962,-0.25607375986579195,-0.24112141108520604,0.8563488385776753,2.6424337532568107,-0.07432941462471664,-0.11559856812793746,-0.3669650414492984,-0.678729811709616,-0.6069769786668839,-0.7471406682025761,-0.0941763218696022,-0.105409255338946,-0.23073955174772434,-0.7741427596395154,3.605551275463989,-0.19090958396133909,-1.0994261521710633,-0.41554832735932656,-0.21160368475757949,2.2782616597915593,-0.21442250696755896,-0.3018726524899911,1.547747520773237,-0.153694655873568,-1.4621665549733924,-0.3493873447137373,-0.2909029959270487,-0.03316790634033297,-0.27272727272727276,2.981829027262644,-1.1443970770893999,-0.033167906340332974,-0.033167906340332974
-1.0884402768075714,-1.103415328862755,1.7113486866530978,0.7416947873377787,-0.6139422432628993,0.07626781086189616,1.9662935082097504,-0.3353646338730602,-0.8505791253521618,-0.9075501609217962,-0.25607375986579195,-0.24112141108520604,-1.1677484162422842,-0.3784390048634126,-0.07432941462471664,-0.11559856812793746,-0.3669650414492984,-0.678729811709616,-0.6069769786668839,-0.7471406682025761,-0.0941763218696022,-0.105409255338946,-0.23073955174772434,1.2917514083134436,-0.2773500981126145,-0.19090958396133909,-1.0994261521710633,-0.41554832735932656,-0.21160368475757949,2.2782616597915593,-0.21442250696755896,-0.3018726524899911,-0.6461002111639058,-0.153694655873568,0.6839166144230383,-0.3493873447137373,-0.2909029959270487,-0.03316790634033297,-0.27272727272727276,2.981829027262644,-1.1443970770893999,-0.033167906340332974,-0.033167906340332974
-1.057207392497794,-1.0709199259739168,2.3778497342185316,1.7410857216746547,-0.7061805528830476,-1.1067499371663836,1.9662935082097504,-0.3353646338730602,-0.8505791253521618,-0.9075501609217962,-0.25607375986579195,-0.24112141108520604,-1.1677484162422842,2.6424337532568107,-0.07432941462471664,-0.11559856812793746,-0.3669650414492984,-0.678729811709616,-0.6069769786668839,-0.7471406682025761,-0.0941763218696022,-0.105409255338946,-0.23073955174772434,-0.7741427596395154,3.605551275463989,-0.19090958396133909,-1.0994261521710633,-0.41554832735932656,-0.21160368475757949,2.2782616597915593,-0.21442250696755896,-0.3018726524899911,1.547747520773237,-0.153694655873568,-1.4621665549733924,-0.3493873447137373,-0.2909029959270487,-0.03316790634033297,-0.27272727272727276,2.981829027262644,-1.1443970770893999,-0.033167906340332974,-0.033167906340332974
-1.057207392497794,-1.0709199259739168,1.3304909451871356,1.7686932060486018,-1.1673721009837892,-1.1067499371663836,1.9662935082097504,-0.3353646338730602,-0.8505791253521618,-0.9075501609217962,-0.25607375986579195,-0.24112141108520604,0.8563488385776753,-0.3784390048634126,-0.07432941462471664,-0.11559856812793746,-0.3669650414492984,-0.678729811709616,-0.6069769786668839,-0.7471406682025761,-0.0941763218696022,-0.105409255338946,-0.23073955174772434,1.2917514083134436,-0.2773500981126145,-0.19090958396133909,-1.0994261521710633,-0.41554832735932656,-0.21160368475757949,2.2782616597915593,-0.21442250696755896,-0.3018726524899911,-0.6461002111639058,-0.153694655873568,0.6839166144230383,-0.3493873447137373,-0.2909029959270487,-0.03316790634033297,-0.27272727272727276,2.981829027262644,-1.1443970770893999,-0.033167906340332974,-0.033167906340332974
-0.95960462902974,-0.9734337173074015,1.4257053805536262,1.7852576966729696,-1.1673721009837892,0.07626781086189616,1.9662935082097504,-0.3353646338730602,-0.8505791253521618,1.101867470316244,-0.25607375986579195,-0.24112141108520604,-1.1677484162422842,2.6424337532568107,-0.07432941462471664,-0.11559856812793746,-0.3669650414492984,-0.678729811709616,-0.6069769786668839,-0.7471406682025761,-0.0941763218696022,-0.105409255338946,-0.23073955174772434,-0.7741427596395154,3.605551275463989,-0.19090958396133909,-1.0994261521710633,2.4064589703793833,-0.21160368475757949,-0.43893114546442885,-0.21442250696755896,-0.3018726524899911,-0.6461002111639058,-0.153694655873568,0.6839166144230383,-0.3493873447137373,3.4375720222928714,-0.03316790634033297,-0.27272727272727276,-0.3353646338730602,-1.1443970770893999,-0.033167906340332974,-0.033167906340332974
-0.95960462902974,-0.9734337173074015,1.901777557386079,2.4478373216476936,-0.15275069516215767,-1.1067499371663836,1.9662935082097504,-0.3353646338730602,-0.8505791253521618,1.101867470316244,-0.25607375986579195,-0.24112141108520604,0.8563488385776753,-0.3784390048634126,-0.07432941462471664,-0.11559856812793746,-0.3669650414492984,-0.678729811709616,-0.6069769786668839,-0.7471406682025761,-0.0941763218696022,-0.105409255338946,-0.23073955174772434,1.2917514083134436,-0.2773500981126145,-0.19090958396133909,-1.0994261521710633,-0.41554832735932656,-0.21160368475757949,2.2782616597915593,-0.21442250696755896,-0.3018726524899911,-0.6461002111639058,-0.153694655873568,0.6839166144230383,-0.3493873447137373,3.4375720222928714,-0.03316790634033297,-0.27272727272727276,-0.3353646338730602,-1.1443970770893999,-0.033167906340332974,-0.033167906340332974
-0.04994687350747595,-0.031067033531087286,1.3304909451871356,1.5091828529335012,-0.5217039336427509,-1.1067499371663836,-0.508571073354389,2.981829027262644,-0.8505791253521618,-0.9075501609217962,3.905124837953327,4.147288270665544,-1.1677484162422842,2.6424337532568107,-0.07432941462471664,-0.11559856812793746,-0.3669650414492984,-0.678729811709616,-0.6069769786668839,-0.7471406682025761,-0.0941763218696022,-0.105409255338946,-0.23073955174772434,-0.7741427596395154,3.605551275463989,-0.19090958396133909,-1.0994261521710633,-0.41554832735932656,-0.21160368475757949,2.2782616597915593,-0.21442250696755896,-0.3018726524899911,1.547747520773237,-0.153694655873568,-1.4621665549733924,-0.3493873447137373,-0.2909029959270487,-0.03316790634033297,-0.27272727272727276,2.981829027262644,-1.1443970770893999,-0.033167906340332974,-0.033167906340332974
-0.9283717447199626,-0.940938314418563,0.3783465915222305,0.4545769498487312,1.1385856395199188,-1.1067499371663836,1.9662935082097504,-0.3353646338730602,-0.8505791253521618,-0.9075501609217962,-0.25607375986579195,-0.24112141108520604,0.8563488385776753,-0.3784390048634126,-0.07432941462471664,-0.11559856812793746,-0.3669650414492984,-0.678729811709616,-0.6069769786668839,-0.7471406682025761,-0.0941763218696022,-0.105409255338946,-0.23073955174772434,1.2917514083134436,-0.2773500981126145,-0.19090958396133909,-1.0994261521710633,-0.41554832735932656,-0.21160368475757949,2.2782616597915593,-0.21442250696755896,-0.3018726524899911,1.547747520773237,-0.153694655873568,-1.4621665549733924,-0.3493873447137373,-0.2909029959270487,-0.03316790634033297,-0.27272727272727276,2.981829027262644,-1.1443970770893999,-0.033167906340332974,-0.033167906340332974
-0.8932347498714632,-0.9084429115297247,1.8065631220195884,2.3926223528998003,-0.7984188625031958,-1.1067499371663836,1.9662935082097504,-0.3353646338730602,-0.8505791253521618,1.101867470316244,-0.25607375986579195,-0.24112141108520604,0.8563488385776753,2.6424337532568107,-0.07432941462471664,-0.11559856812793746,-0.3669650414492984,-0.678729811709616,-0.6069769786668839,-0.7471406682025761,-0.0941763218696022,-0.105409255338946,-0.23073955174772434,-0.7741427596395154,3.605551275463989,-0.19090958396133909,-1.0994261521710633,-0.41554832735932656,-0.21160368475757949,2.2782616597915593,-0.21442250696755896,-0.3018726524899911,-0.6461002111639058,-0.153694655873568,0.6839166144230383,-0.3493873447137373,-0.2909029959270487,-0.03316790634033297,-0.27272727272727276,2.981829027262644,-1.1443970770893999,-0.033167906340332974,-0.033167906340332974
-0.8307689812519086,-0.8434521057520478,1.1400620744541548,-0.8374533188519815,-0.24498900478230598,-1.1067499371663836,1.9662935082097504,-0.3353646338730602,-0.8505791253521618,-0.9075501609217962,-0.25607375986579195,-0.24112141108520604,0.8563488385776753,-0.3784390048634126,-0.07432941462471664,-0.11559856812793746,2.7250552152068273,-0.678729811709616,-0.6069769786668839,-0.7471406682025761,-0.0941763218696022,-0.105409255338946,-0.23073955174772434,1.2917514083134436,-0.2773500981126145,-0.19090958396133909,-1.0994261521710633,-0.41554832735932656,-0.21160368475757949,2.2782616597915593,-0.21442250696755896,-0.3018726524899911,-0.6461002111639058,-0.153694655873568,0.6839166144230383,-0.3493873447137373,-0.2909029959270487,-0.03316790634033297,-0.27272727272727276,2.981829027262644,-1.1443970770893999,-0.033167906340332974,-0.033167906340332974
-0.7956319864034092,-0.8109567028632094,1.0448476390876642,1.730042727925076,-0.9828954817434925,-1.1067499371663836,1.9662935082097504,-0.3353646338730602,-0.8505791253521618,1.101867470316244,-0.25607375986579195,-0.24112141108520604,0.8563488385776753,-0.3784390048634126,-0.07432941462471664,-0.11559856812793746,-0.3669650414492984,-0.678729811709616,-0.6069769786668839,-0.7471406682025761,-0.0941763218696022,-0.105409255338946,-0.23073955174772434,-0.7741427596395154,-0.2773500981126145,-0.19090958396133909,-1.0994261521710633,-0.41554832735932656,-0.21160368475757949,2.2782616597915593,-0.21442250696755896,-0.3018726524899911,1.547747520773237,-0.153694655873568,-1.4621665549733924,-0.3493873447137373,-0.2909029959270487,-0.03316790634033297,-0.27272727272727276,-0.3353646338730602,0.8738225743667123,-0.033167906340332974,-0.033167906340332974
-0.7643991020936318,-0.778461299974371,1.8065631220195884,-0.16935219700246767,-0.42946562402260263,-1.1067499371663836,-0.508571073354389,2.981829027262644,-0.8505791253521618,-0.9075501609217962,-0.25607375986579195,-0.24112141108520604,0.8563488385776753,2.6424337532568107,-0.07432941462471664,-0.11559856812793746,-0.3669650414492984,-0.678729811709616,-0.6069769786668839,-0.7471406682025761,-0.0941763218696022,-0.105409255338946,-0.23073955174772434,-0.7741427596395154,3.605551275463989,-0.19090958396133909,-1.0994261521710633,-0.41554832735932656,-0.21160368475757949,2.2782616597915593,-0.21442250696755896,-0.3018726524899911,1.547747520773237,-0.153694655873568,-1.4621665549733924,-0.3493873447137373,-0.2909029959270487,-0.03316790634033297,-0.27272727272727276,-0.3353646338730602,0.8738225743667123,-0.033167906340332974,-0.033167906340332974
-0.7643991020936318,-0.778461299974371,-0.002511149943731609,0.05150767798910737,-0.42946562402260263,-1.1067499371663836,1.9662935082097504,-0.3353646338730602,-0.8505791253521618,-0.9075501609217962,-0.25607375986579195,-0.24112141108520604,-1.1677484162422842,-0.3784390048634126,-0.07432941462471664,-0.11559856812793746,-0.3669650414492984,-0.678729811709616,-0.6069769786668839,-0.7471406682025761,-0.0941763218696022,-0.105409255338946,-0.23073955174772434,1.2917514083134436,-0.2773500981126145,-0.19090958396133909,-1.0994261521710633,-0.41554832735932656,-0.21160368475757949,2.2782616597915593,-0.21442250696755896,-0.3018726524899911,-0.6461002111639058,-0.153694655873568,0.6839166144230383,-0.3493873447137373,-0.2909029959270487,-0.03316790634033297,-0.27272727272727276,-0.3353646338730602,0.8738225743667123,-0.033167906340332974,-0.033167906340332974
-0.7331662177838545,-0.7459658970855325,1.9969919927525694,2.8343421028829505,0.6773940914191772,0.07626781086189616,1.9662935082097504,-0.3353646338730602,-0.8505791253521618,1.101867470316244,-0.25607375986579195,-0.24112141108520604,0.8563488385776753,-0.3784390048634126,-0.07432941462471664,-0.11559856812793746,2.7250552152068273,-0.678729811709616,-0.6069769786668839,-0.7471406682025761,-0.0941763218696022,-0.105409255338946,-0.23073955174772434,-0.7741427596395154,3.605551275463989,-0.19090958396133909,-1.0994261521710633,-0.41554832735932656,-0.21160368475757949,2.2782616597915593,-0.21442250696755896,3.312655160219113,-0.6461002111639058,-0.153694655873568,0.6839166144230383,-0.3493873447137373,-0.2909029959270487,-0.03316790634033297,-0.27272727272727276,-0.3353646338730602,0.8738225743667123,-0.033167906340332974,-0.033167906340332974
-0.6980292229353551,-0.7134704941966942,1.9969919927525694,1.0232911279520365,-1.1673721009837892,-1.1067499371663836,1.9662935082097504,-0.3353646338730602,-0.8505791253521618,-0.9075501609217962,-0.25607375986579195,-0.24112141108520604,0.8563488385776753,2.6424337532568107,-0.07432941462471664,-0.11559856812793746,-0.3669650414492984,-0.678729811709616,-0.6069769786668839,-0.7471406682025761,-0.0941763218696022,-0.105409255338946,-0.23073955174772434,1.2917514083134436,-0.2773500981126145,-0.19090958396133909,-1.0994261521710633,-0.41554832735932656,-0.21160368475757949,2.2782616597915593,-0.21442250696755896,-0.3018726524899911,-0.6461002111639058,-0.153694655873568,0.6839166144230383,-0.3493873447137373,-0.2909029959270487,-0.03316790634033297,-0.27272727272727276,-0.3353646338730602,0.8738225743667123,-0.033167906340332974,-0.033167906340332974
-0.6980292229353551,-0.7134704941966942,1.1400620744541548,1.0122481342024576,0.3084408529385839,0.07626781086189616,1.9662935082097504,-0.3353646338730602,-0.8505791253521618,1.101867470316244,-0.25607375986579195,-0.24112141108520604,-1.1677484162422842,-0.3784390048634126,-0.07432941462471664,-0.11559856812793746,-0.3669650414492984,-0.678729811709616,-0.6069769786668839,-0.7471406682025761,-0.0941763218696022,-0.105409255338946,-0.23073955174772434,-0.7741427596395154,-0.2773500981126145,-0.19090958396133909,-1.0994261521710633,-0.41554832735932656,-0.21160368475757949,2.2782616597915593,-0.21442250696755896,-0.3018726524899911,-0.6461002111639058,-0.153694655873568,0.6839166144230383,-0.3493873447137373,3.4375720222928714,-0.03316790634033297,-0.27272727272727276,-0.3353646338730602,-1.1443970770893999,-0.033167906340332974,-0.033167906340332974
-0.600426459467301,-0.6159842855301788,1.8065631220195884,2.6686971966392687,-0.7061805528830476,-1.1067499371663836,1.9662935082097504,-0.3353646338730602,-0.8505791253521618,1.101867470316244,-0.25607375986579195,-0.24112141108520604,0.8563488385776753,2.6424337532568107,-0.07432941462471664,-0.11559856812793746,-0.3669650414492984,-0.678729811709616,-0.6069769786668839,-0.7471406682025761,-0.0941763218696022,-0.105409255338946,-0.23073955174772434,-0.7741427596395154,3.605551275463989,-0.19090958396133909,-1.0994261521710633,-0.41554832735932656,-0.21160368475757949,2.2782616597915593,-0.21442250696755896,-0.3018726524899911,-0.6461002111639058,-0.153694655873568,0.6839166144230383,-0.3493873447137373,3.4375720222928714,-0.03316790634033297,-0.27272727272727276,-0.3353646338730602,-1.1443970770893999,-0.033167906340332974,-0.033167906340332974
-0.5379606908477463,-0.550993479752502,2.473064169585022,2.889557071630844,-0.9828954817434925,0.07626781086189616,1.9662935082097504,-0.3353646338730602,-0.8505791253521618,1.101867470316244,-0.25607375986579195,-0.24112141108520604,-1.1677484162422842,2.6424337532568107,-0.07432941462471664,-0.11559856812793746,-0.3669650414492984,-0.678729811709616,-0.6069769786668839,-0.7471406682025761,-0.0941763218696022,-0.105409255338946,-0.23073955174772434,-0.7741427596395154,3.605551275463989,-0.19090958396133909,-1.0994261521710633,-0.41554832735932656,-0.21160368475757949,2.2782616597915593,-0.21442250696755896,-0.3018726524899911,-0.6461002111639058,-0.153694655873568,0.6839166144230383,-0.3493873447137373,3.4375720222928714,-0.03316790634033297,-0.27272727272727276,-0.3353646338730602,-1.1443970770893999,-0.033167906340332974,-0.033167906340332974
-0.5379606908477463,-0.550993479752502,0.9496332037211737,0.7748237685865147,0.8618707106594738,-1.1067499371663836,1.9662935082097504,-0.3353646338730602,-0.8505791253521618,-0.9075501609217962,-0.25607375986579195,-0.24112141108520604,0.8563488385776753,2.6424337532568107,-0.07432941462471664,-0.11559856812793746,-0.3669650414492984,-0.678729811709616,-0.6069769786668839,-0.7471406682025761,-0.0941763218696022,-0.105409255338946,-0.23073955174772434,-0.7741427596395154,3.605551275463989,-0.19090958396133909,-1.0994261521710633,-0.41554832735932656,-0.21160368475757949,2.2782616597915593,-0.21442250696755896,3.312655160219113,1.547747520773237,-0.153694655873568,-1.4621665549733924,-0.3493873447137373,-0.2909029959270487,-0.03316790634033297,-0.27272727272727276,-0.3353646338730602,0.8738225743667123,-0.033167906340332974,-0.033167906340332974
-0.5028236959992469,-0.5184980768636636,1.1400620744541548,1.122678071698245,1.2308239491400672,-1.1067499371663836,1.9662935082097504,-0.3353646338730602,-0.8505791253521618,1.101867470316244,-0.25607375986579195,-0.24112141108520604,0.8563488385776753,2.6424337532568107,-0.07432941462471664,-0.11559856812793746,-0.3669650414492984,-0.678729811709616,-0.6069769786668839,-0.7471406682025761,-0.0941763218696022,-0.105409255338946,-0.23073955174772434,-0.7741427596395154,3.605551275463989,-0.19090958396133909,-1.0994261521710633,-0.41554832735932656,-0.21160368475757949,2.2782616597915593,-0.21442250696755896,-0.3018726524899911,-0.6461002111639058,-0.153694655873568,0.6839166144230383,-0.3493873447137373,-0.2909029959270487,-0.03316790634033297,-0.27272727272727276,-0.3353646338730602,0.8738225743667123,-0.033167906340332974,-0.033167906340332974
-0.4715908116894696,-0.48600267397482516,2.473064169585022,-0.25769614699909765,-0.24498900478230598,-1.1067499371663836,1.9662935082097504,-0.3353646338730602,-0.8505791253521618,-0.9075501609217962,-0.25607375986579195,-0.24112141108520604,0.8563488385776753,-0.3784390048634126,-0.07432941462471664,-0.11559856812793746,-0.3669650414492984,-0.678729811709616,-0.6069769786668839,-0.7471406682025761,-0.0941763218696022,-0.105409255338946,-0.23073955174772434,1.2917514083134436,-0.2773500981126145,-0.19090958396133909,-1.0994261521710633,2.4064589703793833,-0.21160368475757949,-0.43893114546442885,-0.21442250696755896,-0.3018726524899911,1.547747520773237,-0.153694655873568,-1.4621665549733924,-0.3493873447137373,-0.2909029959270487,-0.03316790634033297,-0.27272727272727276,-0.3353646338730602,0.8738225743667123,-0.033167906340332974,-0.033167906340332974
-0.44035792737969226,-0.45350727108598676,0.5687754622552115,0.21163108735799915,-0.24498900478230598,-1.1067499371663836,1.9662935082097504,-0.3353646338730602,-0.8505791253521618,-0.9075501609217962,-0.25607375986579195,-0.24112141108520604,0.8563488385776753,-0.3784390048634126,-0.07432941462471664,-0.11559856812793746,-0.3669650414492984,-0.678729811709616,-0.6069769786668839,-0.7471406682025761,-0.0941763218696022,-0.105409255338946,-0.23073955174772434,1.2917514083134436,-0.2773500981126145,-0.19090958396133909,-1.0994261521710633,2.4064589703793833,-0.21160368475757949,-0.43893114546442885,-0.21442250696755896,-0.3018726524899911,-0.6461002111639058,-0.153694655873568,0.6839166144230383,-0.3493873447137373,-0.2909029959270487,-0.03316790634033297,-0.27272727272727276,-0.3353646338730602,0.8738225743667123,-0.033167906340332974,-0.033167906340332974
-0.44035792737969226,-0.45350727108598676,0.09270328542275891,0.9625546623293533,0.40067916255873226,-1.1067499371663836,1.9662935082097504,-0.3353646338730602,-0.8505791253521618,-0.9075501609217962,-0.25607375986579195,-0.24112141108520604,-1.1677484162422842,2.6424337532568107,-0.07432941462471664,-0.11559856812793746,-0.3669650414492984,-0.678729811709616,-0.6069769786668839,-0.7471406682025761,-0.0941763218696022,-0.105409255338946,-0.23073955174772434,-0.7741427596395154,-0.2773500981126145,-0.19090958396133909,-1.0994261521710633,-0.41554832735932656,-0.21160368475757949,2.2782616597915593,-0.21442250696755896,-0.3018726524899911,1.547747520773237,-0.153694655873568,-1.4621665549733924,-0.3493873447137373,-0.2909029959270487,-0.03316790634033297,-0.27272727272727276,-0.3353646338730602,0.8738225743667123,-0.033167906340332974,-0.033167906340332974
-0.44035792737969226,-0.45350727108598676,-0.3833688914096937,0.38279749047646944,0.5851557817990288,-1.1067499371663836,-0.508571073354389,2.981829027262644,-0.8505791253521618,-0.9075501609217962,-0.25607375986579195,-0.24112141108520604,0.8563488385776753,-0.3784390048634126,-0.07432941462471664,-0.11559856812793746,-0.3669650414492984,-0.678729811709616,1.647508942095828,-0.7471406682025761,-0.0941763218696022,-0.105409255338946,-0.23073955174772434,1.2917514083134436,-0.2773500981126145,-0.19090958396133909,0.9095654110330884,-0.41554832735932656,-0.21160368475757949,-0.43893114546442885,-0.21442250696755896,-0.3018726524899911,-0.6461002111639058,-0.153694655873568,0.6839166144230383,-0.3493873447137373,-0.2909029959270487,-0.03316790634033297,-0.27272727272727276,-0.3353646338730602,0.8738225743667123,-0.033167906340332974,-0.033167906340332974
-0.40522093253119285,-0.4210118681971483,2.473064169585022,1.3987529154377136,1.1385856395199188,-1.1067499371663836,-0.508571073354389,2.981829027262644,-0.8505791253521618,1.101867470316244,-0.25607375986579195,-0.24112141108520604,0.8563488385776753,2.6424337532568107,-0.07432941462471664,-0.11559856812793746,-0.3669650414492984,-0.678729811709616,-0.6069769786668839,-0.7471406682025761,-0.0941763218696022,-0.105409255338946,-0.23073955174772434,-0.7741427596395154,3.605551275463989,-0.19090958396133909,-1.0994261521710633,2.4064589703793833,-0.21160368475757949,-0.43893114546442885,-0.21442250696755896,-0.3018726524899911,1.547747520773237,-0.153694655873568,-1.4621665549733924,-0.3493873447137373,-0.2909029959270487,-0.03316790634033297,-0.27272727272727276,-0.3353646338730602,0.8738225743667123,-0.033167906340332974,-0.033167906340332974
-0.3427551639116382,-0.3560210624194715,0.7592043329881926,0.5594853904697294,-1.1673721009837892,-1.1067499371663836,-0.508571073354389,2.981829027262644,-0.8505791253521618,-0.9075501609217962,-0.25607375986579195,-0.24112141108520604,0.8563488385776753,-0.3784390048634126,-0.07432941462471664,-0.11559856812793746,-0.3669650414492984,-0.678729811709616,-0.6069769786668839,-0.7471406682025761,-0.0941763218696022,-0.105409255338946,-0.23073955174772434,-0.7741427596395154,-0.2773500981126145,-0.19090958396133909,-1.0994261521710633,-0.41554832735932656,-0.21160368475757949,2.2782616597915593,-0.21442250696755896,3.312655160219113,-0.6461002111639058,-0.153694655873568,0.6839166144230383,-0.3493873447137373,-0.2909029959270487,-0.03316790634033297,-0.27272727272727276,-0.3353646338730602,0.8738225743667123,-0.033167906340332974,-0.033167906340332974
-0.3427551639116382,-0.3560210624194715,2.473064169585022,1.0067266373276682,0.40067916255873226,-1.1067499371663836,-0.508571073354389,2.981829027262644,-0.8505791253521618,-0.9075501609217962,-0.25607375986579195,-0.24112141108520604,0.8563488385776753,-0.3784390048634126,-0.07432941462471664,-0.11559856812793746,-0.3669650414492984,-0.678729811709616,-0.6069769786668839,-0.7471406682025761,-0.0941763218696022,-0.105409255338946,-0.23073955174772434,1.2917514083134436,-0.2773500981126145,-0.19090958396133909,-1.0994261521710633,-0.41554832735932656,-0.21160368475757949,2.2782616597915593,-0.21442250696755896,-0.3018726524899911,1.547747520773237,-0.153694655873568,-1.4621665549733924,-0.3493873447137373,-0.2909029959270487,-0.03316790634033297,-0.27272727272727276,-0.3353646338730602,0.8738225743667123,-0.033167906340332974,-0.033167906340332974
-0.3427551639116382,-0.3560210624194715,-0.28815445604320317,-0.11413722825457415,-1.2596104106039374,-1.1067499371663836,-0.508571073354389,2.981829027262644,-0.8505791253521618,-0.9075501609217962,-0.25607375986579195,-0.24112141108520604,-1.1677484162422842,-0.3784390048634126,-0.07432941462471664,-0.11559856812793746,-0.3669650414492984,-0.678729811709616,1.647508942095828,-0.7471406682025761,-0.0941763218696022,-0.105409255338946,-0.23073955174772434,1.2917514083134436,-0.2773500981126145,-0.19090958396133909,0.9095654110330884,-0.41554832735932656,-0.21160368475757949,-0.43893114546442885,-0.21442250696755896,-0.3018726524899911,-0.6461002111639058,-0.153694655873568,0.6839166144230383,-0.3493873447137373,-0.2909029959270487,-0.03316790634033297,-0.27272727272727276,-0.3353646338730602,0.8738225743667123,-0.033167906340332974,-0.033167906340332974
-0.30761816906313877,-0.32352565953063306,-0.19294002067671265,1.6251342873040784,-1.720801958704679,-1.1067499371663836,1.9662935082097504,-0.3353646338730602,-0.8505791253521618,-0.9075501609217962,-0.25607375986579195,-0.24112141108520604,0.8563488385776753,2.6424337532568107,-0.07432941462471664,-0.11559856812793746,-0.3669650414492984,-0.678729811709616,-0.6069769786668839,-0.7471406682025761,-0.0941763218696022,-0.105409255338946,-0.23073955174772434,1.2917514083134436,-0.2773500981126145,-0.19090958396133909,-1.0994261521710633,-0.41554832735932656,-0.21160368475757949,2.2782616597915593,-0.21442250696755896,-0.3018726524899911,-0.6461002111639058,-0.153694655873568,0.6839166144230383,-0.3493873447137373,-0.2909029959270487,-0.03316790634033297,-0.27272727272727276,-0.3353646338730602,0.8738225743667123,-0.033167906340332974,-0.033167906340332974
-0.30761816906313877,-0.32352565953063306,1.5209198159201167,1.1999790279452967,-0.8906571721233442,-1.1067499371663836,1.9662935082097504,-0.3353646338730602,-0.8505791253521618,-0.9075501609217962,-0.25607375986579195,-0.24112141108520604,-1.1677484162422842,-0.3784390048634126,-0.07432941462471664,-0.11559856812793746,-0.3669650414492984,-0.678729811709616,-0.6069769786668839,-0.7471406682025761,-0.0941763218696022,-0.105409255338946,-0.23073955174772434,1.2917514083134436,-0.2773500981126145,-0.19090958396133909,-1.0994261521710633,-0.41554832735932656,-0.21160368475757949,2.2782616597915593,-0.21442250696755896,-0.3018726524899911,1.547747520773237,-0.153694655873568,-1.4621665549733924,-0.3493873447137373,-0.2909029959270487,-0.03316790634033297,-0.27272727272727276,-0.3353646338730602,0.8738225743667123,-0.033167906340332974,-0.033167906340332974
-0.2451524004435841,-0.2585348537529562,0.663989897621702,-0.21352417200078266,0.2162025433184356,-1.1067499371663836,1.9662935082097504,-0.3353646338730602,-0.8505791253521618,-0.9075501609217962,-0.25607375986579195,-0.24112141108520604,0.8563488385776753,-0.3784390048634126,-0.07432941462471664,-0.11559856812793746,-0.3669650414492984,-0.678729811709616,-0.6069769786668839,-0.7471406682025761,-0.0941763218696022,-0.105409255338946,-0.23073955174772434,1.2917514083134436,-0.2773500981126145,-0.19090958396133909,-1.0994261521710633,-0.41554832735932656,-0.21160368475757949,2.2782616597915593,-0.21442250696755896,-0.3018726524899911,-0.6461002111639058,-0.153694655873568,0.6839166144230383,-0.3493873447137373,-0.2909029959270487,-0.03316790634033297,-0.27272727272727276,-0.3353646338730602,0.8738225743667123,-0.033167906340332974,-0.033167906340332974
-0.2451524004435841,-0.2585348537529562,2.0922064281190598,2.7791271341350567,0.40067916255873226,-1.1067499371663836,1.9662935082097504,-0.3353646338730602,-0.8505791253521618,1.101867470316244,-0.25607375986579195,-0.24112141108520604,0.8563488385776753,2.6424337532568107,-0.07432941462471664,-0.11559856812793746,-0.3669650414492984,-0.678729811709616,-0.6069769786668839,-0.7471406682025761,-0.0941763218696022,-0.105409255338946,-0.23073955174772434,-0.7741427596395154,3.605551275463989,-0.19090958396133909,-1.0994261521710633,-0.41554832735932656,-0.21160368475757949,2.2782616597915593,-0.21442250696755896,-0.3018726524899911,1.547747520773237,-0.153694655873568,-1.4621665549733924,-0.3493873447137373,-0.2909029959270487,-0.03316790634033297,-0.27272727272727276,-0.3353646338730602,0.8738225743667123,-0.033167906340332974,-0.033167906340332974
-0.2100154055950847,-0.2260394508641178,0.473561026888721,0.747216284212568,-0.9828954817434925,-1.1067499371663836,1.9662935082097504,-0.3353646338730602,-0.8505791253521618,-0.9075501609217962,3.905124837953327,-0.24112141108520604,-1.1677484162422842,-0.3784390048634126,-0.07432941462471664,-0.11559856812793746,-0.3669650414492984,-0.678729811709616,-0.6069769786668839,-0.7471406682025761,-0.0941763218696022,-0.105409255338946,-0.23073955174772434,-0.7741427596395154,-0.2773500981126145,5.238081709939242,-1.0994261521710633,-0.41554832735932656,-0.21160368475757949,2.2782616597915593,-0.21442250696755896,-0.3018726524899911,-0.6461002111639058,-0.153694655873568,0.6839166144230383,-0.3493873447137373,-0.2909029959270487,-0.03316790634033297,-0.27272727272727276,-0.3353646338730602,0.8738225743667123,-0.033167906340332974,-0.033167906340332974
-0.14754963697553003,-0.16104864508644096,1.6161342512866073,1.2331080091940325,-0.42946562402260263,-1.1067499371663836,1.9662935082097504,-0.3353646338730602,-0.8505791253521618,-0.9075501609217962,3.905124837953327,-0.24112141108520604,-1.1677484162422842,-0.3784390048634126,-0.07432941462471664,-0.11559856812793746,2.7250552152068273,-0.678729811709616,-0.6069769786668839,-0.7471406682025761,-0.0941763218696022,-0.105409255338946,-0.23073955174772434,-0.7741427596395154,3.605551275463989,-0.19090958396133909,-1.0994261521710633,-0.41554832735932656,-0.21160368475757949,2.2782616597915593,-0.21442250696755896,-0.3018726524899911,-0.6461002111639058,-0.153694655873568,0.6839166144230383,-0.3493873447137373,-0.2909029959270487,-0.03316790634033297,-0.27272727272727276,-0.3353646338730602,0.8738225743667123,-0.033167906340332974,-0.033167906340332974
-0.14754963697553003,-0.16104864508644096,1.5209198159201167,1.8956876341687567,-0.3372273144024543,-1.1067499371663836,1.9662935082097504,-0.3353646338730602,-0.8505791253521618,-0.9075501609217962,3.905124837953327,-0.24112141108520604,0.8563488385776753,-0.3784390048634126,-0.07432941462471664,-0.11559856812793746,2.7250552152068273,-0.678729811709616,-0.6069769786668839,-0.7471406682025761,-0.0941763218696022,-0.105409255338946,-0.23073955174772434,1.2917514083134436,-0.2773500981126145,-0.19090958396133909,-1.0994261521710633,-0.41554832735932656,-0.21160368475757949,2.2782616597915593,-0.21442250696755896,-0.3018726524899911,1.547747520773237,-0.153694655873568,-1.4621665549733924,-0.3493873447137373,-0.2909029959270487,-0.03316790634033297,-0.27272727272727276,-0.3353646338730602,0.8738225743667123,-0.033167906340332974,-0.033167906340332974
-0.11241264212703062,-0.12855324219760256,0.9496332037211737,2.061332540412438,-0.15275069516215767,-1.1067499371663836,1.9662935082097504,-0.3353646338730602,-0.8505791253521618,1.101867470316244,-0.25607375986579195,-0.24112141108520604,0.8563488385776753,2.6424337532568107,-0.07432941462471664,-0.11559856812793746,-0.3669650414492984,-0.678729811709616,-0.6069769786668839,-0.7471406682025761,-0.0941763218696022,-0.105409255338946,-0.23073955174772434,-0.7741427596395154,3.605551275463989,-0.19090958396133909,-1.0994261521710633,-0.41554832735932656,-0.21160368475757949,2.2782616597915593,-0.21442250696755896,-0.3018726524899911,-0.6461002111639058,-0.153694655873568,0.6839166144230383,-0.3493873447137373,-0.2909029959270487,-0.03316790634033297,-0.27272727272727276,-0.3353646338730602,0.8738225743667123,-0.033167906340332974,-0.033167906340332974
-0.08117975781725328,-0.09605783930876413,0.8544187683546831,0.3607115029773119,-1.2596104106039374,-1.1067499371663836,1.9662935082097504,-0.3353646338730602,-0.8505791253521618,-0.9075501609217962,-0.25607375986579195,-0.24112141108520604,0.8563488385776753,-0.3784390048634126,-0.07432941462471664,-0.11559856812793746,-0.3669650414492984,-0.678729811709616,-0.6069769786668839,-0.7471406682025761,-0.0941763218696022,-0.105409255338946,-0.23073955174772434,1.2917514083134436,-0.2773500981126145,-0.19090958396133909,-1.0994261521710633,-0.41554832735932656,-0.21160368475757949,2.2782616597915593,-0.21442250696755896,-0.3018726524899911,-0.6461002111639058,-0.153694655873568,0.6839166144230383,-0.3493873447137373,-0.2909029959270487,-0.03316790634033297,-0.27272727272727276,-0.3353646338730602,0.8738225743667123,-0.033167906340332974,-0.033167906340332974
-0.08117975781725328,-0.09605783930876413,0.663989897621702,0.5760498810940972,1.0463473298997705,-1.1067499371663836,1.9662935082097504,-0.3353646338730602,-0.8505791253521618,-0.9075501609217962,-0.25607375986579195,-0.24112141108520604,0.8563488385776753,-0.3784390048634126,-0.07432941462471664,-0.11559856812793746,-0.3669650414492984,-0.678729811709616,-0.6069769786668839,-0.7471406682025761,-0.0941763218696022,-0.105409255338946,-0.23073955174772434,1.2917514083134436,-0.2773500981126145,-0.19090958396133909,-1.0994261521710633,2.4064589703793833,-0.21160368475757949,-0.43893114546442885,-0.21442250696755896,-0.3018726524899911,-0.6461002111639058,-0.153694655873568,0.6839166144230383,-0.3493873447137373,-0.2909029959270487,-0.03316790634033297,-0.27272727272727276,-0.3353646338730602,0.8738225743667123,-0.033167906340332974,-0.033167906340332974
-0.04994687350747595,-0.0635624364199257,1.235276509820645,0.957033165454564,1.3230622587602154,-1.1067499371663836,1.9662935082097504,-0.3353646338730602,-0.8505791253521618,1.101867470316244,-0.25607375986579195,-0.24112141108520604,-1.1677484162422842,2.6424337532568107,-0.07432941462471664,-0.11559856812793746,-0.3669650414492984,-0.678729811709616,-0.6069769786668839,-0.7471406682025761,-0.0941763218696022,-0.105409255338946,-0.23073955174772434,-0.7741427596395154,3.605551275463989,-0.19090958396133909,-1.0994261521710633,2.4064589703793833,-0.21160368475757949,-0.43893114546442885,-0.21442250696755896,-0.3018726524899911,-0.6461002111639058,-0.153694655873568,0.6839166144230383,-0.3493873447137373,-0.2909029959270487,-0.03316790634033297,-0.27272727272727276,-0.3353646338730602,0.8738225743667123,-0.033167906340332974,-0.033167906340332974
-0.04994687350747595,-0.0635624364199257,0.09270328542275891,0.5097919185966252,0.2162025433184356,-1.1067499371663836,1.9662935082097504,-0.3353646338730602,-0.8505791253521618,-0.9075501609217962,-0.25607375986579195,-0.24112141108520604,0.8563488385776753,2.6424337532568107,-0.07432941462471664,-0.11559856812793746,-0.3669650414492984,-0.678729811709616,-0.6069769786668839,-0.7471406682025761,-0.0941763218696022,-0.105409255338946,-0.23073955174772434,-0.7741427596395154,3.605551275463989,-0.19090958396133909,-1.0994261521710633,-0.41554832735932656,-0.21160368475757949,2.2782616597915593,-0.21442250696755896,-0.3018726524899911,1.547747520773237,-0.153694655873568,-1.4621665549733924,-0.3493873447137373,-0.2909029959270487,-0.03316790634033297,-0.27272727272727276,-0.3353646338730602,0.8738225743667123,-0.033167906340332974,-0.033167906340332974
-0.014809878658976545,-0.031067033531087286,-0.19294002067671265,-0.4012550657436212,1.0463473298997705,-1.1067499371663836,1.9662935082097504,-0.3353646338730602,-0.8505791253521618,-0.9075501609217962,-0.25607375986579195,-0.24112141108520604,0.8563488385776753,-0.3784390048634126,-0.07432941462471664,-0.11559856812793746,-0.3669650414492984,-0.678729811709616,1.647508942095828,-0.7471406682025761,-0.0941763218696022,-0.105409255338946,-0.23073955174772434,1.2917514083134436,-0.2773500981126145,-0.19090958396133909,0.9095654110330884,-0.41554832735932656,-0.21160368475757949,-0.43893114546442885,-0.21442250696755896,-0.3018726524899911,1.547747520773237,-0.153694655873568,-1.4621665549733924,-0.3493873447137373,-0.2909029959270487,-0.03316790634033297,-0.27272727272727276,-0.3353646338730602,0.8738225743667123,-0.033167906340332974,-0.033167906340332974
-0.014809878658976545,-0.031067033531087286,1.4257053805536262,2.0005960747897555,-0.9828954817434925,-1.1067499371663836,1.9662935082097504,-0.3353646338730602,-0.8505791253521618,-0.9075501609217962,-0.25607375986579195,-0.24112141108520604,0.8563488385776753,-0.3784390048634126,-0.07432941462471664,-0.11559856812793746,-0.3669650414492984,-0.678729811709616,-0.6069769786668839,-0.7471406682025761,-0.0941763218696022,-0.105409255338946,-0.23073955174772434,1.2917514083134436,-0.2773500981126145,-0.19090958396133909,-1.0994261521710633,-0.41554832735932656,-0.21160368475757949,2.2782616597915593,-0.21442250696755896,-0.3018726524899911,-0.6461002111639058,-0.153694655873568,0.6839166144230383,-0.3493873447137373,-0.2909029959270487,-0.03316790634033297,-0.27272727272727276,-0.3353646338730602,0.8738225743667123,-0.033167906340332974,-0.033167906340332974
0.016423005650800786,0.0014283693577511344,1.7113486866530978,0.2723675529806819,1.0463473298997705,-1.1067499371663836,1.9662935082097504,-0.3353646338730602,-0.8505791253521618,-0.9075501609217962,-0.25607375986579195,-0.24112141108520604,0.8563488385776753,-0.3784390048634126,-0.07432941462471664,-0.11559856812793746,-0.3669650414492984,-0.678729811709616,-0.6069769786668839,-0.7471406682025761,-0.0941763218696022,-0.105409255338946,-0.23073955174772434,1.2917514083134436,-0.2773500981126145,-0.19090958396133909,-1.0994261521710633,-0.41554832735932656,-0.21160368475757949,2.2782616597915593,-0.21442250696755896,-0.3018726524899911,1.547747520773237,-0.153694655873568,-1.4621665549733924,-0.3493873447137373,-0.2909029959270487,-0.03316790634033297,-0.27272727272727276,-0.3353646338730602,0.8738225743667123,-0.033167906340332974,-0.033167906340332974
0.016423005650800786,0.0014283693577511344,0.663989897621702,1.5643978216813945,0.7696324010393255,0.4706070602046561,1.9662935082097504,-0.3353646338730602,-0.8505791253521618,1.101867470316244,-0.25607375986579195,-0.24112141108520604,-1.1677484162422842,-0.3784390048634126,-0.07432941462471664,-0.11559856812793746,-0.3669650414492984,-0.678729811709616,-0.6069769786668839,-0.7471406682025761,-0.0941763218696022,-0.105409255338946,-0.23073955174772434,1.2917514083134436,-0.2773500981126145,-0.19090958396133909,-1.0994261521710633,-0.41554832735932656,-0.21160368475757949,2.2782616597915593,-0.21442250696755896,-0.3018726524899911,-0.6461002111639058,-0.153694655873568,0.6839166144230383,-0.3493873447137373,-0.2909029959270487,-0.03316790634033297,-0.27272727272727276,-0.3353646338730602,0.8738225743667123,-0.033167906340332974,-0.033167906340332974
0.04765588996057812,0.03392377224658955,0.7592043329881926,1.6527417716780246,1.0463473298997705,-1.1067499371663836,1.9662935082097504,-0.3353646338730602,-0.8505791253521618,-0.9075501609217962,-0.25607375986579195,-0.24112141108520604,0.8563488385776753,-0.3784390048634126,-0.07432941462471664,-0.11559856812793746,-0.3669650414492984,-0.678729811709616,-0.6069769786668839,-0.7471406682025761,-0.0941763218696022,-0.105409255338946,-0.23073955174772434,1.2917514083134436,-0.2773500981126145,-0.19090958396133909,-1.0994261521710633,-0.41554832735932656,-0.21160368475757949,2.2782616597915593,-0.21442250696755896,-0.3018726524899911,1.547747520773237,-0.153694655873568,-1.4621665549733924,-0.3493873447137373,-0.2909029959270487,-0.03316790634033297,-0.27272727272727276,-0.3353646338730602,0.8738225743667123,-0.033167906340332974,-0.033167906340332974
0.08279288480907752,0.06641917513542797,0.09270328542275891,0.46561994359831016,0.6773940914191772,-1.1067499371663836,1.9662935082097504,-0.3353646338730602,-0.8505791253521618,-0.9075501609217962,-0.25607375986579195,-0.24112141108520604,0.8563488385776753,-0.3784390048634126,-0.07432941462471664,-0.11559856812793746,-0.3669650414492984,-0.678729811709616,-0.6069769786668839,-0.7471406682025761,-0.0941763218696022,-0.105409255338946,-0.23073955174772434,1.2917514083134436,-0.2773500981126145,-0.19090958396133909,-1.0994261521710633,-0.41554832735932656,-0.21160368475757949,2.2782616597915593,-0.21442250696755896,-0.3018726524899911,-0.6461002111639058,-0.153694655873568,0.6839166144230383,-0.3493873447137373,-0.2909029959270487,-0.03316790634033297,-0.27272727272727276,-0.3353646338730602,0.8738225743667123,-0.033167906340332974,-0.033167906340332974
0.11402576911885486,0.0989145780242664,0.9496332037211737,1.4484463873108178,0.5851557817990288,-1.1067499371663836,1.9662935082097504,-0.3353646338730602,-0.8505791253521618,-0.9075501609217962,-0.25607375986579195,-0.24112141108520604,0.8563488385776753,-0.3784390048634126,-0.07432941462471664,-0.11559856812793746,-0.3669650414492984,-0.678729811709616,-0.6069769786668839,-0.7471406682025761,-0.0941763218696022,-0.105409255338946,-0.23073955174772434,1.2917514083134436,-0.2773500981126145,-0.19090958396133909,-1.0994261521710633,-0.41554832735932656,-0.21160368475757949,2.2782616597915593,-0.21442250696755896,-0.3018726524899911,1.547747520773237,-0.153694655873568,-1.4621665549733924,-0.3493873447137373,-0.2909029959270487,-0.03316790634033297,-0.27272727272727276,-0.3353646338730602,0.8738225743667123,-0.033167906340332974,-0.033167906340332974
0.11402576911885486,0.0989145780242664,1.1400620744541548,-0.8319318219771923,-0.42946562402260263,-1.1067499371663836,1.9662935082097504,-0.3353646338730602,-0.8505791253521618,-0.9075501609217962,-0.25607375986579195,-0.24112141108520604,0.8563488385776753,2.6424337532568107,-0.07432941462471664,-0.11559856812793746,-0.3669650414492984,-0.678729811709616,-0.6069769786668839,-0.7471406682025761,-0.0941763218696022,-0.105409255338946,-0.23073955174772434,1.2917514083134436,-0.2773500981126145,-0.19090958396133909,-1.0994261521710633,-0.41554832735932656,-0.21160368475757949,2.2782616597915593,-0.21442250696755896,-0.3018726524899911,-0.6461002111639058,-0.153694655873568,0.6839166144230383,-0.3493873447137373,-0.2909029959270487,-0.03316790634033297,-0.27272727272727276,-0.3353646338730602,-1.1443970770893999,-0.033167906340332974,-0.033167906340332974
0.1452586534286322,0.13140998091310482,2.1874208634855505,0.7748237685865147,0.1239642336982873,-1.1067499371663836,1.9662935082097504,-0.3353646338730602,-0.8505791253521618,-0.9075501609217962,-0.25607375986579195,-0.24112141108520604,-1.1677484162422842,-0.3784390048634126,-0.07432941462471664,-0.11559856812793746,-0.3669650414492984,-0.678729811709616,-0.6069769786668839,-0.7471406682025761,-0.0941763218696022,-0.105409255338946,-0.23073955174772434,-0.7741427596395154,-0.2773500981126145,-0.19090958396133909,-1.0994261521710633,-0.41554832735932656,-0.21160368475757949,2.2782616597915593,-0.21442250696755896,-0.3018726524899911,-0.6461002111639058,-0.153694655873568,0.6839166144230383,-0.3493873447137373,-0.2909029959270487,-0.03316790634033297,-0.27272727272727276,-0.3353646338730602,-1.1443970770893999,-0.033167906340332974,-0.033167906340332974
0.1452586534286322,0.13140998091310482,1.1400620744541548,1.0122481342024576,-0.42946562402260263,0.07626781086189616,1.9662935082097504,-0.3353646338730602,-0.8505791253521618,-0.9075501609217962,-0.25607375986579195,-0.24112141108520604,0.8563488385776753,-0.3784390048634126,-0.07432941462471664,-0.11559856812793746,-0.3669650414492984,-0.678729811709616,-0.6069769786668839,-0.7471406682025761,-0.0941763218696022,-0.105409255338946,-0.23073955174772434,1.2917514083134436,-0.2773500981126145,-0.19090958396133909,-1.0994261521710633,-0.41554832735932656,-0.21160368475757949,2.2782616597915593,-0.21442250696755896,3.312655160219113,-0.6461002111639058,-0.153694655873568,0.6839166144230383,-0.3493873447137373,-0.2909029959270487,-0.03316790634033297,-0.27272727272727276,-0.3353646338730602,-1.1443970770893999,-0.033167906340332974,-0.033167906340332974
0.1803956482771316,0.16390538380194325,1.5209198159201167,1.6085697966797097,-0.7984188625031958,0.07626781086189616,1.9662935082097504,-0.3353646338730602,-0.8505791253521618,-0.9075501609217962,-0.25607375986579195,-0.24112141108520604,0.8563488385776753,2.6424337532568107,-0.07432941462471664,-0.11559856812793746,-0.3669650414492984,-0.678729811709616,-0.6069769786668839,-0.7471406682025761,-0.0941763218696022,-0.105409255338946,-0.23073955174772434,-0.7741427596395154,3.605551275463989,-0.19090958396133909,-1.0994261521710633,-0.41554832735932656,-0.21160368475757949,2.2782616597915593,-0.21442250696755896,-0.3018726524899911,-0.6461002111639058,-0.153694655873568,0.6839166144230383,-0.3493873447137373,-0.2909029959270487,-0.03316790634033297,-0.27272727272727276,-0.3353646338730602,-1.1443970770893999,-0.033167906340332974,-0.033167906340332974
0.1803956482771316,0.16390538380194325,2.3778497342185316,1.2331080091940325,-1.1673721009837892,-1.1067499371663836,1.9662935082097504,-0.3353646338730602,-0.8505791253521618,1.101867470316244,-0.25607375986579195,-0.24112141108520604,-1.1677484162422842,-0.3784390048634126,-0.07432941462471664,-0.11559856812793746,2.7250552152068273,-0.678729811709616,-0.6069769786668839,-0.7471406682025761,-0.0941763218696022,-0.105409255338946,-0.23073955174772434,-0.7741427596395154,3.605551275463989,-0.19090958396133909,-1.0994261521710633,-0.41554832735932656,-0.21160368475757949,2.2782616597915593,-0.21442250696755896,-0.3018726524899911,-0.6461002111639058,-0.153694655873568,0.6839166144230383,-0.3493873447137373,-0.2909029959270487,-0.03316790634033297,-0.27272727272727276,-0.3353646338730602,-1.1443970770893999,-0.033167906340332974,-0.033167906340332974
0.1803956482771316,0.16390538380194325,0.9496332037211737,2.171762477908225,-0.42946562402260263,-1.1067499371663836,-0.508571073354389,2.981829027262644,-0.8505791253521618,1.101867470316244,-0.25607375986579195,-0.24112141108520604,0.8563488385776753,-0.3784390048634126,-0.07432941462471664,-0.11559856812793746,-0.3669650414492984,-0.678729811709616,-0.6069769786668839,-0.7471406682025761,-0.0941763218696022,-0.105409255338946,-0.23073955174772434,1.2917514083134436,-0.2773500981126145,-0.19090958396133909,-1.0994261521710633,-0.41554832735932656,-0.21160368475757949,2.2782616597915593,-0.21442250696755896,-0.3018726524899911,1.547747520773237,-0.153694655873568,-1.4621665549733924,-0.3493873447137373,-0.2909029959270487,-0.03316790634033297,-0.27272727272727276,-0.3353646338730602,-1.1443970770893999,-0.033167906340332974,-0.033167906340332974
0.21162853258690892,0.19640078669078165,-0.002511149943731609,-0.14726620950331015,0.03172592407813898,-1.1067499371663836,-0.508571073354389,2.981829027262644,-0.8505791253521618,-0.9075501609217962,3.905124837953327,4.147288270665544,-1.1677484162422842,-0.3784390048634126,-0.07432941462471664,8.650626181573987,-0.3669650414492984,-0.678729811709616,-0.6069769786668839,-0.7471406682025761,-0.0941763218696022,-0.105409255338946,4.333890711087691,-0.7741427596395154,-0.2773500981126145,-0.19090958396133909,-1.0994261521710633,-0.41554832735932656,4.725815626252609,-0.43893114546442885,4.663689526544407,-0.3018726524899911,-0.6461002111639058,6.506407098647712,-1.4621665549733924,-0.3493873447137373,-0.2909029959270487,-0.03316790634033297,-0.27272727272727276,-0.3353646338730602,-1.1443970770893999,-0.033167906340332974,-0.033167906340332974
0.21162853258690892,0.19640078669078165,1.5209198159201167,2.6134822278913754,1.0463473298997705,-1.1067499371663836,-0.508571073354389,2.981829027262644,-0.8505791253521618,1.101867470316244,-0.25607375986579195,-0.24112141108520604,0.8563488385776753,-0.3784390048634126,-0.07432941462471664,-0.11559856812793746,-0.3669650414492984,-0.678729811709616,-0.6069769786668839,-0.7471406682025761,-0.0941763218696022,-0.105409255338946,-0.23073955174772434,1.2917514083134436,-0.2773500981126145,-0.19090958396133909,-1.0994261521710633,-0.41554832735932656,-0.21160368475757949,2.2782616597915593,-0.21442250696755896,-0.3018726524899911,1.547747520773237,-0.153694655873568,-1.4621665549733924,-0.3493873447137373,-0.2909029959270487,-0.03316790634033297,-0.27272727272727276,-0.3353646338730602,-1.1443970770893999,-0.033167906340332974,-0.033167906340332974
0.24286141689668625,0.22889618957962007,-0.19294002067671265,-0.2797821344982552,-1.1673721009837892,0.4706070602046561,1.9662935082097504,-0.3353646338730602,-0.8505791253521618,-0.9075501609217962,-0.25607375986579195,-0.24112141108520604,-1.1677484162422842,-0.3784390048634126,-0.07432941462471664,-0.11559856812793746,-0.3669650414492984,-0.678729811709616,1.647508942095828,-0.7471406682025761,-0.0941763218696022,-0.105409255338946,-0.23073955174772434,1.2917514083134436,-0.2773500981126145,-0.19090958396133909,0.9095654110330884,-0.41554832735932656,-0.21160368475757949,-0.43893114546442885,-0.21442250696755896,-0.3018726524899911,-0.6461002111639058,-0.153694655873568,0.6839166144230383,-0.3493873447137373,-0.2909029959270487,-0.03316790634033297,-0.27272727272727276,-0.3353646338730602,-1.1443970770893999,-0.033167906340332974,-0.033167906340332974
0.2779984117451857,0.2613915924684585,1.4257053805536262,0.2944535404798394,0.7696324010393255,-1.1067499371663836,1.9662935082097504,-0.3353646338730602,-0.8505791253521618,-0.9075501609217962,-0.25607375986579195,-0.24112141108520604,-1.1677484162422842,-0.3784390048634126,-0.07432941462471664,-0.11559856812793746,-0.3669650414492984,-0.678729811709616,-0.6069769786668839,-0.7471406682025761,-0.0941763218696022,-0.105409255338946,-0.23073955174772434,1.2917514083134436,-0.2773500981126145,-0.19090958396133909,-1.0994261521710633,2.4064589703793833,-0.21160368475757949,-0.43893114546442885,-0.21442250696755896,-0.3018726524899911,-0.6461002111639058,-0.153694655873568,0.6839166144230383,-0.3493873447137373,-0.2909029959270487,-0.03316790634033297,-0.27272727272727276,-0.3353646338730602,-1.1443970770893999,-0.033167906340332974,-0.033167906340332974
0.309231296054963,0.2938869953572969,0.18791772078924943,1.3159304623158734,1.2308239491400672,0.07626781086189616,1.9662935082097504,-0.3353646338730602,-0.8505791253521618,-0.9075501609217962,-0.25607375986579195,-0.24112141108520604,0.8563488385776753,2.6424337532568107,-0.07432941462471664,-0.11559856812793746,-0.3669650414492984,-0.678729811709616,-0.6069769786668839,-0.7471406682025761,-0.0941763218696022,-0.105409255338946,-0.23073955174772434,-0.7741427596395154,-0.2773500981126145,5.238081709939242,-1.0994261521710633,2.4064589703793833,-0.21160368475757949,-0.43893114546442885,-0.21442250696755896,-0.3018726524899911,-0.6461002111639058,-0.153694655873568,0.6839166144230383,-0.3493873447137373,-0.2909029959270487,-0.03316790634033297,-0.27272727272727276,-0.3353646338730602,-1.1443970770893999,-0.033167906340332974,-0.033167906340332974
0.309231296054963,0.2938869953572969,-0.19294002067671265,0.5650068873445186,0.6773940914191772,-1.1067499371663836,1.9662935082097504,-0.3353646338730602,-0.8505791253521618,-0.9075501609217962,-0.25607375986579195,-0.24112141108520604,0.8563488385776753,-0.3784390048634126,-0.07432941462471664,-0.11559856812793746,-0.3669650414492984,-0.678729811709616,1.647508942095828,-0.7471406682025761,-0.0941763218696022,-0.105409255338946,-0.23073955174772434,1.2917514083134436,-0.2773500981126145,-0.19090958396133909,0.9095654110330884,-0.41554832735932656,-0.21160368475757949,-0.43893114546442885,-0.21442250696755896,-0.3018726524899911,-0.6461002111639058,-0.153694655873568,0.6839166144230383,-0.3493873447137373,-0.2909029959270487,-0.03316790634033297,-0.27272727272727276,-0.3353646338730602,-1.1443970770893999,-0.033167906340332974,-0.033167906340332974
0.309231296054963,0.2938869953572969,0.9496332037211737,2.0061175716645447,-0.7984188625031958,-1.1067499371663836,1.9662935082097504,-0.3353646338730602,-0.8505791253521618,1.101867470316244,-0.25607375986579195,-0.24112141108520604,0.8563488385776753,-0.3784390048634126,-0.07432941462471664,-0.11559856812793746,-0.3669650414492984,-0.678729811709616,-0.6069769786668839,-0.7471406682025761,-0.0941763218696022,-0.105409255338946,-0.23073955174772434,1.2917514083134436,-0.2773500981126145,-0.19090958396133909,-1.0994261521710633,-0.41554832735932656,-0.21160368475757949,2.2782616597915593,-0.21442250696755896,3.312655160219113,1.547747520773237,-0.153694655873568,-1.4621665549733924,-0.3493873447137373,-0.2909029959270487,-0.03316790634033297,-0.27272727272727276,-0.3353646338730602,0.8738225743667123,-0.033167906340332974,-0.033167906340332974
0.309231296054963,0.2938869953572969,0.9496332037211737,0.35519000610252266,-0.8906571721233442,-1.1067499371663836,1.9662935082097504,-0.3353646338730602,-0.8505791253521618,-0.9075501609217962,-0.25607375986579195,-0.24112141108520604,0.8563488385776753,-0.3784390048634126,-0.07432941462471664,-0.11559856812793746,-0.3669650414492984,-0.678729811709616,1.647508942095828,-0.7471406682025761,-0.0941763218696022,-0.105409255338946,-0.23073955174772434,1.2917514083134436,-0.2773500981126145,-0.19090958396133909,-1.0994261521710633,-0.41554832735932656,-0.21160368475757949,2.2782616597915593,-0.21442250696755896,3.312655160219113,-0.6461002111639058,-0.153694655873568,0.6839166144230383,-0.3493873447137373,-0.2909029959270487,-0.03316790634033297,-0.27272727272727276,-0.3353646338730602,0.8738225743667123,-0.033167906340332974,-0.033167906340332974
0.34046418036474035,0.32638239824613535,0.9496332037211737,1.4539678841856076,-0.15275069516215767,-1.1067499371663836,1.9662935082097504,-0.3353646338730602,-0.8505791253521618,1.101867470316244,-0.25607375986579195,-0.24112141108520604,0.8563488385776753,-0.3784390048634126,-0.07432941462471664,-0.11559856812793746,-0.3669650414492984,-0.678729811709616,-0.6069769786668839,-0.7471406682025761,-0.0941763218696022,-0.105409255338946,-0.23073955174772434,1.2917514083134436,-0.2773500981126145,-0.19090958396133909,-1.0994261521710633,-0.41554832735932656,-0.21160368475757949,2.2782616597915593,-0.21442250696755896,3.312655160219113,-0.6461002111639058,-0.153694655873568,0.6839166144230383,-0.3493873447137373,-0.2909029959270487,-0.03316790634033297,-0.27272727272727276,-0.3353646338730602,0.8738225743667123,-0.033167906340332974,-0.033167906340332974
-0.04994687350747595,-0.031067033531087286,0.18791772078924943,0.17850210610926265,-0.42946562402260263,0.07626781086189616,1.9662935082097504,-0.3353646338730602,-0.8505791253521618,-0.9075501609217962,-0.25607375986579195,-0.24112141108520604,0.8563488385776753,-0.3784390048634126,-0.07432941462471664,-0.11559856812793746,-0.3669650414492984,-0.678729811709616,-0.6069769786668839,-0.7471406682025761,-0.0941763218696022,-0.105409255338946,-0.23073955174772434,1.2917514083134436,-0.2773500981126145,-0.19090958396133909,-1.0994261521710633,-0.41554832735932656,-0.21160368475757949,2.2782616597915593,-0.21442250696755896,-0.3018726524899911,-0.6461002111639058,-0.153694655873568,0.6839166144230383,-0.3493873447137373,-0.2909029959270487,-0.03316790634033297,3.666666666666667,-0.3353646338730602,-1.1443970770893999,-0.033167906340332974,-0.033167906340332974
-0.04994687350747595,-0.031067033531087286,1.4257053805536262,0.957033165454564,0.6773940914191772,0.07626781086189616,1.9662935082097504,-0.3353646338730602,-0.8505791253521618,1.101867470316244,-0.25607375986579195,-0.24112141108520604,0.8563488385776753,-0.3784390048634126,-0.07432941462471664,-0.11559856812793746,2.7250552152068273,-0.678729811709616,-0.6069769786668839,-0.7471406682025761,-0.0941763218696022,-0.105409255338946,-0.23073955174772434,-0.7741427596395154,3.605551275463989,-0.19090958396133909,-1.0994261521710633,-0.41554832735932656,-0.21160368475757949,2.2782616597915593,-0.21442250696755896,-0.3018726524899911,1.547747520773237,-0.153694655873568,-1.4621665549733924,-0.3493873447137373,-0.2909029959270487,-0.03316790634033297,3.666666666666667,-0.3353646338730602,-1.1443970770893999,-0.033167906340332974,-0.033167906340332974
-0.04994687350747595,-0.031067033531087286,1.7113486866530978,1.2662369904427686,-0.24498900478230598,0.07626781086189616,1.9662935082097504,-0.3353646338730602,-0.8505791253521618,-0.9075501609217962,-0.25607375986579195,-0.24112141108520604,0.8563488385776753,-0.3784390048634126,-0.07432941462471664,-0.11559856812793746,-0.3669650414492984,-0.678729811709616,-0.6069769786668839,-0.7471406682025761,-0.0941763218696022,-0.105409255338946,-0.23073955174772434,1.2917514083134436,-0.2773500981126145,-0.19090958396133909,-1.0994261521710633,-0.41554832735932656,-0.21160368475757949,2.2782616597915593,-0.21442250696755896,-0.3018726524899911,-0.6461002111639058,-0.153694655873568,0.6839166144230383,-0.3493873447137373,-0.2909029959270487,-0.03316790634033297,3.666666666666667,-0.3353646338730602,-1.1443970770893999,-0.033167906340332974,-0.033167906340332974
-0.04994687350747595,-0.031067033531087286,1.6161342512866073,2.116547509160332,-0.24498900478230598,0.07626781086189616,1.9662935082097504,-0.3353646338730602,-0.8505791253521618,-0.9075501609217962,3.905124837953327,-0.24112141108520604,0.8563488385776753,-0.3784390048634126,-0.07432941462471664,-0.11559856812793746,-0.3669650414492984,-0.678729811709616,-0.6069769786668839,-0.7471406682025761,-0.0941763218696022,-0.105409255338946,-0.23073955174772434,1.2917514083134436,-0.2773500981126145,-0.19090958396133909,-1.0994261521710633,-0.41554832735932656,-0.21160368475757949,2.2782616597915593,-0.21442250696755896,3.312655160219113,-0.6461002111639058,-0.153694655873568,0.6839166144230383,-0.3493873447137373,-0.2909029959270487,-0.03316790634033297,3.666666666666667,-0.3353646338730602,-1.1443970770893999,-0.033167906340332974,-0.033167906340332974
-0.04994687350747595,-0.031067033531087286,1.3304909451871356,-0.14726620950331015,0.7696324010393255,0.07626781086189616,1.9662935082097504,-0.3353646338730602,-0.8505791253521618,-0.9075501609217962,3.905124837953327,-0.24112141108520604,-1.1677484162422842,-0.3784390048634126,-0.07432941462471664,-0.11559856812793746,-0.3669650414492984,-0.678729811709616,-0.6069769786668839,-0.7471406682025761,-0.0941763218696022,-0.105409255338946,-0.23073955174772434,1.2917514083134436,-0.2773500981126145,-0.19090958396133909,-1.0994261521710633,-0.41554832735932656,-0.21160368475757949,2.2782616597915593,-0.21442250696755896,-0.3018726524899911,1.547747520773237,-0.153694655873568,-1.4621665549733924,-0.3493873447137373,-0.2909029959270487,-0.03316790634033297,3.666666666666667,-0.3353646338730602,-1.1443970770893999,-0.033167906340332974,-0.033167906340332974
0.4732039386812938,0.456364009801489,0.3783465915222305,-0.8926682875998753,-0.06051238554200934,0.07626781086189616,1.9662935082097504,-0.3353646338730602,-0.8505791253521618,-0.9075501609217962,3.905124837953327,-0.24112141108520604,0.8563488385776753,2.6424337532568107,-0.07432941462471664,-0.11559856812793746,-0.3669650414492984,-0.678729811709616,-0.6069769786668839,-0.7471406682025761,-0.0941763218696022,-0.105409255338946,-0.23073955174772434,1.2917514083134436,-0.2773500981126145,-0.19090958396133909,-1.0994261521710633,-0.41554832735932656,-0.21160368475757949,2.2782616597915593,-0.21442250696755896,-0.3018726524899911,1.547747520773237,-0.153694655873568,-1.4621665549733924,-0.3493873447137373,-0.2909029959270487,-0.03316790634033297,3.666666666666667,-0.3353646338730602,-1.1443970770893999,-0.033167906340332974,-0.033167906340332974
0.5044368229910712,0.48885941269032746,1.235276509820645,-0.6276364376099854,1.2308239491400672,-1.1067499371663836,1.9662935082097504,-0.3353646338730602,-0.8505791253521618,-0.9075501609217962,3.905124837953327,-0.24112141108520604,-1.1677484162422842,2.6424337532568107,-0.07432941462471664,-0.11559856812793746,-0.3669650414492984,-0.678729811709616,-0.6069769786668839,-0.7471406682025761,-0.0941763218696022,-0.105409255338946,-0.23073955174772434,-0.7741427596395154,3.605551275463989,-0.19090958396133909,-1.0994261521710633,-0.41554832735932656,-0.21160368475757949,2.2782616597915593,-0.21442250696755896,-0.3018726524899911,1.547747520773237,-0.153694655873568,-1.4621665549733924,-0.3493873447137373,-0.2909029959270487,-0.03316790634033297,-0.27272727272727276,-0.3353646338730602,0.8738225743667123,-0.033167906340332974,-0.033167906340332974
0.5044368229910712,0.48885941269032746,1.4257053805536262,1.619612790429288,0.03172592407813898,-1.1067499371663836,1.9662935082097504,-0.3353646338730602,-0.8505791253521618,-0.9075501609217962,3.905124837953327,-0.24112141108520604,0.8563488385776753,-0.3784390048634126,-0.07432941462471664,-0.11559856812793746,2.7250552152068273,-0.678729811709616,-0.6069769786668839,-0.7471406682025761,-0.0941763218696022,-0.105409255338946,-0.23073955174772434,-0.7741427596395154,3.605551275463989,-0.19090958396133909,-1.0994261521710633,-0.41554832735932656,-0.21160368475757949,2.2782616597915593,-0.21442250696755896,-0.3018726524899911,-0.6461002111639058,-0.153694655873568,0.6839166144230383,-0.3493873447137373,-0.2909029959270487,-0.03316790634033297,-0.27272727272727276,-0.3353646338730602,0.8738225743667123,-0.033167906340332974,-0.033167906340332974
0.5044368229910712,0.48885941269032746,1.8065631220195884,2.5582672591434816,-1.1673721009837892,0.4706070602046561,1.9662935082097504,-0.3353646338730602,-0.8505791253521618,1.101867470316244,-0.25607375986579195,-0.24112141108520604,0.8563488385776753,-0.3784390048634126,-0.07432941462471664,-0.11559856812793746,2.7250552152068273,-0.678729811709616,-0.6069769786668839,-0.7471406682025761,-0.0941763218696022,-0.105409255338946,-0.23073955174772434,-0.7741427596395154,3.605551275463989,-0.19090958396133909,-1.0994261521710633,-0.41554832735932656,-0.21160368475757949,2.2782616597915593,-0.21442250696755896,-0.3018726524899911,-0.6461002111639058,-0.153694655873568,0.6839166144230383,-0.3493873447137373,-0.2909029959270487,-0.03316790634033297,-0.27272727272727276,-0.3353646338730602,0.8738225743667123,-0.033167906340332974,-0.033167906340332974
0.5356697073008485,0.5213548155791659,-0.002511149943731609,0.912861190456249,0.40067916255873226,-1.1067499371663836,1.9662935082097504,-0.3353646338730602,-0.8505791253521618,-0.9075501609217962,-0.25607375986579195,-0.24112141108520604,0.8563488385776753,-0.3784390048634126,-0.07432941462471664,-0.11559856812793746,-0.3669650414492984,-0.678729811709616,-0.6069769786668839,-0.7471406682025761,-0.0941763218696022,-0.105409255338946,-0.23073955174772434,1.2917514083134436,-0.2773500981126145,-0.19090958396133909,-1.0994261521710633,-0.41554832735932656,-0.21160368475757949,2.2782616597915593,-0.21442250696755896,3.312655160219113,-0.6461002111639058,-0.153694655873568,0.6839166144230383,-0.3493873447137373,-0.2909029959270487,-0.03316790634033297,-0.27272727272727276,-0.3353646338730602,0.8738225743667123,-0.033167906340332974,-0.033167906340332974
0.5356697073008485,0.5213548155791659,0.09270328542275891,1.5809623123057635,-0.3372273144024543,0.07626781086189616,1.9662935082097504,-0.3353646338730602,-0.8505791253521618,-0.9075501609217962,-0.25607375986579195,-0.24112141108520604,0.8563488385776753,2.6424337532568107,-0.07432941462471664,-0.11559856812793746,-0.3669650414492984,-0.678729811709616,-0.6069769786668839,-0.7471406682025761,-0.0941763218696022,-0.105409255338946,-0.23073955174772434,-0.7741427596395154,3.605551275463989,-0.19090958396133909,-1.0994261521710633,-0.41554832735932656,-0.21160368475757949,2.2782616597915593,-0.21442250696755896,-0.3018726524899911,1.547747520773237,-0.153694655873568,-1.4621665549733924,-0.3493873447137373,-0.2909029959270487,-0.03316790634033297,-0.27272727272727276,-0.3353646338730602,0.8738225743667123,-0.033167906340332974,-0.033167906340332974
0.5356697073008485,0.5213548155791659,-0.002511149943731609,-0.5889859594864597,-0.5217039336427509,-1.1067499371663836,1.9662935082097504,-0.3353646338730602,-0.8505791253521618,-0.9075501609217962,-0.25607375986579195,-0.24112141108520604,0.8563488385776753,2.6424337532568107,-0.07432941462471664,-0.11559856812793746,-0.3669650414492984,-0.678729811709616,-0.6069769786668839,-0.7471406682025761,-0.0941763218696022,-0.105409255338946,-0.23073955174772434,-0.7741427596395154,3.605551275463989,-0.19090958396133909,-1.0994261521710633,2.4064589703793833,-0.21160368475757949,-0.43893114546442885,-0.21442250696755896,-0.3018726524899911,-0.6461002111639058,-0.153694655873568,0.6839166144230383,-0.3493873447137373,-0.2909029959270487,-0.03316790634033297,-0.27272727272727276,-0.3353646338730602,0.8738225743667123,-0.033167906340332974,-0.033167906340332974
0.5356697073008485,0.5213548155791659,1.9969919927525694,1.680349256051972,-1.2596104106039374,-1.1067499371663836,1.9662935082097504,-0.3353646338730602,-0.8505791253521618,-0.9075501609217962,-0.25607375986579195,-0.24112141108520604,-1.1677484162422842,-0.3784390048634126,-0.07432941462471664,-0.11559856812793746,-0.3669650414492984,-0.678729811709616,-0.6069769786668839,-0.7471406682025761,-0.0941763218696022,-0.105409255338946,-0.23073955174772434,1.2917514083134436,-0.2773500981126145,-0.19090958396133909,-1.0994261521710633,-0.41554832735932656,-0.21160368475757949,2.2782616597915593,-0.21442250696755896,-0.3018726524899911,1.547747520773237,-0.153694655873568,-1.4621665549733924,-0.3493873447137373,-0.2909029959270487,-0.03316790634033297,-0.27272727272727276,-0.3353646338730602,0.8738225743667123,-0.033167906340332974,-0.033167906340332974
0.5708067021493479,0.5538502184680043,2.0922064281190598,0.868689215457934,-0.8906571721233442,0.07626781086189616,1.9662935082097504,-0.3353646338730602,-0.8505791253521618,-0.9075501609217962,-0.25607375986579195,-0.24112141108520604,-1.1677484162422842,-0.3784390048634126,-0.07432941462471664,-0.11559856812793746,-0.3669650414492984,-0.678729811709616,-0.6069769786668839,-0.7471406682025761,-0.0941763218696022,-0.105409255338946,-0.23073955174772434,1.2917514083134436,-0.2773500981126145,-0.19090958396133909,-1.0994261521710633,-0.41554832735932656,-0.21160368475757949,2.2782616597915593,-0.21442250696755896,-0.3018726524899911,-0.6461002111639058,-0.153694655873568,0.6839166144230383,-0.3493873447137373,-0.2909029959270487,-0.03316790634033297,-0.27272727272727276,-0.3353646338730602,0.8738225743667123,-0.033167906340332974,-0.033167906340332974
0.668409465617402,0.6513364271345196,1.7113486866530978,1.730042727925076,0.40067916255873226,0.4706070602046561,1.9662935082097504,-0.3353646338730602,-0.8505791253521618,1.101867470316244,-0.25607375986579195,-0.24112141108520604,0.8563488385776753,-0.3784390048634126,-0.07432941462471664,-0.11559856812793746,-0.3669650414492984,-0.678729811709616,-0.6069769786668839,-0.7471406682025761,-0.0941763218696022,-0.105409255338946,-0.23073955174772434,1.2917514083134436,-0.2773500981126145,-0.19090958396133909,-1.0994261521710633,2.4064589703793833,-0.21160368475757949,-0.43893114546442885,-0.21442250696755896,3.312655160219113,1.547747520773237,-0.153694655873568,-1.4621665549733924,-0.3493873447137373,-0.2909029959270487,-0.03316790634033297,-0.27272727272727276,-0.3353646338730602,0.8738225743667123,-0.033167906340332974,-0.033167906340332974
0.6996423499271793,0.683831830023358,0.9496332037211737,1.8956876341687567,-0.8906571721233442,-1.1067499371663836,1.9662935082097504,-0.3353646338730602,-0.8505791253521618,1.101867470316244,-0.25607375986579195,-0.24112141108520604,0.8563488385776753,-0.3784390048634126,-0.07432941462471664,-0.11559856812793746,-0.3669650414492984,-0.678729811709616,-0.6069769786668839,-0.7471406682025761,-0.0941763218696022,-0.105409255338946,-0.23073955174772434,1.2917514083134436,-0.2773500981126145,-0.19090958396133909,-1.0994261521710633,-0.41554832735932656,-0.21160368475757949,2.2782616597915593,-0.21442250696755896,-0.3018726524899911,-0.6461002111639058,-0.153694655873568,0.6839166144230383,-0.3493873447137373,-0.2909029959270487,-0.03316790634033297,-0.27272727272727276,-0.3353646338730602,0.8738225743667123,-0.033167906340332974,-0.033167906340332974
0.6996423499271793,0.683831830023358,1.4257053805536262,2.4478373216476936,-0.42946562402260263,0.4706070602046561,1.9662935082097504,-0.3353646338730602,-0.8505791253521618,1.101867470316244,-0.25607375986579195,-0.24112141108520604,0.8563488385776753,-0.3784390048634126,-0.07432941462471664,-0.11559856812793746,-0.3669650414492984,-0.678729811709616,1.647508942095828,-0.7471406682025761,-0.0941763218696022,-0.105409255338946,-0.23073955174772434,1.2917514083134436,-0.2773500981126145,-0.19090958396133909,-1.0994261521710633,-0.41554832735932656,-0.21160368475757949,2.2782616597915593,-0.21442250696755896,3.312655160219113,-0.6461002111639058,-0.153694655873568,0.6839166144230383,-0.3493873447137373,-0.2909029959270487,-0.03316790634033297,-0.27272727272727276,-0.3353646338730602,0.8738225743667123,-0.033167906340332974,-0.033167906340332974
0.7308752342369567,0.7163272329121964,2.0922064281190598,1.4097959091872925,-0.42946562402260263,0.07626781086189616,1.9662935082097504,-0.3353646338730602,-0.8505791253521618,-0.9075501609217962,-0.25607375986579195,-0.24112141108520604,0.8563488385776753,2.6424337532568107,-0.07432941462471664,-0.11559856812793746,-0.3669650414492984,-0.678729811709616,-0.6069769786668839,-0.7471406682025761,-0.0941763218696022,-0.105409255338946,-0.23073955174772434,-0.7741427596395154,-0.2773500981126145,5.238081709939242,-1.0994261521710633,-0.41554832735932656,-0.21160368475757949,2.2782616597915593,-0.21442250696755896,-0.3018726524899911,-0.6461002111639058,-0.153694655873568,0.6839166144230383,-0.3493873447137373,3.4375720222928714,-0.03316790634033297,-0.27272727272727276,-0.3353646338730602,-1.1443970770893999,-0.033167906340332974,-0.033167906340332974
0.7308752342369567,0.7163272329121964,0.7592043329881926,1.7355642247998653,1.0463473298997705,-1.1067499371663836,1.9662935082097504,-0.3353646338730602,-0.8505791253521618,-0.9075501609217962,-0.25607375986579195,-0.24112141108520604,-1.1677484162422842,-0.3784390048634126,-0.07432941462471664,-0.11559856812793746,-0.3669650414492984,-0.678729811709616,-0.6069769786668839,-0.7471406682025761,-0.0941763218696022,-0.105409255338946,-0.23073955174772434,1.2917514083134436,-0.2773500981126145,-0.19090958396133909,-1.0994261521710633,-0.41554832735932656,-0.21160368475757949,2.2782616597915593,-0.21442250696755896,-0.3018726524899911,1.547747520773237,-0.153694655873568,-1.4621665549733924,-0.3493873447137373,3.4375720222928714,-0.03316790634033297,-0.27272727272727276,-0.3353646338730602,-1.1443970770893999,-0.033167906340332974,-0.033167906340332974
0.7308752342369567,0.7163272329121964,-0.3833688914096937,0.9459901717049856,1.0463473298997705,-1.1067499371663836,1.9662935082097504,-0.3353646338730602,-0.8505791253521618,-0.9075501609217962,-0.25607375986579195,-0.24112141108520604,0.8563488385776753,-0.3784390048634126,-0.07432941462471664,-0.11559856812793746,-0.3669650414492984,-0.678729811709616,1.647508942095828,-0.7471406682025761,-0.0941763218696022,-0.105409255338946,-0.23073955174772434,1.2917514083134436,-0.2773500981126145,-0.19090958396133909,-1.0994261521710633,-0.41554832735932656,-0.21160368475757949,2.2782616597915593,-0.21442250696755896,-0.3018726524899911,-0.6461002111639058,-0.153694655873568,0.6839166144230383,-0.3493873447137373,3.4375720222928714,-0.03316790634033297,-0.27272727272727276,-0.3353646338730602,-1.1443970770893999,-0.033167906340332974,-0.033167906340332974
0.7660122290854561,0.7488226358010348,0.663989897621702,0.5153134154714144,0.03172592407813898,0.4706070602046561,1.9662935082097504,-0.3353646338730602,-0.8505791253521618,1.101867470316244,-0.25607375986579195,-0.24112141108520604,0.8563488385776753,-0.3784390048634126,-0.07432941462471664,-0.11559856812793746,2.7250552152068273,-0.678729811709616,-0.6069769786668839,-0.7471406682025761,-0.0941763218696022,-0.105409255338946,-0.23073955174772434,-0.7741427596395154,3.605551275463989,-0.19090958396133909,-1.0994261521710633,-0.41554832735932656,-0.21160368475757949,2.2782616597915593,-0.21442250696755896,-0.3018726524899911,-0.6461002111639058,-0.153694655873568,0.6839166144230383,-0.3493873447137373,3.4375720222928714,-0.03316790634033297,-0.27272727272727276,-0.3353646338730602,-1.1443970770893999,-0.033167906340332974,-0.033167906340332974
0.7660122290854561,0.7488226358010348,1.7113486866530978,2.5030522903955883,1.2308239491400672,0.4706070602046561,1.9662935082097504,-0.3353646338730602,-0.8505791253521618,-0.9075501609217962,3.905124837953327,-0.24112141108520604,0.8563488385776753,-0.3784390048634126,-0.07432941462471664,-0.11559856812793746,-0.3669650414492984,-0.678729811709616,-0.6069769786668839,-0.7471406682025761,-0.0941763218696022,-0.105409255338946,-0.23073955174772434,1.2917514083134436,-0.2773500981126145,-0.19090958396133909,-1.0994261521710633,-0.41554832735932656,-0.21160368475757949,2.2782616597915593,-0.21442250696755896,-0.3018726524899911,-0.6461002111639058,-0.153694655873568,0.6839166144230383,-0.3493873447137373,3.4375720222928714,-0.03316790634033297,-0.27272727272727276,-0.3353646338730602,-1.1443970770893999,-0.033167906340332974,-0.033167906340332974
0.7972451133952334,0.7813180386898733,0.09270328542275891,-0.7049373938570365,-0.15275069516215767,-1.1067499371663836,1.9662935082097504,-0.3353646338730602,-0.8505791253521618,-0.9075501609217962,3.905124837953327,-0.24112141108520604,0.8563488385776753,-0.3784390048634126,-0.07432941462471664,-0.11559856812793746,-0.3669650414492984,-0.678729811709616,-0.6069769786668839,-0.7471406682025761,-0.0941763218696022,-0.105409255338946,-0.23073955174772434,1.2917514083134436,-0.2773500981126145,-0.19090958396133909,-1.0994261521710633,-0.41554832735932656,-0.21160368475757949,2.2782616597915593,-0.21442250696755896,3.312655160219113,-0.6461002111639058,-0.153694655873568,0.6839166144230383,-0.3493873447137373,3.4375720222928714,-0.03316790634033297,-0.27272727272727276,-0.3353646338730602,-1.1443970770893999,-0.033167906340332974,-0.033167906340332974
0.7972451133952334,0.7813180386898733,-0.002511149943731609,1.6361772810536568,0.2162025433184356,-1.1067499371663836,1.9662935082097504,-0.3353646338730602,-0.8505791253521618,-0.9075501609217962,3.905124837953327,-0.24112141108520604,0.8563488385776753,-0.3784390048634126,-0.07432941462471664,-0.11559856812793746,-0.3669650414492984,-0.678729811709616,-0.6069769786668839,-0.7471406682025761,-0.0941763218696022,-0.105409255338946,-0.23073955174772434,1.2917514083134436,-0.2773500981126145,-0.19090958396133909,-1.0994261521710633,-0.41554832735932656,-0.21160368475757949,2.2782616597915593,-0.21442250696755896,-0.3018726524899911,1.547747520773237,-0.153694655873568,-1.4621665549733924,-0.3493873447137373,-0.2909029959270487,-0.03316790634033297,-0.27272727272727276,-0.3353646338730602,0.8738225743667123,-0.033167906340332974,-0.033167906340332974
0.7972451133952334,0.7813180386898733,1.0448476390876642,1.4870968654343435,0.6773940914191772,-1.1067499371663836,1.9662935082097504,-0.3353646338730602,-0.8505791253521618,-0.9075501609217962,3.905124837953327,-0.24112141108520604,-1.1677484162422842,-0.3784390048634126,-0.07432941462471664,-0.11559856812793746,-0.3669650414492984,-0.678729811709616,-0.6069769786668839,-0.7471406682025761,-0.0941763218696022,-0.105409255338946,-0.23073955174772434,-0.7741427596395154,-0.2773500981126145,5.238081709939242,-1.0994261521710633,-0.41554832735932656,-0.21160368475757949,2.2782616597915593,-0.21442250696755896,-0.3018726524899911,-0.6461002111639058,-0.153694655873568,0.6839166144230383,-0.3493873447137373,-0.2909029959270487,-0.03316790634033297,-0.27272727272727276,-0.3353646338730602,0.8738225743667123,-0.033167906340332974,-0.033167906340332974
0.8284779977050107,0.8138134415787116,2.282635298852041,0.791388259210883,0.3084408529385839,0.4706070602046561,1.9662935082097504,-0.3353646338730602,-0.8505791253521618,-0.9075501609217962,3.905124837953327,-0.24112141108520604,0.8563488385776753,2.6424337532568107,-0.07432941462471664,-0.11559856812793746,-0.3669650414492984,-0.678729811709616,-0.6069769786668839,-0.7471406682025761,-0.0941763218696022,-0.105409255338946,-0.23073955174772434,1.2917514083134436,-0.2773500981126145,-0.19090958396133909,-1.0994261521710633,-0.41554832735932656,-0.21160368475757949,2.2782616597915593,-0.21442250696755896,-0.3018726524899911,-0.6461002111639058,-0.153694655873568,0.6839166144230383,-0.3493873447137373,-0.2909029959270487,-0.03316790634033297,-0.27272727272727276,-0.3353646338730602,0.8738225743667123,-0.033167906340332974,-0.033167906340332974
0.86361499255351,0.8463088444675501,2.282635298852041,1.8956876341687567,-1.0751337913636407,1.259285558890176,1.9662935082097504,-0.3353646338730602,-0.8505791253521618,1.101867470316244,-0.25607375986579195,-0.24112141108520604,0.8563488385776753,2.6424337532568107,-0.07432941462471664,-0.11559856812793746,-0.3669650414492984,-0.678729811709616,-0.6069769786668839,-0.7471406682025761,-0.0941763218696022,-0.105409255338946,-0.23073955174772434,-0.7741427596395154,3.605551275463989,-0.19090958396133909,-1.0994261521710633,-0.41554832735932656,-0.21160368475757949,2.2782616597915593,-0.21442250696755896,-0.3018726524899911,-0.6461002111639058,-0.153694655873568,0.6839166144230383,-0.3493873447137373,-0.2909029959270487,-0.03316790634033297,-0.27272727272727276,-0.3353646338730602,0.8738225743667123,-0.033167906340332974,-0.033167906340332974
0.86361499255351,0.8463088444675501,1.9969919927525694,0.957033165454564,-1.2596104106039374,0.4706070602046561,1.9662935082097504,-0.3353646338730602,-0.8505791253521618,1.101867470316244,-0.25607375986579195,-0.24112141108520604,0.8563488385776753,-0.3784390048634126,-0.07432941462471664,-0.11559856812793746,-0.3669650414492984,-0.678729811709616,-0.6069769786668839,-0.7471406682025761,-0.0941763218696022,-0.105409255338946,-0.23073955174772434,1.2917514083134436,-0.2773500981126145,-0.19090958396133909,-1.0994261521710633,-0.41554832735932656,-0.21160368475757949,2.2782616597915593,-0.21442250696755896,3.312655160219113,-0.6461002111639058,-0.153694655873568,0.6839166144230383,-0.3493873447137373,-0.2909029959270487,-0.03316790634033297,-0.27272727272727276,-0.3353646338730602,0.8738225743667123,-0.033167906340332974,-0.033167906340332974
0.86361499255351,0.8463088444675501,0.663989897621702,1.122678071698245,1.3230622587602154,1.259285558890176,1.9662935082097504,-0.3353646338730602,-0.8505791253521618,-0.9075501609217962,-0.25607375986579195,-0.24112141108520604,0.8563488385776753,-0.3784390048634126,-0.07432941462471664,-0.11559856812793746,-0.3669650414492984,-0.678729811709616,-0.6069769786668839,-0.7471406682025761,-0.0941763218696022,-0.105409255338946,-0.23073955174772434,1.2917514083134436,-0.2773500981126145,-0.19090958396133909,-1.0994261521710633,-0.41554832735932656,-0.21160368475757949,2.2782616597915593,-0.21442250696755896,-0.3018726524899911,1.547747520773237,-0.153694655873568,-1.4621665549733924,-0.3493873447137373,-0.2909029959270487,-0.03316790634033297,-0.27272727272727276,-0.3353646338730602,0.8738225743667123,-0.033167906340332974,-0.033167906340332974
0.86361499255351,0.8463088444675501,0.7592043329881926,0.957033165454564,0.40067916255873226,1.259285558890176,1.9662935082097504,-0.3353646338730602,-0.8505791253521618,-0.9075501609217962,-0.25607375986579195,-0.24112141108520604,-1.1677484162422842,-0.3784390048634126,-0.07432941462471664,-0.11559856812793746,-0.3669650414492984,-0.678729811709616,-0.6069769786668839,-0.7471406682025761,-0.0941763218696022,-0.105409255338946,-0.23073955174772434,1.2917514083134436,-0.2773500981126145,-0.19090958396133909,-1.0994261521710633,-0.41554832735932656,-0.21160368475757949,2.2782616597915593,-0.21442250696755896,-0.3018726524899911,-0.6461002111639058,-0.153694655873568,0.6839166144230383,-0.3493873447137373,-0.2909029959270487,-0.03316790634033297,-0.27272727272727276,-0.3353646338730602,0.8738225743667123,-0.033167906340332974,-0.033167906340332974
0.8948478768632874,0.8788042473563885,0.7592043329881926,0.6423078435915697,1.3230622587602154,0.4706070602046561,1.9662935082097504,-0.3353646338730602,-0.8505791253521618,-0.9075501609217962,-0.25607375986579195,-0.24112141108520604,0.8563488385776753,-0.3784390048634126,-0.07432941462471664,-0.11559856812793746,2.7250552152068273,-0.678729811709616,-0.6069769786668839,-0.7471406682025761,-0.0941763218696022,-0.105409255338946,-0.23073955174772434,1.2917514083134436,-0.2773500981126145,-0.19090958396133909,-1.0994261521710633,-0.41554832735932656,-0.21160368475757949,2.2782616597915593,-0.21442250696755896,-0.3018726524899911,1.547747520773237,-0.153694655873568,-1.4621665549733924,-0.3493873447137373,-0.2909029959270487,-0.03316790634033297,-0.27272727272727276,-0.3353646338730602,0.8738225743667123,-0.033167906340332974,-0.033167906340332974
0.8948478768632874,0.8788042473563885,2.473064169585022,1.7852576966729696,-0.24498900478230598,0.4706070602046561,1.9662935082097504,-0.3353646338730602,-0.8505791253521618,1.101867470316244,-0.25607375986579195,-0.24112141108520604,0.8563488385776753,2.6424337532568107,-0.07432941462471664,-0.11559856812793746,-0.3669650414492984,-0.678729811709616,-0.6069769786668839,-0.7471406682025761,-0.0941763218696022,-0.105409255338946,-0.23073955174772434,-0.7741427596395154,3.605551275463989,-0.19090958396133909,-1.0994261521710633,-0.41554832735932656,-0.21160368475757949,2.2782616597915593,-0.21442250696755896,-0.3018726524899911,1.547747520773237,-0.153694655873568,-1.4621665549733924,-0.3493873447137373,-0.2909029959270487,-0.03316790634033297,-0.27272727272727276,-0.3353646338730602,0.8738225743667123,-0.033167906340332974,-0.033167906340332974
0.9612177560215641,0.9437950531340653,1.0448476390876642,2.061332540412438,-1.2596104106039374,0.07626781086189616,1.9662935082097504,-0.3353646338730602,-0.8505791253521618,1.101867470316244,-0.25607375986579195,-0.24112141108520604,0.8563488385776753,-0.3784390048634126,-0.07432941462471664,-0.11559856812793746,-0.3669650414492984,-0.678729811709616,-0.6069769786668839,-0.7471406682025761,-0.0941763218696022,-0.105409255338946,-0.23073955174772434,1.2917514083134436,-0.2773500981126145,-0.19090958396133909,-1.0994261521710633,-0.41554832735932656,-0.21160368475757949,2.2782616597915593,-0.21442250696755896,-0.3018726524899911,-0.6461002111639058,-0.153694655873568,0.6839166144230383,-0.3493873447137373,-0.2909029959270487,-0.03316790634033297,-0.27272727272727276,-0.3353646338730602,0.8738225743667123,-0.033167906340332974,-0.033167906340332974
0.9924506403313414,0.9762904560229038,2.282635298852041,1.4318818966864502,1.0463473298997705,1.259285558890176,1.9662935082097504,-0.3353646338730602,-0.8505791253521618,-0.9075501609217962,-0.25607375986579195,-0.24112141108520604,-1.1677484162422842,2.6424337532568107,-0.07432941462471664,-0.11559856812793746,-0.3669650414492984,-0.678729811709616,-0.6069769786668839,-0.7471406682025761,-0.0941763218696022,-0.105409255338946,-0.23073955174772434,-0.7741427596395154,3.605551275463989,-0.19090958396133909,-1.0994261521710633,-0.41554832735932656,-0.21160368475757949,2.2782616597915593,-0.21442250696755896,-0.3018726524899911,-0.6461002111639058,-0.153694655873568,0.6839166144230383,-0.3493873447137373,-0.2909029959270487,-0.03316790634033297,-0.27272727272727276,-0.3353646338730602,0.8738225743667123,-0.033167906340332974,-0.033167906340332974
0.9924506403313414,0.9762904560229038,0.9496332037211737,1.4318818966864502,1.2308239491400672,2.0479640575756957,1.9662935082097504,-0.3353646338730602,-0.8505791253521618,-0.9075501609217962,-0.25607375986579195,-0.24112141108520604,0.8563488385776753,-0.3784390048634126,-0.07432941462471664,-0.11559856812793746,-0.3669650414492984,-0.678729811709616,-0.6069769786668839,-0.7471406682025761,-0.0941763218696022,-0.105409255338946,-0.23073955174772434,1.2917514083134436,-0.2773500981126145,-0.19090958396133909,-1.0994261521710633,-0.41554832735932656,-0.21160368475757949,2.2782616597915593,-0.21442250696755896,-0.3018726524899911,-0.6461002111639058,-0.153694655873568,0.6839166144230383,-0.3493873447137373,-0.2909029959270487,-0.03316790634033297,-0.27272727272727276,-0.3353646338730602,0.8738225743667123,-0.033167906340332974,-0.033167906340332974
0.9924506403313414,0.9762904560229038,0.663989897621702,1.619612790429288,0.40067916255873226,0.07626781086189616,1.9662935082097504,-0.3353646338730602,-0.8505791253521618,1.101867470316244,-0.25607375986579195,-0.24112141108520604,0.8563488385776753,-0.3784390048634126,-0.07432941462471664,-0.11559856812793746,-0.3669650414492984,-0.678729811709616,-0.6069769786668839,-0.7471406682025761,-0.0941763218696022,-0.105409255338946,-0.23073955174772434,1.2917514083134436,-0.2773500981126145,-0.19090958396133909,-1.0994261521710633,-0.41554832735932656,-0.21160368475757949,2.2782616597915593,-0.21442250696755896,3.312655160219113,-0.6461002111639058,-0.153694655873568,0.6839166144230383,-0.3493873447137373,-0.2909029959270487,-0.03316790634033297,-0.27272727272727276,-0.3353646338730602,0.8738225743667123,-0.033167906340332974,-0.033167906340332974
1.0588205194896183,1.0412812618005807,-0.6690121975091653,-0.9147542750990327,0.8618707106594738,-1.1067499371663836,1.9662935082097504,-0.3353646338730602,-0.8505791253521618,-0.9075501609217962,-0.25607375986579195,-0.24112141108520604,-1.1677484162422842,-0.3784390048634126,-0.07432941462471664,-0.11559856812793746,-0.3669650414492984,-0.678729811709616,-0.6069769786668839,-0.7471406682025761,-0.0941763218696022,-0.105409255338946,-0.23073955174772434,-0.7741427596395154,-0.2773500981126145,-0.19090958396133909,-1.0994261521710633,2.4064589703793833,-0.21160368475757949,-0.43893114546442885,-0.21442250696755896,-0.3018726524899911,-0.6461002111639058,-0.153694655873568,0.6839166144230383,-0.3493873447137373,-0.2909029959270487,-0.03316790634033297,-0.27272727272727276,-0.3353646338730602,0.8738225743667123,-0.033167906340332974,-0.033167906340332974
1.2540260464257265,1.2362536791336112,-0.09772558531022213,0.10120114986221163,0.5851557817990288,0.4706070602046561,1.9662935082097504,-0.3353646338730602,-0.8505791253521618,-0.9075501609217962,-0.25607375986579195,-0.24112141108520604,0.8563488385776753,-0.3784390048634126,-0.07432941462471664,-0.11559856812793746,-0.3669650414492984,-0.678729811709616,-0.6069769786668839,-0.7471406682025761,-0.0941763218696022,-0.105409255338946,-0.23073955174772434,1.2917514083134436,-0.2773500981126145,-0.19090958396133909,-1.0994261521710633,-0.41554832735932656,-0.21160368475757949,2.2782616597915593,-0.21442250696755896,-0.3018726524899911,-0.6461002111639058,-0.153694655873568,0.6839166144230383,-0.3493873447137373,-0.2909029959270487,-0.03316790634033297,-0.27272727272727276,-0.3353646338730602,0.8738225743667123,-0.033167906340332974,-0.033167906340332974
1.3164918150452811,1.3012444849112879,1.9969919927525694,0.12328713736136913,-1.1673721009837892,0.864946309547416,1.9662935082097504,-0.3353646338730602,-0.8505791253521618,-0.9075501609217962,-0.25607375986579195,-0.24112141108520604,-1.1677484162422842,-0.3784390048634126,-0.07432941462471664,-0.11559856812793746,-0.3669650414492984,-0.678729811709616,-0.6069769786668839,-0.7471406682025761,-0.0941763218696022,-0.105409255338946,-0.23073955174772434,1.2917514083134436,-0.2773500981126145,-0.19090958396133909,-1.0994261521710633,-0.41554832735932656,-0.21160368475757949,2.2782616597915593,-0.21442250696755896,-0.3018726524899911,-0.6461002111639058,-0.153694655873568,0.6839166144230383,-0.3493873447137373,-0.2909029959270487,-0.03316790634033297,-0.27272727272727276,-0.3353646338730602,0.8738225743667123,-0.033167906340332974,-0.033167906340332974
1.0588205194896183,1.0412812618005807,-0.19294002067671265,1.4981398591839226,1.3230622587602154,2.0479640575756957,1.9662935082097504,-0.3353646338730602,-0.8505791253521618,-0.9075501609217962,-0.25607375986579195,-0.24112141108520604,0.8563488385776753,-0.3784390048634126,-0.07432941462471664,-0.11559856812793746,-0.3669650414492984,-0.678729811709616,1.647508942095828,-0.7471406682025761,-0.0941763218696022,-0.105409255338946,-0.23073955174772434,1.2917514083134436,-0.2773500981126145,-0.19090958396133909,0.9095654110330884,-0.41554832735932656,-0.21160368475757949,-0.43893114546442885,-0.21442250696755896,-0.3018726524899911,-0.6461002111639058,-0.153694655873568,0.6839166144230383,-0.3493873447137373,-0.2909029959270487,-0.03316790634033297,-0.27272727272727276,-0.3353646338730602,0.8738225743667123,-0.033167906340332974,-0.033167906340332974
1.3164918150452811,1.3012444849112879,1.5209198159201167,1.6748277591771825,-1.0751337913636407,0.864946309547416,1.9662935082097504,-0.3353646338730602,-0.8505791253521618,-0.9075501609217962,-0.25607375986579195,-0.24112141108520604,-1.1677484162422842,2.6424337532568107,-0.07432941462471664,-0.11559856812793746,-0.3669650414492984,-0.678729811709616,-0.6069769786668839,-0.7471406682025761,-0.0941763218696022,-0.105409255338946,-0.23073955174772434,-0.7741427596395154,3.605551275463989,-0.19090958396133909,-1.0994261521710633,-0.41554832735932656,-0.21160368475757949,2.2782616597915593,-0.21442250696755896,-0.3018726524899911,-0.6461002111639058,-0.153694655873568,0.6839166144230383,-0.3493873447137373,-0.2909029959270487,-0.03316790634033297,-0.27272727272727276,-0.3353646338730602,0.8738225743667123,-0.033167906340332974,-0.033167906340332974
1.3516288098937805,1.3337398878001263,2.282635298852041,1.3932314185629244,-0.7061805528830476,1.259285558890176,1.9662935082097504,-0.3353646338730602,-0.8505791253521618,-0.9075501609217962,-0.25607375986579195,-0.24112141108520604,0.8563488385776753,-0.3784390048634126,-0.07432941462471664,-0.11559856812793746,2.7250552152068273,-0.678729811709616,-0.6069769786668839,-0.7471406682025761,-0.0941763218696022,-0.105409255338946,-0.23073955174772434,-0.7741427596395154,-0.2773500981126145,-0.19090958396133909,-1.0994261521710633,-0.41554832735932656,-0.21160368475757949,2.2782616597915593,-0.21442250696755896,-0.3018726524899911,-0.6461002111639058,-0.153694655873568,0.6839166144230383,-0.3493873447137373,-0.2909029959270487,-0.03316790634033297,-0.27272727272727276,-0.3353646338730602,0.8738225743667123,-0.033167906340332974,-0.033167906340332974
1.3828616942035579,1.3662352906889648,2.473064169585022,3.110416946622419,-0.24498900478230598,1.653624808232936,1.9662935082097504,-0.3353646338730602,-0.8505791253521618,1.101867470316244,-0.25607375986579195,-0.24112141108520604,0.8563488385776753,-0.3784390048634126,-0.07432941462471664,-0.11559856812793746,-0.3669650414492984,-0.678729811709616,-0.6069769786668839,-0.7471406682025761,-0.0941763218696022,-0.105409255338946,-0.23073955174772434,1.2917514083134436,-0.2773500981126145,-0.19090958396133909,-1.0994261521710633,2.4064589703793833,-0.21160368475757949,-0.43893114546442885,-0.21442250696755896,-0.3018726524899911,1.547747520773237,-0.153694655873568,-1.4621665549733924,-0.3493873447137373,-0.2909029959270487,-0.03316790634033297,-0.27272727272727276,-0.3353646338730602,0.8738225743667123,-0.033167906340332974,-0.033167906340332974
0.4732039386812938,0.456364009801489,1.4257053805536262,-0.754630865730141,0.40067916255873226,-1.1067499371663836,1.9662935082097504,-0.3353646338730602,-0.8505791253521618,-0.9075501609217962,-0.25607375986579195,-0.24112141108520604,0.8563488385776753,-0.3784390048634126,-0.07432941462471664,-0.11559856812793746,-0.3669650414492984,-0.678729811709616,-0.6069769786668839,-0.7471406682025761,-0.0941763218696022,-0.105409255338946,-0.23073955174772434,1.2917514083134436,-0.2773500981126145,-0.19090958396133909,-1.0994261521710633,-0.41554832735932656,-0.21160368475757949,2.2782616597915593,-0.21442250696755896,3.312655160219113,-0.6461002111639058,-0.153694655873568,0.6839166144230383,-0.3493873447137373,-0.2909029959270487,-0.03316790634033297,-0.27272727272727276,-0.3353646338730602,0.8738225743667123,-0.033167906340332974,-0.033167906340332974
0.5708067021493479,0.5538502184680043,-0.28815445604320317,1.4097959091872925,-0.5217039336427509,0.07626781086189616,1.9662935082097504,-0.3353646338730602,-0.8505791253521618,-0.9075501609217962,-0.25607375986579195,-0.24112141108520604,0.8563488385776753,-0.3784390048634126,-0.07432941462471664,-0.11559856812793746,2.7250552152068273,-0.678729811709616,-0.6069769786668839,-0.7471406682025761,-0.0941763218696022,-0.105409255338946,-0.23073955174772434,1.2917514083134436,-0.2773500981126145,-0.19090958396133909,-1.0994261521710633,-0.41554832735932656,-0.21160368475757949,2.2782616597915593,-0.21442250696755896,-0.3018726524899911,1.547747520773237,-0.153694655873568,-1.4621665549733924,-0.3493873447137373,-0.2909029959270487,-0.03316790634033297,-0.27272727272727276,-0.3353646338730602,0.8738225743667123,-0.033167906340332974,-0.033167906340332974
0.1803956482771316,0.16390538380194325,0.663989897621702,-0.6165934438604065,1.2308239491400672,-1.1067499371663836,1.9662935082097504,-0.3353646338730602,-0.8505791253521618,-0.9075501609217962,-0.25607375986579195,-0.24112141108520604,0.8563488385776753,2.6424337532568107,-0.07432941462471664,-0.11559856812793746,-0.3669650414492984,-0.678729811709616,-0.6069769786668839,-0.7471406682025761,-0.0941763218696022,-0.105409255338946,-0.23073955174772434,-0.7741427596395154,-0.2773500981126145,-0.19090958396133909,-1.0994261521710633,-0.41554832735932656,-0.21160368475757949,2.2782616597915593,-0.21442250696755896,-0.3018726524899911,-0.6461002111639058,-0.153694655873568,0.6839166144230383,-0.3493873447137373,-0.2909029959270487,-0.03316790634033297,-0.27272727272727276,-0.3353646338730602,0.8738225743667123,-0.033167906340332974,-0.033167906340332974
1.4492315733618346,1.4312260964666417,1.235276509820645,1.5036613560587118,0.40067916255873226,2.0479640575756957,1.9662935082097504,-0.3353646338730602,-0.8505791253521618,-0.9075501609217962,-0.25607375986579195,-0.24112141108520604,-1.1677484162422842,-0.3784390048634126,-0.07432941462471664,-0.11559856812793746,-0.3669650414492984,-0.678729811709616,-0.6069769786668839,-0.7471406682025761,-0.0941763218696022,-0.105409255338946,-0.23073955174772434,1.2917514083134436,-0.2773500981126145,-0.19090958396133909,-1.0994261521710633,-0.41554832735932656,-0.21160368475757949,2.2782616597915593,-0.21442250696755896,-0.3018726524899911,1.547747520773237,-0.153694655873568,-1.4621665549733924,-0.3493873447137373,-0.2909029959270487,-0.03316790634033297,-0.27272727272727276,-0.3353646338730602,0.8738225743667123,-0.033167906340332974,-0.033167906340332974
0.24286141689668625,0.22889618957962007,2.282635298852041,-0.05892225950668015,-0.8906571721233442,-1.1067499371663836,1.9662935082097504,-0.3353646338730602,-0.8505791253521618,-0.9075501609217962,-0.25607375986579195,-0.24112141108520604,0.8563488385776753,-0.3784390048634126,-0.07432941462471664,-0.11559856812793746,-0.3669650414492984,-0.678729811709616,-0.6069769786668839,-0.7471406682025761,-0.0941763218696022,-0.105409255338946,-0.23073955174772434,1.2917514083134436,-0.2773500981126145,-0.19090958396133909,-1.0994261521710633,-0.41554832735932656,-0.21160368475757949,2.2782616597915593,-0.21442250696755896,-0.3018726524899911,-0.6461002111639058,-0.153694655873568,0.6839166144230383,-0.3493873447137373,-0.2909029959270487,-0.03316790634033297,-0.27272727272727276,-0.3353646338730602,0.8738225743667123,-0.033167906340332974,-0.033167906340332974
0.5708067021493479,0.5538502184680043,2.3778497342185316,-0.14726620950331015,-1.1673721009837892,-1.1067499371663836,1.9662935082097504,-0.3353646338730602,-0.8505791253521618,-0.9075501609217962,-0.25607375986579195,-0.24112141108520604,-1.1677484162422842,-0.3784390048634126,-0.07432941462471664,-0.11559856812793746,-0.3669650414492984,-0.678729811709616,-0.6069769786668839,-0.7471406682025761,-0.0941763218696022,-0.105409255338946,-0.23073955174772434,1.2917514083134436,-0.2773500981126145,-0.19090958396133909,-1.0994261521710633,2.4064589703793833,-0.21160368475757949,-0.43893114546442885,-0.21442250696755896,-0.3018726524899911,-0.6461002111639058,-0.153694655873568,0.6839166144230383,-0.3493873447137373,-0.2909029959270487,-0.03316790634033297,-0.27272727272727276,-0.3353646338730602,0.8738225743667123,-0.033167906340332974,-0.033167906340332974
1.480464457671612,1.4637214993554801,1.3304909451871356,1.1502855560721919,-0.8906571721233442,0.4706070602046561,1.9662935082097504,-0.3353646338730602,-0.8505791253521618,-0.9075501609217962,-0.25607375986579195,-0.24112141108520604,-1.1677484162422842,-0.3784390048634126,-0.07432941462471664,-0.11559856812793746,-0.3669650414492984,-0.678729811709616,-0.6069769786668839,-0.7471406682025761,-0.0941763218696022,-0.105409255338946,-0.23073955174772434,1.2917514083134436,-0.2773500981126145,-0.19090958396133909,-1.0994261521710633,-0.41554832735932656,-0.21160368475757949,2.2782616597915593,-0.21442250696755896,-0.3018726524899911,-0.6461002111639058,-0.153694655873568,0.6839166144230383,-0.3493873447137373,-0.2909029959270487,-0.03316790634033297,-0.27272727272727276,-0.3353646338730602,0.8738225743667123,-0.033167906340332974,-0.033167906340332974
0.016423005650800786,0.0014283693577511344,2.1874208634855505,-0.020271781383154396,1.3230622587602154,-1.1067499371663836,1.9662935082097504,-0.3353646338730602,-0.8505791253521618,-0.9075501609217962,-0.25607375986579195,-0.24112141108520604,0.8563488385776753,-0.3784390048634126,-0.07432941462471664,-0.11559856812793746,-0.3669650414492984,-0.678729811709616,-0.6069769786668839,-0.7471406682025761,-0.0941763218696022,-0.105409255338946,-0.23073955174772434,1.2917514083134436,-0.2773500981126145,-0.19090958396133909,-1.0994261521710633,-0.41554832735932656,-0.21160368475757949,2.2782616597915593,-0.21442250696755896,3.312655160219113,1.547747520773237,-0.153694655873568,-1.4621665549733924,-0.3493873447137373,-0.2909029959270487,-0.03316790634033297,-0.27272727272727276,-0.3353646338730602,0.8738225743667123,-0.033167906340332974,-0.033167906340332974
0.9612177560215641,0.9437950531340653,0.09270328542275891,1.1061135810738767,-0.9828954817434925,0.4706070602046561,1.9662935082097504,-0.3353646338730602,-0.8505791253521618,-0.9075501609217962,-0.25607375986579195,-0.24112141108520604,0.8563488385776753,-0.3784390048634126,-0.07432941462471664,-0.11559856812793746,-0.3669650414492984,-0.678729811709616,-0.6069769786668839,-0.7471406682025761,-0.0941763218696022,-0.105409255338946,-0.23073955174772434,1.2917514083134436,-0.2773500981126145,-0.19090958396133909,-1.0994261521710633,-0.41554832735932656,-0.21160368475757949,2.2782616597915593,-0.21442250696755896,-0.3018726524899911,1.547747520773237,-0.153694655873568,-1.4621665549733924,-0.3493873447137373,-0.2909029959270487,-0.03316790634033297,-0.27272727272727276,-0.3353646338730602,0.8738225743667123,-0.033167906340332974,-0.033167906340332974
1.5468343368298887,1.5287123051331568,1.7113486866530978,1.3711454310637667,-0.42946562402260263,1.653624808232936,1.9662935082097504,-0.3353646338730602,-0.8505791253521618,-0.9075501609217962,-0.25607375986579195,-0.24112141108520604,0.8563488385776753,-0.3784390048634126,-0.07432941462471664,-0.11559856812793746,-0.3669650414492984,-0.678729811709616,-0.6069769786668839,-0.7471406682025761,-0.0941763218696022,-0.105409255338946,-0.23073955174772434,1.2917514083134436,-0.2773500981126145,-0.19090958396133909,-1.0994261521710633,-0.41554832735932656,-0.21160368475757949,2.2782616597915593,-0.21442250696755896,-0.3018726524899911,-0.6461002111639058,-0.153694655873568,0.6839166144230383,-0.3493873447137373,-0.2909029959270487,-0.03316790634033297,-0.27272727272727276,-0.3353646338730602,0.8738225743667123,-0.033167906340332974,-0.033167906340332974
-0.04994687350747595,-0.0635624364199257,0.09270328542275891,-0.08100824700583766,1.2308239491400672,-1.1067499371663836,1.9662935082097504,-0.3353646338730602,-0.8505791253521618,-0.9075501609217962,-0.25607375986579195,-0.24112141108520604,0.8563488385776753,2.6424337532568107,-0.07432941462471664,-0.11559856812793746,-0.3669650414492984,-0.678729811709616,-0.6069769786668839,-0.7471406682025761,-0.0941763218696022,-0.105409255338946,-0.23073955174772434,-0.7741427596395154,-0.2773500981126145,5.238081709939242,-1.0994261521710633,-0.41554832735932656,-0.21160368475757949,2.2782616597915593,-0.21442250696755896,-0.3018726524899911,-0.6461002111639058,-0.153694655873568,0.6839166144230383,-0.3493873447137373,-0.2909029959270487,-0.03316790634033297,-0.27272727272727276,-0.3353646338730602,0.8738225743667123,-0.033167906340332974,-0.033167906340332974
1.5468343368298887,1.5287123051331568,-0.4785833267761842,0.27788904985547114,-1.6285636490845308,0.07626781086189616,1.9662935082097504,-0.3353646338730602,-0.8505791253521618,-0.9075501609217962,-0.25607375986579195,-0.24112141108520604,0.8563488385776753,2.6424337532568107,-0.07432941462471664,-0.11559856812793746,-0.3669650414492984,-0.678729811709616,-0.6069769786668839,-0.7471406682025761,-0.0941763218696022,-0.105409255338946,-0.23073955174772434,-0.7741427596395154,3.605551275463989,-0.19090958396133909,-1.0994261521710633,-0.41554832735932656,-0.21160368475757949,2.2782616597915593,-0.21442250696755896,-0.3018726524899911,-0.6461002111639058,-0.153694655873568,0.6839166144230383,-0.3493873447137373,-0.2909029959270487,-0.03316790634033297,-0.27272727272727276,-0.3353646338730602,0.8738225743667123,-0.033167906340332974,-0.033167906340332974
1.5468343368298887,1.5287123051331568,0.473561026888721,1.547833331057027,-0.6139422432628993,1.653624808232936,1.9662935082097504,-0.3353646338730602,-0.8505791253521618,-0.9075501609217962,-0.25607375986579195,-0.24112141108520604,0.8563488385776753,-0.3784390048634126,-0.07432941462471664,-0.11559856812793746,-0.3669650414492984,-0.678729811709616,-0.6069769786668839,-0.7471406682025761,-0.0941763218696022,-0.105409255338946,-0.23073955174772434,1.2917514083134436,-0.2773500981126145,-0.19090958396133909,-1.0994261521710633,-0.41554832735932656,-0.21160368475757949,2.2782616597915593,-0.21442250696755896,3.312655160219113,-0.6461002111639058,-0.153694655873568,0.6839166144230383,-0.3493873447137373,-0.2909029959270487,-0.03316790634033297,-0.27272727272727276,-0.3353646338730602,0.8738225743667123,-0.033167906340332974,-0.033167906340332974
1.5468343368298887,1.5287123051331568,-0.4785833267761842,0.9294256810806173,0.3084408529385839,1.259285558890176,-0.508571073354389,2.981829027262644,-0.8505791253521618,-0.9075501609217962,-0.25607375986579195,-0.24112141108520604,0.8563488385776753,-0.3784390048634126,-0.07432941462471664,-0.11559856812793746,-0.3669650414492984,-0.678729811709616,1.647508942095828,-0.7471406682025761,-0.0941763218696022,-0.105409255338946,-0.23073955174772434,1.2917514083134436,-0.2773500981126145,-0.19090958396133909,-1.0994261521710633,-0.41554832735932656,-0.21160368475757949,2.2782616597915593,-0.21442250696755896,-0.3018726524899911,-0.6461002111639058,-0.153694655873568,0.6839166144230383,-0.3493873447137373,-0.2909029959270487,-0.03316790634033297,-0.27272727272727276,-0.3353646338730602,0.8738225743667123,-0.033167906340332974,-0.033167906340332974
1.023683524641119,1.0087858589117422,2.282635298852041,2.4478373216476936,1.5075388780005121,1.653624808232936,-0.508571073354389,2.981829027262644,-0.8505791253521618,1.101867470316244,-0.25607375986579195,-0.24112141108520604,-1.1677484162422842,2.6424337532568107,-0.07432941462471664,-0.11559856812793746,-0.3669650414492984,-0.678729811709616,-0.6069769786668839,-0.7471406682025761,-0.0941763218696022,-0.105409255338946,-0.23073955174772434,-0.7741427596395154,3.605551275463989,-0.19090958396133909,-1.0994261521710633,-0.41554832735932656,-0.21160368475757949,2.2782616597915593,-0.21442250696755896,-0.3018726524899911,-0.6461002111639058,-0.153694655873568,0.6839166144230383,-0.3493873447137373,-0.2909029959270487,-0.03316790634033297,-0.27272727272727276,-0.3353646338730602,0.8738225743667123,-0.033167906340332974,-0.033167906340332974
1.578067221139666,1.5612077080219953,2.1874208634855505,0.9183826873310382,1.0463473298997705,1.653624808232936,-0.508571073354389,2.981829027262644,-0.8505791253521618,-0.9075501609217962,-0.25607375986579195,-0.24112141108520604,0.8563488385776753,2.6424337532568107,-0.07432941462471664,-0.11559856812793746,-0.3669650414492984,-0.678729811709616,-0.6069769786668839,-0.7471406682025761,-0.0941763218696022,-0.105409255338946,-0.23073955174772434,-0.7741427596395154,3.605551275463989,-0.19090958396133909,-1.0994261521710633,-0.41554832735932656,-0.21160368475757949,2.2782616597915593,-0.21442250696755896,-0.3018726524899911,1.547747520773237,-0.153694655873568,-1.4621665549733924,-0.3493873447137373,-0.2909029959270487,-0.03316790634033297,-0.27272727272727276,-0.3353646338730602,0.8738225743667123,-0.033167906340332974,-0.033167906340332974
1.6093001054494434,1.5937031109108337,1.8065631220195884,1.6748277591771825,-0.8906571721233442,1.653624808232936,1.9662935082097504,-0.3353646338730602,-0.8505791253521618,1.101867470316244,-0.25607375986579195,-0.24112141108520604,-1.1677484162422842,-0.3784390048634126,-0.07432941462471664,-0.11559856812793746,-0.3669650414492984,-0.678729811709616,-0.6069769786668839,-0.7471406682025761,-0.0941763218696022,-0.105409255338946,-0.23073955174772434,1.2917514083134436,-0.2773500981126145,-0.19090958396133909,-1.0994261521710633,-0.41554832735932656,-0.21160368475757949,2.2782616597915593,-0.21442250696755896,-0.3018726524899911,-0.6461002111639058,-0.153694655873568,0.6839166144230383,-0.3493873447137373,-0.2909029959270487,-0.03316790634033297,-0.27272727272727276,-0.3353646338730602,0.8738225743667123,-0.033167906340332974,-0.033167906340332974
1.6093001054494434,1.5937031109108337,1.901777557386079,1.4539678841856076,-0.42946562402260263,1.259285558890176,1.9662935082097504,-0.3353646338730602,-0.8505791253521618,1.101867470316244,-0.25607375986579195,-0.24112141108520604,-1.1677484162422842,-0.3784390048634126,-0.07432941462471664,-0.11559856812793746,-0.3669650414492984,-0.678729811709616,-0.6069769786668839,-0.7471406682025761,-0.0941763218696022,-0.105409255338946,-0.23073955174772434,1.2917514083134436,-0.2773500981126145,-0.19090958396133909,-1.0994261521710633,-0.41554832735932656,-0.21160368475757949,2.2782616597915593,-0.21442250696755896,-0.3018726524899911,1.547747520773237,-0.153694655873568,-1.4621665549733924,-0.3493873447137373,-0.2909029959270487,-0.03316790634033297,-0.27272727272727276,-0.3353646338730602,0.8738225743667123,-0.033167906340332974,-0.033167906340332974
1.2540260464257265,1.2362536791336112,1.0448476390876642,1.8956876341687567,0.03172592407813898,1.653624808232936,1.9662935082097504,-0.3353646338730602,-0.8505791253521618,1.101867470316244,-0.25607375986579195,-0.24112141108520604,0.8563488385776753,-0.3784390048634126,-0.07432941462471664,-0.11559856812793746,-0.3669650414492984,-0.678729811709616,-0.6069769786668839,-0.7471406682025761,-0.0941763218696022,-0.105409255338946,-0.23073955174772434,1.2917514083134436,-0.2773500981126145,-0.19090958396133909,-1.0994261521710633,-0.41554832735932656,-0.21160368475757949,2.2782616597915593,-0.21442250696755896,-0.3018726524899911,-0.6461002111639058,-0.153694655873568,0.6839166144230383,-0.3493873447137373,-0.2909029959270487,-0.03316790634033297,-0.27272727272727276,-0.3353646338730602,0.8738225743667123,-0.033167906340332974,-0.033167906340332974
1.7069028689174974,1.691189319577349,2.282635298852041,0.5153134154714144,-0.15275069516215767,2.0479640575756957,1.9662935082097504,-0.3353646338730602,-0.8505791253521618,1.101867470316244,-0.25607375986579195,-0.24112141108520604,0.8563488385776753,-0.3784390048634126,-0.07432941462471664,-0.11559856812793746,-0.3669650414492984,-0.678729811709616,-0.6069769786668839,-0.7471406682025761,-0.0941763218696022,-0.105409255338946,-0.23073955174772434,1.2917514083134436,-0.2773500981126145,-0.19090958396133909,-1.0994261521710633,-0.41554832735932656,-0.21160368475757949,2.2782616597915593,-0.21442250696755896,-0.3018726524899911,-0.6461002111639058,-0.153694655873568,0.6839166144230383,-0.3493873447137373,-0.2909029959270487,-0.03316790634033297,-0.27272727272727276,-0.3353646338730602,0.8738225743667123,-0.033167906340332974,-0.033167906340332974
1.7069028689174974,1.691189319577349,2.1874208634855505,-0.04787926575710164,2.060968735721402,0.864946309547416,1.9662935082097504,-0.3353646338730602,-0.8505791253521618,-0.9075501609217962,-0.25607375986579195,-0.24112141108520604,0.8563488385776753,-0.3784390048634126,-0.07432941462471664,-0.11559856812793746,-0.3669650414492984,-0.678729811709616,-0.6069769786668839,-0.7471406682025761,-0.0941763218696022,-0.105409255338946,-0.23073955174772434,1.2917514083134436,-0.2773500981126145,-0.19090958396133909,-1.0994261521710633,-0.41554832735932656,-0.21160368475757949,2.2782616597915593,-0.21442250696755896,-0.3018726524899911,-0.6461002111639058,-0.153694655873568,0.6839166144230383,-0.3493873447137373,-0.2909029959270487,-0.03316790634033297,-0.27272727272727276,-0.3353646338730602,0.8738225743667123,-0.033167906340332974,-0.033167906340332974
1.7420398637659968,1.7236847224661875,0.7592043329881926,0.6533508373411487,0.03172592407813898,0.07626781086189616,1.9662935082097504,-0.3353646338730602,-0.8505791253521618,-0.9075501609217962,-0.25607375986579195,-0.24112141108520604,0.8563488385776753,2.6424337532568107,-0.07432941462471664,-0.11559856812793746,-0.3669650414492984,-0.678729811709616,-0.6069769786668839,-0.7471406682025761,-0.0941763218696022,-0.105409255338946,-0.23073955174772434,-0.7741427596395154,3.605551275463989,-0.19090958396133909,-1.0994261521710633,-0.41554832735932656,-0.21160368475757949,2.2782616597915593,-0.21442250696755896,3.312655160219113,-0.6461002111639058,-0.153694655873568,0.6839166144230383,-0.3493873447137373,-0.2909029959270487,-0.03316790634033297,-0.27272727272727276,-0.3353646338730602,0.8738225743667123,-0.033167906340332974,-0.033167906340332974
1.2540260464257265,1.2362536791336112,2.473064169585022,0.957033165454564,-0.06051238554200934,1.653624808232936,1.9662935082097504,-0.3353646338730602,-0.8505791253521618,1.101867470316244,-0.25607375986579195,-0.24112141108520604,-1.1677484162422842,-0.3784390048634126,-0.07432941462471664,-0.11559856812793746,-0.3669650414492984,-0.678729811709616,-0.6069769786668839,-0.7471406682025761,-0.0941763218696022,-0.105409255338946,-0.23073955174772434,1.2917514083134436,-0.2773500981126145,-0.19090958396133909,-1.0994261521710633,-0.41554832735932656,-0.21160368475757949,2.2782616597915593,-0.21442250696755896,-0.3018726524899911,1.547747520773237,-0.153694655873568,-1.4621665549733924,-0.3493873447137373,-0.2909029959270487,-0.03316790634033297,3.666666666666667,-0.3353646338730602,-1.1443970770893999,-0.033167906340332974,-0.033167906340332974
0.6020395864591253,0.5863456213568427,0.9496332037211737,0.01837869674037087,-1.0751337913636407,-1.1067499371663836,1.9662935082097504,-0.3353646338730602,-0.8505791253521618,-0.9075501609217962,-0.25607375986579195,-0.24112141108520604,-1.1677484162422842,-0.3784390048634126,-0.07432941462471664,-0.11559856812793746,-0.3669650414492984,-0.678729811709616,-0.6069769786668839,-0.7471406682025761,-0.0941763218696022,-0.105409255338946,-0.23073955174772434,-0.7741427596395154,-0.2773500981126145,5.238081709939242,-1.0994261521710633,-0.41554832735932656,-0.21160368475757949,2.2782616597915593,-0.21442250696755896,-0.3018726524899911,-0.6461002111639058,-0.153694655873568,0.6839166144230383,-0.3493873447137373,-0.2909029959270487,-0.03316790634033297,3.666666666666667,-0.3353646338730602,-1.1443970770893999,-0.033167906340332974,-0.033167906340332974
1.7732727480757742,1.7561801253550258,0.473561026888721,1.6969137466763395,0.1239642336982873,0.4706070602046561,1.9662935082097504,-0.3353646338730602,-0.8505791253521618,-0.9075501609217962,-0.25607375986579195,-0.24112141108520604,0.8563488385776753,-0.3784390048634126,-0.07432941462471664,-0.11559856812793746,-0.3669650414492984,-0.678729811709616,-0.6069769786668839,-0.7471406682025761,-0.0941763218696022,-0.105409255338946,-0.23073955174772434,1.2917514083134436,-0.2773500981126145,-0.19090958396133909,-1.0994261521710633,-0.41554832735932656,-0.21160368475757949,2.2782616597915593,-0.21442250696755896,-0.3018726524899911,-0.6461002111639058,-0.153694655873568,0.6839166144230383,-0.3493873447137373,-0.2909029959270487,-0.03316790634033297,3.666666666666667,-0.3353646338730602,-1.1443970770893999,-0.033167906340332974,-0.033167906340332974
1.0588205194896183,1.0412812618005807,1.3304909451871356,1.730042727925076,-0.42946562402260263,2.0479640575756957,1.9662935082097504,-0.3353646338730602,-0.8505791253521618,1.101867470316244,-0.25607375986579195,-0.24112141108520604,0.8563488385776753,-0.3784390048634126,-0.07432941462471664,-0.11559856812793746,2.7250552152068273,-0.678729811709616,-0.6069769786668839,-0.7471406682025761,-0.0941763218696022,-0.105409255338946,-0.23073955174772434,-0.7741427596395154,3.605551275463989,-0.19090958396133909,-1.0994261521710633,-0.41554832735932656,-0.21160368475757949,2.2782616597915593,-0.21442250696755896,-0.3018726524899911,1.547747520773237,-0.153694655873568,-1.4621665549733924,-0.3493873447137373,-0.2909029959270487,-0.03316790634033297,3.666666666666667,-0.3353646338730602,-1.1443970770893999,-0.033167906340332974,-0.033167906340332974
-0.014809878658976545,-0.031067033531087286,0.663989897621702,-0.22456716575036118,-0.6139422432628993,0.07626781086189616,1.9662935082097504,-0.3353646338730602,-0.8505791253521618,-0.9075501609217962,-0.25607375986579195,-0.24112141108520604,-1.1677484162422842,-0.3784390048634126,-0.07432941462471664,-0.11559856812793746,-0.3669650414492984,-0.678729811709616,-0.6069769786668839,-0.7471406682025761,-0.0941763218696022,-0.105409255338946,-0.23073955174772434,1.2917514083134436,-0.2773500981126145,-0.19090958396133909,-1.0994261521710633,-0.41554832735932656,-0.21160368475757949,2.2782616597915593,-0.21442250696755896,-0.3018726524899911,-0.6461002111639058,-0.153694655873568,0.6839166144230383,-0.3493873447137373,-0.2909029959270487,-0.03316790634033297,3.666666666666667,-0.3353646338730602,-1.1443970770893999,-0.033167906340332974,-0.033167906340332974
1.839642627234051,1.8211709311327027,2.282635298852041,0.7416947873377787,0.03172592407813898,2.0479640575756957,1.9662935082097504,-0.3353646338730602,-0.8505791253521618,-0.9075501609217962,-0.25607375986579195,-0.24112141108520604,-1.1677484162422842,2.6424337532568107,-0.07432941462471664,-0.11559856812793746,-0.3669650414492984,-0.678729811709616,-0.6069769786668839,-0.7471406682025761,-0.0941763218696022,-0.105409255338946,-0.23073955174772434,-0.7741427596395154,3.605551275463989,-0.19090958396133909,-1.0994261521710633,-0.41554832735932656,-0.21160368475757949,2.2782616597915593,-0.21442250696755896,-0.3018726524899911,1.547747520773237,-0.153694655873568,-1.4621665549733924,-0.3493873447137373,-0.2909029959270487,-0.03316790634033297,3.666666666666667,-0.3353646338730602,-1.1443970770893999,-0.033167906340332974,-0.033167906340332974
1.023683524641119,1.0087858589117422,1.7113486866530978,1.5643978216813945,1.4153005683803637,0.864946309547416,1.9662935082097504,-0.3353646338730602,-0.8505791253521618,1.101867470316244,-0.25607375986579195,-0.24112141108520604,0.8563488385776753,-0.3784390048634126,-0.07432941462471664,-0.11559856812793746,-0.3669650414492984,-0.678729811709616,-0.6069769786668839,-0.7471406682025761,-0.0941763218696022,-0.105409255338946,-0.23073955174772434,1.2917514083134436,-0.2773500981126145,-0.19090958396133909,-1.0994261521710633,-0.41554832735932656,-0.21160368475757949,2.2782616597915593,-0.21442250696755896,-0.3018726524899911,-0.6461002111639058,-0.153694655873568,0.6839166144230383,-0.3493873447137373,-0.2909029959270487,-0.03316790634033297,3.666666666666667,-0.3353646338730602,-1.1443970770893999,-0.033167906340332974,-0.033167906340332974
1.839642627234051,1.8211709311327027,1.235276509820645,1.5809623123057635,-1.0751337913636407,2.0479640575756957,1.9662935082097504,-0.3353646338730602,-0.8505791253521618,-0.9075501609217962,-0.25607375986579195,-0.24112141108520604,-1.1677484162422842,-0.3784390048634126,-0.07432941462471664,-0.11559856812793746,-0.3669650414492984,-0.678729811709616,-0.6069769786668839,-0.7471406682025761,-0.0941763218696022,-0.105409255338946,-0.23073955174772434,1.2917514083134436,-0.2773500981126145,-0.19090958396133909,-1.0994261521710633,-0.41554832735932656,-0.21160368475757949,2.2782616597915593,-0.21442250696755896,-0.3018726524899911,1.547747520773237,-0.153694655873568,-1.4621665549733924,-0.3493873447137373,-0.2909029959270487,-0.03316790634033297,3.666666666666667,-0.3353646338730602,-1.1443970770893999,-0.033167906340332974,-0.033167906340332974
0.7972451133952334,0.7813180386898733,2.0922064281190598,2.0061175716645447,-0.5217039336427509,0.07626781086189616,1.9662935082097504,-0.3353646338730602,-0.8505791253521618,1.101867470316244,-0.25607375986579195,-0.24112141108520604,0.8563488385776753,-0.3784390048634126,-0.07432941462471664,-0.11559856812793746,-0.3669650414492984,-0.678729811709616,-0.6069769786668839,-0.7471406682025761,-0.0941763218696022,-0.105409255338946,-0.23073955174772434,1.2917514083134436,-0.2773500981126145,-0.19090958396133909,-1.0994261521710633,-0.41554832735932656,-0.21160368475757949,2.2782616597915593,-0.21442250696755896,-0.3018726524899911,1.547747520773237,-0.153694655873568,-1.4621665549733924,-0.3493873447137373,-0.2909029959270487,-0.03316790634033297,3.666666666666667,-0.3353646338730602,-1.1443970770893999,-0.033167906340332974,-0.033167906340332974
-0.3427551639116382,-0.3560210624194715,-0.3833688914096937,-0.9699692438469265,-0.5217039336427509,0.07626781086189616,1.9662935082097504,-0.3353646338730602,-0.8505791253521618,-0.9075501609217962,-0.25607375986579195,-0.24112141108520604,-1.1677484162422842,-0.3784390048634126,-0.07432941462471664,-0.11559856812793746,-0.3669650414492984,-0.678729811709616,1.647508942095828,-0.7471406682025761,-0.0941763218696022,-0.105409255338946,-0.23073955174772434,1.2917514083134436,-0.2773500981126145,-0.19090958396133909,0.9095654110330884,-0.41554832735932656,-0.21160368475757949,-0.43893114546442885,-0.21442250696755896,-0.3018726524899911,1.547747520773237,-0.153694655873568,-1.4621665549733924,-0.3493873447137373,-0.2909029959270487,-0.03316790634033297,3.666666666666667,-0.3353646338730602,-1.1443970770893999,-0.033167906340332974,-0.033167906340332974
0.86361499255351,0.8463088444675501,0.663989897621702,1.3987529154377136,0.40067916255873226,0.4706070602046561,1.9662935082097504,-0.3353646338730602,-0.8505791253521618,1.101867470316244,-0.25607375986579195,-0.24112141108520604,0.8563488385776753,-0.3784390048634126,-0.07432941462471664,-0.11559856812793746,2.7250552152068273,-0.678729811709616,-0.6069769786668839,-0.7471406682025761,-0.0941763218696022,-0.105409255338946,-0.23073955174772434,-0.7741427596395154,3.605551275463989,-0.19090958396133909,-1.0994261521710633,-0.41554832735932656,-0.21160368475757949,2.2782616597915593,-0.21442250696755896,-0.3018726524899911,-0.6461002111639058,-0.153694655873568,0.6839166144230383,-0.3493873447137373,-0.2909029959270487,-0.03316790634033297,3.666666666666667,-0.3353646338730602,-1.1443970770893999,-0.033167906340332974,-0.033167906340332974
2.066081038479936,2.048638751354572,1.8065631220195884,1.6306557841788676,-1.2596104106039374,2.0479640575756957,1.9662935082097504,-0.3353646338730602,-0.8505791253521618,-0.9075501609217962,-0.25607375986579195,-0.24112141108520604,0.8563488385776753,-0.3784390048634126,-0.07432941462471664,-0.11559856812793746,-0.3669650414492984,-0.678729811709616,-0.6069769786668839,-0.7471406682025761,-0.0941763218696022,-0.105409255338946,-0.23073955174772434,1.2917514083134436,-0.2773500981126145,-0.19090958396133909,-1.0994261521710633,-0.41554832735932656,-0.21160368475757949,2.2782616597915593,-0.21442250696755896,-0.3018726524899911,1.547747520773237,-0.153694655873568,-1.4621665549733924,-0.3493873447137373,-0.2909029959270487,-0.03316790634033297,3.666666666666667,-0.3353646338730602,-1.1443970770893999,-0.033167906340332974,-0.033167906340332974
0.5356697073008485,0.5213548155791659,2.282635298852041,0.07359366548826488,0.2162025433184356,-1.1067499371663836,1.9662935082097504,-0.3353646338730602,-0.8505791253521618,-0.9075501609217962,-0.25607375986579195,-0.24112141108520604,0.8563488385776753,-0.3784390048634126,-0.07432941462471664,-0.11559856812793746,-0.3669650414492984,-0.678729811709616,-0.6069769786668839,-0.7471406682025761,-0.0941763218696022,-0.105409255338946,-0.23073955174772434,1.2917514083134436,-0.2773500981126145,-0.19090958396133909,-1.0994261521710633,-0.41554832735932656,-0.21160368475757949,2.2782616597915593,-0.21442250696755896,-0.3018726524899911,-0.6461002111639058,-0.153694655873568,0.6839166144230383,-0.3493873447137373,-0.2909029959270487,-0.03316790634033297,3.666666666666667,-0.3353646338730602,-1.1443970770893999,-0.033167906340332974,-0.033167906340332974
1.968478275011882,1.9511525426880563,1.1400620744541548,0.6809583217150955,-0.7984188625031958,0.4706070602046561,1.9662935082097504,-0.3353646338730602,-0.8505791253521618,-0.9075501609217962,-0.25607375986579195,-0.24112141108520604,-1.1677484162422842,-0.3784390048634126,-0.07432941462471664,-0.11559856812793746,-0.3669650414492984,-0.678729811709616,-0.6069769786668839,-0.7471406682025761,-0.0941763218696022,-0.105409255338946,-0.23073955174772434,-0.7741427596395154,-0.2773500981126145,5.238081709939242,-1.0994261521710633,-0.41554832735932656,-0.21160368475757949,2.2782616597915593,-0.21442250696755896,-0.3018726524899911,1.547747520773237,-0.153694655873568,-1.4621665549733924,-0.3493873447137373,-0.2909029959270487,-0.03316790634033297,3.666666666666667,-0.3353646338730602,-1.1443970770893999,-0.033167906340332974,-0.033167906340332974
-1.8380295002422267,-1.8508095953060388,-1.906799857273542,-1.1963506157132906,3.4445433800236263,-2.2897676851946636,-0.508571073354389,-0.3353646338730602,1.1756695764029879,-0.9075501609217962,-0.25607375986579195,-0.24112141108520604,0.8563488385776753,-0.3784390048634126,-0.07432941462471664,-0.11559856812793746,2.7250552152068273,-0.678729811709616,-0.6069769786668839,-0.7471406682025761,-0.0941763218696022,-0.105409255338946,-0.23073955174772434,-0.7741427596395154,-0.2773500981126145,-0.19090958396133909,0.9095654110330884,-0.41554832735932656,-0.21160368475757949,-0.43893114546442885,-0.21442250696755896,-0.3018726524899911,-0.6461002111639058,-0.153694655873568,0.6839166144230383,-0.3493873447137373,-0.2909029959270487,-0.03316790634033297,3.666666666666667,-0.3353646338730602,-1.1443970770893999,-0.033167906340332974,-0.033167906340332974
-1.8067966159324493,-1.8183141924172004,-1.906799857273542,-1.2515655844611844,-0.15275069516215767,0.07626781086189616,-0.508571073354389,-0.3353646338730602,1.1756695764029879,1.101867470316244,-0.25607375986579195,-0.24112141108520604,-1.1677484162422842,-0.3784390048634126,-0.07432941462471664,-0.11559856812793746,2.7250552152068273,-0.678729811709616,-0.6069769786668839,1.3384360436512406,-0.0941763218696022,-0.105409255338946,-0.23073955174772434,-0.7741427596395154,-0.2773500981126145,-0.19090958396133909,0.9095654110330884,-0.41554832735932656,-0.21160368475757949,-0.43893114546442885,-0.21442250696755896,-0.3018726524899911,1.547747520773237,-0.153694655873568,-1.4621665549733924,-0.3493873447137373,-0.2909029959270487,-0.03316790634033297,3.666666666666667,-0.3353646338730602,-1.1443970770893999,-0.033167906340332974,-0.033167906340332974
-1.8067966159324493,-1.8183141924172004,-1.906799857273542,-1.2515655844611844,0.7696324010393255,0.07626781086189616,-0.508571073354389,-0.3353646338730602,1.1756695764029879,-0.9075501609217962,-0.25607375986579195,-0.24112141108520604,-1.1677484162422842,-0.3784390048634126,-0.07432941462471664,-0.11559856812793746,-0.3669650414492984,1.4733403229794104,-0.6069769786668839,-0.7471406682025761,-0.0941763218696022,-0.105409255338946,-0.23073955174772434,-0.7741427596395154,-0.2773500981126145,5.238081709939242,-1.0994261521710633,2.4064589703793833,-0.21160368475757949,-0.43893114546442885,-0.21442250696755896,-0.3018726524899911,-0.6461002111639058,-0.153694655873568,0.6839166144230383,-0.3493873447137373,-0.2909029959270487,-0.03316790634033297,3.666666666666667,-0.3353646338730602,-1.1443970770893999,-0.033167906340332974,-0.033167906340332974
-1.8067966159324493,-1.8183141924172004,-1.906799857273542,-1.2515655844611844,-0.6139422432628993,0.4706070602046561,-0.508571073354389,-0.3353646338730602,1.1756695764029879,1.101867470316244,-0.25607375986579195,-0.24112141108520604,-1.1677484162422842,-0.3784390048634126,-0.07432941462471664,-0.11559856812793746,-0.3669650414492984,1.4733403229794104,-0.6069769786668839,1.3384360436512406,-0.0941763218696022,-0.105409255338946,-0.23073955174772434,-0.7741427596395154,-0.2773500981126145,-0.19090958396133909,0.9095654110330884,-0.41554832735932656,-0.21160368475757949,-0.43893114546442885,-0.21442250696755896,-0.3018726524899911,-0.6461002111639058,-0.153694655873568,0.6839166144230383,-0.3493873447137373,-0.2909029959270487,-0.03316790634033297,3.666666666666667,-0.3353646338730602,-1.1443970770893999,-0.033167906340332974,-0.033167906340332974
-1.8067966159324493,-1.8183141924172004,-1.906799857273542,-1.0859206782175033,-0.7984188625031958,0.07626781086189616,-0.508571073354389,-0.3353646338730602,1.1756695764029879,-0.9075501609217962,-0.25607375986579195,-0.24112141108520604,-1.1677484162422842,-0.3784390048634126,-0.07432941462471664,-0.11559856812793746,2.7250552152068273,-0.678729811709616,-0.6069769786668839,-0.7471406682025761,-0.0941763218696022,-0.105409255338946,-0.23073955174772434,-0.7741427596395154,-0.2773500981126145,-0.19090958396133909,0.9095654110330884,-0.41554832735932656,-0.21160368475757949,-0.43893114546442885,-0.21442250696755896,-0.3018726524899911,1.547747520773237,-0.153694655873568,-1.4621665549733924,-0.3493873447137373,-0.2909029959270487,-0.03316790634033297,3.666666666666667,-0.3353646338730602,-1.1443970770893999,-0.033167906340332974,-0.033167906340332974
-1.8067966159324493,-1.8183141924172004,-1.8115854219070515,-1.1411356469653968,-0.6139422432628993,1.653624808232936,-0.508571073354389,-0.3353646338730602,1.1756695764029879,-0.9075501609217962,-0.25607375986579195,-0.24112141108520604,0.8563488385776753,-0.3784390048634126,-0.07432941462471664,-0.11559856812793746,-0.3669650414492984,1.4733403229794104,-0.6069769786668839,1.3384360436512406,-0.0941763218696022,-0.105409255338946,-0.23073955174772434,-0.7741427596395154,-0.2773500981126145,-0.19090958396133909,-1.0994261521710633,2.4064589703793833,-0.21160368475757949,-0.43893114546442885,-0.21442250696755896,-0.3018726524899911,1.547747520773237,-0.153694655873568,-1.4621665549733924,-0.3493873447137373,-0.2909029959270487,-0.03316790634033297,3.666666666666667,-0.3353646338730602,-1.1443970770893999,-0.033167906340332974,-0.033167906340332974
-1.8067966159324493,-1.8183141924172004,-1.8115854219070515,-1.1411356469653968,2.15320704534155,-0.3180714384808638,-0.508571073354389,-0.3353646338730602,1.1756695764029879,-0.9075501609217962,-0.25607375986579195,-0.24112141108520604,-1.1677484162422842,-0.3784390048634126,-0.07432941462471664,-0.11559856812793746,-0.3669650414492984,1.4733403229794104,-0.6069769786668839,1.3384360436512406,-0.0941763218696022,-0.105409255338946,-0.23073955174772434,-0.7741427596395154,-0.2773500981126145,-0.19090958396133909,0.9095654110330884,-0.41554832735932656,-0.21160368475757949,-0.43893114546442885,-0.21442250696755896,-0.3018726524899911,-0.6461002111639058,-0.153694655873568,0.6839166144230383,-0.3493873447137373,-0.2909029959270487,-0.03316790634033297,3.666666666666667,-0.3353646338730602,-1.1443970770893999,-0.033167906340332974,-0.033167906340332974
-1.8067966159324493,-1.8183141924172004,-1.8115854219070515,-1.1411356469653968,2.337683664581847,2.0479640575756957,-0.508571073354389,-0.3353646338730602,1.1756695764029879,1.101867470316244,-0.25607375986579195,-0.24112141108520604,-1.1677484162422842,-0.3784390048634126,-0.07432941462471664,-0.11559856812793746,-0.3669650414492984,1.4733403229794104,-0.6069769786668839,1.3384360436512406,-0.0941763218696022,-0.105409255338946,-0.23073955174772434,-0.7741427596395154,-0.2773500981126145,-0.19090958396133909,0.9095654110330884,-0.41554832735932656,-0.21160368475757949,-0.43893114546442885,-0.21442250696755896,-0.3018726524899911,-0.6461002111639058,-0.153694655873568,0.6839166144230383,-0.3493873447137373,-0.2909029959270487,-0.03316790634033297,3.666666666666667,-0.3353646338730602,-1.1443970770893999,-0.033167906340332974,-0.033167906340332974
-1.77165962108395,-1.785818789528362,-1.8115854219070515,-1.1411356469653968,0.40067916255873226,-1.1067499371663836,-0.508571073354389,-0.3353646338730602,1.1756695764029879,-0.9075501609217962,-0.25607375986579195,-0.24112141108520604,-1.1677484162422842,-0.3784390048634126,-0.07432941462471664,-0.11559856812793746,-0.3669650414492984,1.4733403229794104,-0.6069769786668839,-0.7471406682025761,-0.0941763218696022,-0.105409255338946,-0.23073955174772434,-0.7741427596395154,-0.2773500981126145,-0.19090958396133909,-1.0994261521710633,2.4064589703793833,-0.21160368475757949,-0.43893114546442885,-0.21442250696755896,-0.3018726524899911,-0.6461002111639058,-0.153694655873568,0.6839166144230383,-0.3493873447137373,-0.2909029959270487,-0.03316790634033297,3.666666666666667,-0.3353646338730602,-1.1443970770893999,-0.033167906340332974,-0.033167906340332974
-1.77165962108395,-1.785818789528362,-1.8115854219070515,-1.1411356469653968,0.5851557817990288,-1.1067499371663836,-0.508571073354389,-0.3353646338730602,1.1756695764029879,1.101867470316244,-0.25607375986579195,-0.24112141108520604,-1.1677484162422842,-0.3784390048634126,-0.07432941462471664,-0.11559856812793746,2.7250552152068273,-0.678729811709616,-0.6069769786668839,-0.7471406682025761,-0.0941763218696022,-0.105409255338946,-0.23073955174772434,-0.7741427596395154,-0.2773500981126145,-0.19090958396133909,0.9095654110330884,-0.41554832735932656,-0.21160368475757949,-0.43893114546442885,-0.21442250696755896,-0.3018726524899911,-0.6461002111639058,-0.153694655873568,0.6839166144230383,-0.3493873447137373,-0.2909029959270487,-0.03316790634033297,-0.27272727272727276,2.981829027262644,-1.1443970770893999,-0.033167906340332974,-0.033167906340332974
-1.77165962108395,-1.785818789528362,-1.716370986540561,-0.9754907407217158,2.4299219742019953,-1.8954284358519036,-0.508571073354389,-0.3353646338730602,1.1756695764029879,1.101867470316244,-0.25607375986579195,-0.24112141108520604,-1.1677484162422842,-0.3784390048634126,-0.07432941462471664,-0.11559856812793746,2.7250552152068273,-0.678729811709616,-0.6069769786668839,1.3384360436512406,-0.0941763218696022,-0.105409255338946,-0.23073955174772434,-0.7741427596395154,-0.2773500981126145,-0.19090958396133909,0.9095654110330884,-0.41554832735932656,-0.21160368475757949,-0.43893114546442885,-0.21442250696755896,-0.3018726524899911,-0.6461002111639058,-0.153694655873568,0.6839166144230383,-0.3493873447137373,-0.2909029959270487,-0.03316790634033297,-0.27272727272727276,2.981829027262644,-1.1443970770893999,-0.033167906340332974,-0.033167906340332974
0.6020395864591253,0.5863456213568427,-1.4307276804410896,-0.5889859594864597,1.784253806860957,-1.1067499371663836,-0.508571073354389,-0.3353646338730602,1.1756695764029879,1.101867470316244,-0.25607375986579195,-0.24112141108520604,-1.1677484162422842,-0.3784390048634126,-0.07432941462471664,-0.11559856812793746,2.7250552152068273,-0.678729811709616,-0.6069769786668839,-0.7471406682025761,-0.0941763218696022,-0.105409255338946,-0.23073955174772434,-0.7741427596395154,-0.2773500981126145,-0.19090958396133909,0.9095654110330884,-0.41554832735932656,-0.21160368475757949,-0.43893114546442885,-0.21442250696755896,-0.3018726524899911,-0.6461002111639058,-0.153694655873568,0.6839166144230383,-0.3493873447137373,-0.2909029959270487,-0.03316790634033297,-0.27272727272727276,2.981829027262644,-1.1443970770893999,-0.033167906340332974,-0.033167906340332974
-1.77165962108395,-1.785818789528362,-1.4307276804410896,-0.8650608032259283,0.49291747217888054,-1.5010891865091436,-0.508571073354389,2.981829027262644,-0.8505791253521618,-0.9075501609217962,-0.25607375986579195,-0.24112141108520604,-1.1677484162422842,-0.3784390048634126,-0.07432941462471664,-0.11559856812793746,2.7250552152068273,-0.678729811709616,-0.6069769786668839,-0.7471406682025761,-0.0941763218696022,-0.105409255338946,-0.23073955174772434,-0.7741427596395154,-0.2773500981126145,-0.19090958396133909,0.9095654110330884,-0.41554832735932656,-0.21160368475757949,-0.43893114546442885,-0.21442250696755896,-0.3018726524899911,-0.6461002111639058,-0.153694655873568,0.6839166144230383,-0.3493873447137373,-0.2909029959270487,-0.03316790634033297,-0.27272727272727276,2.981829027262644,-1.1443970770893999,-0.033167906340332974,-0.033167906340332974
0.668409465617402,0.6513364271345196,-1.4307276804410896,-0.6994158969822473,0.40067916255873226,0.07626781086189616,-0.508571073354389,2.981829027262644,-0.8505791253521618,-0.9075501609217962,-0.25607375986579195,-0.24112141108520604,-1.1677484162422842,-0.3784390048634126,-0.07432941462471664,-0.11559856812793746,-0.3669650414492984,1.4733403229794104,-0.6069769786668839,1.3384360436512406,-0.0941763218696022,-0.105409255338946,-0.23073955174772434,-0.7741427596395154,-0.2773500981126145,-0.19090958396133909,0.9095654110330884,-0.41554832735932656,-0.21160368475757949,-0.43893114546442885,-0.21442250696755896,-0.3018726524899911,-0.6461002111639058,-0.153694655873568,0.6839166144230383,-0.3493873447137373,-0.2909029959270487,-0.03316790634033297,-0.27272727272727276,2.981829027262644,-1.1443970770893999,-0.033167906340332974,-0.033167906340332974
-0.6667963386255777,-0.6809750913078557,-1.5259421158075799,-0.5337709907385663,-0.42946562402260263,-1.1067499371663836,-0.508571073354389,2.981829027262644,-0.8505791253521618,1.101867470316244,-0.25607375986579195,-0.24112141108520604,-1.1677484162422842,-0.3784390048634126,-0.07432941462471664,-0.11559856812793746,-0.3669650414492984,1.4733403229794104,-0.6069769786668839,1.3384360436512406,-0.0941763218696022,-0.105409255338946,-0.23073955174772434,-0.7741427596395154,-0.2773500981126145,-0.19090958396133909,0.9095654110330884,-0.41554832735932656,-0.21160368475757949,-0.43893114546442885,-0.21442250696755896,-0.3018726524899911,-0.6461002111639058,-0.153694655873568,0.6839166144230383,-0.3493873447137373,-0.2909029959270487,-0.03316790634033297,-0.27272727272727276,2.981829027262644,-1.1443970770893999,-0.033167906340332974,-0.033167906340332974
-1.77165962108395,-1.785818789528362,-1.906799857273542,-0.754630865730141,0.03172592407813898,0.07626781086189616,-0.508571073354389,2.981829027262644,-0.8505791253521618,-0.9075501609217962,-0.25607375986579195,-0.24112141108520604,0.8563488385776753,-0.3784390048634126,-0.07432941462471664,-0.11559856812793746,-0.3669650414492984,1.4733403229794104,-0.6069769786668839,1.3384360436512406,-0.0941763218696022,-0.105409255338946,-0.23073955174772434,-0.7741427596395154,-0.2773500981126145,-0.19090958396133909,-1.0994261521710633,2.4064589703793833,-0.21160368475757949,-0.43893114546442885,4.663689526544407,-0.3018726524899911,-0.6461002111639058,6.506407098647712,-1.4621665549733924,-0.3493873447137373,-0.2909029959270487,-0.03316790634033297,3.666666666666667,-0.3353646338730602,-1.1443970770893999,-0.033167906340332974,-0.033167906340332974
-0.3739880482214155,-0.3885164653083099,-1.335513245074599,-0.4785560219906722,0.03172592407813898,0.07626781086189616,-0.508571073354389,2.981829027262644,-0.8505791253521618,-0.9075501609217962,-0.25607375986579195,-0.24112141108520604,-1.1677484162422842,-0.3784390048634126,-0.07432941462471664,-0.11559856812793746,-0.3669650414492984,1.4733403229794104,-0.6069769786668839,1.3384360436512406,-0.0941763218696022,-0.105409255338946,-0.23073955174772434,-0.7741427596395154,-0.2773500981126145,-0.19090958396133909,-1.0994261521710633,2.4064589703793833,-0.21160368475757949,-0.43893114546442885,4.663689526544407,-0.3018726524899911,-0.6461002111639058,6.506407098647712,-1.4621665549733924,-0.3493873447137373,-0.2909029959270487,-0.03316790634033297,3.666666666666667,-0.3353646338730602,-1.1443970770893999,-0.033167906340332974,-0.033167906340332974
-1.7404267367741726,-1.7533233866395235,-1.5259421158075799,-0.8098458344780347,-0.42946562402260263,-0.3180714384808638,-0.508571073354389,2.981829027262644,-0.8505791253521618,-0.9075501609217962,-0.25607375986579195,-0.24112141108520604,-1.1677484162422842,-0.3784390048634126,-0.07432941462471664,-0.11559856812793746,-0.3669650414492984,1.4733403229794104,-0.6069769786668839,1.3384360436512406,-0.0941763218696022,-0.105409255338946,-0.23073955174772434,-0.7741427596395154,-0.2773500981126145,-0.19090958396133909,0.9095654110330884,-0.41554832735932656,-0.21160368475757949,-0.43893114546442885,-0.21442250696755896,-0.3018726524899911,-0.6461002111639058,-0.153694655873568,0.6839166144230383,-0.3493873447137373,-0.2909029959270487,-0.03316790634033297,-0.27272727272727276,2.981829027262644,-1.1443970770893999,-0.033167906340332974,-0.033167906340332974
-0.600426459467301,-0.6159842855301788,-1.0498699389751274,-0.25769614699909765,0.7696324010393255,-1.1067499371663836,-0.508571073354389,2.981829027262644,-0.8505791253521618,1.101867470316244,-0.25607375986579195,-0.24112141108520604,-1.1677484162422842,-0.3784390048634126,-0.07432941462471664,-0.11559856812793746,-0.3669650414492984,1.4733403229794104,-0.6069769786668839,1.3384360436512406,-0.0941763218696022,-0.105409255338946,-0.23073955174772434,-0.7741427596395154,-0.2773500981126145,-0.19090958396133909,0.9095654110330884,-0.41554832735932656,-0.21160368475757949,-0.43893114546442885,-0.21442250696755896,-0.3018726524899911,-0.6461002111639058,-0.153694655873568,0.6839166144230383,-0.3493873447137373,-0.2909029959270487,-0.03316790634033297,-0.27272727272727276,2.981829027262644,-1.1443970770893999,-0.033167906340332974,-0.033167906340332974
-0.7643991020936318,-0.778461299974371,-1.4307276804410896,-0.20248117825120368,-0.24498900478230598,0.07626781086189616,-0.508571073354389,-0.3353646338730602,1.1756695764029879,1.101867470316244,-0.25607375986579195,-0.24112141108520604,-1.1677484162422842,-0.3784390048634126,-0.07432941462471664,-0.11559856812793746,2.7250552152068273,-0.678729811709616,-0.6069769786668839,-0.7471406682025761,-0.0941763218696022,-0.105409255338946,-0.23073955174772434,-0.7741427596395154,-0.2773500981126145,-0.19090958396133909,0.9095654110330884,-0.41554832735932656,-0.21160368475757949,-0.43893114546442885,-0.21442250696755896,-0.3018726524899911,-0.6461002111639058,-0.153694655873568,0.6839166144230383,-0.3493873447137373,-0.2909029959270487,-0.03316790634033297,-0.27272727272727276,2.981829027262644,-1.1443970770893999,-0.033167906340332974,-0.033167906340332974
-1.513988325528287,-1.5258555664176547,-1.145084374341618,-0.6994158969822473,2.15320704534155,0.07626781086189616,-0.508571073354389,-0.3353646338730602,1.1756695764029879,1.101867470316244,-0.25607375986579195,-0.24112141108520604,-1.1677484162422842,-0.3784390048634126,-0.07432941462471664,-0.11559856812793746,2.7250552152068273,-0.678729811709616,-0.6069769786668839,1.3384360436512406,-0.0941763218696022,-0.105409255338946,-0.23073955174772434,-0.7741427596395154,-0.2773500981126145,-0.19090958396133909,-1.0994261521710633,2.4064589703793833,-0.21160368475757949,-0.43893114546442885,-0.21442250696755896,-0.3018726524899911,-0.6461002111639058,-0.153694655873568,0.6839166144230383,-0.3493873447137373,-0.2909029959270487,-0.03316790634033297,-0.27272727272727276,2.981829027262644,-1.1443970770893999,-0.033167906340332974,-0.033167906340332974
0.6020395864591253,0.5863456213568427,-1.4307276804410896,-0.6442009282343537,-0.06051238554200934,-1.1067499371663836,-0.508571073354389,-0.3353646338730602,1.1756695764029879,-0.9075501609217962,-0.25607375986579195,-0.24112141108520604,-1.1677484162422842,-0.3784390048634126,-0.07432941462471664,-0.11559856812793746,-0.3669650414492984,1.4733403229794104,-0.6069769786668839,-0.7471406682025761,-0.0941763218696022,-0.105409255338946,-0.23073955174772434,-0.7741427596395154,-0.2773500981126145,5.238081709939242,0.9095654110330884,-0.41554832735932656,-0.21160368475757949,-0.43893114546442885,-0.21442250696755896,-0.3018726524899911,-0.6461002111639058,-0.153694655873568,0.6839166144230383,-0.3493873447137373,-0.2909029959270487,-0.03316790634033297,-0.27272727272727276,2.981829027262644,-1.1443970770893999,-0.033167906340332974,-0.033167906340332974
-0.7956319864034092,-0.8109567028632094,-1.145084374341618,-0.14726620950331015,-0.15275069516215767,0.07626781086189616,-0.508571073354389,-0.3353646338730602,1.1756695764029879,1.101867470316244,-0.25607375986579195,-0.24112141108520604,-1.1677484162422842,-0.3784390048634126,-0.07432941462471664,-0.11559856812793746,-0.3669650414492984,1.4733403229794104,-0.6069769786668839,1.3384360436512406,-0.0941763218696022,-0.105409255338946,-0.23073955174772434,-0.7741427596395154,-0.2773500981126145,-0.19090958396133909,0.9095654110330884,-0.41554832735932656,-0.21160368475757949,-0.43893114546442885,-0.21442250696755896,-0.3018726524899911,-0.6461002111639058,-0.153694655873568,0.6839166144230383,-0.3493873447137373,-0.2909029959270487,-0.03316790634033297,-0.27272727272727276,-0.3353646338730602,0.8738225743667123,-0.033167906340332974,-0.033167906340332974
-1.3500156829019563,-1.3633785519734625,-1.0498699389751274,0.01837869674037087,-1.0751337913636407,0.4706070602046561,-0.508571073354389,-0.3353646338730602,1.1756695764029879,1.101867470316244,-0.25607375986579195,-0.24112141108520604,-1.1677484162422842,-0.3784390048634126,-0.07432941462471664,-0.11559856812793746,2.7250552152068273,-0.678729811709616,-0.6069769786668839,1.3384360436512406,-0.0941763218696022,-0.105409255338946,-0.23073955174772434,-0.7741427596395154,-0.2773500981126145,-0.19090958396133909,0.9095654110330884,-0.41554832735932656,-0.21160368475757949,-0.43893114546442885,-0.21442250696755896,-0.3018726524899911,-0.6461002111639058,-0.153694655873568,0.6839166144230383,-0.3493873447137373,-0.2909029959270487,-0.03316790634033297,-0.27272727272727276,-0.3353646338730602,0.8738225743667123,-0.033167906340332974,-0.033167906340332974
-1.7404267367741726,-1.7533233866395235,-1.0498699389751274,-0.5889859594864597,1.8764921164811053,-1.8954284358519036,-0.508571073354389,-0.3353646338730602,1.1756695764029879,1.101867470316244,-0.25607375986579195,-0.24112141108520604,-1.1677484162422842,-0.3784390048634126,-0.07432941462471664,-0.11559856812793746,2.7250552152068273,-0.678729811709616,-0.6069769786668839,-0.7471406682025761,-0.0941763218696022,-0.105409255338946,-0.23073955174772434,-0.7741427596395154,-0.2773500981126145,-0.19090958396133909,-1.0994261521710633,-0.41554832735932656,-0.21160368475757949,-0.43893114546442885,-0.21442250696755896,-0.3018726524899911,-0.6461002111639058,-0.153694655873568,0.6839166144230383,-0.3493873447137373,3.4375720222928714,-0.03316790634033297,-0.27272727272727276,-0.3353646338730602,-1.1443970770893999,-0.033167906340332974,-0.033167906340332974
0.7660122290854561,0.7488226358010348,-1.8115854219070515,-0.6994158969822473,1.0463473298997705,-1.1067499371663836,-0.508571073354389,-0.3353646338730602,1.1756695764029879,-0.9075501609217962,-0.25607375986579195,-0.24112141108520604,-1.1677484162422842,-0.3784390048634126,13.45362404707371,-0.11559856812793746,-0.3669650414492984,-0.678729811709616,-0.6069769786668839,-0.7471406682025761,-0.0941763218696022,-0.105409255338946,-0.23073955174772434,-0.7741427596395154,-0.2773500981126145,-0.19090958396133909,-1.0994261521710633,2.4064589703793833,-0.21160368475757949,-0.43893114546442885,-0.21442250696755896,-0.3018726524899911,-0.6461002111639058,-0.153694655873568,0.6839166144230383,-0.3493873447137373,3.4375720222928714,-0.03316790634033297,-0.27272727272727276,-0.3353646338730602,-1.1443970770893999,-0.033167906340332974,-0.033167906340332974
-1.7091938524643953,-1.7208279837506852,-2.0020142926400326,-0.5337709907385663,0.49291747217888054,-0.7124106878236237,-0.508571073354389,-0.3353646338730602,1.1756695764029879,-0.9075501609217962,-0.25607375986579195,-0.24112141108520604,-1.1677484162422842,2.6424337532568107,-0.07432941462471664,-0.11559856812793746,-0.3669650414492984,-0.678729811709616,-0.6069769786668839,1.3384360436512406,-0.0941763218696022,-0.105409255338946,-0.23073955174772434,-0.7741427596395154,-0.2773500981126145,-0.19090958396133909,-1.0994261521710633,2.4064589703793833,-0.21160368475757949,-0.43893114546442885,-0.21442250696755896,-0.3018726524899911,-0.6461002111639058,-0.153694655873568,0.6839166144230383,-0.3493873447137373,3.4375720222928714,-0.03316790634033297,-0.27272727272727276,-0.3353646338730602,-1.1443970770893999,-0.033167906340332974,-0.033167906340332974
-0.600426459467301,-0.6159842855301788,-1.8115854219070515,-0.4785560219906722,-0.7984188625031958,0.07626781086189616,-0.508571073354389,-0.3353646338730602,1.1756695764029879,-0.9075501609217962,-0.25607375986579195,-0.24112141108520604,-1.1677484162422842,-0.3784390048634126,-0.07432941462471664,-0.11559856812793746,-0.3669650414492984,1.4733403229794104,-0.6069769786668839,1.3384360436512406,-0.0941763218696022,-0.105409255338946,-0.23073955174772434,-0.7741427596395154,-0.2773500981126145,-0.19090958396133909,0.9095654110330884,-0.41554832735932656,-0.21160368475757949,-0.43893114546442885,-0.21442250696755896,-0.3018726524899911,-0.6461002111639058,-0.153694655873568,0.6839166144230383,-0.3493873447137373,3.4375720222928714,-0.03316790634033297,-0.27272727272727276,-0.3353646338730602,-1.1443970770893999,-0.033167906340332974,-0.033167906340332974
-1.7091938524643953,-1.7208279837506852,-1.906799857273542,-0.754630865730141,-0.15275069516215767,-1.5010891865091436,-0.508571073354389,-0.3353646338730602,1.1756695764029879,-0.9075501609217962,-0.25607375986579195,-0.24112141108520604,0.8563488385776753,-0.3784390048634126,-0.07432941462471664,-0.11559856812793746,-0.3669650414492984,1.4733403229794104,-0.6069769786668839,1.3384360436512406,-0.0941763218696022,-0.105409255338946,-0.23073955174772434,-0.7741427596395154,-0.2773500981126145,-0.19090958396133909,0.9095654110330884,-0.41554832735932656,-0.21160368475757949,-0.43893114546442885,-0.21442250696755896,-0.3018726524899911,-0.6461002111639058,-0.153694655873568,0.6839166144230383,-0.3493873447137373,3.4375720222928714,-0.03316790634033297,-0.27272727272727276,-0.3353646338730602,-1.1443970770893999,-0.033167906340332974,-0.033167906340332974
-1.7091938524643953,-1.7208279837506852,-1.6211565511740704,-0.8650608032259283,-0.5217039336427509,-1.1067499371663836,-0.508571073354389,-0.3353646338730602,1.1756695764029879,-0.9075501609217962,-0.25607375986579195,-0.24112141108520604,-1.1677484162422842,2.6424337532568107,-0.07432941462471664,-0.11559856812793746,-0.3669650414492984,-0.678729811709616,-0.6069769786668839,1.3384360436512406,-0.0941763218696022,-0.105409255338946,-0.23073955174772434,-0.7741427596395154,-0.2773500981126145,-0.19090958396133909,0.9095654110330884,-0.41554832735932656,-0.21160368475757949,-0.43893114546442885,-0.21442250696755896,-0.3018726524899911,-0.6461002111639058,-0.153694655873568,0.6839166144230383,-0.3493873447137373,3.4375720222928714,-0.03316790634033297,-0.27272727272727276,-0.3353646338730602,-1.1443970770893999,-0.033167906340332974,-0.033167906340332974
-0.11241264212703062,-0.12855324219760256,-1.4307276804410896,-0.4233410532427787,1.3230622587602154,-1.1067499371663836,-0.508571073354389,-0.3353646338730602,1.1756695764029879,1.101867470316244,-0.25607375986579195,-0.24112141108520604,-1.1677484162422842,-0.3784390048634126,-0.07432941462471664,-0.11559856812793746,-0.3669650414492984,1.4733403229794104,-0.6069769786668839,-0.7471406682025761,-0.0941763218696022,-0.105409255338946,-0.23073955174772434,-0.7741427596395154,-0.2773500981126145,-0.19090958396133909,0.9095654110330884,-0.41554832735932656,-0.21160368475757949,-0.43893114546442885,-0.21442250696755896,-0.3018726524899911,-0.6461002111639058,-0.153694655873568,0.6839166144230383,-0.3493873447137373,3.4375720222928714,-0.03316790634033297,-0.27272727272727276,-0.3353646338730602,-1.1443970770893999,-0.033167906340332974,-0.033167906340332974
-1.416385562060233,-1.4283693577511394,-1.2402988097081085,-0.4785560219906722,1.2308239491400672,1.259285558890176,-0.508571073354389,-0.3353646338730602,1.1756695764029879,-0.9075501609217962,-0.25607375986579195,-0.24112141108520604,-1.1677484162422842,-0.3784390048634126,-0.07432941462471664,-0.11559856812793746,-0.3669650414492984,1.4733403229794104,-0.6069769786668839,1.3384360436512406,-0.0941763218696022,-0.105409255338946,-0.23073955174772434,-0.7741427596395154,-0.2773500981126145,-0.19090958396133909,0.9095654110330884,-0.41554832735932656,-0.21160368475757949,-0.43893114546442885,-0.21442250696755896,-0.3018726524899911,1.547747520773237,-0.153694655873568,-1.4621665549733924,-0.3493873447137373,3.4375720222928714,-0.03316790634033297,-0.27272727272727276,-0.3353646338730602,-1.1443970770893999,-0.033167906340332974,-0.033167906340332974
-1.6740568576158958,-1.6883325808618468,-1.716370986540561,-0.8098458344780347,0.3084408529385839,2.0479640575756957,-0.508571073354389,-0.3353646338730602,1.1756695764029879,-0.9075501609217962,-0.25607375986579195,-0.24112141108520604,0.8563488385776753,-0.3784390048634126,-0.07432941462471664,-0.11559856812793746,-0.3669650414492984,1.4733403229794104,-0.6069769786668839,1.3384360436512406,-0.0941763218696022,-0.105409255338946,-0.23073955174772434,-0.7741427596395154,-0.2773500981126145,-0.19090958396133909,-1.0994261521710633,2.4064589703793833,-0.21160368475757949,-0.43893114546442885,-0.21442250696755896,-0.3018726524899911,-0.6461002111639058,-0.153694655873568,0.6839166144230383,-0.3493873447137373,3.4375720222928714,-0.03316790634033297,-0.27272727272727276,-0.3353646338730602,-1.1443970770893999,-0.033167906340332974,-0.033167906340332974
-1.6740568576158958,-1.6883325808618468,-1.8115854219070515,-0.8098458344780347,1.4153005683803637,0.4706070602046561,-0.508571073354389,-0.3353646338730602,1.1756695764029879,-0.9075501609217962,-0.25607375986579195,-0.24112141108520604,0.8563488385776753,-0.3784390048634126,-0.07432941462471664,-0.11559856812793746,-0.3669650414492984,1.4733403229794104,-0.6069769786668839,1.3384360436512406,-0.0941763218696022,-0.105409255338946,-0.23073955174772434,-0.7741427596395154,-0.2773500981126145,-0.19090958396133909,-1.0994261521710633,2.4064589703793833,-0.21160368475757949,-0.43893114546442885,-0.21442250696755896,-0.3018726524899911,-0.6461002111639058,-0.153694655873568,0.6839166144230383,-0.3493873447137373,3.4375720222928714,-0.03316790634033297,-0.27272727272727276,-0.3353646338730602,-1.1443970770893999,-0.033167906340332974,-0.033167906340332974
-1.6740568576158958,-1.6883325808618468,-1.906799857273542,-0.8650608032259283,2.2454453549616984,0.07626781086189616,-0.508571073354389,-0.3353646338730602,1.1756695764029879,-0.9075501609217962,-0.25607375986579195,-0.24112141108520604,0.8563488385776753,2.6424337532568107,-0.07432941462471664,-0.11559856812793746,-0.3669650414492984,-0.678729811709616,-0.6069769786668839,1.3384360436512406,-0.0941763218696022,-0.105409255338946,-0.23073955174772434,-0.7741427596395154,-0.2773500981126145,-0.19090958396133909,0.9095654110330884,-0.41554832735932656,-0.21160368475757949,-0.43893114546442885,-0.21442250696755896,-0.3018726524899911,-0.6461002111639058,-0.153694655873568,0.6839166144230383,-0.3493873447137373,3.4375720222928714,-0.03316790634033297,-0.27272727272727276,-0.3353646338730602,-1.1443970770893999,-0.033167906340332974,-0.033167906340332974
-1.6740568576158958,-1.6883325808618468,-0.9546555036086368,-0.5337709907385663,3.075590141543033,1.653624808232936,-0.508571073354389,-0.3353646338730602,1.1756695764029879,1.101867470316244,-0.25607375986579195,-0.24112141108520604,0.8563488385776753,-0.3784390048634126,-0.07432941462471664,-0.11559856812793746,2.7250552152068273,-0.678729811709616,-0.6069769786668839,-0.7471406682025761,-0.0941763218696022,-0.105409255338946,-0.23073955174772434,-0.7741427596395154,-0.2773500981126145,-0.19090958396133909,0.9095654110330884,-0.41554832735932656,-0.21160368475757949,-0.43893114546442885,-0.21442250696755896,-0.3018726524899911,-0.6461002111639058,-0.153694655873568,0.6839166144230383,-0.3493873447137373,3.4375720222928714,-0.03316790634033297,-0.27272727272727276,-0.3353646338730602,-1.1443970770893999,-0.033167906340332974,-0.033167906340332974
-1.6428239733061185,-1.6558371779730083,-1.5259421158075799,-0.8098458344780347,0.8618707106594738,1.259285558890176,-0.508571073354389,-0.3353646338730602,1.1756695764029879,-0.9075501609217962,-0.25607375986579195,-0.24112141108520604,0.8563488385776753,-0.3784390048634126,-0.07432941462471664,-0.11559856812793746,-0.3669650414492984,1.4733403229794104,-0.6069769786668839,1.3384360436512406,-0.0941763218696022,-0.105409255338946,-0.23073955174772434,-0.7741427596395154,-0.2773500981126145,-0.19090958396133909,0.9095654110330884,-0.41554832735932656,-0.21160368475757949,-0.43893114546442885,-0.21442250696755896,-0.3018726524899911,-0.6461002111639058,-0.153694655873568,0.6839166144230383,-0.3493873447137373,3.4375720222928714,-0.03316790634033297,-0.27272727272727276,-0.3353646338730602,-1.1443970770893999,-0.033167906340332974,-0.033167906340332974
-0.7331662177838545,-0.7459658970855325,-1.5259421158075799,-0.4233410532427787,-0.3372273144024543,0.07626781086189616,-0.508571073354389,-0.3353646338730602,1.1756695764029879,1.101867470316244,-0.25607375986579195,-0.24112141108520604,0.8563488385776753,2.6424337532568107,-0.07432941462471664,-0.11559856812793746,-0.3669650414492984,-0.678729811709616,-0.6069769786668839,1.3384360436512406,-0.0941763218696022,-0.105409255338946,-0.23073955174772434,-0.7741427596395154,-0.2773500981126145,-0.19090958396133909,0.9095654110330884,-0.41554832735932656,-0.21160368475757949,-0.43893114546442885,-0.21442250696755896,-0.3018726524899911,-0.6461002111639058,-0.153694655873568,0.6839166144230383,-0.3493873447137373,3.4375720222928714,-0.03316790634033297,-0.27272727272727276,-0.3353646338730602,-1.1443970770893999,-0.033167906340332974,-0.033167906340332974
-1.2836458037436795,-1.2983877461957858,-1.8115854219070515,-0.5337709907385663,2.060968735721402,1.259285558890176,-0.508571073354389,-0.3353646338730602,1.1756695764029879,-0.9075501609217962,-0.25607375986579195,-0.24112141108520604,0.8563488385776753,-0.3784390048634126,-0.07432941462471664,-0.11559856812793746,-0.3669650414492984,1.4733403229794104,-0.6069769786668839,-0.7471406682025761,-0.0941763218696022,-0.105409255338946,-0.23073955174772434,-0.7741427596395154,-0.2773500981126145,-0.19090958396133909,-1.0994261521710633,2.4064589703793833,-0.21160368475757949,-0.43893114546442885,-0.21442250696755896,-0.3018726524899911,1.547747520773237,-0.153694655873568,-1.4621665549733924,-0.3493873447137373,3.4375720222928714,-0.03316790634033297,-0.27272727272727276,-0.3353646338730602,-1.1443970770893999,-0.033167906340332974,-0.033167906340332974
-1.6115910889963412,-1.6233417750841699,-1.4307276804410896,-0.9754907407217158,2.7988752126825887,1.653624808232936,-0.508571073354389,-0.3353646338730602,1.1756695764029879,-0.9075501609217962,-0.25607375986579195,-0.24112141108520604,0.8563488385776753,-0.3784390048634126,-0.07432941462471664,-0.11559856812793746,-0.3669650414492984,1.4733403229794104,-0.6069769786668839,1.3384360436512406,-0.0941763218696022,-0.105409255338946,-0.23073955174772434,-0.7741427596395154,-0.2773500981126145,-0.19090958396133909,0.9095654110330884,-0.41554832735932656,-0.21160368475757949,-0.43893114546442885,-0.21442250696755896,-0.3018726524899911,1.547747520773237,-0.153694655873568,-1.4621665549733924,-0.3493873447137373,3.4375720222928714,-0.03316790634033297,-0.27272727272727276,-0.3353646338730602,-1.1443970770893999,-0.033167906340332974,-0.033167906340332974
-1.6115910889963412,-1.6233417750841699,-1.6211565511740704,-0.754630865730141,1.784253806860957,1.653624808232936,-0.508571073354389,-0.3353646338730602,1.1756695764029879,-0.9075501609217962,-0.25607375986579195,-0.24112141108520604,0.8563488385776753,-0.3784390048634126,-0.07432941462471664,-0.11559856812793746,-0.3669650414492984,1.4733403229794104,-0.6069769786668839,-0.7471406682025761,-0.0941763218696022,-0.105409255338946,-0.23073955174772434,-0.7741427596395154,-0.2773500981126145,5.238081709939242,0.9095654110330884,-0.41554832735932656,-0.21160368475757949,-0.43893114546442885,-0.21442250696755896,-0.3018726524899911,-0.6461002111639058,-0.153694655873568,0.6839166144230383,-0.3493873447137373,3.4375720222928714,-0.03316790634033297,-0.27272727272727276,-0.3353646338730602,-1.1443970770893999,-0.033167906340332974,-0.033167906340332974
-1.3812485672117336,-1.395873954862301,-1.906799857273542,-0.5337709907385663,0.6773940914191772,1.259285558890176,-0.508571073354389,-0.3353646338730602,1.1756695764029879,-0.9075501609217962,-0.25607375986579195,-0.24112141108520604,-1.1677484162422842,-0.3784390048634126,-0.07432941462471664,-0.11559856812793746,-0.3669650414492984,1.4733403229794104,-0.6069769786668839,1.3384360436512406,-0.0941763218696022,-0.105409255338946,-0.23073955174772434,-0.7741427596395154,-0.2773500981126145,-0.19090958396133909,0.9095654110330884,-0.41554832735932656,-0.21160368475757949,-0.43893114546442885,-0.21442250696755896,-0.3018726524899911,1.547747520773237,-0.153694655873568,-1.4621665549733924,-0.3493873447137373,-0.2909029959270487,-0.03316790634033297,-0.27272727272727276,-0.3353646338730602,0.8738225743667123,-0.033167906340332974,-0.033167906340332974
-1.5452212098380644,-1.558350969306493,-1.2402988097081085,-0.4785560219906722,-0.6139422432628993,0.864946309547416,-0.508571073354389,-0.3353646338730602,1.1756695764029879,-0.9075501609217962,-0.25607375986579195,-0.24112141108520604,-1.1677484162422842,-0.3784390048634126,-0.07432941462471664,-0.11559856812793746,-0.3669650414492984,1.4733403229794104,-0.6069769786668839,1.3384360436512406,-0.0941763218696022,-0.105409255338946,-0.23073955174772434,-0.7741427596395154,-0.2773500981126145,-0.19090958396133909,0.9095654110330884,-0.41554832735932656,-0.21160368475757949,-0.43893114546442885,-0.21442250696755896,-0.3018726524899911,-0.6461002111639058,-0.153694655873568,0.6839166144230383,-0.3493873447137373,-0.2909029959270487,-0.03316790634033297,-0.27272727272727276,-0.3353646338730602,0.8738225743667123,-0.033167906340332974,-0.033167906340332974
-0.3427551639116382,-0.3560210624194715,-1.4307276804410896,-0.5337709907385663,-1.2596104106039374,0.4706070602046561,-0.508571073354389,-0.3353646338730602,1.1756695764029879,-0.9075501609217962,-0.25607375986579195,-0.24112141108520604,-1.1677484162422842,-0.3784390048634126,-0.07432941462471664,-0.11559856812793746,-0.3669650414492984,1.4733403229794104,-0.6069769786668839,-0.7471406682025761,-0.0941763218696022,-0.105409255338946,-0.23073955174772434,-0.7741427596395154,-0.2773500981126145,5.238081709939242,0.9095654110330884,-0.41554832735932656,-0.21160368475757949,-0.43893114546442885,-0.21442250696755896,-0.3018726524899911,-0.6461002111639058,-0.153694655873568,0.6839166144230383,-0.3493873447137373,-0.2909029959270487,-0.03316790634033297,-0.27272727272727276,-0.3353646338730602,0.8738225743667123,-0.033167906340332974,-0.033167906340332974
-0.04994687350747595,-0.031067033531087286,-0.9546555036086368,-0.4785560219906722,-0.5217039336427509,-0.3180714384808638,-0.508571073354389,-0.3353646338730602,1.1756695764029879,1.101867470316244,-0.25607375986579195,-0.24112141108520604,0.8563488385776753,2.6424337532568107,-0.07432941462471664,-0.11559856812793746,-0.3669650414492984,-0.678729811709616,-0.6069769786668839,1.3384360436512406,-0.0941763218696022,-0.105409255338946,-0.23073955174772434,-0.7741427596395154,-0.2773500981126145,-0.19090958396133909,0.9095654110330884,-0.41554832735932656,-0.21160368475757949,-0.43893114546442885,-0.21442250696755896,3.312655160219113,1.547747520773237,-0.153694655873568,-1.4621665549733924,-0.3493873447137373,-0.2909029959270487,-0.03316790634033297,-0.27272727272727276,-0.3353646338730602,0.8738225743667123,-0.033167906340332974,-0.033167906340332974
-0.04994687350747595,-0.031067033531087286,-1.4307276804410896,-0.754630865730141,-1.0751337913636407,0.4706070602046561,-0.508571073354389,-0.3353646338730602,1.1756695764029879,-0.9075501609217962,-0.25607375986579195,-0.24112141108520604,-1.1677484162422842,-0.3784390048634126,-0.07432941462471664,-0.11559856812793746,-0.3669650414492984,1.4733403229794104,-0.6069769786668839,1.3384360436512406,-0.0941763218696022,-0.105409255338946,-0.23073955174772434,-0.7741427596395154,-0.2773500981126145,-0.19090958396133909,0.9095654110330884,-0.41554832735932656,-0.21160368475757949,-0.43893114546442885,-0.21442250696755896,-0.3018726524899911,1.547747520773237,-0.153694655873568,-1.4621665549733924,-0.3493873447137373,-0.2909029959270487,-0.03316790634033297,-0.27272727272727276,-0.3353646338730602,0.8738225743667123,-0.033167906340332974,-0.033167906340332974
-0.04994687350747595,-0.031067033531087286,-1.4307276804410896,-0.6994158969822473,-0.5217039336427509,1.259285558890176,-0.508571073354389,-0.3353646338730602,1.1756695764029879,-0.9075501609217962,-0.25607375986579195,-0.24112141108520604,-1.1677484162422842,-0.3784390048634126,-0.07432941462471664,-0.11559856812793746,-0.3669650414492984,1.4733403229794104,-0.6069769786668839,1.3384360436512406,-0.0941763218696022,-0.105409255338946,-0.23073955174772434,-0.7741427596395154,-0.2773500981126145,-0.19090958396133909,0.9095654110330884,-0.41554832735932656,-0.21160368475757949,-0.43893114546442885,-0.21442250696755896,-0.3018726524899911,-0.6461002111639058,-0.153694655873568,0.6839166144230383,-0.3493873447137373,-0.2909029959270487,-0.03316790634033297,-0.27272727272727276,-0.3353646338730602,0.8738225743667123,-0.033167906340332974,-0.033167906340332974
-0.04994687350747595,-0.031067033531087286,-1.2402988097081085,-0.25769614699909765,-0.7984188625031958,-1.1067499371663836,-0.508571073354389,-0.3353646338730602,1.1756695764029879,1.101867470316244,-0.25607375986579195,-0.24112141108520604,0.8563488385776753,-0.3784390048634126,-0.07432941462471664,-0.11559856812793746,2.7250552152068273,-0.678729811709616,-0.6069769786668839,-0.7471406682025761,-0.0941763218696022,-0.105409255338946,-0.23073955174772434,-0.7741427596395154,-0.2773500981126145,-0.19090958396133909,-1.0994261521710633,2.4064589703793833,-0.21160368475757949,-0.43893114546442885,-0.21442250696755896,-0.3018726524899911,-0.6461002111639058,-0.153694655873568,0.6839166144230383,-0.3493873447137373,-0.2909029959270487,-0.03316790634033297,-0.27272727272727276,-0.3353646338730602,0.8738225743667123,-0.033167906340332974,-0.033167906340332974
-0.04994687350747595,-0.031067033531087286,-1.906799857273542,-0.8098458344780347,-0.06051238554200934,1.653624808232936,-0.508571073354389,-0.3353646338730602,1.1756695764029879,-0.9075501609217962,-0.25607375986579195,-0.24112141108520604,0.8563488385776753,-0.3784390048634126,-0.07432941462471664,-0.11559856812793746,-0.3669650414492984,1.4733403229794104,-0.6069769786668839,-0.7471406682025761,-0.0941763218696022,-0.105409255338946,-0.23073955174772434,-0.7741427596395154,-0.2773500981126145,-0.19090958396133909,0.9095654110330884,-0.41554832735932656,-0.21160368475757949,-0.43893114546442885,-0.21442250696755896,-0.3018726524899911,-0.6461002111639058,-0.153694655873568,0.6839166144230383,-0.3493873447137373,-0.2909029959270487,-0.03316790634033297,-0.27272727272727276,-0.3353646338730602,0.8738225743667123,-0.033167906340332974,-0.033167906340332974
-0.04994687350747595,-0.031067033531087286,-1.6211565511740704,-0.754630865730141,1.0463473298997705,2.0479640575756957,-0.508571073354389,-0.3353646338730602,1.1756695764029879,-0.9075501609217962,-0.25607375986579195,-0.24112141108520604,0.8563488385776753,2.6424337532568107,-0.07432941462471664,-0.11559856812793746,-0.3669650414492984,-0.678729811709616,-0.6069769786668839,1.3384360436512406,-0.0941763218696022,-0.105409255338946,-0.23073955174772434,-0.7741427596395154,-0.2773500981126145,-0.19090958396133909,0.9095654110330884,-0.41554832735932656,-0.21160368475757949,-0.43893114546442885,-0.21442250696755896,-0.3018726524899911,-0.6461002111639058,-0.153694655873568,0.6839166144230383,-0.3493873447137373,-0.2909029959270487,-0.03316790634033297,-0.27272727272727276,-0.3353646338730602,0.8738225743667123,-0.033167906340332974,-0.033167906340332974
-0.08117975781725328,-0.09605783930876413,-1.335513245074599,-0.3129111157469912,-0.6139422432628993,-1.1067499371663836,-0.508571073354389,-0.3353646338730602,1.1756695764029879,1.101867470316244,-0.25607375986579195,-0.24112141108520604,0.8563488385776753,2.6424337532568107,-0.07432941462471664,-0.11559856812793746,-0.3669650414492984,-0.678729811709616,-0.6069769786668839,1.3384360436512406,-0.0941763218696022,-0.105409255338946,-0.23073955174772434,-0.7741427596395154,-0.2773500981126145,-0.19090958396133909,0.9095654110330884,-0.41554832735932656,-0.21160368475757949,-0.43893114546442885,-0.21442250696755896,-0.3018726524899911,1.547747520773237,-0.153694655873568,-1.4621665549733924,-0.3493873447137373,-0.2909029959270487,-0.03316790634033297,-0.27272727272727276,-0.3353646338730602,0.8738225743667123,-0.033167906340332974,-0.033167906340332974
-1.4788513306797877,-1.4933601635288163,-1.4307276804410896,-0.6442009282343537,1.4153005683803637,0.864946309547416,-0.508571073354389,-0.3353646338730602,1.1756695764029879,-0.9075501609217962,-0.25607375986579195,-0.24112141108520604,0.8563488385776753,-0.3784390048634126,-0.07432941462471664,-0.11559856812793746,-0.3669650414492984,1.4733403229794104,-0.6069769786668839,1.3384360436512406,-0.0941763218696022,-0.105409255338946,-0.23073955174772434,-0.7741427596395154,-0.2773500981126145,-0.19090958396133909,0.9095654110330884,-0.41554832735932656,-0.21160368475757949,-0.43893114546442885,-0.21442250696755896,-0.3018726524899911,-0.6461002111639058,-0.153694655873568,0.6839166144230383,-0.3493873447137373,-0.2909029959270487,-0.03316790634033297,-0.27272727272727276,-0.3353646338730602,0.8738225743667123,-0.033167906340332974,-0.033167906340332974
-1.4788513306797877,-1.4933601635288163,-1.8115854219070515,-0.8098458344780347,-1.720801958704679,1.653624808232936,-0.508571073354389,-0.3353646338730602,1.1756695764029879,-0.9075501609217962,-0.25607375986579195,-0.24112141108520604,-1.1677484162422842,2.6424337532568107,-0.07432941462471664,-0.11559856812793746,-0.3669650414492984,-0.678729811709616,-0.6069769786668839,1.3384360436512406,-0.0941763218696022,-0.105409255338946,-0.23073955174772434,-0.7741427596395154,-0.2773500981126145,-0.19090958396133909,0.9095654110330884,-0.41554832735932656,-0.21160368475757949,-0.43893114546442885,-0.21442250696755896,-0.3018726524899911,1.547747520773237,-0.153694655873568,-1.4621665549733924,-0.3493873447137373,-0.2909029959270487,-0.03316790634033297,-0.27272727272727276,-0.3353646338730602,-1.1443970770893999,-0.033167906340332974,-0.033167906340332974
-1.4788513306797877,-1.4933601635288163,-2.0020142926400326,-0.5337709907385663,0.6773940914191772,-0.3180714384808638,-0.508571073354389,-0.3353646338730602,1.1756695764029879,-0.9075501609217962,-0.25607375986579195,-0.24112141108520604,0.8563488385776753,-0.3784390048634126,-0.07432941462471664,-0.11559856812793746,-0.3669650414492984,1.4733403229794104,-0.6069769786668839,1.3384360436512406,-0.0941763218696022,-0.105409255338946,-0.23073955174772434,-0.7741427596395154,-0.2773500981126145,-0.19090958396133909,-1.0994261521710633,2.4064589703793833,-0.21160368475757949,-0.43893114546442885,-0.21442250696755896,-0.3018726524899911,1.547747520773237,-0.153694655873568,-1.4621665549733924,-0.3493873447137373,-0.2909029959270487,-0.03316790634033297,-0.27272727272727276,-0.3353646338730602,-1.1443970770893999,-0.033167906340332974,-0.033167906340332974
-1.4476184463700104,-1.4608647606399778,-1.4307276804410896,-0.8098458344780347,0.40067916255873226,0.864946309547416,-0.508571073354389,-0.3353646338730602,1.1756695764029879,-0.9075501609217962,-0.25607375986579195,-0.24112141108520604,0.8563488385776753,-0.3784390048634126,-0.07432941462471664,-0.11559856812793746,-0.3669650414492984,1.4733403229794104,-0.6069769786668839,-0.7471406682025761,-0.0941763218696022,-0.105409255338946,-0.23073955174772434,-0.7741427596395154,-0.2773500981126145,5.238081709939242,0.9095654110330884,-0.41554832735932656,-0.21160368475757949,-0.43893114546442885,-0.21442250696755896,-0.3018726524899911,1.547747520773237,-0.153694655873568,-1.4621665549733924,-0.3493873447137373,-0.2909029959270487,-0.03316790634033297,-0.27272727272727276,-0.3353646338730602,-1.1443970770893999,-0.033167906340332974,-0.033167906340332974
-1.4476184463700104,-1.4608647606399778,-1.906799857273542,-0.9754907407217158,1.0463473298997705,0.4706070602046561,-0.508571073354389,-0.3353646338730602,1.1756695764029879,-0.9075501609217962,-0.25607375986579195,-0.24112141108520604,0.8563488385776753,-0.3784390048634126,-0.07432941462471664,-0.11559856812793746,-0.3669650414492984,1.4733403229794104,-0.6069769786668839,1.3384360436512406,-0.0941763218696022,-0.105409255338946,-0.23073955174772434,-0.7741427596395154,-0.2773500981126145,-0.19090958396133909,0.9095654110330884,-0.41554832735932656,-0.21160368475757949,-0.43893114546442885,-0.21442250696755896,-0.3018726524899911,-0.6461002111639058,-0.153694655873568,0.6839166144230383,-0.3493873447137373,-0.2909029959270487,-0.03316790634033297,-0.27272727272727276,-0.3353646338730602,-1.1443970770893999,-0.033167906340332974,-0.033167906340332974
-1.4476184463700104,-1.4608647606399778,-1.335513245074599,-0.8098458344780347,-0.3372273144024543,1.653624808232936,-0.508571073354389,-0.3353646338730602,1.1756695764029879,-0.9075501609217962,-0.25607375986579195,-0.24112141108520604,0.8563488385776753,-0.3784390048634126,-0.07432941462471664,-0.11559856812793746,-0.3669650414492984,1.4733403229794104,-0.6069769786668839,1.3384360436512406,-0.0941763218696022,-0.105409255338946,-0.23073955174772434,-0.7741427596395154,-0.2773500981126145,-0.19090958396133909,0.9095654110330884,-0.41554832735932656,-0.21160368475757949,-0.43893114546442885,-0.21442250696755896,-0.3018726524899911,1.547747520773237,-0.153694655873568,-1.4621665549733924,-0.3493873447137373,-0.2909029959270487,-0.03316790634033297,-0.27272727272727276,-0.3353646338730602,-1.1443970770893999,-0.033167906340332974,-0.033167906340332974
-1.4476184463700104,-1.4608647606399778,-1.5259421158075799,-0.3129111157469912,-0.06051238554200934,0.864946309547416,-0.508571073354389,-0.3353646338730602,1.1756695764029879,1.101867470316244,-0.25607375986579195,-0.24112141108520604,0.8563488385776753,2.6424337532568107,-0.07432941462471664,-0.11559856812793746,-0.3669650414492984,-0.678729811709616,-0.6069769786668839,1.3384360436512406,-0.0941763218696022,-0.105409255338946,-0.23073955174772434,-0.7741427596395154,-0.2773500981126145,-0.19090958396133909,0.9095654110330884,-0.41554832735932656,-0.21160368475757949,-0.43893114546442885,-0.21442250696755896,-0.3018726524899911,1.547747520773237,-0.153694655873568,-1.4621665549733924,-0.3493873447137373,-0.2909029959270487,-0.03316790634033297,-0.27272727272727276,-0.3353646338730602,-1.1443970770893999,-0.033167906340332974,-0.033167906340332974
-1.416385562060233,-1.4283693577511394,-1.335513245074599,-0.920275771973822,1.4153005683803637,0.07626781086189616,-0.508571073354389,-0.3353646338730602,1.1756695764029879,-0.9075501609217962,-0.25607375986579195,-0.24112141108520604,0.8563488385776753,-0.3784390048634126,-0.07432941462471664,-0.11559856812793746,-0.3669650414492984,1.4733403229794104,-0.6069769786668839,1.3384360436512406,-0.0941763218696022,-0.105409255338946,-0.23073955174772434,-0.7741427596395154,-0.2773500981126145,-0.19090958396133909,0.9095654110330884,-0.41554832735932656,-0.21160368475757949,-0.43893114546442885,-0.21442250696755896,3.312655160219113,-0.6461002111639058,-0.153694655873568,0.6839166144230383,-0.3493873447137373,-0.2909029959270487,-0.03316790634033297,-0.27272727272727276,-0.3353646338730602,-1.1443970770893999,-0.033167906340332974,-0.033167906340332974
-1.3812485672117336,-1.395873954862301,-1.906799857273542,-0.8098458344780347,0.5851557817990288,2.0479640575756957,-0.508571073354389,-0.3353646338730602,1.1756695764029879,-0.9075501609217962,-0.25607375986579195,-0.24112141108520604,0.8563488385776753,2.6424337532568107,-0.07432941462471664,-0.11559856812793746,-0.3669650414492984,-0.678729811709616,-0.6069769786668839,1.3384360436512406,-0.0941763218696022,-0.105409255338946,-0.23073955174772434,-0.7741427596395154,-0.2773500981126145,-0.19090958396133909,0.9095654110330884,-0.41554832735932656,-0.21160368475757949,-0.43893114546442885,-0.21442250696755896,-0.3018726524899911,1.547747520773237,-0.153694655873568,-1.4621665549733924,-0.3493873447137373,-0.2909029959270487,-0.03316790634033297,-0.27272727272727276,-0.3353646338730602,-1.1443970770893999,-0.033167906340332974,-0.033167906340332974
-1.3812485672117336,-1.395873954862301,-1.2402988097081085,-0.5889859594864597,-0.3372273144024543,2.0479640575756957,-0.508571073354389,-0.3353646338730602,1.1756695764029879,-0.9075501609217962,-0.25607375986579195,-0.24112141108520604,0.8563488385776753,-0.3784390048634126,-0.07432941462471664,-0.11559856812793746,-0.3669650414492984,1.4733403229794104,-0.6069769786668839,-0.7471406682025761,-0.0941763218696022,-0.105409255338946,-0.23073955174772434,-0.7741427596395154,-0.2773500981126145,-0.19090958396133909,0.9095654110330884,-0.41554832735932656,-0.21160368475757949,-0.43893114546442885,-0.21442250696755896,-0.3018726524899911,-0.6461002111639058,-0.153694655873568,0.6839166144230383,-0.3493873447137373,-0.2909029959270487,-0.03316790634033297,-0.27272727272727276,-0.3353646338730602,-1.1443970770893999,-0.033167906340332974,-0.033167906340332974
-1.3812485672117336,-1.395873954862301,-1.335513245074599,-0.6442009282343537,1.2308239491400672,1.259285558890176,-0.508571073354389,-0.3353646338730602,1.1756695764029879,-0.9075501609217962,-0.25607375986579195,-0.24112141108520604,0.8563488385776753,-0.3784390048634126,-0.07432941462471664,-0.11559856812793746,-0.3669650414492984,1.4733403229794104,-0.6069769786668839,-0.7471406682025761,-0.0941763218696022,-0.105409255338946,-0.23073955174772434,-0.7741427596395154,-0.2773500981126145,-0.19090958396133909,0.9095654110330884,-0.41554832735932656,-0.21160368475757949,-0.43893114546442885,-0.21442250696755896,-0.3018726524899911,1.547747520773237,-0.153694655873568,-1.4621665549733924,-0.3493873447137373,-0.2909029959270487,-0.03316790634033297,-0.27272727272727276,-0.3353646338730602,-1.1443970770893999,-0.033167906340332974,-0.033167906340332974
-1.3500156829019563,-1.3633785519734625,-1.145084374341618,-0.09205124075541665,-1.8130402683248275,0.864946309547416,-0.508571073354389,-0.3353646338730602,1.1756695764029879,1.101867470316244,-0.25607375986579195,-0.24112141108520604,-1.1677484162422842,2.6424337532568107,-0.07432941462471664,-0.11559856812793746,-0.3669650414492984,-0.678729811709616,-0.6069769786668839,1.3384360436512406,-0.0941763218696022,-0.105409255338946,-0.23073955174772434,-0.7741427596395154,-0.2773500981126145,-0.19090958396133909,0.9095654110330884,-0.41554832735932656,-0.21160368475757949,-0.43893114546442885,-0.21442250696755896,-0.3018726524899911,1.547747520773237,-0.153694655873568,-1.4621665549733924,-0.3493873447137373,-0.2909029959270487,-0.03316790634033297,-0.27272727272727276,2.981829027262644,-1.1443970770893999,-0.033167906340332974,-0.033167906340332974
-1.3500156829019563,-1.3633785519734625,-1.716370986540561,-0.754630865730141,-1.720801958704679,1.653624808232936,-0.508571073354389,-0.3353646338730602,1.1756695764029879,-0.9075501609217962,-0.25607375986579195,-0.24112141108520604,0.8563488385776753,-0.3784390048634126,-0.07432941462471664,-0.11559856812793746,-0.3669650414492984,1.4733403229794104,-0.6069769786668839,1.3384360436512406,-0.0941763218696022,-0.105409255338946,-0.23073955174772434,-0.7741427596395154,-0.2773500981126145,-0.19090958396133909,0.9095654110330884,-0.41554832735932656,-0.21160368475757949,-0.43893114546442885,-0.21442250696755896,-0.3018726524899911,1.547747520773237,-0.153694655873568,-1.4621665549733924,-0.3493873447137373,-0.2909029959270487,-0.03316790634033297,-0.27272727272727276,2.981829027262644,-1.1443970770893999,-0.033167906340332974,-0.033167906340332974
-1.3500156829019563,-1.3633785519734625,-1.2402988097081085,-0.6442009282343537,1.3230622587602154,0.4706070602046561,-0.508571073354389,2.981829027262644,-0.8505791253521618,1.101867470316244,-0.25607375986579195,-0.24112141108520604,0.8563488385776753,2.6424337532568107,-0.07432941462471664,-0.11559856812793746,-0.3669650414492984,-0.678729811709616,-0.6069769786668839,1.3384360436512406,-0.0941763218696022,-0.105409255338946,-0.23073955174772434,-0.7741427596395154,-0.2773500981126145,-0.19090958396133909,0.9095654110330884,-0.41554832735932656,-0.21160368475757949,-0.43893114546442885,-0.21442250696755896,-0.3018726524899911,1.547747520773237,-0.153694655873568,-1.4621665549733924,-0.3493873447137373,-0.2909029959270487,-0.03316790634033297,-0.27272727272727276,2.981829027262644,-1.1443970770893999,-0.033167906340332974,-0.033167906340332974
-1.3500156829019563,-1.3633785519734625,-1.2402988097081085,-0.4785560219906722,-1.1673721009837892,2.0479640575756957,-0.508571073354389,2.981829027262644,-0.8505791253521618,1.101867470316244,-0.25607375986579195,-0.24112141108520604,-1.1677484162422842,-0.3784390048634126,-0.07432941462471664,-0.11559856812793746,-0.3669650414492984,1.4733403229794104,-0.6069769786668839,1.3384360436512406,-0.0941763218696022,-0.105409255338946,-0.23073955174772434,-0.7741427596395154,-0.2773500981126145,-0.19090958396133909,0.9095654110330884,-0.41554832735932656,-0.21160368475757949,-0.43893114546442885,-0.21442250696755896,-0.3018726524899911,-0.6461002111639058,-0.153694655873568,0.6839166144230383,-0.3493873447137373,-0.2909029959270487,-0.03316790634033297,-0.27272727272727276,2.981829027262644,-1.1443970770893999,-0.033167906340332974,-0.033167906340332974
-0.3739880482214155,-0.3885164653083099,-1.335513245074599,-0.4233410532427787,0.03172592407813898,-0.3180714384808638,-0.508571073354389,2.981829027262644,-0.8505791253521618,-0.9075501609217962,-0.25607375986579195,-0.24112141108520604,0.8563488385776753,-0.3784390048634126,-0.07432941462471664,-0.11559856812793746,-0.3669650414492984,1.4733403229794104,-0.6069769786668839,1.3384360436512406,-0.0941763218696022,-0.105409255338946,-0.23073955174772434,-0.7741427596395154,-0.2773500981126145,-0.19090958396133909,0.9095654110330884,-0.41554832735932656,-0.21160368475757949,-0.43893114546442885,-0.21442250696755896,-0.3018726524899911,-0.6461002111639058,-0.153694655873568,0.6839166144230383,-0.3493873447137373,-0.2909029959270487,-0.03316790634033297,-0.27272727272727276,2.981829027262644,-1.1443970770893999,-0.033167906340332974,-0.033167906340332974
-0.600426459467301,-0.6159842855301788,-1.2402988097081085,-0.20248117825120368,-1.1673721009837892,-0.3180714384808638,-0.508571073354389,2.981829027262644,-0.8505791253521618,1.101867470316244,-0.25607375986579195,-0.24112141108520604,0.8563488385776753,2.6424337532568107,-0.07432941462471664,-0.11559856812793746,-0.3669650414492984,-0.678729811709616,-0.6069769786668839,1.3384360436512406,-0.0941763218696022,-0.105409255338946,-0.23073955174772434,-0.7741427596395154,-0.2773500981126145,-0.19090958396133909,0.9095654110330884,-0.41554832735932656,-0.21160368475757949,-0.43893114546442885,-0.21442250696755896,3.312655160219113,-0.6461002111639058,-0.153694655873568,0.6839166144230383,-0.3493873447137373,-0.2909029959270487,-0.03316790634033297,-0.27272727272727276,2.981829027262644,-1.1443970770893999,-0.033167906340332974,-0.033167906340332974
-1.318782798592179,-1.330883149084624,-1.2402988097081085,-0.4785560219906722,1.1385856395199188,1.259285558890176,-0.508571073354389,2.981829027262644,-0.8505791253521618,1.101867470316244,-0.25607375986579195,-0.24112141108520604,-1.1677484162422842,-0.3784390048634126,-0.07432941462471664,-0.11559856812793746,2.7250552152068273,-0.678729811709616,-0.6069769786668839,-0.7471406682025761,-0.0941763218696022,-0.105409255338946,-0.23073955174772434,-0.7741427596395154,-0.2773500981126145,-0.19090958396133909,0.9095654110330884,-0.41554832735932656,-0.21160368475757949,-0.43893114546442885,-0.21442250696755896,-0.3018726524899911,-0.6461002111639058,-0.153694655873568,0.6839166144230383,-0.3493873447137373,-0.2909029959270487,-0.03316790634033297,-0.27272727272727276,2.981829027262644,-1.1443970770893999,-0.033167906340332974,-0.033167906340332974
-1.318782798592179,-1.330883149084624,-1.8115854219070515,-0.5889859594864597,0.6773940914191772,0.864946309547416,-0.508571073354389,2.981829027262644,-0.8505791253521618,-0.9075501609217962,-0.25607375986579195,-0.24112141108520604,0.8563488385776753,-0.3784390048634126,-0.07432941462471664,-0.11559856812793746,-0.3669650414492984,1.4733403229794104,-0.6069769786668839,1.3384360436512406,-0.0941763218696022,-0.105409255338946,-0.23073955174772434,-0.7741427596395154,-0.2773500981126145,-0.19090958396133909,0.9095654110330884,-0.41554832735932656,-0.21160368475757949,-0.43893114546442885,-0.21442250696755896,-0.3018726524899911,-0.6461002111639058,-0.153694655873568,0.6839166144230383,-0.3493873447137373,-0.2909029959270487,-0.03316790634033297,-0.27272727272727276,2.981829027262644,-1.1443970770893999,-0.033167906340332974,-0.033167906340332974
-1.318782798592179,-1.330883149084624,-1.4307276804410896,-0.6442009282343537,-0.24498900478230598,1.653624808232936,-0.508571073354389,2.981829027262644,-0.8505791253521618,-0.9075501609217962,-0.25607375986579195,-0.24112141108520604,-1.1677484162422842,-0.3784390048634126,-0.07432941462471664,-0.11559856812793746,-0.3669650414492984,1.4733403229794104,-0.6069769786668839,1.3384360436512406,-0.0941763218696022,-0.105409255338946,-0.23073955174772434,-0.7741427596395154,-0.2773500981126145,-0.19090958396133909,0.9095654110330884,-0.41554832735932656,-0.21160368475757949,-0.43893114546442885,-0.21442250696755896,-0.3018726524899911,-0.6461002111639058,-0.153694655873568,0.6839166144230383,-0.3493873447137373,-0.2909029959270487,-0.03316790634033297,-0.27272727272727276,2.981829027262644,-1.1443970770893999,-0.033167906340332974,-0.033167906340332974
0.2779984117451857,0.2613915924684585,-1.4307276804410896,-0.3129111157469912,-0.42946562402260263,-0.3180714384808638,-0.508571073354389,2.981829027262644,-0.8505791253521618,1.101867470316244,-0.25607375986579195,-0.24112141108520604,0.8563488385776753,-0.3784390048634126,-0.07432941462471664,-0.11559856812793746,-0.3669650414492984,1.4733403229794104,-0.6069769786668839,1.3384360436512406,-0.0941763218696022,-0.105409255338946,-0.23073955174772434,-0.7741427596395154,-0.2773500981126145,-0.19090958396133909,0.9095654110330884,-0.41554832735932656,-0.21160368475757949,-0.43893114546442885,-0.21442250696755896,-0.3018726524899911,1.547747520773237,-0.153694655873568,-1.4621665549733924,-0.3493873447137373,-0.2909029959270487,-0.03316790634033297,-0.27272727272727276,2.981829027262644,-1.1443970770893999,-0.033167906340332974,-0.033167906340332974
0.2779984117451857,0.2613915924684585,-1.335513245074599,-0.20248117825120368,-0.9828954817434925,0.07626781086189616,-0.508571073354389,-0.3353646338730602,1.1756695764029879,-0.9075501609217962,-0.25607375986579195,-0.24112141108520604,0.8563488385776753,-0.3784390048634126,-0.07432941462471664,-0.11559856812793746,-0.3669650414492984,1.4733403229794104,-0.6069769786668839,1.3384360436512406,-0.0941763218696022,-0.105409255338946,-0.23073955174772434,-0.7741427596395154,-0.2773500981126145,-0.19090958396133909,-1.0994261521710633,2.4064589703793833,-0.21160368475757949,-0.43893114546442885,-0.21442250696755896,-0.3018726524899911,1.547747520773237,-0.153694655873568,-1.4621665549733924,-0.3493873447137373,-0.2909029959270487,-0.03316790634033297,-0.27272727272727276,2.981829027262644,-1.1443970770893999,-0.033167906340332974,-0.033167906340332974
-1.2836458037436795,-1.2983877461957858,-0.9546555036086368,-0.3129111157469912,0.6773940914191772,1.259285558890176,-0.508571073354389,-0.3353646338730602,1.1756695764029879,1.101867470316244,-0.25607375986579195,-0.24112141108520604,-1.1677484162422842,-0.3784390048634126,-0.07432941462471664,-0.11559856812793746,-0.3669650414492984,1.4733403229794104,-0.6069769786668839,1.3384360436512406,-0.0941763218696022,-0.105409255338946,-0.23073955174772434,-0.7741427596395154,-0.2773500981126145,-0.19090958396133909,0.9095654110330884,-0.41554832735932656,-0.21160368475757949,-0.43893114546442885,-0.21442250696755896,-0.3018726524899911,-0.6461002111639058,-0.153694655873568,0.6839166144230383,-0.3493873447137373,-0.2909029959270487,-0.03316790634033297,-0.27272727272727276,2.981829027262644,-1.1443970770893999,-0.033167906340332974,-0.033167906340332974
-1.2836458037436795,-1.2983877461957858,-2.0020142926400326,-0.9754907407217158,0.8618707106594738,1.653624808232936,-0.508571073354389,-0.3353646338730602,1.1756695764029879,-0.9075501609217962,-0.25607375986579195,-0.24112141108520604,0.8563488385776753,-0.3784390048634126,-0.07432941462471664,-0.11559856812793746,-0.3669650414492984,1.4733403229794104,-0.6069769786668839,-0.7471406682025761,-0.0941763218696022,-0.105409255338946,-0.23073955174772434,-0.7741427596395154,-0.2773500981126145,5.238081709939242,0.9095654110330884,-0.41554832735932656,-0.21160368475757949,-0.43893114546442885,-0.21442250696755896,-0.3018726524899911,-0.6461002111639058,-0.153694655873568,0.6839166144230383,-0.3493873447137373,-0.2909029959270487,-0.03316790634033297,-0.27272727272727276,2.981829027262644,-1.1443970770893999,-0.033167906340332974,-0.033167906340332974
-0.40522093253119285,-0.4210118681971483,-1.2402988097081085,-0.14726620950331015,-1.9052785779449757,-0.3180714384808638,-0.508571073354389,-0.3353646338730602,1.1756695764029879,1.101867470316244,-0.25607375986579195,-0.24112141108520604,0.8563488385776753,-0.3784390048634126,-0.07432941462471664,-0.11559856812793746,-0.3669650414492984,1.4733403229794104,-0.6069769786668839,1.3384360436512406,-0.0941763218696022,-0.105409255338946,-0.23073955174772434,-0.7741427596395154,-0.2773500981126145,-0.19090958396133909,0.9095654110330884,-0.41554832735932656,-0.21160368475757949,-0.43893114546442885,-0.21442250696755896,-0.3018726524899911,-0.6461002111639058,-0.153694655873568,0.6839166144230383,-0.3493873447137373,-0.2909029959270487,-0.03316790634033297,-0.27272727272727276,2.981829027262644,-1.1443970770893999,-0.033167906340332974,-0.033167906340332974
-1.2524129194339022,-1.2658923433069473,-1.145084374341618,-0.6442009282343537,-1.0751337913636407,0.4706070602046561,-0.508571073354389,-0.3353646338730602,1.1756695764029879,1.101867470316244,-0.25607375986579195,-0.24112141108520604,-1.1677484162422842,-0.3784390048634126,-0.07432941462471664,-0.11559856812793746,-0.3669650414492984,1.4733403229794104,-0.6069769786668839,1.3384360436512406,-0.0941763218696022,-0.105409255338946,-0.23073955174772434,-0.7741427596395154,-0.2773500981126145,-0.19090958396133909,0.9095654110330884,-0.41554832735932656,-0.21160368475757949,-0.43893114546442885,-0.21442250696755896,3.312655160219113,-0.6461002111639058,-0.153694655873568,0.6839166144230383,-0.3493873447137373,-0.2909029959270487,-0.03316790634033297,-0.27272727272727276,-0.3353646338730602,-1.1443970770893999,-0.033167906340332974,-0.033167906340332974
-1.2211800351241249,-1.2333969404181089,-1.2402988097081085,-0.6994158969822473,0.2162025433184356,0.07626781086189616,-0.508571073354389,-0.3353646338730602,1.1756695764029879,-0.9075501609217962,-0.25607375986579195,-0.24112141108520604,0.8563488385776753,-0.3784390048634126,-0.07432941462471664,-0.11559856812793746,-0.3669650414492984,1.4733403229794104,-0.6069769786668839,1.3384360436512406,-0.0941763218696022,-0.105409255338946,-0.23073955174772434,-0.7741427596395154,-0.2773500981126145,-0.19090958396133909,0.9095654110330884,-0.41554832735932656,-0.21160368475757949,-0.43893114546442885,-0.21442250696755896,-0.3018726524899911,-0.6461002111639058,-0.153694655873568,0.6839166144230383,-0.3493873447137373,-0.2909029959270487,-0.03316790634033297,-0.27272727272727276,-0.3353646338730602,-1.1443970770893999,-0.033167906340332974,-0.033167906340332974
-1.2211800351241249,-1.2333969404181089,-1.4307276804410896,-0.20248117825120368,0.8618707106594738,2.0479640575756957,-0.508571073354389,-0.3353646338730602,1.1756695764029879,1.101867470316244,-0.25607375986579195,-0.24112141108520604,0.8563488385776753,-0.3784390048634126,-0.07432941462471664,-0.11559856812793746,-0.3669650414492984,1.4733403229794104,-0.6069769786668839,1.3384360436512406,-0.0941763218696022,-0.105409255338946,-0.23073955174772434,-0.7741427596395154,-0.2773500981126145,-0.19090958396133909,0.9095654110330884,-0.41554832735932656,-0.21160368475757949,-0.43893114546442885,-0.21442250696755896,-0.3018726524899911,1.547747520773237,-0.153694655873568,-1.4621665549733924,-0.3493873447137373,-0.2909029959270487,-0.03316790634033297,-0.27272727272727276,-0.3353646338730602,-1.1443970770893999,-0.033167906340332974,-0.033167906340332974
-1.2211800351241249,-1.2333969404181089,-1.6211565511740704,-0.8098458344780347,-1.720801958704679,0.4706070602046561,-0.508571073354389,-0.3353646338730602,1.1756695764029879,-0.9075501609217962,-0.25607375986579195,-0.24112141108520604,0.8563488385776753,-0.3784390048634126,-0.07432941462471664,-0.11559856812793746,-0.3669650414492984,1.4733403229794104,-0.6069769786668839,1.3384360436512406,-0.0941763218696022,-0.105409255338946,-0.23073955174772434,-0.7741427596395154,-0.2773500981126145,-0.19090958396133909,0.9095654110330884,-0.41554832735932656,-0.21160368475757949,-0.43893114546442885,-0.21442250696755896,-0.3018726524899911,-0.6461002111639058,-0.153694655873568,0.6839166144230383,-0.3493873447137373,-0.2909029959270487,-0.03316790634033297,-0.27272727272727276,-0.3353646338730602,-1.1443970770893999,-0.033167906340332974,-0.033167906340332974
-1.1860430402756255,-1.2009015375292704,-0.9546555036086368,-0.25769614699909765,1.1385856395199188,1.259285558890176,-0.508571073354389,-0.3353646338730602,1.1756695764029879,1.101867470316244,-0.25607375986579195,-0.24112141108520604,0.8563488385776753,-0.3784390048634126,-0.07432941462471664,-0.11559856812793746,-0.3669650414492984,1.4733403229794104,-0.6069769786668839,-0.7471406682025761,-0.0941763218696022,9.48683298050514,-0.23073955174772434,-0.7741427596395154,-0.2773500981126145,-0.19090958396133909,0.9095654110330884,-0.41554832735932656,-0.21160368475757949,-0.43893114546442885,-0.21442250696755896,-0.3018726524899911,1.547747520773237,-0.153694655873568,-1.4621665549733924,-0.3493873447137373,-0.2909029959270487,-0.03316790634033297,-0.27272727272727276,-0.3353646338730602,-1.1443970770893999,-0.033167906340332974,-0.033167906340332974
-0.17878252128530736,-0.19354404797527938,-1.4307276804410896,-0.09205124075541665,-0.9828954817434925,-0.3180714384808638,-0.508571073354389,-0.3353646338730602,1.1756695764029879,1.101867470316244,-0.25607375986579195,-0.24112141108520604,0.8563488385776753,-0.3784390048634126,-0.07432941462471664,-0.11559856812793746,-0.3669650414492984,1.4733403229794104,-0.6069769786668839,1.3384360436512406,-0.0941763218696022,-0.105409255338946,-0.23073955174772434,-0.7741427596395154,-0.2773500981126145,-0.19090958396133909,0.9095654110330884,-0.41554832735932656,-0.21160368475757949,-0.43893114546442885,-0.21442250696755896,-0.3018726524899911,-0.6461002111639058,-0.153694655873568,0.6839166144230383,-0.3493873447137373,-0.2909029959270487,-0.03316790634033297,-0.27272727272727276,-0.3353646338730602,-1.1443970770893999,-0.033167906340332974,-0.033167906340332974
-0.3739880482214155,-0.3885164653083099,-1.0498699389751274,-0.14726620950331015,-0.8906571721233442,-0.3180714384808638,-0.508571073354389,-0.3353646338730602,1.1756695764029879,1.101867470316244,-0.25607375986579195,-0.24112141108520604,0.8563488385776753,-0.3784390048634126,-0.07432941462471664,-0.11559856812793746,2.7250552152068273,-0.678729811709616,-0.6069769786668839,-0.7471406682025761,-0.0941763218696022,-0.105409255338946,-0.23073955174772434,-0.7741427596395154,-0.2773500981126145,-0.19090958396133909,-1.0994261521710633,2.4064589703793833,-0.21160368475757949,-0.43893114546442885,-0.21442250696755896,-0.3018726524899911,-0.6461002111639058,-0.153694655873568,0.6839166144230383,-0.3493873447137373,-0.2909029959270487,-0.03316790634033297,-0.27272727272727276,-0.3353646338730602,-1.1443970770893999,-0.033167906340332974,-0.033167906340332974
-0.27638528475336144,-0.29103025664179466,-1.0498699389751274,-0.036836272007522645,-1.444087029844234,-0.3180714384808638,-0.508571073354389,-0.3353646338730602,1.1756695764029879,1.101867470316244,-0.25607375986579195,-0.24112141108520604,-1.1677484162422842,-0.3784390048634126,-0.07432941462471664,-0.11559856812793746,-0.3669650414492984,1.4733403229794104,-0.6069769786668839,1.3384360436512406,-0.0941763218696022,-0.105409255338946,-0.23073955174772434,-0.7741427596395154,-0.2773500981126145,-0.19090958396133909,0.9095654110330884,-0.41554832735932656,-0.21160368475757949,-0.43893114546442885,-0.21442250696755896,-0.3018726524899911,1.547747520773237,-0.153694655873568,-1.4621665549733924,-0.3493873447137373,-0.2909029959270487,-0.03316790634033297,-0.27272727272727276,-0.3353646338730602,-1.1443970770893999,-0.033167906340332974,-0.033167906340332974
-1.1548101559658481,-1.168406134640432,-1.906799857273542,-0.6994158969822473,-0.06051238554200934,0.4706070602046561,-0.508571073354389,-0.3353646338730602,1.1756695764029879,-0.9075501609217962,-0.25607375986579195,-0.24112141108520604,0.8563488385776753,2.6424337532568107,-0.07432941462471664,-0.11559856812793746,-0.3669650414492984,-0.678729811709616,-0.6069769786668839,1.3384360436512406,-0.0941763218696022,-0.105409255338946,-0.23073955174772434,-0.7741427596395154,-0.2773500981126145,-0.19090958396133909,0.9095654110330884,-0.41554832735932656,-0.21160368475757949,-0.43893114546442885,-0.21442250696755896,-0.3018726524899911,1.547747520773237,-0.153694655873568,-1.4621665549733924,-0.3493873447137373,-0.2909029959270487,-0.03316790634033297,-0.27272727272727276,-0.3353646338730602,-1.1443970770893999,-0.033167906340332974,-0.033167906340332974
-1.1548101559658481,-1.168406134640432,-1.335513245074599,-0.20248117825120368,0.5851557817990288,-0.3180714384808638,-0.508571073354389,-0.3353646338730602,1.1756695764029879,1.101867470316244,-0.25607375986579195,-0.24112141108520604,0.8563488385776753,-0.3784390048634126,-0.07432941462471664,-0.11559856812793746,2.7250552152068273,-0.678729811709616,-0.6069769786668839,1.3384360436512406,-0.0941763218696022,-0.105409255338946,-0.23073955174772434,-0.7741427596395154,-0.2773500981126145,-0.19090958396133909,-1.0994261521710633,2.4064589703793833,-0.21160368475757949,-0.43893114546442885,-0.21442250696755896,-0.3018726524899911,1.547747520773237,-0.153694655873568,-1.4621665549733924,-0.3493873447137373,-0.2909029959270487,-0.03316790634033297,-0.27272727272727276,-0.3353646338730602,-1.1443970770893999,-0.033167906340332974,-0.033167906340332974
-1.1548101559658481,-1.168406134640432,-2.0020142926400326,-0.9754907407217158,-0.24498900478230598,-0.3180714384808638,-0.508571073354389,-0.3353646338730602,1.1756695764029879,-0.9075501609217962,-0.25607375986579195,-0.24112141108520604,0.8563488385776753,-0.3784390048634126,-0.07432941462471664,-0.11559856812793746,-0.3669650414492984,1.4733403229794104,-0.6069769786668839,1.3384360436512406,-0.0941763218696022,-0.105409255338946,-0.23073955174772434,-0.7741427596395154,-0.2773500981126145,-0.19090958396133909,0.9095654110330884,-0.41554832735932656,-0.21160368475757949,-0.43893114546442885,-0.21442250696755896,-0.3018726524899911,-0.6461002111639058,-0.153694655873568,0.6839166144230383,-0.3493873447137373,-0.2909029959270487,-0.03316790634033297,-0.27272727272727276,-0.3353646338730602,-1.1443970770893999,-0.033167906340332974,-0.033167906340332974
-1.1548101559658481,-1.168406134640432,-1.716370986540561,-0.754630865730141,-0.06051238554200934,-0.3180714384808638,-0.508571073354389,-0.3353646338730602,1.1756695764029879,-0.9075501609217962,-0.25607375986579195,-0.24112141108520604,0.8563488385776753,2.6424337532568107,-0.07432941462471664,-0.11559856812793746,-0.3669650414492984,-0.678729811709616,-0.6069769786668839,1.3384360436512406,-0.0941763218696022,-0.105409255338946,-0.23073955174772434,-0.7741427596395154,-0.2773500981126145,-0.19090958396133909,0.9095654110330884,-0.41554832735932656,-0.21160368475757949,-0.43893114546442885,-0.21442250696755896,-0.3018726524899911,-0.6461002111639058,-0.153694655873568,0.6839166144230383,-0.3493873447137373,-0.2909029959270487,-0.03316790634033297,-0.27272727272727276,-0.3353646338730602,0.8738225743667123,-0.033167906340332974,-0.033167906340332974
0.08279288480907752,0.06641917513542797,-1.4307276804410896,-0.3129111157469912,-0.8906571721233442,-0.3180714384808638,-0.508571073354389,-0.3353646338730602,1.1756695764029879,-0.9075501609217962,-0.25607375986579195,-0.24112141108520604,0.8563488385776753,-0.3784390048634126,-0.07432941462471664,-0.11559856812793746,-0.3669650414492984,1.4733403229794104,-0.6069769786668839,1.3384360436512406,-0.0941763218696022,-0.105409255338946,-0.23073955174772434,-0.7741427596395154,-0.2773500981126145,-0.19090958396133909,0.9095654110330884,-0.41554832735932656,-0.21160368475757949,-0.43893114546442885,-0.21442250696755896,-0.3018726524899911,-0.6461002111639058,-0.153694655873568,0.6839166144230383,-0.3493873447137373,-0.2909029959270487,-0.03316790634033297,-0.27272727272727276,-0.3353646338730602,0.8738225743667123,-0.033167906340332974,-0.033167906340332974
-1.1235772716560708,-1.1359107317515935,-1.716370986540561,-0.517206500114198,-1.3518487202240859,0.4706070602046561,-0.508571073354389,-0.3353646338730602,1.1756695764029879,-0.9075501609217962,-0.25607375986579195,4.147288270665544,-1.1677484162422842,-0.3784390048634126,-0.07432941462471664,-0.11559856812793746,-0.3669650414492984,1.4733403229794104,-0.6069769786668839,-0.7471406682025761,-0.0941763218696022,9.48683298050514,-0.23073955174772434,-0.7741427596395154,-0.2773500981126145,-0.19090958396133909,-1.0994261521710633,2.4064589703793833,-0.21160368475757949,-0.43893114546442885,-0.21442250696755896,-0.3018726524899911,-0.6461002111639058,-0.153694655873568,0.6839166144230383,-0.3493873447137373,-0.2909029959270487,-0.03316790634033297,-0.27272727272727276,-0.3353646338730602,0.8738225743667123,-0.033167906340332974,-0.033167906340332974
-1.1235772716560708,-1.1359107317515935,-1.906799857273542,-0.3018681219974127,1.0463473298997705,-0.3180714384808638,-0.508571073354389,-0.3353646338730602,1.1756695764029879,-0.9075501609217962,-0.25607375986579195,4.147288270665544,-1.1677484162422842,-0.3784390048634126,-0.07432941462471664,-0.11559856812793746,-0.3669650414492984,1.4733403229794104,-0.6069769786668839,1.3384360436512406,-0.0941763218696022,-0.105409255338946,-0.23073955174772434,-0.7741427596395154,-0.2773500981126145,-0.19090958396133909,-1.0994261521710633,2.4064589703793833,-0.21160368475757949,-0.43893114546442885,-0.21442250696755896,-0.3018726524899911,1.547747520773237,-0.153694655873568,-1.4621665549733924,-0.3493873447137373,-0.2909029959270487,-0.03316790634033297,-0.27272727272727276,-0.3353646338730602,0.8738225743667123,-0.033167906340332974,-0.033167906340332974
-1.1235772716560708,-1.1359107317515935,-1.5259421158075799,0.4324909623495737,-1.6285636490845308,-0.3180714384808638,-0.508571073354389,-0.3353646338730602,1.1756695764029879,1.101867470316244,-0.25607375986579195,4.147288270665544,-1.1677484162422842,-0.3784390048634126,-0.07432941462471664,-0.11559856812793746,-0.3669650414492984,1.4733403229794104,-0.6069769786668839,1.3384360436512406,-0.0941763218696022,-0.105409255338946,-0.23073955174772434,-0.7741427596395154,-0.2773500981126145,-0.19090958396133909,0.9095654110330884,-0.41554832735932656,-0.21160368475757949,-0.43893114546442885,-0.21442250696755896,-0.3018726524899911,-0.6461002111639058,-0.153694655873568,0.6839166144230383,-0.3493873447137373,-0.2909029959270487,-0.03316790634033297,-0.27272727272727276,-0.3353646338730602,0.8738225743667123,-0.033167906340332974,-0.033167906340332974
-1.1235772716560708,-1.1359107317515935,-0.002511149943731609,-0.14726620950331015,-0.9828954817434925,0.07626781086189616,-0.508571073354389,-0.3353646338730602,1.1756695764029879,-0.9075501609217962,-0.25607375986579195,4.147288270665544,-1.1677484162422842,-0.3784390048634126,-0.07432941462471664,-0.11559856812793746,-0.3669650414492984,1.4733403229794104,-0.6069769786668839,1.3384360436512406,-0.0941763218696022,-0.105409255338946,-0.23073955174772434,-0.7741427596395154,-0.2773500981126145,-0.19090958396133909,0.9095654110330884,-0.41554832735932656,-0.21160368475757949,-0.43893114546442885,-0.21442250696755896,-0.3018726524899911,-0.6461002111639058,-0.153694655873568,0.6839166144230383,-0.3493873447137373,-0.2909029959270487,-0.03316790634033297,-0.27272727272727276,-0.3353646338730602,0.8738225743667123,-0.033167906340332974,-0.033167906340332974
-1.0884402768075714,-1.103415328862755,-0.002511149943731609,-0.14726620950331015,0.03172592407813898,0.07626781086189616,-0.508571073354389,-0.3353646338730602,1.1756695764029879,1.101867470316244,-0.25607375986579195,4.147288270665544,-1.1677484162422842,-0.3784390048634126,-0.07432941462471664,-0.11559856812793746,-0.3669650414492984,1.4733403229794104,-0.6069769786668839,1.3384360436512406,-0.0941763218696022,-0.105409255338946,-0.23073955174772434,-0.7741427596395154,-0.2773500981126145,-0.19090958396133909,0.9095654110330884,-0.41554832735932656,-0.21160368475757949,-0.43893114546442885,-0.21442250696755896,-0.3018726524899911,1.547747520773237,-0.153694655873568,-1.4621665549733924,-0.3493873447137373,-0.2909029959270487,-0.03316790634033297,-0.27272727272727276,-0.3353646338730602,0.8738225743667123,-0.033167906340332974,-0.033167906340332974
-1.0884402768075714,-1.103415328862755,-0.002511149943731609,-0.14726620950331015,0.5851557817990288,-0.3180714384808638,-0.508571073354389,-0.3353646338730602,1.1756695764029879,1.101867470316244,-0.25607375986579195,4.147288270665544,-1.1677484162422842,-0.3784390048634126,-0.07432941462471664,-0.11559856812793746,2.7250552152068273,-0.678729811709616,-0.6069769786668839,1.3384360436512406,-0.0941763218696022,-0.105409255338946,-0.23073955174772434,-0.7741427596395154,-0.2773500981126145,-0.19090958396133909,0.9095654110330884,-0.41554832735932656,-0.21160368475757949,-0.43893114546442885,-0.21442250696755896,-0.3018726524899911,-0.6461002111639058,-0.153694655873568,0.6839166144230383,-0.3493873447137373,-0.2909029959270487,-0.03316790634033297,-0.27272727272727276,-0.3353646338730602,0.8738225743667123,-0.033167906340332974,-0.033167906340332974
-1.0884402768075714,-1.103415328862755,-0.002511149943731609,-0.14726620950331015,-1.5363253394643823,-0.3180714384808638,-0.508571073354389,-0.3353646338730602,1.1756695764029879,-0.9075501609217962,-0.25607375986579195,4.147288270665544,-1.1677484162422842,-0.3784390048634126,-0.07432941462471664,-0.11559856812793746,-0.3669650414492984,1.4733403229794104,-0.6069769786668839,1.3384360436512406,-0.0941763218696022,-0.105409255338946,-0.23073955174772434,-0.7741427596395154,-0.2773500981126145,-0.19090958396133909,-1.0994261521710633,2.4064589703793833,-0.21160368475757949,-0.43893114546442885,-0.21442250696755896,-0.3018726524899911,1.547747520773237,-0.153694655873568,-1.4621665549733924,-0.3493873447137373,-0.2909029959270487,-0.03316790634033297,-0.27272727272727276,-0.3353646338730602,0.8738225743667123,-0.033167906340332974,-0.033167906340332974
-1.0884402768075714,-1.103415328862755,-0.002511149943731609,-0.14726620950331015,0.49291747217888054,-0.3180714384808638,-0.508571073354389,-0.3353646338730602,1.1756695764029879,-0.9075501609217962,-0.25607375986579195,4.147288270665544,-1.1677484162422842,-0.3784390048634126,-0.07432941462471664,-0.11559856812793746,-0.3669650414492984,1.4733403229794104,-0.6069769786668839,-0.7471406682025761,-0.0941763218696022,-0.105409255338946,-0.23073955174772434,-0.7741427596395154,-0.2773500981126145,-0.19090958396133909,0.9095654110330884,-0.41554832735932656,-0.21160368475757949,-0.43893114546442885,-0.21442250696755896,-0.3018726524899911,-0.6461002111639058,-0.153694655873568,0.6839166144230383,-0.3493873447137373,-0.2909029959270487,-0.03316790634033297,-0.27272727272727276,-0.3353646338730602,0.8738225743667123,-0.033167906340332974,-0.033167906340332974
0.3756011752132397,0.35887780113497375,-1.335513245074599,1.8515156591704416,0.5851557817990288,-0.3180714384808638,-0.508571073354389,-0.3353646338730602,1.1756695764029879,1.101867470316244,-0.25607375986579195,-0.24112141108520604,0.8563488385776753,2.6424337532568107,-0.07432941462471664,-0.11559856812793746,-0.3669650414492984,-0.678729811709616,-0.6069769786668839,1.3384360436512406,-0.0941763218696022,-0.105409255338946,-0.23073955174772434,-0.7741427596395154,-0.2773500981126145,-0.19090958396133909,-1.0994261521710633,2.4064589703793833,-0.21160368475757949,-0.43893114546442885,-0.21442250696755896,-0.3018726524899911,1.547747520773237,-0.153694655873568,-1.4621665549733924,-0.3493873447137373,-0.2909029959270487,-0.03316790634033297,-0.27272727272727276,-0.3353646338730602,0.8738225743667123,-0.033167906340332974,-0.033167906340332974
-1.057207392497794,-1.0709199259739168,-1.5259421158075799,0.835560234209198,-0.6139422432628993,0.07626781086189616,-0.508571073354389,-0.3353646338730602,1.1756695764029879,-0.9075501609217962,-0.25607375986579195,-0.24112141108520604,0.8563488385776753,2.6424337532568107,-0.07432941462471664,-0.11559856812793746,-0.3669650414492984,-0.678729811709616,-0.6069769786668839,1.3384360436512406,-0.0941763218696022,-0.105409255338946,-0.23073955174772434,-0.7741427596395154,-0.2773500981126145,-0.19090958396133909,0.9095654110330884,-0.41554832735932656,-0.21160368475757949,-0.43893114546442885,-0.21442250696755896,-0.3018726524899911,-0.6461002111639058,-0.153694655873568,0.6839166144230383,-0.3493873447137373,-0.2909029959270487,-0.03316790634033297,-0.27272727272727276,-0.3353646338730602,0.8738225743667123,-0.033167906340332974,-0.033167906340332974
-1.0259745081880167,-1.0384245230850784,-0.4785833267761842,0.01837869674037087,-0.9828954817434925,-0.3180714384808638,-0.508571073354389,-0.3353646338730602,1.1756695764029879,-0.9075501609217962,-0.25607375986579195,-0.24112141108520604,0.8563488385776753,-0.3784390048634126,-0.07432941462471664,-0.11559856812793746,-0.3669650414492984,1.4733403229794104,-0.6069769786668839,1.3384360436512406,-0.0941763218696022,-0.105409255338946,-0.23073955174772434,-0.7741427596395154,-0.2773500981126145,-0.19090958396133909,0.9095654110330884,-0.41554832735932656,-0.21160368475757949,-0.43893114546442885,-0.21442250696755896,-0.3018726524899911,-0.6461002111639058,-0.153694655873568,0.6839166144230383,-0.3493873447137373,-0.2909029959270487,-0.03316790634033297,-0.27272727272727276,-0.3353646338730602,0.8738225743667123,-0.033167906340332974,-0.033167906340332974
-1.0259745081880167,-1.0384245230850784,-0.9546555036086368,0.8852537060823022,0.7696324010393255,-0.3180714384808638,-0.508571073354389,-0.3353646338730602,1.1756695764029879,1.101867470316244,-0.25607375986579195,-0.24112141108520604,0.8563488385776753,-0.3784390048634126,-0.07432941462471664,-0.11559856812793746,-0.3669650414492984,1.4733403229794104,-0.6069769786668839,1.3384360436512406,-0.0941763218696022,-0.105409255338946,-0.23073955174772434,-0.7741427596395154,-0.2773500981126145,-0.19090958396133909,0.9095654110330884,-0.41554832735932656,-0.21160368475757949,-0.43893114546442885,-0.21442250696755896,-0.3018726524899911,-0.6461002111639058,-0.153694655873568,0.6839166144230383,-0.3493873447137373,-0.2909029959270487,-0.03316790634033297,-0.27272727272727276,-0.3353646338730602,0.8738225743667123,-0.033167906340332974,-0.033167906340332974
-1.0259745081880167,-1.0384245230850784,-2.0020142926400326,-0.3129111157469912,0.1239642336982873,-0.3180714384808638,-0.508571073354389,-0.3353646338730602,1.1756695764029879,-0.9075501609217962,-0.25607375986579195,-0.24112141108520604,0.8563488385776753,2.6424337532568107,-0.07432941462471664,-0.11559856812793746,-0.3669650414492984,-0.678729811709616,-0.6069769786668839,1.3384360436512406,-0.0941763218696022,-0.105409255338946,-0.23073955174772434,-0.7741427596395154,-0.2773500981126145,-0.19090958396133909,-1.0994261521710633,2.4064589703793833,-0.21160368475757949,-0.43893114546442885,-0.21442250696755896,-0.3018726524899911,-0.6461002111639058,-0.153694655873568,0.6839166144230383,-0.3493873447137373,-0.2909029959270487,-0.03316790634033297,-0.27272727272727276,-0.3353646338730602,0.8738225743667123,-0.033167906340332974,-0.033167906340332974
-1.0259745081880167,-1.0384245230850784,-1.2402988097081085,0.570528384219308,-1.444087029844234,-0.3180714384808638,-0.508571073354389,-0.3353646338730602,1.1756695764029879,1.101867470316244,-0.25607375986579195,-0.24112141108520604,0.8563488385776753,-0.3784390048634126,-0.07432941462471664,-0.11559856812793746,-0.3669650414492984,1.4733403229794104,-0.6069769786668839,1.3384360436512406,-0.0941763218696022,-0.105409255338946,-0.23073955174772434,-0.7741427596395154,-0.2773500981126145,-0.19090958396133909,0.9095654110330884,-0.41554832735932656,-0.21160368475757949,-0.43893114546442885,-0.21442250696755896,-0.3018726524899911,1.547747520773237,-0.153694655873568,-1.4621665549733924,-0.3493873447137373,-0.2909029959270487,-0.03316790634033297,-0.27272727272727276,-0.3353646338730602,0.8738225743667123,-0.033167906340332974,-0.033167906340332974
-0.9908375133395173,-1.00592912019624,-1.8115854219070515,0.01837869674037087,-1.997516887565124,-0.3180714384808638,-0.508571073354389,-0.3353646338730602,1.1756695764029879,-0.9075501609217962,-0.25607375986579195,-0.24112141108520604,0.8563488385776753,2.6424337532568107,-0.07432941462471664,-0.11559856812793746,-0.3669650414492984,-0.678729811709616,-0.6069769786668839,-0.7471406682025761,-0.0941763218696022,-0.105409255338946,-0.23073955174772434,-0.7741427596395154,-0.2773500981126145,5.238081709939242,0.9095654110330884,-0.41554832735932656,-0.21160368475757949,-0.43893114546442885,-0.21442250696755896,-0.3018726524899911,1.547747520773237,-0.153694655873568,-1.4621665549733924,-0.3493873447137373,-0.2909029959270487,-0.03316790634033297,-0.27272727272727276,-0.3353646338730602,0.8738225743667123,-0.033167906340332974,-0.033167906340332974
-0.9908375133395173,-1.00592912019624,-1.2402988097081085,-0.48407751886546196,-1.6285636490845308,-0.3180714384808638,-0.508571073354389,-0.3353646338730602,1.1756695764029879,-0.9075501609217962,-0.25607375986579195,-0.24112141108520604,-1.1677484162422842,-0.3784390048634126,-0.07432941462471664,-0.11559856812793746,-0.3669650414492984,1.4733403229794104,-0.6069769786668839,1.3384360436512406,-0.0941763218696022,-0.105409255338946,-0.23073955174772434,-0.7741427596395154,-0.2773500981126145,-0.19090958396133909,0.9095654110330884,-0.41554832735932656,-0.21160368475757949,-0.43893114546442885,-0.21442250696755896,-0.3018726524899911,-0.6461002111639058,-0.153694655873568,0.6839166144230383,-0.3493873447137373,-0.2909029959270487,-0.03316790634033297,-0.27272727272727276,-0.3353646338730602,0.8738225743667123,-0.033167906340332974,-0.033167906340332974
-0.95960462902974,-0.9734337173074015,-1.335513245074599,0.8466032279587765,-0.15275069516215767,-0.3180714384808638,-0.508571073354389,-0.3353646338730602,1.1756695764029879,1.101867470316244,-0.25607375986579195,-0.24112141108520604,0.8563488385776753,-0.3784390048634126,-0.07432941462471664,-0.11559856812793746,2.7250552152068273,-0.678729811709616,-0.6069769786668839,-0.7471406682025761,-0.0941763218696022,-0.105409255338946,-0.23073955174772434,-0.7741427596395154,-0.2773500981126145,-0.19090958396133909,0.9095654110330884,-0.41554832735932656,-0.21160368475757949,-0.43893114546442885,-0.21442250696755896,-0.3018726524899911,-0.6461002111639058,-0.153694655873568,0.6839166144230383,-0.3493873447137373,-0.2909029959270487,-0.03316790634033297,-0.27272727272727276,-0.3353646338730602,0.8738225743667123,-0.033167906340332974,-0.033167906340332974
-0.95960462902974,-0.9734337173074015,-1.145084374341618,0.8300387373344082,-1.8130402683248275,-0.3180714384808638,-0.508571073354389,-0.3353646338730602,1.1756695764029879,1.101867470316244,-0.25607375986579195,-0.24112141108520604,-1.1677484162422842,-0.3784390048634126,-0.07432941462471664,-0.11559856812793746,-0.3669650414492984,1.4733403229794104,-0.6069769786668839,1.3384360436512406,-0.0941763218696022,-0.105409255338946,-0.23073955174772434,-0.7741427596395154,-0.2773500981126145,-0.19090958396133909,0.9095654110330884,-0.41554832735932656,-0.21160368475757949,-0.43893114546442885,-0.21442250696755896,-0.3018726524899911,-0.6461002111639058,-0.153694655873568,0.6839166144230383,-0.3493873447137373,-0.2909029959270487,-0.03316790634033297,-0.27272727272727276,-0.3353646338730602,0.8738225743667123,-0.033167906340332974,-0.033167906340332974
-0.95960462902974,-0.9734337173074015,-1.6211565511740704,-0.21352417200078266,-0.15275069516215767,0.4706070602046561,-0.508571073354389,-0.3353646338730602,1.1756695764029879,-0.9075501609217962,-0.25607375986579195,-0.24112141108520604,0.8563488385776753,-0.3784390048634126,-0.07432941462471664,-0.11559856812793746,-0.3669650414492984,1.4733403229794104,-0.6069769786668839,1.3384360436512406,-0.0941763218696022,-0.105409255338946,-0.23073955174772434,-0.7741427596395154,-0.2773500981126145,-0.19090958396133909,0.9095654110330884,-0.41554832735932656,-0.21160368475757949,-0.43893114546442885,-0.21442250696755896,-0.3018726524899911,-0.6461002111639058,-0.153694655873568,0.6839166144230383,-0.3493873447137373,-0.2909029959270487,-0.03316790634033297,-0.27272727272727276,-0.3353646338730602,0.8738225743667123,-0.033167906340332974,-0.033167906340332974
-0.95960462902974,-0.9734337173074015,-1.335513245074599,0.8024312529604615,-1.3518487202240859,-0.3180714384808638,-0.508571073354389,-0.3353646338730602,1.1756695764029879,1.101867470316244,-0.25607375986579195,-0.24112141108520604,-1.1677484162422842,-0.3784390048634126,-0.07432941462471664,-0.11559856812793746,-0.3669650414492984,1.4733403229794104,-0.6069769786668839,1.3384360436512406,-0.0941763218696022,-0.105409255338946,-0.23073955174772434,-0.7741427596395154,-0.2773500981126145,-0.19090958396133909,0.9095654110330884,-0.41554832735932656,-0.21160368475757949,-0.43893114546442885,-0.21442250696755896,-0.3018726524899911,-0.6461002111639058,-0.153694655873568,0.6839166144230383,-0.3493873447137373,-0.2909029959270487,-0.03316790634033297,-0.27272727272727276,-0.3353646338730602,0.8738225743667123,-0.033167906340332974,-0.033167906340332974
-0.9283717447199626,-0.940938314418563,-1.2402988097081085,-0.14726620950331015,-0.7984188625031958,-0.3180714384808638,-0.508571073354389,-0.3353646338730602,1.1756695764029879,1.101867470316244,-0.25607375986579195,-0.24112141108520604,0.8563488385776753,-0.3784390048634126,-0.07432941462471664,-0.11559856812793746,-0.3669650414492984,1.4733403229794104,-0.6069769786668839,1.3384360436512406,-0.0941763218696022,-0.105409255338946,-0.23073955174772434,-0.7741427596395154,-0.2773500981126145,-0.19090958396133909,-1.0994261521710633,2.4064589703793833,-0.21160368475757949,-0.43893114546442885,-0.21442250696755896,-0.3018726524899911,1.547747520773237,-0.153694655873568,-1.4621665549733924,-0.3493873447137373,-0.2909029959270487,-0.03316790634033297,-0.27272727272727276,-0.3353646338730602,0.8738225743667123,-0.033167906340332974,-0.033167906340332974
-0.8932347498714632,-0.9084429115297247,1.1400620744541548,0.4877059310974677,0.8618707106594738,-0.3180714384808638,-0.508571073354389,-0.3353646338730602,1.1756695764029879,1.101867470316244,-0.25607375986579195,-0.24112141108520604,0.8563488385776753,-0.3784390048634126,-0.07432941462471664,-0.11559856812793746,-0.3669650414492984,1.4733403229794104,-0.6069769786668839,-0.7471406682025761,-0.0941763218696022,-0.105409255338946,-0.23073955174772434,-0.7741427596395154,-0.2773500981126145,-0.19090958396133909,-1.0994261521710633,2.4064589703793833,-0.21160368475757949,-0.43893114546442885,-0.21442250696755896,-0.3018726524899911,1.547747520773237,-0.153694655873568,-1.4621665549733924,-0.3493873447137373,-0.2909029959270487,-0.03316790634033297,-0.27272727272727276,-0.3353646338730602,0.8738225743667123,-0.033167906340332974,-0.033167906340332974
-0.8932347498714632,-0.9084429115297247,-0.09772558531022213,-0.36260458762009545,-0.06051238554200934,-0.3180714384808638,-0.508571073354389,-0.3353646338730602,1.1756695764029879,-0.9075501609217962,-0.25607375986579195,-0.24112141108520604,0.8563488385776753,-0.3784390048634126,-0.07432941462471664,-0.11559856812793746,-0.3669650414492984,1.4733403229794104,-0.6069769786668839,-0.7471406682025761,-0.0941763218696022,-0.105409255338946,-0.23073955174772434,-0.7741427596395154,-0.2773500981126145,5.238081709939242,0.9095654110330884,-0.41554832735932656,-0.21160368475757949,-0.43893114546442885,-0.21442250696755896,3.312655160219113,-0.6461002111639058,-0.153694655873568,0.6839166144230383,-0.3493873447137373,-0.2909029959270487,-0.03316790634033297,-0.27272727272727276,-0.3353646338730602,0.8738225743667123,-0.033167906340332974,-0.033167906340332974
-0.8932347498714632,-0.9084429115297247,0.3783465915222305,0.02390019361516012,-0.06051238554200934,-0.3180714384808638,-0.508571073354389,2.981829027262644,-0.8505791253521618,-0.9075501609217962,-0.25607375986579195,-0.24112141108520604,-1.1677484162422842,-0.3784390048634126,-0.07432941462471664,-0.11559856812793746,-0.3669650414492984,1.4733403229794104,-0.6069769786668839,1.3384360436512406,-0.0941763218696022,-0.105409255338946,-0.23073955174772434,-0.7741427596395154,-0.2773500981126145,-0.19090958396133909,0.9095654110330884,-0.41554832735932656,-0.21160368475757949,-0.43893114546442885,-0.21442250696755896,-0.3018726524899911,1.547747520773237,-0.153694655873568,-1.4621665549733924,-0.3493873447137373,-0.2909029959270487,-0.03316790634033297,-0.27272727272727276,-0.3353646338730602,0.8738225743667123,-0.033167906340332974,-0.033167906340332974
-0.8932347498714632,-0.9084429115297247,0.9496332037211737,0.14537312486052664,0.2162025433184356,-0.3180714384808638,-0.508571073354389,-0.3353646338730602,1.1756695764029879,1.101867470316244,-0.25607375986579195,-0.24112141108520604,-1.1677484162422842,-0.3784390048634126,-0.07432941462471664,-0.11559856812793746,2.7250552152068273,-0.678729811709616,-0.6069769786668839,-0.7471406682025761,-0.0941763218696022,-0.105409255338946,-0.23073955174772434,-0.7741427596395154,-0.2773500981126145,-0.19090958396133909,0.9095654110330884,-0.41554832735932656,-0.21160368475757949,-0.43893114546442885,-0.21442250696755896,-0.3018726524899911,-0.6461002111639058,-0.153694655873568,0.6839166144230383,-0.3493873447137373,-0.2909029959270487,-0.03316790634033297,-0.27272727272727276,-0.3353646338730602,0.8738225743667123,-0.033167906340332974,-0.033167906340332974
-0.8932347498714632,-0.9084429115297247,1.0448476390876642,1.1834145373209284,-1.6285636490845308,-0.3180714384808638,-0.508571073354389,-0.3353646338730602,1.1756695764029879,1.101867470316244,-0.25607375986579195,-0.24112141108520604,0.8563488385776753,-0.3784390048634126,-0.07432941462471664,-0.11559856812793746,-0.3669650414492984,1.4733403229794104,-0.6069769786668839,1.3384360436512406,-0.0941763218696022,-0.105409255338946,-0.23073955174772434,-0.7741427596395154,-0.2773500981126145,-0.19090958396133909,0.9095654110330884,-0.41554832735932656,-0.21160368475757949,-0.43893114546442885,-0.21442250696755896,-0.3018726524899911,-0.6461002111639058,-0.153694655873568,0.6839166144230383,-0.3493873447137373,-0.2909029959270487,-0.03316790634033297,-0.27272727272727276,-0.3353646338730602,0.8738225743667123,-0.033167906340332974,-0.033167906340332974
-0.8620018655616859,-0.8759475086408862,0.18791772078924943,-0.34051860012093793,-0.15275069516215767,0.4706070602046561,-0.508571073354389,-0.3353646338730602,1.1756695764029879,-0.9075501609217962,-0.25607375986579195,-0.24112141108520604,-1.1677484162422842,2.6424337532568107,-0.07432941462471664,-0.11559856812793746,-0.3669650414492984,-0.678729811709616,-0.6069769786668839,-0.7471406682025761,-0.0941763218696022,9.48683298050514,-0.23073955174772434,-0.7741427596395154,-0.2773500981126145,-0.19090958396133909,-1.0994261521710633,2.4064589703793833,-0.21160368475757949,-0.43893114546442885,-0.21442250696755896,-0.3018726524899911,-0.6461002111639058,-0.153694655873568,0.6839166144230383,-0.3493873447137373,-0.2909029959270487,-0.03316790634033297,-0.27272727272727276,-0.3353646338730602,0.8738225743667123,-0.033167906340332974,-0.033167906340332974
-0.8620018655616859,-0.8759475086408862,0.5687754622552115,-0.35156159387051694,1.0463473298997705,0.4706070602046561,-0.508571073354389,-0.3353646338730602,1.1756695764029879,-0.9075501609217962,-0.25607375986579195,-0.24112141108520604,0.8563488385776753,-0.3784390048634126,-0.07432941462471664,-0.11559856812793746,-0.3669650414492984,1.4733403229794104,-0.6069769786668839,1.3384360436512406,-0.0941763218696022,-0.105409255338946,-0.23073955174772434,-0.7741427596395154,-0.2773500981126145,-0.19090958396133909,0.9095654110330884,-0.41554832735932656,-0.21160368475757949,-0.43893114546442885,-0.21442250696755896,-0.3018726524899911,1.547747520773237,-0.153694655873568,-1.4621665549733924,-0.3493873447137373,-0.2909029959270487,-0.03316790634033297,-0.27272727272727276,-0.3353646338730602,0.8738225743667123,-0.033167906340332974,-0.033167906340332974
-0.8620018655616859,-0.8759475086408862,0.663989897621702,0.4048834779756269,-0.7061805528830476,0.4706070602046561,-0.508571073354389,-0.3353646338730602,1.1756695764029879,-0.9075501609217962,-0.25607375986579195,-0.24112141108520604,-1.1677484162422842,2.6424337532568107,-0.07432941462471664,-0.11559856812793746,-0.3669650414492984,-0.678729811709616,-0.6069769786668839,-0.7471406682025761,-0.0941763218696022,-0.105409255338946,-0.23073955174772434,-0.7741427596395154,-0.2773500981126145,-0.19090958396133909,-1.0994261521710633,2.4064589703793833,-0.21160368475757949,-0.43893114546442885,-0.21442250696755896,-0.3018726524899911,-0.6461002111639058,-0.153694655873568,0.6839166144230383,-0.3493873447137373,-0.2909029959270487,-0.03316790634033297,-0.27272727272727276,-0.3353646338730602,0.8738225743667123,-0.033167906340332974,-0.033167906340332974
-0.8307689812519086,-0.8434521057520478,-0.28815445604320317,0.01837869674037087,0.7696324010393255,0.4706070602046561,-0.508571073354389,2.981829027262644,-0.8505791253521618,-0.9075501609217962,-0.25607375986579195,-0.24112141108520604,-1.1677484162422842,-0.3784390048634126,-0.07432941462471664,-0.11559856812793746,-0.3669650414492984,1.4733403229794104,-0.6069769786668839,1.3384360436512406,-0.0941763218696022,-0.105409255338946,-0.23073955174772434,-0.7741427596395154,-0.2773500981126145,-0.19090958396133909,0.9095654110330884,-0.41554832735932656,-0.21160368475757949,-0.43893114546442885,-0.21442250696755896,-0.3018726524899911,-0.6461002111639058,-0.153694655873568,0.6839166144230383,-0.3493873447137373,-0.2909029959270487,-0.03316790634033297,-0.27272727272727276,-0.3353646338730602,0.8738225743667123,-0.033167906340332974,-0.033167906340332974
-0.8307689812519086,-0.8434521057520478,0.18791772078924943,0.3883189873512587,0.5851557817990288,-0.3180714384808638,-0.508571073354389,-0.3353646338730602,1.1756695764029879,1.101867470316244,-0.25607375986579195,-0.24112141108520604,0.8563488385776753,-0.3784390048634126,-0.07432941462471664,-0.11559856812793746,-0.3669650414492984,1.4733403229794104,-0.6069769786668839,1.3384360436512406,-0.0941763218696022,-0.105409255338946,-0.23073955174772434,-0.7741427596395154,-0.2773500981126145,-0.19090958396133909,0.9095654110330884,-0.41554832735932656,-0.21160368475757949,-0.43893114546442885,-0.21442250696755896,-0.3018726524899911,-0.6461002111639058,-0.153694655873568,0.6839166144230383,-0.3493873447137373,-0.2909029959270487,-0.03316790634033297,-0.27272727272727276,-0.3353646338730602,0.8738225743667123,-0.033167906340332974,-0.033167906340332974
-0.8307689812519086,-0.8434521057520478,0.9496332037211737,0.22267408110757764,0.1239642336982873,0.4706070602046561,-0.508571073354389,-0.3353646338730602,1.1756695764029879,1.101867470316244,-0.25607375986579195,-0.24112141108520604,0.8563488385776753,-0.3784390048634126,-0.07432941462471664,-0.11559856812793746,-0.3669650414492984,1.4733403229794104,-0.6069769786668839,1.3384360436512406,-0.0941763218696022,-0.105409255338946,-0.23073955174772434,-0.7741427596395154,-0.2773500981126145,-0.19090958396133909,-1.0994261521710633,2.4064589703793833,-0.21160368475757949,-0.43893114546442885,-0.21442250696755896,-0.3018726524899911,-0.6461002111639058,-0.153694655873568,0.6839166144230383,-0.3493873447137373,-0.2909029959270487,-0.03316790634033297,-0.27272727272727276,-0.3353646338730602,0.8738225743667123,-0.033167906340332974,-0.033167906340332974
-0.8307689812519086,-0.8434521057520478,0.7592043329881926,2.017160565414123,1.6920154972408086,-0.3180714384808638,-0.508571073354389,-0.3353646338730602,1.1756695764029879,1.101867470316244,-0.25607375986579195,-0.24112141108520604,0.8563488385776753,-0.3784390048634126,-0.07432941462471664,-0.11559856812793746,-0.3669650414492984,1.4733403229794104,-0.6069769786668839,1.3384360436512406,-0.0941763218696022,-0.105409255338946,-0.23073955174772434,-0.7741427596395154,-0.2773500981126145,-0.19090958396133909,0.9095654110330884,-0.41554832735932656,-0.21160368475757949,-0.43893114546442885,-0.21442250696755896,-0.3018726524899911,-0.6461002111639058,-0.153694655873568,0.6839166144230383,-0.3493873447137373,-0.2909029959270487,-0.03316790634033297,-0.27272727272727276,-0.3353646338730602,0.8738225743667123,-0.033167906340332974,-0.033167906340332974
-0.7956319864034092,-0.8109567028632094,0.18791772078924943,0.9349471779554065,-1.6285636490845308,-0.3180714384808638,-0.508571073354389,-0.3353646338730602,1.1756695764029879,1.101867470316244,-0.25607375986579195,-0.24112141108520604,-1.1677484162422842,-0.3784390048634126,-0.07432941462471664,-0.11559856812793746,-0.3669650414492984,1.4733403229794104,-0.6069769786668839,1.3384360436512406,-0.0941763218696022,-0.105409255338946,-0.23073955174772434,-0.7741427596395154,-0.2773500981126145,-0.19090958396133909,0.9095654110330884,-0.41554832735932656,-0.21160368475757949,-0.43893114546442885,-0.21442250696755896,3.312655160219113,-0.6461002111639058,-0.153694655873568,0.6839166144230383,-0.3493873447137373,-0.2909029959270487,-0.03316790634033297,-0.27272727272727276,-0.3353646338730602,0.8738225743667123,-0.033167906340332974,-0.033167906340332974
-0.7956319864034092,-0.8109567028632094,0.28313215615573994,0.791388259210883,-0.5217039336427509,-0.3180714384808638,-0.508571073354389,2.981829027262644,-0.8505791253521618,1.101867470316244,-0.25607375986579195,-0.24112141108520604,0.8563488385776753,-0.3784390048634126,-0.07432941462471664,-0.11559856812793746,2.7250552152068273,-0.678729811709616,-0.6069769786668839,-0.7471406682025761,-0.0941763218696022,-0.105409255338946,-0.23073955174772434,-0.7741427596395154,-0.2773500981126145,-0.19090958396133909,-1.0994261521710633,2.4064589703793833,-0.21160368475757949,-0.43893114546442885,-0.21442250696755896,-0.3018726524899911,1.547747520773237,-0.153694655873568,-1.4621665549733924,-0.3493873447137373,-0.2909029959270487,-0.03316790634033297,-0.27272727272727276,-0.3353646338730602,0.8738225743667123,-0.033167906340332974,-0.033167906340332974
-0.7643991020936318,-0.778461299974371,0.3783465915222305,0.46009844672352046,1.4153005683803637,-0.3180714384808638,-0.508571073354389,-0.3353646338730602,1.1756695764029879,-0.9075501609217962,-0.25607375986579195,-0.24112141108520604,0.8563488385776753,-0.3784390048634126,-0.07432941462471664,-0.11559856812793746,-0.3669650414492984,1.4733403229794104,-0.6069769786668839,1.3384360436512406,-0.0941763218696022,-0.105409255338946,-0.23073955174772434,-0.7741427596395154,-0.2773500981126145,-0.19090958396133909,0.9095654110330884,-0.41554832735932656,-0.21160368475757949,-0.43893114546442885,-0.21442250696755896,-0.3018726524899911,-0.6461002111639058,-0.153694655873568,0.6839166144230383,-0.3493873447137373,-0.2909029959270487,-0.03316790634033297,-0.27272727272727276,-0.3353646338730602,0.8738225743667123,-0.033167906340332974,-0.033167906340332974
-0.7643991020936318,-0.778461299974371,1.3304909451871356,2.061332540412438,-0.9828954817434925,0.07626781086189616,-0.508571073354389,-0.3353646338730602,1.1756695764029879,1.101867470316244,-0.25607375986579195,-0.24112141108520604,0.8563488385776753,-0.3784390048634126,-0.07432941462471664,-0.11559856812793746,-0.3669650414492984,1.4733403229794104,-0.6069769786668839,1.3384360436512406,-0.0941763218696022,-0.105409255338946,-0.23073955174772434,-0.7741427596395154,-0.2773500981126145,-0.19090958396133909,0.9095654110330884,-0.41554832735932656,-0.21160368475757949,-0.43893114546442885,-0.21442250696755896,-0.3018726524899911,-0.6461002111639058,-0.153694655873568,0.6839166144230383,-0.3493873447137373,-0.2909029959270487,-0.03316790634033297,-0.27272727272727276,-0.3353646338730602,0.8738225743667123,-0.033167906340332974,-0.033167906340332974
-0.7643991020936318,-0.778461299974371,0.9496332037211737,1.3159304623158734,0.6773940914191772,0.4706070602046561,-0.508571073354389,-0.3353646338730602,1.1756695764029879,1.101867470316244,-0.25607375986579195,-0.24112141108520604,0.8563488385776753,-0.3784390048634126,-0.07432941462471664,-0.11559856812793746,-0.3669650414492984,1.4733403229794104,-0.6069769786668839,1.3384360436512406,-0.0941763218696022,-0.105409255338946,-0.23073955174772434,-0.7741427596395154,-0.2773500981126145,-0.19090958396133909,0.9095654110330884,-0.41554832735932656,-0.21160368475757949,-0.43893114546442885,-0.21442250696755896,-0.3018726524899911,1.547747520773237,-0.153694655873568,-1.4621665549733924,-0.3493873447137373,-0.2909029959270487,-0.03316790634033297,-0.27272727272727276,-0.3353646338730602,0.8738225743667123,-0.033167906340332974,-0.033167906340332974
-0.7643991020936318,-0.778461299974371,0.28313215615573994,0.2061095904832094,0.1239642336982873,-0.3180714384808638,-0.508571073354389,-0.3353646338730602,1.1756695764029879,-0.9075501609217962,-0.25607375986579195,-0.24112141108520604,-1.1677484162422842,-0.3784390048634126,-0.07432941462471664,-0.11559856812793746,-0.3669650414492984,1.4733403229794104,-0.6069769786668839,1.3384360436512406,-0.0941763218696022,-0.105409255338946,-0.23073955174772434,-0.7741427596395154,-0.2773500981126145,-0.19090958396133909,0.9095654110330884,-0.41554832735932656,-0.21160368475757949,-0.43893114546442885,-0.21442250696755896,-0.3018726524899911,-0.6461002111639058,-0.153694655873568,0.6839166144230383,-0.3493873447137373,-0.2909029959270487,-0.03316790634033297,-0.27272727272727276,-0.3353646338730602,0.8738225743667123,-0.033167906340332974,-0.033167906340332974
-0.7643991020936318,-0.778461299974371,0.8544187683546831,1.2220650154444541,0.40067916255873226,0.4706070602046561,-0.508571073354389,-0.3353646338730602,1.1756695764029879,1.101867470316244,-0.25607375986579195,-0.24112141108520604,-1.1677484162422842,-0.3784390048634126,-0.07432941462471664,-0.11559856812793746,-0.3669650414492984,1.4733403229794104,-0.6069769786668839,1.3384360436512406,-0.0941763218696022,-0.105409255338946,-0.23073955174772434,-0.7741427596395154,-0.2773500981126145,-0.19090958396133909,0.9095654110330884,-0.41554832735932656,-0.21160368475757949,-0.43893114546442885,-0.21442250696755896,-0.3018726524899911,-0.6461002111639058,-0.153694655873568,0.6839166144230383,-0.3493873447137373,-0.2909029959270487,-0.03316790634033297,-0.27272727272727276,-0.3353646338730602,0.8738225743667123,-0.033167906340332974,-0.033167906340332974
-0.7643991020936318,-0.778461299974371,-1.8115854219070515,0.12880863423615838,-0.8906571721233442,0.4706070602046561,-0.508571073354389,-0.3353646338730602,1.1756695764029879,1.101867470316244,-0.25607375986579195,-0.24112141108520604,0.8563488385776753,2.6424337532568107,-0.07432941462471664,-0.11559856812793746,-0.3669650414492984,-0.678729811709616,-0.6069769786668839,1.3384360436512406,-0.0941763218696022,-0.105409255338946,-0.23073955174772434,-0.7741427596395154,-0.2773500981126145,-0.19090958396133909,0.9095654110330884,-0.41554832735932656,-0.21160368475757949,-0.43893114546442885,-0.21442250696755896,-0.3018726524899911,-0.6461002111639058,-0.153694655873568,0.6839166144230383,-0.3493873447137373,-0.2909029959270487,-0.03316790634033297,-0.27272727272727276,-0.3353646338730602,0.8738225743667123,-0.033167906340332974,-0.033167906340332974
-0.04994687350747595,-0.031067033531087286,-0.002511149943731609,0.045986181114317626,0.1239642336982873,-0.3180714384808638,-0.508571073354389,-0.3353646338730602,1.1756695764029879,-0.9075501609217962,-0.25607375986579195,-0.24112141108520604,0.8563488385776753,2.6424337532568107,-0.07432941462471664,-0.11559856812793746,-0.3669650414492984,-0.678729811709616,-0.6069769786668839,-0.7471406682025761,-0.0941763218696022,-0.105409255338946,-0.23073955174772434,-0.7741427596395154,-0.2773500981126145,5.238081709939242,-1.0994261521710633,2.4064589703793833,-0.21160368475757949,-0.43893114546442885,-0.21442250696755896,-0.3018726524899911,-0.6461002111639058,-0.153694655873568,0.6839166144230383,-0.3493873447137373,-0.2909029959270487,-0.03316790634033297,-0.27272727272727276,-0.3353646338730602,0.8738225743667123,-0.033167906340332974,-0.033167906340332974
-0.04994687350747595,-0.031067033531087286,0.3783465915222305,-0.4785560219906722,0.2162025433184356,-0.3180714384808638,-0.508571073354389,-0.3353646338730602,1.1756695764029879,-0.9075501609217962,-0.25607375986579195,-0.24112141108520604,-1.1677484162422842,-0.3784390048634126,-0.07432941462471664,-0.11559856812793746,-0.3669650414492984,1.4733403229794104,-0.6069769786668839,1.3384360436512406,-0.0941763218696022,-0.105409255338946,-0.23073955174772434,-0.7741427596395154,-0.2773500981126145,-0.19090958396133909,0.9095654110330884,-0.41554832735932656,-0.21160368475757949,-0.43893114546442885,-0.21442250696755896,-0.3018726524899911,-0.6461002111639058,-0.153694655873568,0.6839166144230383,-0.3493873447137373,-0.2909029959270487,-0.03316790634033297,-0.27272727272727276,-0.3353646338730602,0.8738225743667123,-0.033167906340332974,-0.033167906340332974
-0.04994687350747595,-0.031067033531087286,-0.19294002067671265,0.8189957435848297,-0.9828954817434925,-0.3180714384808638,-0.508571073354389,-0.3353646338730602,1.1756695764029879,-0.9075501609217962,-0.25607375986579195,4.147288270665544,-1.1677484162422842,-0.3784390048634126,-0.07432941462471664,-0.11559856812793746,-0.3669650414492984,1.4733403229794104,-0.6069769786668839,1.3384360436512406,-0.0941763218696022,-0.105409255338946,-0.23073955174772434,-0.7741427596395154,-0.2773500981126145,-0.19090958396133909,0.9095654110330884,-0.41554832735932656,-0.21160368475757949,-0.43893114546442885,-0.21442250696755896,-0.3018726524899911,1.547747520773237,-0.153694655873568,-1.4621665549733924,-0.3493873447137373,-0.2909029959270487,-0.03316790634033297,-0.27272727272727276,-0.3353646338730602,0.8738225743667123,-0.033167906340332974,-0.033167906340332974
-0.04994687350747595,-0.031067033531087286,-0.28815445604320317,0.25580306235631417,-1.9052785779449757,-0.3180714384808638,-0.508571073354389,-0.3353646338730602,1.1756695764029879,-0.9075501609217962,-0.25607375986579195,4.147288270665544,-1.1677484162422842,-0.3784390048634126,-0.07432941462471664,-0.11559856812793746,-0.3669650414492984,1.4733403229794104,-0.6069769786668839,1.3384360436512406,-0.0941763218696022,-0.105409255338946,-0.23073955174772434,-0.7741427596395154,-0.2773500981126145,-0.19090958396133909,0.9095654110330884,-0.41554832735932656,-0.21160368475757949,-0.43893114546442885,-0.21442250696755896,-0.3018726524899911,-0.6461002111639058,-0.153694655873568,0.6839166144230383,-0.3493873447137373,-0.2909029959270487,-0.03316790634033297,-0.27272727272727276,-0.3353646338730602,0.8738225743667123,-0.033167906340332974,-0.033167906340332974
-0.04994687350747595,-0.031067033531087286,0.18791772078924943,0.7140873029638315,0.2162025433184356,-0.3180714384808638,-0.508571073354389,-0.3353646338730602,1.1756695764029879,1.101867470316244,-0.25607375986579195,4.147288270665544,-1.1677484162422842,2.6424337532568107,-0.07432941462471664,-0.11559856812793746,-0.3669650414492984,-0.678729811709616,-0.6069769786668839,1.3384360436512406,-0.0941763218696022,-0.105409255338946,-0.23073955174772434,-0.7741427596395154,-0.2773500981126145,-0.19090958396133909,-1.0994261521710633,2.4064589703793833,-0.21160368475757949,-0.43893114546442885,-0.21442250696755896,-0.3018726524899911,-0.6461002111639058,-0.153694655873568,0.6839166144230383,-0.3493873447137373,-0.2909029959270487,-0.03316790634033297,-0.27272727272727276,-0.3353646338730602,0.8738225743667123,-0.033167906340332974,-0.033167906340332974
-0.04994687350747595,-0.031067033531087286,0.663989897621702,0.6202218560924122,0.8618707106594738,0.07626781086189616,-0.508571073354389,-0.3353646338730602,1.1756695764029879,-0.9075501609217962,-0.25607375986579195,4.147288270665544,-1.1677484162422842,-0.3784390048634126,-0.07432941462471664,-0.11559856812793746,-0.3669650414492984,1.4733403229794104,-0.6069769786668839,1.3384360436512406,-0.0941763218696022,-0.105409255338946,-0.23073955174772434,-0.7741427596395154,-0.2773500981126145,-0.19090958396133909,0.9095654110330884,-0.41554832735932656,-0.21160368475757949,-0.43893114546442885,-0.21442250696755896,-0.3018726524899911,-0.6461002111639058,-0.153694655873568,0.6839166144230383,-0.3493873447137373,-0.2909029959270487,-0.03316790634033297,-0.27272727272727276,-0.3353646338730602,0.8738225743667123,-0.033167906340332974,-0.033167906340332974
-0.04994687350747595,-0.031067033531087286,0.5687754622552115,-0.4895990157402512,-0.7984188625031958,0.07626781086189616,-0.508571073354389,-0.3353646338730602,1.1756695764029879,-0.9075501609217962,-0.25607375986579195,4.147288270665544,-1.1677484162422842,-0.3784390048634126,-0.07432941462471664,-0.11559856812793746,-0.3669650414492984,1.4733403229794104,-0.6069769786668839,1.3384360436512406,-0.0941763218696022,-0.105409255338946,-0.23073955174772434,-0.7741427596395154,-0.2773500981126145,-0.19090958396133909,0.9095654110330884,-0.41554832735932656,-0.21160368475757949,-0.43893114546442885,-0.21442250696755896,-0.3018726524899911,-0.6461002111639058,-0.153694655873568,0.6839166144230383,-0.3493873447137373,-0.2909029959270487,-0.03316790634033297,-0.27272727272727276,-0.3353646338730602,0.8738225743667123,-0.033167906340332974,-0.033167906340332974
-0.6980292229353551,-0.7134704941966942,0.473561026888721,1.3932314185629244,-0.8906571721233442,-0.3180714384808638,-0.508571073354389,-0.3353646338730602,1.1756695764029879,1.101867470316244,-0.25607375986579195,4.147288270665544,-1.1677484162422842,-0.3784390048634126,-0.07432941462471664,-0.11559856812793746,-0.3669650414492984,1.4733403229794104,-0.6069769786668839,1.3384360436512406,-0.0941763218696022,-0.105409255338946,-0.23073955174772434,-0.7741427596395154,-0.2773500981126145,-0.19090958396133909,0.9095654110330884,-0.41554832735932656,-0.21160368475757949,-0.43893114546442885,-0.21442250696755896,-0.3018726524899911,1.547747520773237,-0.153694655873568,-1.4621665549733924,-0.3493873447137373,-0.2909029959270487,-0.03316790634033297,-0.27272727272727276,-0.3353646338730602,0.8738225743667123,-0.033167906340332974,-0.033167906340332974
-0.6980292229353551,-0.7134704941966942,-0.19294002067671265,0.04046468423952837,0.5851557817990288,0.4706070602046561,-0.508571073354389,-0.3353646338730602,1.1756695764029879,-0.9075501609217962,-0.25607375986579195,4.147288270665544,-1.1677484162422842,-0.3784390048634126,-0.07432941462471664,-0.11559856812793746,-0.3669650414492984,1.4733403229794104,-0.6069769786668839,1.3384360436512406,-0.0941763218696022,-0.105409255338946,-0.23073955174772434,-0.7741427596395154,-0.2773500981126145,-0.19090958396133909,0.9095654110330884,-0.41554832735932656,-0.21160368475757949,-0.43893114546442885,-0.21442250696755896,-0.3018726524899911,-0.6461002111639058,-0.153694655873568,0.6839166144230383,-0.3493873447137373,-0.2909029959270487,-0.03316790634033297,-0.27272727272727276,-0.3353646338730602,0.8738225743667123,-0.033167906340332974,-0.033167906340332974
-0.6980292229353551,-0.7134704941966942,0.5687754622552115,0.6367863467167805,0.3084408529385839,-0.3180714384808638,-0.508571073354389,-0.3353646338730602,1.1756695764029879,-0.9075501609217962,-0.25607375986579195,4.147288270665544,-1.1677484162422842,-0.3784390048634126,-0.07432941462471664,-0.11559856812793746,-0.3669650414492984,1.4733403229794104,-0.6069769786668839,1.3384360436512406,-0.0941763218696022,-0.105409255338946,-0.23073955174772434,-0.7741427596395154,-0.2773500981126145,-0.19090958396133909,0.9095654110330884,-0.41554832735932656,-0.21160368475757949,-0.43893114546442885,-0.21442250696755896,-0.3018726524899911,-0.6461002111639058,-0.153694655873568,0.6839166144230383,-0.3493873447137373,-0.2909029959270487,-0.03316790634033297,-0.27272727272727276,-0.3353646338730602,0.8738225743667123,-0.033167906340332974,-0.033167906340332974
-0.6980292229353551,-0.7134704941966942,-0.002511149943731609,0.8300387373344082,-0.6139422432628993,-0.3180714384808638,-0.508571073354389,-0.3353646338730602,1.1756695764029879,-0.9075501609217962,-0.25607375986579195,4.147288270665544,-1.1677484162422842,-0.3784390048634126,-0.07432941462471664,-0.11559856812793746,2.7250552152068273,-0.678729811709616,-0.6069769786668839,1.3384360436512406,-0.0941763218696022,-0.105409255338946,-0.23073955174772434,-0.7741427596395154,-0.2773500981126145,-0.19090958396133909,-1.0994261521710633,2.4064589703793833,-0.21160368475757949,-0.43893114546442885,-0.21442250696755896,-0.3018726524899911,-0.6461002111639058,-0.153694655873568,0.6839166144230383,-0.3493873447137373,-0.2909029959270487,-0.03316790634033297,-0.27272727272727276,-0.3353646338730602,0.8738225743667123,-0.033167906340332974,-0.033167906340332974
-0.6980292229353551,-0.7134704941966942,-0.28815445604320317,-0.710458890731826,-0.06051238554200934,-0.3180714384808638,-0.508571073354389,-0.3353646338730602,1.1756695764029879,-0.9075501609217962,-0.25607375986579195,4.147288270665544,-1.1677484162422842,-0.3784390048634126,-0.07432941462471664,-0.11559856812793746,-0.3669650414492984,1.4733403229794104,-0.6069769786668839,1.3384360436512406,-0.0941763218696022,-0.105409255338946,-0.23073955174772434,-0.7741427596395154,-0.2773500981126145,-0.19090958396133909,0.9095654110330884,-0.41554832735932656,-0.21160368475757949,-0.43893114546442885,-0.21442250696755896,3.312655160219113,1.547747520773237,-0.153694655873568,-1.4621665549733924,-0.3493873447137373,-0.2909029959270487,-0.03316790634033297,-0.27272727272727276,-0.3353646338730602,0.8738225743667123,-0.033167906340332974,-0.033167906340332974
-0.6667963386255777,-0.6809750913078557,1.0448476390876642,0.8466032279587765,-1.997516887565124,-0.3180714384808638,-0.508571073354389,-0.3353646338730602,1.1756695764029879,1.101867470316244,-0.25607375986579195,-0.24112141108520604,0.8563488385776753,-0.3784390048634126,-0.07432941462471664,-0.11559856812793746,2.7250552152068273,-0.678729811709616,-0.6069769786668839,1.3384360436512406,-0.0941763218696022,-0.105409255338946,-0.23073955174772434,-0.7741427596395154,-0.2773500981126145,-0.19090958396133909,0.9095654110330884,-0.41554832735932656,-0.21160368475757949,-0.43893114546442885,-0.21442250696755896,-0.3018726524899911,1.547747520773237,-0.153694655873568,-1.4621665549733924,-0.3493873447137373,-0.2909029959270487,-0.03316790634033297,-0.27272727272727276,-0.3353646338730602,0.8738225743667123,-0.033167906340332974,-0.033167906340332974
-0.6667963386255777,-0.6809750913078557,-0.19294002067671265,-0.5779429657368812,0.7696324010393255,-0.3180714384808638,-0.508571073354389,-0.3353646338730602,1.1756695764029879,-0.9075501609217962,-0.25607375986579195,-0.24112141108520604,-1.1677484162422842,2.6424337532568107,-0.07432941462471664,-0.11559856812793746,-0.3669650414492984,-0.678729811709616,-0.6069769786668839,1.3384360436512406,-0.0941763218696022,-0.105409255338946,-0.23073955174772434,-0.7741427596395154,-0.2773500981126145,-0.19090958396133909,0.9095654110330884,-0.41554832735932656,-0.21160368475757949,-0.43893114546442885,-0.21442250696755896,-0.3018726524899911,-0.6461002111639058,-0.153694655873568,0.6839166144230383,-0.3493873447137373,-0.2909029959270487,-0.03316790634033297,-0.27272727272727276,-0.3353646338730602,0.8738225743667123,-0.033167906340332974,-0.033167906340332974
-0.6667963386255777,-0.6809750913078557,-0.9546555036086368,0.07359366548826488,-1.9052785779449757,-0.3180714384808638,-0.508571073354389,-0.3353646338730602,1.1756695764029879,1.101867470316244,-0.25607375986579195,-0.24112141108520604,0.8563488385776753,-0.3784390048634126,-0.07432941462471664,-0.11559856812793746,-0.3669650414492984,1.4733403229794104,-0.6069769786668839,1.3384360436512406,-0.0941763218696022,-0.105409255338946,-0.23073955174772434,-0.7741427596395154,-0.2773500981126145,-0.19090958396133909,0.9095654110330884,-0.41554832735932656,-0.21160368475757949,-0.43893114546442885,-0.21442250696755896,-0.3018726524899911,-0.6461002111639058,-0.153694655873568,0.6839166144230383,-0.3493873447137373,-0.2909029959270487,-0.03316790634033297,-0.27272727272727276,-0.3353646338730602,0.8738225743667123,-0.033167906340332974,-0.033167906340332974
-0.6667963386255777,-0.6809750913078557,0.663989897621702,1.387709921688135,-0.6139422432628993,0.07626781086189616,-0.508571073354389,-0.3353646338730602,1.1756695764029879,1.101867470316244,-0.25607375986579195,-0.24112141108520604,0.8563488385776753,-0.3784390048634126,-0.07432941462471664,-0.11559856812793746,2.7250552152068273,-0.678729811709616,-0.6069769786668839,-0.7471406682025761,-0.0941763218696022,-0.105409255338946,-0.23073955174772434,-0.7741427596395154,-0.2773500981126145,-0.19090958396133909,0.9095654110330884,-0.41554832735932656,-0.21160368475757949,-0.43893114546442885,-0.21442250696755896,-0.3018726524899911,-0.6461002111639058,-0.153694655873568,0.6839166144230383,-0.3493873447137373,-0.2909029959270487,-0.03316790634033297,-0.27272727272727276,-0.3353646338730602,0.8738225743667123,-0.033167906340332974,-0.033167906340332974
-0.6667963386255777,-0.6809750913078557,0.7592043329881926,1.4374033935612394,-0.24498900478230598,-0.3180714384808638,-0.508571073354389,-0.3353646338730602,1.1756695764029879,1.101867470316244,-0.25607375986579195,-0.24112141108520604,0.8563488385776753,-0.3784390048634126,-0.07432941462471664,-0.11559856812793746,-0.3669650414492984,1.4733403229794104,-0.6069769786668839,1.3384360436512406,-0.0941763218696022,-0.105409255338946,-0.23073955174772434,-0.7741427596395154,-0.2773500981126145,-0.19090958396133909,-1.0994261521710633,2.4064589703793833,-0.21160368475757949,-0.43893114546442885,-0.21442250696755896,-0.3018726524899911,-0.6461002111639058,-0.153694655873568,0.6839166144230383,-0.3493873447137373,-0.2909029959270487,-0.03316790634033297,-0.27272727272727276,-0.3353646338730602,0.8738225743667123,-0.033167906340332974,-0.033167906340332974
-0.6667963386255777,-0.6809750913078557,0.5687754622552115,-0.4564700344915147,0.6773940914191772,-0.3180714384808638,-0.508571073354389,-0.3353646338730602,1.1756695764029879,-0.9075501609217962,-0.25607375986579195,-0.24112141108520604,0.8563488385776753,-0.3784390048634126,-0.07432941462471664,-0.11559856812793746,-0.3669650414492984,1.4733403229794104,-0.6069769786668839,1.3384360436512406,-0.0941763218696022,-0.105409255338946,-0.23073955174772434,-0.7741427596395154,-0.2773500981126145,-0.19090958396133909,0.9095654110330884,-0.41554832735932656,-0.21160368475757949,-0.43893114546442885,-0.21442250696755896,-0.3018726524899911,1.547747520773237,-0.153694655873568,-1.4621665549733924,-0.3493873447137373,-0.2909029959270487,-0.03316790634033297,-0.27272727272727276,-0.3353646338730602,0.8738225743667123,-0.033167906340332974,-0.033167906340332974
-0.6667963386255777,-0.6809750913078557,-1.0498699389751274,-0.20248117825120368,0.5851557817990288,-0.3180714384808638,-0.508571073354389,-0.3353646338730602,1.1756695764029879,1.101867470316244,-0.25607375986579195,-0.24112141108520604,0.8563488385776753,2.6424337532568107,-0.07432941462471664,-0.11559856812793746,-0.3669650414492984,-0.678729811709616,-0.6069769786668839,1.3384360436512406,-0.0941763218696022,-0.105409255338946,-0.23073955174772434,-0.7741427596395154,-0.2773500981126145,-0.19090958396133909,0.9095654110330884,-0.41554832735932656,-0.21160368475757949,-0.43893114546442885,-0.21442250696755896,-0.3018726524899911,1.547747520773237,-0.153694655873568,-1.4621665549733924,-0.3493873447137373,-0.2909029959270487,-0.03316790634033297,-0.27272727272727276,-0.3353646338730602,0.8738225743667123,-0.033167906340332974,-0.033167906340332974
-0.6355634543158004,-0.6484796884190173,0.8544187683546831,0.570528384219308,-1.9052785779449757,-0.3180714384808638,-0.508571073354389,-0.3353646338730602,1.1756695764029879,1.101867470316244,-0.25607375986579195,-0.24112141108520604,-1.1677484162422842,2.6424337532568107,-0.07432941462471664,-0.11559856812793746,-0.3669650414492984,-0.678729811709616,-0.6069769786668839,1.3384360436512406,-0.0941763218696022,-0.105409255338946,-0.23073955174772434,-0.7741427596395154,-0.2773500981126145,-0.19090958396133909,0.9095654110330884,-0.41554832735932656,-0.21160368475757949,-0.43893114546442885,-0.21442250696755896,-0.3018726524899911,-0.6461002111639058,-0.153694655873568,0.6839166144230383,-0.3493873447137373,-0.2909029959270487,-0.03316790634033297,-0.27272727272727276,-0.3353646338730602,0.8738225743667123,-0.033167906340332974,-0.033167906340332974
-0.6355634543158004,-0.6484796884190173,0.18791772078924943,0.5981358685932547,-0.06051238554200934,-0.3180714384808638,-0.508571073354389,-0.3353646338730602,1.1756695764029879,1.101867470316244,-0.25607375986579195,-0.24112141108520604,0.8563488385776753,-0.3784390048634126,-0.07432941462471664,-0.11559856812793746,2.7250552152068273,-0.678729811709616,-0.6069769786668839,1.3384360436512406,-0.0941763218696022,-0.105409255338946,-0.23073955174772434,-0.7741427596395154,-0.2773500981126145,-0.19090958396133909,0.9095654110330884,-0.41554832735932656,-0.21160368475757949,-0.43893114546442885,-0.21442250696755896,-0.3018726524899911,1.547747520773237,-0.153694655873568,-1.4621665549733924,-0.3493873447137373,-0.2909029959270487,-0.03316790634033297,-0.27272727272727276,-0.3353646338730602,0.8738225743667123,-0.033167906340332974,-0.033167906340332974
-0.6355634543158004,-0.6484796884190173,0.5687754622552115,-0.37364758136967446,0.40067916255873226,0.4706070602046561,-0.508571073354389,-0.3353646338730602,1.1756695764029879,-0.9075501609217962,-0.25607375986579195,-0.24112141108520604,-1.1677484162422842,-0.3784390048634126,-0.07432941462471664,-0.11559856812793746,-0.3669650414492984,1.4733403229794104,-0.6069769786668839,1.3384360436512406,-0.0941763218696022,-0.105409255338946,-0.23073955174772434,-0.7741427596395154,-0.2773500981126145,-0.19090958396133909,0.9095654110330884,-0.41554832735932656,-0.21160368475757949,-0.43893114546442885,-0.21442250696755896,-0.3018726524899911,1.547747520773237,-0.153694655873568,-1.4621665549733924,-0.3493873447137373,-0.2909029959270487,-0.03316790634033297,-0.27272727272727276,-0.3353646338730602,0.8738225743667123,-0.033167906340332974,-0.033167906340332974
-0.6355634543158004,-0.6484796884190173,1.1400620744541548,0.7748237685865147,0.1239642336982873,-0.3180714384808638,-0.508571073354389,-0.3353646338730602,1.1756695764029879,1.101867470316244,-0.25607375986579195,-0.24112141108520604,0.8563488385776753,-0.3784390048634126,-0.07432941462471664,-0.11559856812793746,-0.3669650414492984,1.4733403229794104,-0.6069769786668839,1.3384360436512406,-0.0941763218696022,-0.105409255338946,-0.23073955174772434,-0.7741427596395154,-0.2773500981126145,-0.19090958396133909,0.9095654110330884,-0.41554832735932656,-0.21160368475757949,-0.43893114546442885,-0.21442250696755896,-0.3018726524899911,1.547747520773237,-0.153694655873568,-1.4621665549733924,-0.3493873447137373,-0.2909029959270487,-0.03316790634033297,-0.27272727272727276,-0.3353646338730602,0.8738225743667123,-0.033167906340332974,-0.033167906340332974
-0.6355634543158004,-0.6484796884190173,0.8544187683546831,-0.21352417200078266,0.40067916255873226,-0.3180714384808638,-0.508571073354389,-0.3353646338730602,1.1756695764029879,-0.9075501609217962,-0.25607375986579195,-0.24112141108520604,-1.1677484162422842,-0.3784390048634126,-0.07432941462471664,-0.11559856812793746,-0.3669650414492984,1.4733403229794104,-0.6069769786668839,1.3384360436512406,-0.0941763218696022,-0.105409255338946,-0.23073955174772434,-0.7741427596395154,-0.2773500981126145,-0.19090958396133909,-1.0994261521710633,2.4064589703793833,-0.21160368475757949,-0.43893114546442885,-0.21442250696755896,3.312655160219113,1.547747520773237,-0.153694655873568,-1.4621665549733924,-0.3493873447137373,-0.2909029959270487,-0.03316790634033297,-0.27272727272727276,-0.3353646338730602,0.8738225743667123,-0.033167906340332974,-0.033167906340332974
-0.6355634543158004,-0.6484796884190173,-0.19294002067671265,-0.3018681219974127,0.7696324010393255,0.07626781086189616,-0.508571073354389,-0.3353646338730602,1.1756695764029879,-0.9075501609217962,-0.25607375986579195,-0.24112141108520604,-1.1677484162422842,-0.3784390048634126,-0.07432941462471664,-0.11559856812793746,-0.3669650414492984,1.4733403229794104,-0.6069769786668839,-0.7471406682025761,-0.0941763218696022,-0.105409255338946,-0.23073955174772434,-0.7741427596395154,-0.2773500981126145,5.238081709939242,0.9095654110330884,-0.41554832735932656,-0.21160368475757949,-0.43893114546442885,-0.21442250696755896,-0.3018726524899911,-0.6461002111639058,-0.153694655873568,0.6839166144230383,-0.3493873447137373,-0.2909029959270487,-0.03316790634033297,-0.27272727272727276,-0.3353646338730602,0.8738225743667123,-0.033167906340332974,-0.033167906340332974
-0.6355634543158004,-0.6484796884190173,0.09270328542275891,0.4435339560991527,0.6773940914191772,-0.3180714384808638,-0.508571073354389,-0.3353646338730602,1.1756695764029879,-0.9075501609217962,-0.25607375986579195,-0.24112141108520604,0.8563488385776753,-0.3784390048634126,-0.07432941462471664,-0.11559856812793746,-0.3669650414492984,1.4733403229794104,-0.6069769786668839,-0.7471406682025761,-0.0941763218696022,-0.105409255338946,-0.23073955174772434,-0.7741427596395154,-0.2773500981126145,-0.19090958396133909,0.9095654110330884,-0.41554832735932656,-0.21160368475757949,-0.43893114546442885,-0.21442250696755896,-0.3018726524899911,-0.6461002111639058,-0.153694655873568,0.6839166144230383,-0.3493873447137373,-0.2909029959270487,-0.03316790634033297,-0.27272727272727276,-0.3353646338730602,0.8738225743667123,-0.033167906340332974,-0.033167906340332974
-0.6355634543158004,-0.6484796884190173,0.18791772078924943,1.3159304623158734,1.1385856395199188,-0.3180714384808638,-0.508571073354389,-0.3353646338730602,1.1756695764029879,1.101867470316244,-0.25607375986579195,-0.24112141108520604,0.8563488385776753,-0.3784390048634126,-0.07432941462471664,-0.11559856812793746,-0.3669650414492984,1.4733403229794104,-0.6069769786668839,1.3384360436512406,-0.0941763218696022,-0.105409255338946,-0.23073955174772434,-0.7741427596395154,-0.2773500981126145,-0.19090958396133909,0.9095654110330884,-0.41554832735932656,-0.21160368475757949,-0.43893114546442885,-0.21442250696755896,-0.3018726524899911,1.547747520773237,-0.153694655873568,-1.4621665549733924,-0.3493873447137373,-0.2909029959270487,-0.03316790634033297,-0.27272727272727276,-0.3353646338730602,0.8738225743667123,-0.033167906340332974,-0.033167906340332974
-0.600426459467301,-0.6159842855301788,0.8544187683546831,0.8631677185831448,-1.444087029844234,-0.3180714384808638,-0.508571073354389,-0.3353646338730602,1.1756695764029879,1.101867470316244,-0.25607375986579195,-0.24112141108520604,-1.1677484162422842,-0.3784390048634126,-0.07432941462471664,-0.11559856812793746,-0.3669650414492984,1.4733403229794104,-0.6069769786668839,1.3384360436512406,-0.0941763218696022,-0.105409255338946,-0.23073955174772434,-0.7741427596395154,-0.2773500981126145,-0.19090958396133909,0.9095654110330884,-0.41554832735932656,-0.21160368475757949,-0.43893114546442885,-0.21442250696755896,-0.3018726524899911,1.547747520773237,-0.153694655873568,-1.4621665549733924,-0.3493873447137373,-0.2909029959270487,-0.03316790634033297,-0.27272727272727276,-0.3353646338730602,0.8738225743667123,-0.033167906340332974,-0.033167906340332974
-0.600426459467301,-0.6159842855301788,-1.145084374341618,1.7852576966729696,-0.06051238554200934,-0.3180714384808638,-0.508571073354389,-0.3353646338730602,1.1756695764029879,1.101867470316244,-0.25607375986579195,-0.24112141108520604,0.8563488385776753,-0.3784390048634126,-0.07432941462471664,-0.11559856812793746,2.7250552152068273,-0.678729811709616,-0.6069769786668839,1.3384360436512406,-0.0941763218696022,-0.105409255338946,-0.23073955174772434,-0.7741427596395154,-0.2773500981126145,-0.19090958396133909,0.9095654110330884,-0.41554832735932656,-0.21160368475757949,-0.43893114546442885,-0.21442250696755896,-0.3018726524899911,-0.6461002111639058,-0.153694655873568,0.6839166144230383,-0.3493873447137373,-0.2909029959270487,-0.03316790634033297,-0.27272727272727276,-0.3353646338730602,0.8738225743667123,-0.033167906340332974,-0.033167906340332974
-0.5691935751575237,-0.5834888826413405,0.5687754622552115,0.05150767798910737,-1.2596104106039374,-0.3180714384808638,-0.508571073354389,-0.3353646338730602,1.1756695764029879,-0.9075501609217962,-0.25607375986579195,-0.24112141108520604,-1.1677484162422842,-0.3784390048634126,-0.07432941462471664,-0.11559856812793746,-0.3669650414492984,1.4733403229794104,-0.6069769786668839,1.3384360436512406,-0.0941763218696022,-0.105409255338946,-0.23073955174772434,-0.7741427596395154,-0.2773500981126145,-0.19090958396133909,-1.0994261521710633,2.4064589703793833,-0.21160368475757949,-0.43893114546442885,-0.21442250696755896,-0.3018726524899911,-0.6461002111639058,-0.153694655873568,0.6839166144230383,-0.3493873447137373,-0.2909029959270487,-0.03316790634033297,-0.27272727272727276,-0.3353646338730602,0.8738225743667123,-0.033167906340332974,-0.033167906340332974
-0.5691935751575237,-0.5834888826413405,0.473561026888721,0.8410817310839872,-1.720801958704679,-0.3180714384808638,-0.508571073354389,-0.3353646338730602,1.1756695764029879,1.101867470316244,-0.25607375986579195,-0.24112141108520604,-1.1677484162422842,2.6424337532568107,-0.07432941462471664,-0.11559856812793746,-0.3669650414492984,-0.678729811709616,-0.6069769786668839,1.3384360436512406,-0.0941763218696022,-0.105409255338946,-0.23073955174772434,-0.7741427596395154,-0.2773500981126145,-0.19090958396133909,0.9095654110330884,-0.41554832735932656,-0.21160368475757949,-0.43893114546442885,-0.21442250696755896,-0.3018726524899911,-0.6461002111639058,-0.153694655873568,0.6839166144230383,-0.3493873447137373,-0.2909029959270487,-0.03316790634033297,-0.27272727272727276,-0.3353646338730602,0.8738225743667123,-0.033167906340332974,-0.033167906340332974
-0.5691935751575237,-0.5834888826413405,0.9496332037211737,1.133721065447824,-0.06051238554200934,-0.3180714384808638,-0.508571073354389,-0.3353646338730602,1.1756695764029879,1.101867470316244,-0.25607375986579195,-0.24112141108520604,0.8563488385776753,-0.3784390048634126,-0.07432941462471664,-0.11559856812793746,2.7250552152068273,-0.678729811709616,-0.6069769786668839,1.3384360436512406,-0.0941763218696022,-0.105409255338946,-0.23073955174772434,-0.7741427596395154,-0.2773500981126145,-0.19090958396133909,0.9095654110330884,-0.41554832735932656,-0.21160368475757949,-0.43893114546442885,-0.21442250696755896,-0.3018726524899911,-0.6461002111639058,-0.153694655873568,0.6839166144230383,-0.3493873447137373,-0.2909029959270487,-0.03316790634033297,-0.27272727272727276,-0.3353646338730602,0.8738225743667123,-0.033167906340332974,-0.033167906340332974
-0.5691935751575237,-0.5834888826413405,-0.09772558531022213,-0.31843261262178046,-0.5217039336427509,-0.3180714384808638,-0.508571073354389,2.981829027262644,-0.8505791253521618,-0.9075501609217962,-0.25607375986579195,-0.24112141108520604,-1.1677484162422842,-0.3784390048634126,-0.07432941462471664,-0.11559856812793746,-0.3669650414492984,1.4733403229794104,-0.6069769786668839,1.3384360436512406,-0.0941763218696022,-0.105409255338946,-0.23073955174772434,-0.7741427596395154,-0.2773500981126145,-0.19090958396133909,-1.0994261521710633,2.4064589703793833,-0.21160368475757949,-0.43893114546442885,-0.21442250696755896,-0.3018726524899911,1.547747520773237,-0.153694655873568,-1.4621665549733924,2.862152894574151,-0.2909029959270487,-0.03316790634033297,-0.27272727272727276,-0.3353646338730602,-1.1443970770893999,-0.033167906340332974,-0.033167906340332974
-0.5379606908477463,-0.550993479752502,0.18791772078924943,0.780345265461304,0.2162025433184356,0.4706070602046561,-0.508571073354389,-0.3353646338730602,1.1756695764029879,1.101867470316244,-0.25607375986579195,-0.24112141108520604,0.8563488385776753,-0.3784390048634126,-0.07432941462471664,-0.11559856812793746,-0.3669650414492984,1.4733403229794104,-0.6069769786668839,1.3384360436512406,-0.0941763218696022,-0.105409255338946,-0.23073955174772434,-0.7741427596395154,-0.2773500981126145,-0.19090958396133909,0.9095654110330884,-0.41554832735932656,-0.21160368475757949,-0.43893114546442885,-0.21442250696755896,3.312655160219113,1.547747520773237,-0.153694655873568,-1.4621665549733924,2.862152894574151,-0.2909029959270487,-0.03316790634033297,-0.27272727272727276,-0.3353646338730602,-1.1443970770893999,-0.033167906340332974,-0.033167906340332974
-0.5379606908477463,-0.550993479752502,0.663989897621702,-0.710458890731826,0.7696324010393255,-0.3180714384808638,-0.508571073354389,-0.3353646338730602,1.1756695764029879,-0.9075501609217962,-0.25607375986579195,-0.24112141108520604,0.8563488385776753,-0.3784390048634126,-0.07432941462471664,-0.11559856812793746,-0.3669650414492984,1.4733403229794104,-0.6069769786668839,1.3384360436512406,-0.0941763218696022,-0.105409255338946,-0.23073955174772434,-0.7741427596395154,-0.2773500981126145,-0.19090958396133909,0.9095654110330884,-0.41554832735932656,-0.21160368475757949,-0.43893114546442885,-0.21442250696755896,-0.3018726524899911,1.547747520773237,-0.153694655873568,-1.4621665549733924,2.862152894574151,-0.2909029959270487,-0.03316790634033297,-0.27272727272727276,-0.3353646338730602,-1.1443970770893999,-0.033167906340332974,-0.033167906340332974
-0.5379606908477463,-0.550993479752502,0.8544187683546831,1.5202258466830796,-0.8906571721233442,-0.3180714384808638,-0.508571073354389,-0.3353646338730602,1.1756695764029879,1.101867470316244,-0.25607375986579195,-0.24112141108520604,-1.1677484162422842,2.6424337532568107,-0.07432941462471664,-0.11559856812793746,-0.3669650414492984,-0.678729811709616,-0.6069769786668839,1.3384360436512406,-0.0941763218696022,-0.105409255338946,-0.23073955174772434,-0.7741427596395154,-0.2773500981126145,-0.19090958396133909,0.9095654110330884,-0.41554832735932656,-0.21160368475757949,-0.43893114546442885,-0.21442250696755896,-0.3018726524899911,-0.6461002111639058,-0.153694655873568,0.6839166144230383,2.862152894574151,-0.2909029959270487,-0.03316790634033297,-0.27272727272727276,-0.3353646338730602,-1.1443970770893999,-0.033167906340332974,-0.033167906340332974
-0.5379606908477463,-0.550993479752502,0.9496332037211737,1.6913922498015503,-0.42946562402260263,0.07626781086189616,-0.508571073354389,-0.3353646338730602,1.1756695764029879,1.101867470316244,-0.25607375986579195,-0.24112141108520604,0.8563488385776753,-0.3784390048634126,-0.07432941462471664,-0.11559856812793746,-0.3669650414492984,1.4733403229794104,-0.6069769786668839,1.3384360436512406,-0.0941763218696022,-0.105409255338946,-0.23073955174772434,-0.7741427596395154,-0.2773500981126145,-0.19090958396133909,-1.0994261521710633,2.4064589703793833,-0.21160368475757949,-0.43893114546442885,-0.21442250696755896,-0.3018726524899911,-0.6461002111639058,-0.153694655873568,0.6839166144230383,2.862152894574151,-0.2909029959270487,-0.03316790634033297,-0.27272727272727276,-0.3353646338730602,-1.1443970770893999,-0.033167906340332974,-0.033167906340332974
-0.5379606908477463,-0.550993479752502,0.3783465915222305,0.8410817310839872,-1.8130402683248275,-0.3180714384808638,-0.508571073354389,-0.3353646338730602,1.1756695764029879,1.101867470316244,-0.25607375986579195,-0.24112141108520604,0.8563488385776753,-0.3784390048634126,-0.07432941462471664,-0.11559856812793746,2.7250552152068273,-0.678729811709616,-0.6069769786668839,1.3384360436512406,-0.0941763218696022,-0.105409255338946,-0.23073955174772434,-0.7741427596395154,-0.2773500981126145,-0.19090958396133909,0.9095654110330884,-0.41554832735932656,-0.21160368475757949,-0.43893114546442885,-0.21442250696755896,-0.3018726524899911,-0.6461002111639058,-0.153694655873568,0.6839166144230383,2.862152894574151,-0.2909029959270487,-0.03316790634033297,-0.27272727272727276,-0.3353646338730602,-1.1443970770893999,-0.033167906340332974,-0.033167906340332974
-0.5028236959992469,-0.5184980768636636,-0.002511149943731609,0.5815713779688869,-1.2596104106039374,0.4706070602046561,-0.508571073354389,2.981829027262644,-0.8505791253521618,-0.9075501609217962,-0.25607375986579195,-0.24112141108520604,-1.1677484162422842,-0.3784390048634126,-0.07432941462471664,-0.11559856812793746,-0.3669650414492984,1.4733403229794104,-0.6069769786668839,1.3384360436512406,-0.0941763218696022,-0.105409255338946,-0.23073955174772434,-0.7741427596395154,-0.2773500981126145,-0.19090958396133909,-1.0994261521710633,2.4064589703793833,-0.21160368475757949,-0.43893114546442885,-0.21442250696755896,-0.3018726524899911,-0.6461002111639058,-0.153694655873568,0.6839166144230383,2.862152894574151,-0.2909029959270487,-0.03316790634033297,-0.27272727272727276,-0.3353646338730602,-1.1443970770893999,-0.033167906340332974,-0.033167906340332974
-0.5028236959992469,-0.5184980768636636,-0.28815445604320317,-0.5558569782377237,0.03172592407813898,0.07626781086189616,-0.508571073354389,-0.3353646338730602,1.1756695764029879,-0.9075501609217962,-0.25607375986579195,-0.24112141108520604,0.8563488385776753,-0.3784390048634126,-0.07432941462471664,-0.11559856812793746,-0.3669650414492984,1.4733403229794104,-0.6069769786668839,1.3384360436512406,-0.0941763218696022,-0.105409255338946,-0.23073955174772434,-0.7741427596395154,-0.2773500981126145,-0.19090958396133909,0.9095654110330884,-0.41554832735932656,-0.21160368475757949,-0.43893114546442885,-0.21442250696755896,-0.3018726524899911,-0.6461002111639058,-0.153694655873568,0.6839166144230383,2.862152894574151,-0.2909029959270487,-0.03316790634033297,-0.27272727272727276,-0.3353646338730602,-1.1443970770893999,-0.033167906340332974,-0.033167906340332974
-0.5028236959992469,-0.5184980768636636,0.28313215615573994,-0.19695968137641442,-1.5363253394643823,-0.3180714384808638,-0.508571073354389,-0.3353646338730602,1.1756695764029879,-0.9075501609217962,-0.25607375986579195,-0.24112141108520604,-1.1677484162422842,2.6424337532568107,-0.07432941462471664,-0.11559856812793746,-0.3669650414492984,-0.678729811709616,-0.6069769786668839,1.3384360436512406,-0.0941763218696022,-0.105409255338946,-0.23073955174772434,-0.7741427596395154,-0.2773500981126145,-0.19090958396133909,0.9095654110330884,-0.41554832735932656,-0.21160368475757949,-0.43893114546442885,-0.21442250696755896,-0.3018726524899911,-0.6461002111639058,-0.153694655873568,0.6839166144230383,2.862152894574151,-0.2909029959270487,-0.03316790634033297,-0.27272727272727276,-0.3353646338730602,-1.1443970770893999,-0.033167906340332974,-0.033167906340332974
-0.4715908116894696,-0.48600267397482516,0.09270328542275891,0.8245172404596189,-1.720801958704679,0.4706070602046561,-0.508571073354389,2.981829027262644,-0.8505791253521618,1.101867470316244,-0.25607375986579195,-0.24112141108520604,0.8563488385776753,-0.3784390048634126,-0.07432941462471664,-0.11559856812793746,-0.3669650414492984,1.4733403229794104,-0.6069769786668839,1.3384360436512406,-0.0941763218696022,-0.105409255338946,-0.23073955174772434,-0.7741427596395154,-0.2773500981126145,-0.19090958396133909,0.9095654110330884,-0.41554832735932656,-0.21160368475757949,-0.43893114546442885,-0.21442250696755896,-0.3018726524899911,-0.6461002111639058,-0.153694655873568,0.6839166144230383,2.862152894574151,-0.2909029959270487,-0.03316790634033297,-0.27272727272727276,-0.3353646338730602,-1.1443970770893999,-0.033167906340332974,-0.033167906340332974
-0.4715908116894696,-0.48600267397482516,0.7592043329881926,0.1840236029840519,0.7696324010393255,-0.3180714384808638,-0.508571073354389,-0.3353646338730602,1.1756695764029879,1.101867470316244,-0.25607375986579195,-0.24112141108520604,0.8563488385776753,-0.3784390048634126,-0.07432941462471664,-0.11559856812793746,2.7250552152068273,-0.678729811709616,-0.6069769786668839,-0.7471406682025761,-0.0941763218696022,-0.105409255338946,-0.23073955174772434,-0.7741427596395154,-0.2773500981126145,-0.19090958396133909,0.9095654110330884,-0.41554832735932656,-0.21160368475757949,-0.43893114546442885,-0.21442250696755896,-0.3018726524899911,-0.6461002111639058,-0.153694655873568,0.6839166144230383,2.862152894574151,-0.2909029959270487,-0.03316790634033297,-0.27272727272727276,-0.3353646338730602,-1.1443970770893999,-0.033167906340332974,-0.033167906340332974
-0.44035792737969226,-0.45350727108598676,1.1400620744541548,1.25519399669319,-1.5363253394643823,-0.3180714384808638,-0.508571073354389,-0.3353646338730602,1.1756695764029879,1.101867470316244,-0.25607375986579195,-0.24112141108520604,-1.1677484162422842,-0.3784390048634126,-0.07432941462471664,-0.11559856812793746,-0.3669650414492984,1.4733403229794104,-0.6069769786668839,1.3384360436512406,-0.0941763218696022,-0.105409255338946,-0.23073955174772434,-0.7741427596395154,-0.2773500981126145,-0.19090958396133909,0.9095654110330884,-0.41554832735932656,-0.21160368475757949,-0.43893114546442885,-0.21442250696755896,-0.3018726524899911,1.547747520773237,-0.153694655873568,-1.4621665549733924,-0.3493873447137373,-0.2909029959270487,-0.03316790634033297,-0.27272727272727276,-0.3353646338730602,0.8738225743667123,-0.033167906340332974,-0.033167906340332974
-0.44035792737969226,-0.45350727108598676,0.3783465915222305,1.4705323748099755,0.5851557817990288,0.07626781086189616,-0.508571073354389,-0.3353646338730602,1.1756695764029879,1.101867470316244,-0.25607375986579195,-0.24112141108520604,0.8563488385776753,2.6424337532568107,-0.07432941462471664,-0.11559856812793746,-0.3669650414492984,-0.678729811709616,-0.6069769786668839,1.3384360436512406,-0.0941763218696022,-0.105409255338946,-0.23073955174772434,-0.7741427596395154,-0.2773500981126145,-0.19090958396133909,0.9095654110330884,-0.41554832735932656,-0.21160368475757949,-0.43893114546442885,-0.21442250696755896,-0.3018726524899911,-0.6461002111639058,-0.153694655873568,0.6839166144230383,-0.3493873447137373,-0.2909029959270487,-0.03316790634033297,-0.27272727272727276,-0.3353646338730602,0.8738225743667123,-0.033167906340332974,-0.033167906340332974
-0.44035792737969226,-0.45350727108598676,0.3783465915222305,-0.025793278257944138,0.5851557817990288,-0.3180714384808638,-0.508571073354389,-0.3353646338730602,1.1756695764029879,-0.9075501609217962,-0.25607375986579195,-0.24112141108520604,0.8563488385776753,-0.3784390048634126,-0.07432941462471664,-0.11559856812793746,-0.3669650414492984,1.4733403229794104,-0.6069769786668839,1.3384360436512406,-0.0941763218696022,-0.105409255338946,-0.23073955174772434,-0.7741427596395154,-0.2773500981126145,-0.19090958396133909,-1.0994261521710633,2.4064589703793833,-0.21160368475757949,-0.43893114546442885,-0.21442250696755896,-0.3018726524899911,1.547747520773237,-0.153694655873568,-1.4621665549733924,-0.3493873447137373,-0.2909029959270487,-0.03316790634033297,-0.27272727272727276,-0.3353646338730602,0.8738225743667123,-0.033167906340332974,-0.033167906340332974
-0.44035792737969226,-0.45350727108598676,0.473561026888721,1.8404726654208632,-0.8906571721233442,0.4706070602046561,-0.508571073354389,-0.3353646338730602,1.1756695764029879,1.101867470316244,-0.25607375986579195,-0.24112141108520604,0.8563488385776753,-0.3784390048634126,-0.07432941462471664,-0.11559856812793746,2.7250552152068273,-0.678729811709616,-0.6069769786668839,-0.7471406682025761,-0.0941763218696022,-0.105409255338946,-0.23073955174772434,-0.7741427596395154,-0.2773500981126145,-0.19090958396133909,0.9095654110330884,-0.41554832735932656,-0.21160368475757949,-0.43893114546442885,-0.21442250696755896,3.312655160219113,-0.6461002111639058,-0.153694655873568,0.6839166144230383,-0.3493873447137373,-0.2909029959270487,-0.03316790634033297,-0.27272727272727276,-0.3353646338730602,0.8738225743667123,-0.033167906340332974,-0.033167906340332974
-0.44035792737969226,-0.45350727108598676,-0.09772558531022213,-0.8429748157267708,-0.6139422432628993,0.07626781086189616,-0.508571073354389,-0.3353646338730602,1.1756695764029879,-0.9075501609217962,-0.25607375986579195,-0.24112141108520604,-1.1677484162422842,-0.3784390048634126,-0.07432941462471664,-0.11559856812793746,-0.3669650414492984,1.4733403229794104,-0.6069769786668839,-0.7471406682025761,-0.0941763218696022,-0.105409255338946,-0.23073955174772434,-0.7741427596395154,-0.2773500981126145,5.238081709939242,0.9095654110330884,-0.41554832735932656,-0.21160368475757949,-0.43893114546442885,-0.21442250696755896,-0.3018726524899911,-0.6461002111639058,-0.153694655873568,0.6839166144230383,-0.3493873447137373,-0.2909029959270487,-0.03316790634033297,-0.27272727272727276,-0.3353646338730602,0.8738225743667123,-0.033167906340332974,-0.033167906340332974
-0.44035792737969226,-0.45350727108598676,-0.09772558531022213,0.8962966998318808,-1.444087029844234,-0.3180714384808638,-0.508571073354389,-0.3353646338730602,1.1756695764029879,-0.9075501609217962,-0.25607375986579195,-0.24112141108520604,0.8563488385776753,-0.3784390048634126,-0.07432941462471664,-0.11559856812793746,-0.3669650414492984,1.4733403229794104,-0.6069769786668839,1.3384360436512406,-0.0941763218696022,-0.105409255338946,-0.23073955174772434,-0.7741427596395154,-0.2773500981126145,-0.19090958396133909,0.9095654110330884,-0.41554832735932656,-0.21160368475757949,-0.43893114546442885,-0.21442250696755896,-0.3018726524899911,1.547747520773237,-0.153694655873568,-1.4621665549733924,-0.3493873447137373,-0.2909029959270487,-0.03316790634033297,-0.27272727272727276,-0.3353646338730602,0.8738225743667123,-0.033167906340332974,-0.033167906340332974
-0.40522093253119285,-0.4210118681971483,0.473561026888721,1.5809623123057635,-0.15275069516215767,0.4706070602046561,-0.508571073354389,-0.3353646338730602,1.1756695764029879,1.101867470316244,-0.25607375986579195,-0.24112141108520604,0.8563488385776753,-0.3784390048634126,-0.07432941462471664,-0.11559856812793746,-0.3669650414492984,1.4733403229794104,-0.6069769786668839,1.3384360436512406,-0.0941763218696022,-0.105409255338946,-0.23073955174772434,-0.7741427596395154,-0.2773500981126145,-0.19090958396133909,-1.0994261521710633,2.4064589703793833,-0.21160368475757949,-0.43893114546442885,-0.21442250696755896,-0.3018726524899911,-0.6461002111639058,-0.153694655873568,0.6839166144230383,-0.3493873447137373,-0.2909029959270487,-0.03316790634033297,-0.27272727272727276,-0.3353646338730602,0.8738225743667123,-0.033167906340332974,-0.033167906340332974
-0.40522093253119285,-0.4210118681971483,0.473561026888721,1.1392425623226132,-1.720801958704679,-0.3180714384808638,-0.508571073354389,-0.3353646338730602,1.1756695764029879,1.101867470316244,-0.25607375986579195,-0.24112141108520604,0.8563488385776753,-0.3784390048634126,-0.07432941462471664,-0.11559856812793746,-0.3669650414492984,1.4733403229794104,-0.6069769786668839,1.3384360436512406,-0.0941763218696022,-0.105409255338946,-0.23073955174772434,-0.7741427596395154,-0.2773500981126145,-0.19090958396133909,-1.0994261521710633,2.4064589703793833,-0.21160368475757949,-0.43893114546442885,-0.21442250696755896,-0.3018726524899911,-0.6461002111639058,-0.153694655873568,0.6839166144230383,-0.3493873447137373,-0.2909029959270487,-0.03316790634033297,-0.27272727272727276,-0.3353646338730602,0.8738225743667123,-0.033167906340332974,-0.033167906340332974
-0.40522093253119285,-0.4210118681971483,-0.28815445604320317,0.29997503735462866,-0.15275069516215767,-1.5010891865091436,-0.508571073354389,-0.3353646338730602,1.1756695764029879,-0.9075501609217962,-0.25607375986579195,-0.24112141108520604,-1.1677484162422842,-0.3784390048634126,-0.07432941462471664,-0.11559856812793746,-0.3669650414492984,1.4733403229794104,-0.6069769786668839,1.3384360436512406,-0.0941763218696022,-0.105409255338946,-0.23073955174772434,-0.7741427596395154,-0.2773500981126145,-0.19090958396133909,-1.0994261521710633,-0.41554832735932656,-0.21160368475757949,-0.43893114546442885,-0.21442250696755896,-0.3018726524899911,-0.6461002111639058,-0.153694655873568,0.6839166144230383,-0.3493873447137373,-0.2909029959270487,-0.03316790634033297,-0.27272727272727276,-0.3353646338730602,0.8738225743667123,-0.033167906340332974,-0.033167906340332974
-0.3739880482214155,-0.3885164653083099,-0.002511149943731609,-0.14726620950331015,-0.8906571721233442,-1.5010891865091436,-0.508571073354389,-0.3353646338730602,1.1756695764029879,-0.9075501609217962,-0.25607375986579195,-0.24112141108520604,0.8563488385776753,-0.3784390048634126,-0.07432941462471664,-0.11559856812793746,-0.3669650414492984,1.4733403229794104,-0.6069769786668839,1.3384360436512406,-0.0941763218696022,-0.105409255338946,-0.23073955174772434,-0.7741427596395154,-0.2773500981126145,-0.19090958396133909,0.9095654110330884,-0.41554832735932656,-0.21160368475757949,-0.43893114546442885,-0.21442250696755896,-0.3018726524899911,-0.6461002111639058,-0.153694655873568,0.6839166144230383,-0.3493873447137373,-0.2909029959270487,-0.03316790634033297,-0.27272727272727276,-0.3353646338730602,0.8738225743667123,-0.033167906340332974,-0.033167906340332974
-0.3427551639116382,-0.3560210624194715,-0.002511149943731609,-0.14726620950331015,0.5851557817990288,0.07626781086189616,-0.508571073354389,-0.3353646338730602,1.1756695764029879,1.101867470316244,-0.25607375986579195,-0.24112141108520604,0.8563488385776753,-0.3784390048634126,-0.07432941462471664,-0.11559856812793746,-0.3669650414492984,1.4733403229794104,-0.6069769786668839,1.3384360436512406,-0.0941763218696022,-0.105409255338946,-0.23073955174772434,-0.7741427596395154,-0.2773500981126145,-0.19090958396133909,0.9095654110330884,-0.41554832735932656,-0.21160368475757949,-0.43893114546442885,-0.21442250696755896,-0.3018726524899911,-0.6461002111639058,-0.153694655873568,0.6839166144230383,-0.3493873447137373,-0.2909029959270487,-0.03316790634033297,-0.27272727272727276,-0.3353646338730602,0.8738225743667123,-0.033167906340332974,-0.033167906340332974
-0.3427551639116382,-0.3560210624194715,-0.002511149943731609,-0.14726620950331015,-1.6285636490845308,0.4706070602046561,-0.508571073354389,-0.3353646338730602,1.1756695764029879,1.101867470316244,-0.25607375986579195,-0.24112141108520604,0.8563488385776753,-0.3784390048634126,-0.07432941462471664,-0.11559856812793746,-0.3669650414492984,1.4733403229794104,-0.6069769786668839,1.3384360436512406,-0.0941763218696022,-0.105409255338946,-0.23073955174772434,-0.7741427596395154,-0.2773500981126145,-0.19090958396133909,0.9095654110330884,-0.41554832735932656,-0.21160368475757949,-0.43893114546442885,-0.21442250696755896,-0.3018726524899911,-0.6461002111639058,-0.153694655873568,0.6839166144230383,-0.3493873447137373,-0.2909029959270487,-0.03316790634033297,-0.27272727272727276,-0.3353646338730602,0.8738225743667123,-0.033167906340332974,-0.033167906340332974
-0.30761816906313877,-0.32352565953063306,-0.002511149943731609,-0.14726620950331015,-0.3372273144024543,-1.5010891865091436,-0.508571073354389,-0.3353646338730602,1.1756695764029879,-0.9075501609217962,-0.25607375986579195,-0.24112141108520604,0.8563488385776753,-0.3784390048634126,-0.07432941462471664,-0.11559856812793746,-0.3669650414492984,1.4733403229794104,-0.6069769786668839,1.3384360436512406,-0.0941763218696022,-0.105409255338946,-0.23073955174772434,-0.7741427596395154,-0.2773500981126145,-0.19090958396133909,0.9095654110330884,-0.41554832735932656,-0.21160368475757949,-0.43893114546442885,-0.21442250696755896,-0.3018726524899911,-0.6461002111639058,-0.153694655873568,0.6839166144230383,-0.3493873447137373,-0.2909029959270487,-0.03316790634033297,-0.27272727272727276,-0.3353646338730602,0.8738225743667123,-0.033167906340332974,-0.033167906340332974
-0.27638528475336144,-0.29103025664179466,-0.002511149943731609,-0.14726620950331015,0.6773940914191772,0.07626781086189616,-0.508571073354389,-0.3353646338730602,1.1756695764029879,1.101867470316244,-0.25607375986579195,-0.24112141108520604,0.8563488385776753,-0.3784390048634126,-0.07432941462471664,-0.11559856812793746,-0.3669650414492984,1.4733403229794104,-0.6069769786668839,1.3384360436512406,-0.0941763218696022,-0.105409255338946,-0.23073955174772434,-0.7741427596395154,-0.2773500981126145,-0.19090958396133909,0.9095654110330884,-0.41554832735932656,-0.21160368475757949,-0.43893114546442885,-0.21442250696755896,3.312655160219113,1.547747520773237,-0.153694655873568,-1.4621665549733924,-0.3493873447137373,-0.2909029959270487,-0.03316790634033297,-0.27272727272727276,-0.3353646338730602,0.8738225743667123,-0.033167906340332974,-0.033167906340332974
-0.2451524004435841,-0.2585348537529562,-0.002511149943731609,-0.14726620950331015,0.8618707106594738,0.07626781086189616,-0.508571073354389,-0.3353646338730602,1.1756695764029879,1.101867470316244,-0.25607375986579195,-0.24112141108520604,0.8563488385776753,-0.3784390048634126,-0.07432941462471664,-0.11559856812793746,-0.3669650414492984,1.4733403229794104,-0.6069769786668839,1.3384360436512406,-0.0941763218696022,-0.105409255338946,-0.23073955174772434,-0.7741427596395154,-0.2773500981126145,-0.19090958396133909,-1.0994261521710633,2.4064589703793833,-0.21160368475757949,-0.43893114546442885,-0.21442250696755896,-0.3018726524899911,-0.6461002111639058,-0.153694655873568,0.6839166144230383,-0.3493873447137373,-0.2909029959270487,-0.03316790634033297,-0.27272727272727276,-0.3353646338730602,0.8738225743667123,-0.033167906340332974,-0.033167906340332974
-0.2451524004435841,-0.2585348537529562,-0.002511149943731609,-0.14726620950331015,0.9541090202796222,-1.5010891865091436,-0.508571073354389,-0.3353646338730602,1.1756695764029879,1.101867470316244,-0.25607375986579195,-0.24112141108520604,-1.1677484162422842,-0.3784390048634126,-0.07432941462471664,-0.11559856812793746,2.7250552152068273,-0.678729811709616,-0.6069769786668839,1.3384360436512406,-0.0941763218696022,-0.105409255338946,-0.23073955174772434,-0.7741427596395154,-0.2773500981126145,-0.19090958396133909,0.9095654110330884,-0.41554832735932656,-0.21160368475757949,-0.43893114546442885,-0.21442250696755896,-0.3018726524899911,-0.6461002111639058,-0.153694655873568,0.6839166144230383,-0.3493873447137373,-0.2909029959270487,-0.03316790634033297,-0.27272727272727276,-0.3353646338730602,0.8738225743667123,-0.033167906340332974,-0.033167906340332974
-0.2451524004435841,-0.2585348537529562,-0.002511149943731609,-0.14726620950331015,-0.42946562402260263,-0.3180714384808638,-0.508571073354389,-0.3353646338730602,1.1756695764029879,1.101867470316244,-0.25607375986579195,-0.24112141108520604,-1.1677484162422842,-0.3784390048634126,-0.07432941462471664,-0.11559856812793746,-0.3669650414492984,1.4733403229794104,-0.6069769786668839,1.3384360436512406,-0.0941763218696022,-0.105409255338946,-0.23073955174772434,-0.7741427596395154,-0.2773500981126145,-0.19090958396133909,0.9095654110330884,-0.41554832735932656,-0.21160368475757949,-0.43893114546442885,-0.21442250696755896,-0.3018726524899911,1.547747520773237,-0.153694655873568,-1.4621665549733924,-0.3493873447137373,-0.2909029959270487,-0.03316790634033297,-0.27272727272727276,-0.3353646338730602,0.8738225743667123,-0.033167906340332974,-0.033167906340332974
-0.2100154055950847,-0.2260394508641178,1.1400620744541548,0.2392385717319459,-0.5217039336427509,0.07626781086189616,-0.508571073354389,-0.3353646338730602,1.1756695764029879,1.101867470316244,-0.25607375986579195,-0.24112141108520604,0.8563488385776753,-0.3784390048634126,-0.07432941462471664,-0.11559856812793746,2.7250552152068273,-0.678729811709616,-0.6069769786668839,-0.7471406682025761,-0.0941763218696022,-0.105409255338946,-0.23073955174772434,-0.7741427596395154,-0.2773500981126145,-0.19090958396133909,0.9095654110330884,-0.41554832735932656,-0.21160368475757949,-0.43893114546442885,-0.21442250696755896,-0.3018726524899911,1.547747520773237,-0.153694655873568,-1.4621665549733924,-0.3493873447137373,-0.2909029959270487,-0.03316790634033297,-0.27272727272727276,-0.3353646338730602,0.8738225743667123,-0.033167906340332974,-0.033167906340332974
-0.2100154055950847,-0.2260394508641178,0.473561026888721,-0.28530363137304443,-1.3518487202240859,-1.5010891865091436,-0.508571073354389,-0.3353646338730602,1.1756695764029879,-0.9075501609217962,-0.25607375986579195,-0.24112141108520604,-1.1677484162422842,2.6424337532568107,-0.07432941462471664,-0.11559856812793746,-0.3669650414492984,-0.678729811709616,-0.6069769786668839,1.3384360436512406,-0.0941763218696022,-0.105409255338946,-0.23073955174772434,-0.7741427596395154,-0.2773500981126145,-0.19090958396133909,0.9095654110330884,-0.41554832735932656,-0.21160368475757949,-0.43893114546442885,-0.21442250696755896,-0.3018726524899911,1.547747520773237,-0.153694655873568,-1.4621665549733924,-0.3493873447137373,-0.2909029959270487,-0.03316790634033297,-0.27272727272727276,-0.3353646338730602,0.8738225743667123,-0.033167906340332974,-0.033167906340332974
-0.2100154055950847,-0.2260394508641178,0.28313215615573994,0.16193761548489438,-1.444087029844234,-1.5010891865091436,-0.508571073354389,-0.3353646338730602,1.1756695764029879,-0.9075501609217962,-0.25607375986579195,-0.24112141108520604,-1.1677484162422842,-0.3784390048634126,-0.07432941462471664,-0.11559856812793746,-0.3669650414492984,1.4733403229794104,-0.6069769786668839,1.3384360436512406,-0.0941763218696022,-0.105409255338946,-0.23073955174772434,-0.7741427596395154,-0.2773500981126145,-0.19090958396133909,0.9095654110330884,-0.41554832735932656,-0.21160368475757949,-0.43893114546442885,-0.21442250696755896,-0.3018726524899911,-0.6461002111639058,-0.153694655873568,0.6839166144230383,-0.3493873447137373,-0.2909029959270487,-0.03316790634033297,-0.27272727272727276,-0.3353646338730602,0.8738225743667123,-0.033167906340332974,-0.033167906340332974
-0.2100154055950847,-0.2260394508641178,0.8544187683546831,-0.09757273763020591,-0.8906571721233442,-1.5010891865091436,-0.508571073354389,-0.3353646338730602,1.1756695764029879,-0.9075501609217962,-0.25607375986579195,-0.24112141108520604,-1.1677484162422842,-0.3784390048634126,-0.07432941462471664,-0.11559856812793746,-0.3669650414492984,1.4733403229794104,-0.6069769786668839,-0.7471406682025761,-0.0941763218696022,-0.105409255338946,-0.23073955174772434,-0.7741427596395154,-0.2773500981126145,-0.19090958396133909,-1.0994261521710633,2.4064589703793833,-0.21160368475757949,-0.43893114546442885,-0.21442250696755896,-0.3018726524899911,-0.6461002111639058,-0.153694655873568,0.6839166144230383,-0.3493873447137373,-0.2909029959270487,-0.03316790634033297,-0.27272727272727276,-0.3353646338730602,0.8738225743667123,-0.033167906340332974,-0.033167906340332974
-0.17878252128530736,-0.19354404797527938,-0.09772558531022213,0.9183826873310382,-1.8130402683248275,-1.5010891865091436,-0.508571073354389,-0.3353646338730602,1.1756695764029879,-0.9075501609217962,-0.25607375986579195,-0.24112141108520604,0.8563488385776753,-0.3784390048634126,-0.07432941462471664,-0.11559856812793746,-0.3669650414492984,1.4733403229794104,-0.6069769786668839,1.3384360436512406,-0.0941763218696022,-0.105409255338946,-0.23073955174772434,-0.7741427596395154,-0.2773500981126145,-0.19090958396133909,0.9095654110330884,-0.41554832735932656,-0.21160368475757949,-0.43893114546442885,-0.21442250696755896,-0.3018726524899911,-0.6461002111639058,-0.153694655873568,0.6839166144230383,-0.3493873447137373,-0.2909029959270487,-0.03316790634033297,-0.27272727272727276,-0.3353646338730602,0.8738225743667123,-0.033167906340332974,-0.033167906340332974
-0.17878252128530736,-0.19354404797527938,0.3783465915222305,0.6643938310907272,-0.24498900478230598,0.07626781086189616,-0.508571073354389,-0.3353646338730602,1.1756695764029879,-0.9075501609217962,-0.25607375986579195,-0.24112141108520604,-1.1677484162422842,-0.3784390048634126,-0.07432941462471664,-0.11559856812793746,-0.3669650414492984,1.4733403229794104,-0.6069769786668839,1.3384360436512406,-0.0941763218696022,-0.105409255338946,-0.23073955174772434,-0.7741427596395154,-0.2773500981126145,-0.19090958396133909,0.9095654110330884,-0.41554832735932656,-0.21160368475757949,-0.43893114546442885,-0.21442250696755896,-0.3018726524899911,-0.6461002111639058,-0.153694655873568,0.6839166144230383,-0.3493873447137373,-0.2909029959270487,-0.03316790634033297,-0.27272727272727276,-0.3353646338730602,0.8738225743667123,-0.033167906340332974,-0.033167906340332974
-0.17878252128530736,-0.19354404797527938,-0.002511149943731609,0.06255067173868588,-1.2596104106039374,0.4706070602046561,-0.508571073354389,-0.3353646338730602,1.1756695764029879,-0.9075501609217962,-0.25607375986579195,-0.24112141108520604,-1.1677484162422842,-0.3784390048634126,-0.07432941462471664,-0.11559856812793746,-0.3669650414492984,1.4733403229794104,-0.6069769786668839,1.3384360436512406,-0.0941763218696022,-0.105409255338946,-0.23073955174772434,-0.7741427596395154,-0.2773500981126145,-0.19090958396133909,0.9095654110330884,-0.41554832735932656,-0.21160368475757949,-0.43893114546442885,-0.21442250696755896,-0.3018726524899911,-0.6461002111639058,-0.153694655873568,0.6839166144230383,-0.3493873447137373,-0.2909029959270487,-0.03316790634033297,-0.27272727272727276,-0.3353646338730602,0.8738225743667123,-0.033167906340332974,-0.033167906340332974
-0.14754963697553003,-0.16104864508644096,0.473561026888721,0.12880863423615838,-0.7984188625031958,0.07626781086189616,-0.508571073354389,-0.3353646338730602,1.1756695764029879,-0.9075501609217962,-0.25607375986579195,-0.24112141108520604,-1.1677484162422842,2.6424337532568107,-0.07432941462471664,-0.11559856812793746,-0.3669650414492984,-0.678729811709616,-0.6069769786668839,-0.7471406682025761,-0.0941763218696022,-0.105409255338946,-0.23073955174772434,-0.7741427596395154,-0.2773500981126145,-0.19090958396133909,-1.0994261521710633,2.4064589703793833,-0.21160368475757949,-0.43893114546442885,-0.21442250696755896,-0.3018726524899911,-0.6461002111639058,-0.153694655873568,0.6839166144230383,-0.3493873447137373,-0.2909029959270487,-0.03316790634033297,-0.27272727272727276,-0.3353646338730602,0.8738225743667123,-0.033167906340332974,-0.033167906340332974
-0.14754963697553003,-0.16104864508644096,0.8544187683546831,1.7631717091738126,0.49291747217888054,0.4706070602046561,-0.508571073354389,-0.3353646338730602,1.1756695764029879,1.101867470316244,-0.25607375986579195,-0.24112141108520604,0.8563488385776753,-0.3784390048634126,-0.07432941462471664,-0.11559856812793746,-0.3669650414492984,1.4733403229794104,-0.6069769786668839,1.3384360436512406,-0.0941763218696022,-0.105409255338946,-0.23073955174772434,-0.7741427596395154,-0.2773500981126145,-0.19090958396133909,-1.0994261521710633,2.4064589703793833,-0.21160368475757949,-0.43893114546442885,-0.21442250696755896,3.312655160219113,-0.6461002111639058,-0.153694655873568,0.6839166144230383,-0.3493873447137373,-0.2909029959270487,-0.03316790634033297,-0.27272727272727276,-0.3353646338730602,0.8738225743667123,-0.033167906340332974,-0.033167906340332974
-0.14754963697553003,-0.16104864508644096,0.473561026888721,1.5367903373074483,0.2162025433184356,0.07626781086189616,-0.508571073354389,-0.3353646338730602,1.1756695764029879,1.101867470316244,-0.25607375986579195,-0.24112141108520604,0.8563488385776753,-0.3784390048634126,-0.07432941462471664,-0.11559856812793746,-0.3669650414492984,1.4733403229794104,-0.6069769786668839,-0.7471406682025761,-0.0941763218696022,9.48683298050514,-0.23073955174772434,-0.7741427596395154,-0.2773500981126145,-0.19090958396133909,0.9095654110330884,-0.41554832735932656,-0.21160368475757949,-0.43893114546442885,-0.21442250696755896,-0.3018726524899911,-0.6461002111639058,-0.153694655873568,0.6839166144230383,-0.3493873447137373,-0.2909029959270487,-0.03316790634033297,-0.27272727272727276,-0.3353646338730602,0.8738225743667123,-0.033167906340332974,-0.033167906340332974
-0.14754963697553003,-0.16104864508644096,-0.28815445604320317,0.24476006860673516,0.40067916255873226,-1.5010891865091436,-0.508571073354389,-0.3353646338730602,1.1756695764029879,-0.9075501609217962,-0.25607375986579195,-0.24112141108520604,0.8563488385776753,-0.3784390048634126,-0.07432941462471664,-0.11559856812793746,2.7250552152068273,-0.678729811709616,-0.6069769786668839,-0.7471406682025761,-0.0941763218696022,-0.105409255338946,-0.23073955174772434,-0.7741427596395154,-0.2773500981126145,5.238081709939242,0.9095654110330884,-0.41554832735932656,-0.21160368475757949,-0.43893114546442885,-0.21442250696755896,-0.3018726524899911,-0.6461002111639058,-0.153694655873568,0.6839166144230383,-0.3493873447137373,-0.2909029959270487,-0.03316790634033297,-0.27272727272727276,-0.3353646338730602,0.8738225743667123,-0.033167906340332974,-0.033167906340332974
-0.14754963697553003,-0.16104864508644096,0.5687754622552115,1.7189997341754977,-0.7061805528830476,-1.5010891865091436,-0.508571073354389,-0.3353646338730602,1.1756695764029879,1.101867470316244,-0.25607375986579195,-0.24112141108520604,0.8563488385776753,-0.3784390048634126,-0.07432941462471664,-0.11559856812793746,-0.3669650414492984,1.4733403229794104,-0.6069769786668839,1.3384360436512406,-0.0941763218696022,-0.105409255338946,-0.23073955174772434,-0.7741427596395154,-0.2773500981126145,-0.19090958396133909,0.9095654110330884,-0.41554832735932656,-0.21160368475757949,-0.43893114546442885,-0.21442250696755896,-0.3018726524899911,-0.6461002111639058,-0.153694655873568,0.6839166144230383,-0.3493873447137373,-0.2909029959270487,-0.03316790634033297,-0.27272727272727276,-0.3353646338730602,0.8738225743667123,-0.033167906340332974,-0.033167906340332974
-0.14754963697553003,-0.16104864508644096,-0.19294002067671265,-0.5724214688620914,-0.42946562402260263,-1.5010891865091436,-0.508571073354389,-0.3353646338730602,1.1756695764029879,-0.9075501609217962,-0.25607375986579195,-0.24112141108520604,0.8563488385776753,-0.3784390048634126,-0.07432941462471664,-0.11559856812793746,-0.3669650414492984,1.4733403229794104,-0.6069769786668839,1.3384360436512406,-0.0941763218696022,-0.105409255338946,-0.23073955174772434,-0.7741427596395154,-0.2773500981126145,-0.19090958396133909,0.9095654110330884,-0.41554832735932656,-0.21160368475757949,-0.43893114546442885,-0.21442250696755896,-0.3018726524899911,-0.6461002111639058,-0.153694655873568,0.6839166144230383,-0.3493873447137373,-0.2909029959270487,-0.03316790634033297,-0.27272727272727276,-0.3353646338730602,0.8738225743667123,-0.033167906340332974,-0.033167906340332974
-0.14754963697553003,-0.16104864508644096,0.473561026888721,0.5042704217218354,-0.9828954817434925,-1.5010891865091436,-0.508571073354389,-0.3353646338730602,1.1756695764029879,1.101867470316244,-0.25607375986579195,-0.24112141108520604,-1.1677484162422842,-0.3784390048634126,-0.07432941462471664,-0.11559856812793746,-0.3669650414492984,1.4733403229794104,-0.6069769786668839,1.3384360436512406,-0.0941763218696022,-0.105409255338946,-0.23073955174772434,-0.7741427596395154,-0.2773500981126145,-0.19090958396133909,0.9095654110330884,-0.41554832735932656,-0.21160368475757949,-0.43893114546442885,-0.21442250696755896,-0.3018726524899911,-0.6461002111639058,-0.153694655873568,0.6839166144230383,-0.3493873447137373,-0.2909029959270487,-0.03316790634033297,-0.27272727272727276,-0.3353646338730602,0.8738225743667123,-0.033167906340332974,-0.033167906340332974
-0.11241264212703062,-0.12855324219760256,1.5209198159201167,1.8073436841721267,-0.06051238554200934,-1.5010891865091436,-0.508571073354389,-0.3353646338730602,1.1756695764029879,1.101867470316244,-0.25607375986579195,-0.24112141108520604,0.8563488385776753,-0.3784390048634126,-0.07432941462471664,-0.11559856812793746,-0.3669650414492984,1.4733403229794104,-0.6069769786668839,1.3384360436512406,-0.0941763218696022,-0.105409255338946,-0.23073955174772434,-0.7741427596395154,-0.2773500981126145,-0.19090958396133909,0.9095654110330884,-0.41554832735932656,-0.21160368475757949,-0.43893114546442885,-0.21442250696755896,-0.3018726524899911,1.547747520773237,-0.153694655873568,-1.4621665549733924,-0.3493873447137373,-0.2909029959270487,-0.03316790634033297,-0.27272727272727276,-0.3353646338730602,0.8738225743667123,-0.033167906340332974,-0.033167906340332974
-0.11241264212703062,-0.12855324219760256,0.28313215615573994,0.5539638935949397,-1.444087029844234,-1.5010891865091436,-0.508571073354389,-0.3353646338730602,1.1756695764029879,1.101867470316244,-0.25607375986579195,-0.24112141108520604,0.8563488385776753,-0.3784390048634126,-0.07432941462471664,-0.11559856812793746,-0.3669650414492984,1.4733403229794104,-0.6069769786668839,1.3384360436512406,-0.0941763218696022,-0.105409255338946,-0.23073955174772434,-0.7741427596395154,-0.2773500981126145,-0.19090958396133909,-1.0994261521710633,2.4064589703793833,-0.21160368475757949,-0.43893114546442885,-0.21442250696755896,-0.3018726524899911,-0.6461002111639058,-0.153694655873568,0.6839166144230383,-0.3493873447137373,-0.2909029959270487,-0.03316790634033297,-0.27272727272727276,-0.3353646338730602,0.8738225743667123,-0.033167906340332974,-0.033167906340332974
-0.11241264212703062,-0.12855324219760256,0.663989897621702,0.29997503735462866,-0.5217039336427509,-1.5010891865091436,-0.508571073354389,-0.3353646338730602,1.1756695764029879,-0.9075501609217962,-0.25607375986579195,-0.24112141108520604,-1.1677484162422842,-0.3784390048634126,-0.07432941462471664,-0.11559856812793746,-0.3669650414492984,1.4733403229794104,-0.6069769786668839,1.3384360436512406,-0.0941763218696022,-0.105409255338946,-0.23073955174772434,-0.7741427596395154,-0.2773500981126145,-0.19090958396133909,0.9095654110330884,-0.41554832735932656,-0.21160368475757949,-0.43893114546442885,-0.21442250696755896,-0.3018726524899911,-0.6461002111639058,-0.153694655873568,0.6839166144230383,-0.3493873447137373,-0.2909029959270487,-0.03316790634033297,-0.27272727272727276,-0.3353646338730602,0.8738225743667123,-0.033167906340332974,-0.033167906340332974
-0.08117975781725328,-0.09605783930876413,0.09270328542275891,0.12328713736136913,-1.0751337913636407,0.07626781086189616,-0.508571073354389,-0.3353646338730602,1.1756695764029879,-0.9075501609217962,-0.25607375986579195,-0.24112141108520604,-1.1677484162422842,-0.3784390048634126,-0.07432941462471664,-0.11559856812793746,-0.3669650414492984,1.4733403229794104,-0.6069769786668839,1.3384360436512406,-0.0941763218696022,-0.105409255338946,-0.23073955174772434,-0.7741427596395154,-0.2773500981126145,-0.19090958396133909,0.9095654110330884,-0.41554832735932656,-0.21160368475757949,-0.43893114546442885,-0.21442250696755896,-0.3018726524899911,1.547747520773237,-0.153694655873568,-1.4621665549733924,-0.3493873447137373,-0.2909029959270487,-0.03316790634033297,-0.27272727272727276,-0.3353646338730602,0.8738225743667123,-0.033167906340332974,-0.033167906340332974
-0.08117975781725328,-0.09605783930876413,0.28313215615573994,0.25580306235631417,0.40067916255873226,-0.3180714384808638,-0.508571073354389,-0.3353646338730602,1.1756695764029879,1.101867470316244,-0.25607375986579195,-0.24112141108520604,0.8563488385776753,-0.3784390048634126,-0.07432941462471664,-0.11559856812793746,-0.3669650414492984,1.4733403229794104,-0.6069769786668839,1.3384360436512406,-0.0941763218696022,-0.105409255338946,-0.23073955174772434,-0.7741427596395154,-0.2773500981126145,-0.19090958396133909,0.9095654110330884,-0.41554832735932656,-0.21160368475757949,-0.43893114546442885,-0.21442250696755896,-0.3018726524899911,-0.6461002111639058,-0.153694655873568,0.6839166144230383,-0.3493873447137373,-0.2909029959270487,-0.03316790634033297,-0.27272727272727276,-0.3353646338730602,0.8738225743667123,-0.033167906340332974,-0.033167906340332974
-0.04994687350747595,-0.0635624364199257,-0.09772558531022213,-0.4564700344915147,1.2308239491400672,-1.5010891865091436,-0.508571073354389,-0.3353646338730602,1.1756695764029879,-0.9075501609217962,-0.25607375986579195,-0.24112141108520604,0.8563488385776753,-0.3784390048634126,-0.07432941462471664,-0.11559856812793746,-0.3669650414492984,1.4733403229794104,-0.6069769786668839,1.3384360436512406,-0.0941763218696022,-0.105409255338946,-0.23073955174772434,-0.7741427596395154,-0.2773500981126145,-0.19090958396133909,-1.0994261521710633,2.4064589703793833,-0.21160368475757949,-0.43893114546442885,-0.21442250696755896,-0.3018726524899911,-0.6461002111639058,-0.153694655873568,0.6839166144230383,-0.3493873447137373,-0.2909029959270487,-0.03316790634033297,-0.27272727272727276,-0.3353646338730602,0.8738225743667123,-0.033167906340332974,-0.033167906340332974
-0.04994687350747595,-0.0635624364199257,1.0448476390876642,1.3545809404393985,-2.0897551971852724,-1.5010891865091436,-0.508571073354389,-0.3353646338730602,1.1756695764029879,1.101867470316244,-0.25607375986579195,-0.24112141108520604,0.8563488385776753,-0.3784390048634126,-0.07432941462471664,-0.11559856812793746,2.7250552152068273,-0.678729811709616,-0.6069769786668839,1.3384360436512406,-0.0941763218696022,-0.105409255338946,-0.23073955174772434,-0.7741427596395154,-0.2773500981126145,-0.19090958396133909,0.9095654110330884,-0.41554832735932656,-0.21160368475757949,-0.43893114546442885,-0.21442250696755896,-0.3018726524899911,-0.6461002111639058,-0.153694655873568,0.6839166144230383,-0.3493873447137373,-0.2909029959270487,-0.03316790634033297,-0.27272727272727276,-0.3353646338730602,0.8738225743667123,-0.033167906340332974,-0.033167906340332974
-0.04994687350747595,-0.0635624364199257,0.18791772078924943,0.9294256810806173,-1.0751337913636407,-1.5010891865091436,-0.508571073354389,-0.3353646338730602,1.1756695764029879,1.101867470316244,-0.25607375986579195,-0.24112141108520604,-1.1677484162422842,-0.3784390048634126,-0.07432941462471664,-0.11559856812793746,2.7250552152068273,-0.678729811709616,-0.6069769786668839,-0.7471406682025761,-0.0941763218696022,-0.105409255338946,-0.23073955174772434,-0.7741427596395154,-0.2773500981126145,-0.19090958396133909,0.9095654110330884,-0.41554832735932656,-0.21160368475757949,-0.43893114546442885,-0.21442250696755896,-0.3018726524899911,-0.6461002111639058,-0.153694655873568,0.6839166144230383,-0.3493873447137373,-0.2909029959270487,-0.03316790634033297,-0.27272727272727276,-0.3353646338730602,0.8738225743667123,-0.033167906340332974,-0.033167906340332974
-0.04994687350747595,-0.0635624364199257,1.5209198159201167,1.4981398591839226,0.7696324010393255,-1.5010891865091436,-0.508571073354389,-0.3353646338730602,1.1756695764029879,1.101867470316244,-0.25607375986579195,-0.24112141108520604,-1.1677484162422842,-0.3784390048634126,-0.07432941462471664,-0.11559856812793746,-0.3669650414492984,1.4733403229794104,-0.6069769786668839,1.3384360436512406,-0.0941763218696022,-0.105409255338946,-0.23073955174772434,-0.7741427596395154,-0.2773500981126145,-0.19090958396133909,0.9095654110330884,-0.41554832735932656,-0.21160368475757949,-0.43893114546442885,-0.21442250696755896,-0.3018726524899911,1.547747520773237,-0.153694655873568,-1.4621665549733924,-0.3493873447137373,-0.2909029959270487,-0.03316790634033297,-0.27272727272727276,-0.3353646338730602,0.8738225743667123,-0.033167906340332974,-0.033167906340332974
-0.04994687350747595,-0.0635624364199257,0.28313215615573994,-0.5834644626116705,1.1385856395199188,-1.5010891865091436,-0.508571073354389,2.981829027262644,-0.8505791253521618,-0.9075501609217962,-0.25607375986579195,-0.24112141108520604,0.8563488385776753,2.6424337532568107,-0.07432941462471664,-0.11559856812793746,-0.3669650414492984,-0.678729811709616,-0.6069769786668839,1.3384360436512406,-0.0941763218696022,-0.105409255338946,-0.23073955174772434,-0.7741427596395154,-0.2773500981126145,-0.19090958396133909,-1.0994261521710633,2.4064589703793833,-0.21160368475757949,-0.43893114546442885,-0.21442250696755896,-0.3018726524899911,-0.6461002111639058,-0.153694655873568,0.6839166144230383,-0.3493873447137373,-0.2909029959270487,-0.03316790634033297,-0.27272727272727276,-0.3353646338730602,0.8738225743667123,-0.033167906340332974,-0.033167906340332974
-0.04994687350747595,-0.0635624364199257,0.9496332037211737,1.5864838091805527,-1.5363253394643823,-1.5010891865091436,-0.508571073354389,2.981829027262644,-0.8505791253521618,1.101867470316244,-0.25607375986579195,-0.24112141108520604,0.8563488385776753,-0.3784390048634126,-0.07432941462471664,-0.11559856812793746,-0.3669650414492984,1.4733403229794104,-0.6069769786668839,1.3384360436512406,-0.0941763218696022,-0.105409255338946,-0.23073955174772434,-0.7741427596395154,-0.2773500981126145,-0.19090958396133909,-1.0994261521710633,2.4064589703793833,-0.21160368475757949,-0.43893114546442885,-0.21442250696755896,-0.3018726524899911,1.547747520773237,-0.153694655873568,-1.4621665549733924,-0.3493873447137373,-0.2909029959270487,-0.03316790634033297,-0.27272727272727276,-0.3353646338730602,0.8738225743667123,-0.033167906340332974,-0.033167906340332974
-0.014809878658976545,-0.031067033531087286,-0.28815445604320317,0.5208349123462037,0.40067916255873226,0.07626781086189616,-0.508571073354389,2.981829027262644,-0.8505791253521618,-0.9075501609217962,-0.25607375986579195,-0.24112141108520604,0.8563488385776753,-0.3784390048634126,-0.07432941462471664,-0.11559856812793746,-0.3669650414492984,1.4733403229794104,-0.6069769786668839,1.3384360436512406,-0.0941763218696022,-0.105409255338946,-0.23073955174772434,-0.7741427596395154,-0.2773500981126145,-0.19090958396133909,0.9095654110330884,-0.41554832735932656,-0.21160368475757949,-0.43893114546442885,-0.21442250696755896,-0.3018726524899911,-0.6461002111639058,-0.153694655873568,0.6839166144230383,-0.3493873447137373,-0.2909029959270487,-0.03316790634033297,-0.27272727272727276,-0.3353646338730602,0.8738225743667123,-0.033167906340332974,-0.033167906340332974
-0.014809878658976545,-0.031067033531087286,-0.002511149943731609,-0.14726620950331015,-0.7984188625031958,-1.5010891865091436,-0.508571073354389,2.981829027262644,-0.8505791253521618,-0.9075501609217962,3.905124837953327,4.147288270665544,-1.1677484162422842,-0.3784390048634126,-0.07432941462471664,8.650626181573987,-0.3669650414492984,-0.678729811709616,-0.6069769786668839,-0.7471406682025761,-0.0941763218696022,-0.105409255338946,4.333890711087691,-0.7741427596395154,-0.2773500981126145,-0.19090958396133909,0.9095654110330884,-0.41554832735932656,-0.21160368475757949,-0.43893114546442885,-0.21442250696755896,-0.3018726524899911,-0.6461002111639058,-0.153694655873568,0.6839166144230383,-0.3493873447137373,-0.2909029959270487,-0.03316790634033297,-0.27272727272727276,-0.3353646338730602,0.8738225743667123,-0.033167906340332974,-0.033167906340332974
-0.014809878658976545,-0.031067033531087286,-0.002511149943731609,-0.14726620950331015,1.2308239491400672,-1.5010891865091436,-0.508571073354389,2.981829027262644,-0.8505791253521618,-0.9075501609217962,3.905124837953327,4.147288270665544,-1.1677484162422842,-0.3784390048634126,-0.07432941462471664,8.650626181573987,-0.3669650414492984,-0.678729811709616,-0.6069769786668839,-0.7471406682025761,-0.0941763218696022,-0.105409255338946,4.333890711087691,-0.7741427596395154,-0.2773500981126145,-0.19090958396133909,0.9095654110330884,-0.41554832735932656,-0.21160368475757949,-0.43893114546442885,-0.21442250696755896,-0.3018726524899911,1.547747520773237,-0.153694655873568,-1.4621665549733924,-0.3493873447137373,-0.2909029959270487,-0.03316790634033297,-0.27272727272727276,-0.3353646338730602,0.8738225743667123,-0.033167906340332974,-0.033167906340332974
-0.014809878658976545,-0.031067033531087286,-0.002511149943731609,-0.14726620950331015,-0.7984188625031958,-0.3180714384808638,-0.508571073354389,2.981829027262644,-0.8505791253521618,-0.9075501609217962,3.905124837953327,4.147288270665544,-1.1677484162422842,-0.3784390048634126,-0.07432941462471664,8.650626181573987,-0.3669650414492984,-0.678729811709616,-0.6069769786668839,-0.7471406682025761,-0.0941763218696022,-0.105409255338946,4.333890711087691,-0.7741427596395154,-0.2773500981126145,-0.19090958396133909,0.9095654110330884,-0.41554832735932656,-0.21160368475757949,-0.43893114546442885,-0.21442250696755896,-0.3018726524899911,-0.6461002111639058,-0.153694655873568,0.6839166144230383,-0.3493873447137373,-0.2909029959270487,-0.03316790634033297,-0.27272727272727276,-0.3353646338730602,0.8738225743667123,-0.033167906340332974,-0.033167906340332974
0.04765588996057812,0.03392377224658955,-0.09772558531022213,-0.6110719469856173,0.8618707106594738,0.07626781086189616,-0.508571073354389,-0.3353646338730602,1.1756695764029879,-0.9075501609217962,-0.25607375986579195,-0.24112141108520604,-1.1677484162422842,2.6424337532568107,-0.07432941462471664,-0.11559856812793746,-0.3669650414492984,-0.678729811709616,-0.6069769786668839,1.3384360436512406,-0.0941763218696022,-0.105409255338946,-0.23073955174772434,-0.7741427596395154,-0.2773500981126145,-0.19090958396133909,-1.0994261521710633,2.4064589703793833,-0.21160368475757949,-0.43893114546442885,-0.21442250696755896,-0.3018726524899911,-0.6461002111639058,-0.153694655873568,0.6839166144230383,-0.3493873447137373,-0.2909029959270487,-0.03316790634033297,-0.27272727272727276,-0.3353646338730602,0.8738225743667123,-0.033167906340332974,-0.033167906340332974
0.04765588996057812,0.03392377224658955,0.28313215615573994,0.8189957435848297,-1.2596104106039374,-0.3180714384808638,-0.508571073354389,-0.3353646338730602,1.1756695764029879,-0.9075501609217962,-0.25607375986579195,-0.24112141108520604,-1.1677484162422842,-0.3784390048634126,-0.07432941462471664,-0.11559856812793746,-0.3669650414492984,1.4733403229794104,-0.6069769786668839,1.3384360436512406,-0.0941763218696022,-0.105409255338946,-0.23073955174772434,-0.7741427596395154,-0.2773500981126145,-0.19090958396133909,0.9095654110330884,-0.41554832735932656,-0.21160368475757949,-0.43893114546442885,-0.21442250696755896,-0.3018726524899911,1.547747520773237,-0.153694655873568,-1.4621665549733924,-0.3493873447137373,-0.2909029959270487,-0.03316790634033297,-0.27272727272727276,-0.3353646338730602,0.8738225743667123,-0.033167906340332974,-0.033167906340332974
0.04765588996057812,0.03392377224658955,0.663989897621702,0.7969097560856723,-1.444087029844234,-0.3180714384808638,-0.508571073354389,-0.3353646338730602,1.1756695764029879,-0.9075501609217962,-0.25607375986579195,-0.24112141108520604,0.8563488385776753,-0.3784390048634126,-0.07432941462471664,-0.11559856812793746,-0.3669650414492984,1.4733403229794104,-0.6069769786668839,1.3384360436512406,-0.0941763218696022,-0.105409255338946,-0.23073955174772434,-0.7741427596395154,-0.2773500981126145,-0.19090958396133909,0.9095654110330884,-0.41554832735932656,-0.21160368475757949,-0.43893114546442885,-0.21442250696755896,-0.3018726524899911,-0.6461002111639058,-0.153694655873568,0.6839166144230383,-0.3493873447137373,-0.2909029959270487,-0.03316790634033297,-0.27272727272727276,-0.3353646338730602,0.8738225743667123,-0.033167906340332974,-0.033167906340332974
0.08279288480907752,0.06641917513542797,0.9496332037211737,1.387709921688135,-1.5363253394643823,0.07626781086189616,-0.508571073354389,-0.3353646338730602,1.1756695764029879,1.101867470316244,-0.25607375986579195,-0.24112141108520604,0.8563488385776753,-0.3784390048634126,-0.07432941462471664,-0.11559856812793746,2.7250552152068273,-0.678729811709616,-0.6069769786668839,1.3384360436512406,-0.0941763218696022,-0.105409255338946,-0.23073955174772434,-0.7741427596395154,-0.2773500981126145,-0.19090958396133909,0.9095654110330884,-0.41554832735932656,-0.21160368475757949,-0.43893114546442885,-0.21442250696755896,-0.3018726524899911,-0.6461002111639058,-0.153694655873568,0.6839166144230383,-0.3493873447137373,-0.2909029959270487,-0.03316790634033297,-0.27272727272727276,-0.3353646338730602,0.8738225743667123,-0.033167906340332974,-0.033167906340332974
0.08279288480907752,0.06641917513542797,0.7592043329881926,0.9901621467033,-0.9828954817434925,-1.5010891865091436,-0.508571073354389,-0.3353646338730602,1.1756695764029879,1.101867470316244,-0.25607375986579195,-0.24112141108520604,-1.1677484162422842,-0.3784390048634126,-0.07432941462471664,-0.11559856812793746,2.7250552152068273,-0.678729811709616,-0.6069769786668839,1.3384360436512406,-0.0941763218696022,-0.105409255338946,-0.23073955174772434,-0.7741427596395154,-0.2773500981126145,-0.19090958396133909,0.9095654110330884,-0.41554832735932656,-0.21160368475757949,-0.43893114546442885,-0.21442250696755896,-0.3018726524899911,1.547747520773237,-0.153694655873568,-1.4621665549733924,-0.3493873447137373,-0.2909029959270487,-0.03316790634033297,-0.27272727272727276,-0.3353646338730602,0.8738225743667123,-0.033167906340332974,-0.033167906340332974
0.08279288480907752,0.06641917513542797,0.8544187683546831,0.17850210610926265,-1.1673721009837892,0.4706070602046561,-0.508571073354389,-0.3353646338730602,1.1756695764029879,-0.9075501609217962,-0.25607375986579195,-0.24112141108520604,0.8563488385776753,-0.3784390048634126,-0.07432941462471664,-0.11559856812793746,-0.3669650414492984,1.4733403229794104,-0.6069769786668839,1.3384360436512406,-0.0941763218696022,-0.105409255338946,-0.23073955174772434,-0.7741427596395154,-0.2773500981126145,-0.19090958396133909,-1.0994261521710633,2.4064589703793833,-0.21160368475757949,-0.43893114546442885,-0.21442250696755896,-0.3018726524899911,-0.6461002111639058,-0.153694655873568,0.6839166144230383,-0.3493873447137373,-0.2909029959270487,-0.03316790634033297,-0.27272727272727276,-0.3353646338730602,0.8738225743667123,-0.033167906340332974,-0.033167906340332974
0.11402576911885486,0.0989145780242664,0.8544187683546831,-0.21352417200078266,0.9541090202796222,-1.5010891865091436,-0.508571073354389,-0.3353646338730602,1.1756695764029879,-0.9075501609217962,-0.25607375986579195,-0.24112141108520604,-1.1677484162422842,2.6424337532568107,-0.07432941462471664,-0.11559856812793746,-0.3669650414492984,-0.678729811709616,-0.6069769786668839,1.3384360436512406,-0.0941763218696022,-0.105409255338946,-0.23073955174772434,-0.7741427596395154,-0.2773500981126145,-0.19090958396133909,0.9095654110330884,-0.41554832735932656,-0.21160368475757949,-0.43893114546442885,-0.21442250696755896,-0.3018726524899911,1.547747520773237,-0.153694655873568,-1.4621665549733924,-0.3493873447137373,-0.2909029959270487,-0.03316790634033297,-0.27272727272727276,-0.3353646338730602,0.8738225743667123,-0.033167906340332974,-0.033167906340332974
0.11402576911885486,0.0989145780242664,0.3783465915222305,0.3883189873512587,0.6773940914191772,-1.5010891865091436,-0.508571073354389,-0.3353646338730602,1.1756695764029879,1.101867470316244,-0.25607375986579195,-0.24112141108520604,0.8563488385776753,-0.3784390048634126,-0.07432941462471664,-0.11559856812793746,-0.3669650414492984,1.4733403229794104,-0.6069769786668839,1.3384360436512406,-0.0941763218696022,-0.105409255338946,-0.23073955174772434,-0.7741427596395154,-0.2773500981126145,-0.19090958396133909,0.9095654110330884,-0.41554832735932656,-0.21160368475757949,-0.43893114546442885,-0.21442250696755896,-0.3018726524899911,1.547747520773237,-0.153694655873568,-1.4621665549733924,-0.3493873447137373,-0.2909029959270487,-0.03316790634033297,-0.27272727272727276,-0.3353646338730602,0.8738225743667123,-0.033167906340332974,-0.033167906340332974
0.1803956482771316,0.16390538380194325,1.901777557386079,2.166240981033436,-1.0751337913636407,-1.5010891865091436,-0.508571073354389,-0.3353646338730602,1.1756695764029879,1.101867470316244,-0.25607375986579195,-0.24112141108520604,0.8563488385776753,-0.3784390048634126,-0.07432941462471664,-0.11559856812793746,-0.3669650414492984,1.4733403229794104,-0.6069769786668839,1.3384360436512406,-0.0941763218696022,-0.105409255338946,-0.23073955174772434,-0.7741427596395154,-0.2773500981126145,-0.19090958396133909,0.9095654110330884,-0.41554832735932656,-0.21160368475757949,-0.43893114546442885,-0.21442250696755896,-0.3018726524899911,1.547747520773237,-0.153694655873568,-1.4621665549733924,-0.3493873447137373,-0.2909029959270487,-0.03316790634033297,-0.27272727272727276,-0.3353646338730602,0.8738225743667123,-0.033167906340332974,-0.033167906340332974
0.21162853258690892,0.19640078669078165,0.3783465915222305,0.7527377810873572,0.03172592407813898,-1.5010891865091436,-0.508571073354389,-0.3353646338730602,1.1756695764029879,1.101867470316244,-0.25607375986579195,-0.24112141108520604,-1.1677484162422842,-0.3784390048634126,-0.07432941462471664,-0.11559856812793746,-0.3669650414492984,1.4733403229794104,-0.6069769786668839,1.3384360436512406,-0.0941763218696022,-0.105409255338946,-0.23073955174772434,-0.7741427596395154,-0.2773500981126145,-0.19090958396133909,0.9095654110330884,-0.41554832735932656,-0.21160368475757949,-0.43893114546442885,-0.21442250696755896,-0.3018726524899911,1.547747520773237,-0.153694655873568,-1.4621665549733924,-0.3493873447137373,-0.2909029959270487,-0.03316790634033297,-0.27272727272727276,-0.3353646338730602,0.8738225743667123,-0.033167906340332974,-0.033167906340332974
0.21162853258690892,0.19640078669078165,0.663989897621702,1.9177736216679147,-1.1673721009837892,-1.5010891865091436,-0.508571073354389,-0.3353646338730602,1.1756695764029879,1.101867470316244,-0.25607375986579195,-0.24112141108520604,0.8563488385776753,-0.3784390048634126,-0.07432941462471664,-0.11559856812793746,-0.3669650414492984,1.4733403229794104,-0.6069769786668839,1.3384360436512406,-0.0941763218696022,-0.105409255338946,-0.23073955174772434,-0.7741427596395154,-0.2773500981126145,-0.19090958396133909,-1.0994261521710633,2.4064589703793833,-0.21160368475757949,-0.43893114546442885,-0.21442250696755896,-0.3018726524899911,-0.6461002111639058,-0.153694655873568,0.6839166144230383,-0.3493873447137373,-0.2909029959270487,-0.03316790634033297,-0.27272727272727276,-0.3353646338730602,0.8738225743667123,-0.033167906340332974,-0.033167906340332974
0.21162853258690892,0.19640078669078165,0.5687754622552115,1.1944575310705068,-0.24498900478230598,-0.3180714384808638,-0.508571073354389,-0.3353646338730602,1.1756695764029879,1.101867470316244,-0.25607375986579195,-0.24112141108520604,0.8563488385776753,-0.3784390048634126,-0.07432941462471664,-0.11559856812793746,2.7250552152068273,-0.678729811709616,-0.6069769786668839,-0.7471406682025761,-0.0941763218696022,-0.105409255338946,-0.23073955174772434,-0.7741427596395154,-0.2773500981126145,-0.19090958396133909,0.9095654110330884,-0.41554832735932656,-0.21160368475757949,-0.43893114546442885,-0.21442250696755896,-0.3018726524899911,1.547747520773237,-0.153694655873568,-1.4621665549733924,-0.3493873447137373,-0.2909029959270487,-0.03316790634033297,-0.27272727272727276,-0.3353646338730602,0.8738225743667123,-0.033167906340332974,-0.033167906340332974
0.24286141689668625,0.22889618957962007,1.0448476390876642,1.122678071698245,-1.997516887565124,-0.3180714384808638,-0.508571073354389,-0.3353646338730602,1.1756695764029879,1.101867470316244,-0.25607375986579195,-0.24112141108520604,-1.1677484162422842,-0.3784390048634126,-0.07432941462471664,-0.11559856812793746,2.7250552152068273,-0.678729811709616,-0.6069769786668839,-0.7471406682025761,-0.0941763218696022,-0.105409255338946,-0.23073955174772434,-0.7741427596395154,-0.2773500981126145,-0.19090958396133909,-1.0994261521710633,2.4064589703793833,-0.21160368475757949,-0.43893114546442885,-0.21442250696755896,-0.3018726524899911,-0.6461002111639058,-0.153694655873568,0.6839166144230383,-0.3493873447137373,3.4375720222928714,-0.03316790634033297,-0.27272727272727276,-0.3353646338730602,-1.1443970770893999,-0.033167906340332974,-0.033167906340332974
0.24286141689668625,0.22889618957962007,0.663989897621702,0.4987489248470462,-0.5217039336427509,-0.3180714384808638,-0.508571073354389,-0.3353646338730602,1.1756695764029879,1.101867470316244,-0.25607375986579195,-0.24112141108520604,0.8563488385776753,-0.3784390048634126,-0.07432941462471664,-0.11559856812793746,-0.3669650414492984,1.4733403229794104,-0.6069769786668839,1.3384360436512406,-0.0941763218696022,-0.105409255338946,-0.23073955174772434,-0.7741427596395154,-0.2773500981126145,-0.19090958396133909,0.9095654110330884,-0.41554832735932656,-0.21160368475757949,-0.43893114546442885,-0.21442250696755896,-0.3018726524899911,-0.6461002111639058,-0.153694655873568,0.6839166144230383,-0.3493873447137373,3.4375720222928714,-0.03316790634033297,-0.27272727272727276,-0.3353646338730602,-1.1443970770893999,-0.033167906340332974,-0.033167906340332974
0.24286141689668625,0.22889618957962007,0.09270328542275891,0.692001315464674,-1.2596104106039374,0.4706070602046561,-0.508571073354389,-0.3353646338730602,1.1756695764029879,-0.9075501609217962,-0.25607375986579195,-0.24112141108520604,-1.1677484162422842,-0.3784390048634126,-0.07432941462471664,-0.11559856812793746,-0.3669650414492984,1.4733403229794104,-0.6069769786668839,1.3384360436512406,-0.0941763218696022,-0.105409255338946,-0.23073955174772434,-0.7741427596395154,-0.2773500981126145,-0.19090958396133909,0.9095654110330884,-0.41554832735932656,-0.21160368475757949,-0.43893114546442885,-0.21442250696755896,-0.3018726524899911,-0.6461002111639058,-0.153694655873568,0.6839166144230383,-0.3493873447137373,3.4375720222928714,-0.03316790634033297,-0.27272727272727276,-0.3353646338730602,-1.1443970770893999,-0.033167906340332974,-0.033167906340332974
0.24286141689668625,0.22889618957962007,1.0448476390876642,1.2607154935679794,0.3084408529385839,-1.5010891865091436,-0.508571073354389,-0.3353646338730602,1.1756695764029879,1.101867470316244,-0.25607375986579195,-0.24112141108520604,-1.1677484162422842,-0.3784390048634126,-0.07432941462471664,-0.11559856812793746,-0.3669650414492984,1.4733403229794104,-0.6069769786668839,1.3384360436512406,-0.0941763218696022,-0.105409255338946,-0.23073955174772434,-0.7741427596395154,-0.2773500981126145,-0.19090958396133909,0.9095654110330884,-0.41554832735932656,-0.21160368475757949,-0.43893114546442885,-0.21442250696755896,-0.3018726524899911,-0.6461002111639058,-0.153694655873568,0.6839166144230383,-0.3493873447137373,3.4375720222928714,-0.03316790634033297,-0.27272727272727276,-0.3353646338730602,-1.1443970770893999,-0.033167906340332974,-0.033167906340332974
0.24286141689668625,0.22889618957962007,0.473561026888721,0.4987489248470462,-0.7061805528830476,-1.5010891865091436,-0.508571073354389,-0.3353646338730602,1.1756695764029879,1.101867470316244,-0.25607375986579195,-0.24112141108520604,0.8563488385776753,-0.3784390048634126,-0.07432941462471664,-0.11559856812793746,-0.3669650414492984,1.4733403229794104,-0.6069769786668839,1.3384360436512406,-0.0941763218696022,-0.105409255338946,-0.23073955174772434,-0.7741427596395154,-0.2773500981126145,-0.19090958396133909,0.9095654110330884,-0.41554832735932656,-0.21160368475757949,-0.43893114546442885,-0.21442250696755896,-0.3018726524899911,-0.6461002111639058,-0.153694655873568,0.6839166144230383,-0.3493873447137373,3.4375720222928714,-0.03316790634033297,-0.27272727272727276,-0.3353646338730602,-1.1443970770893999,-0.033167906340332974,-0.033167906340332974
0.2779984117451857,0.2613915924684585,0.18791772078924943,0.1729806092344734,0.1239642336982873,-1.5010891865091436,-0.508571073354389,-0.3353646338730602,1.1756695764029879,-0.9075501609217962,-0.25607375986579195,-0.24112141108520604,-1.1677484162422842,-0.3784390048634126,-0.07432941462471664,-0.11559856812793746,-0.3669650414492984,1.4733403229794104,-0.6069769786668839,1.3384360436512406,-0.0941763218696022,-0.105409255338946,-0.23073955174772434,-0.7741427596395154,-0.2773500981126145,-0.19090958396133909,0.9095654110330884,-0.41554832735932656,-0.21160368475757949,-0.43893114546442885,-0.21442250696755896,-0.3018726524899911,-0.6461002111639058,-0.153694655873568,0.6839166144230383,-0.3493873447137373,3.4375720222928714,-0.03316790634033297,-0.27272727272727276,-0.3353646338730602,-1.1443970770893999,-0.033167906340332974,-0.033167906340332974
0.2779984117451857,0.2613915924684585,0.18791772078924943,1.0729845998251408,-1.8130402683248275,-0.3180714384808638,-0.508571073354389,-0.3353646338730602,1.1756695764029879,-0.9075501609217962,-0.25607375986579195,-0.24112141108520604,0.8563488385776753,-0.3784390048634126,-0.07432941462471664,-0.11559856812793746,-0.3669650414492984,1.4733403229794104,-0.6069769786668839,1.3384360436512406,-0.0941763218696022,-0.105409255338946,-0.23073955174772434,-0.7741427596395154,-0.2773500981126145,-0.19090958396133909,-1.0994261521710633,2.4064589703793833,-0.21160368475757949,-0.43893114546442885,-0.21442250696755896,-0.3018726524899911,-0.6461002111639058,-0.153694655873568,0.6839166144230383,-0.3493873447137373,3.4375720222928714,-0.03316790634033297,-0.27272727272727276,-0.3353646338730602,-1.1443970770893999,-0.033167906340332974,-0.033167906340332974
0.2779984117451857,0.2613915924684585,0.473561026888721,0.1950665967336309,0.8618707106594738,-1.5010891865091436,-0.508571073354389,-0.3353646338730602,1.1756695764029879,1.101867470316244,-0.25607375986579195,-0.24112141108520604,-1.1677484162422842,-0.3784390048634126,-0.07432941462471664,-0.11559856812793746,2.7250552152068273,-0.678729811709616,-0.6069769786668839,1.3384360436512406,-0.0941763218696022,-0.105409255338946,-0.23073955174772434,-0.7741427596395154,-0.2773500981126145,-0.19090958396133909,0.9095654110330884,-0.41554832735932656,-0.21160368475757949,-0.43893114546442885,-0.21442250696755896,-0.3018726524899911,-0.6461002111639058,-0.153694655873568,0.6839166144230383,-0.3493873447137373,3.4375720222928714,-0.03316790634033297,-0.27272727272727276,-0.3353646338730602,-1.1443970770893999,-0.033167906340332974,-0.033167906340332974
0.2779984117451857,0.2613915924684585,1.0448476390876642,0.3717544967268909,0.6773940914191772,-1.5010891865091436,-0.508571073354389,-0.3353646338730602,1.1756695764029879,1.101867470316244,-0.25607375986579195,-0.24112141108520604,-1.1677484162422842,-0.3784390048634126,-0.07432941462471664,-0.11559856812793746,2.7250552152068273,-0.678729811709616,-0.6069769786668839,1.3384360436512406,-0.0941763218696022,-0.105409255338946,-0.23073955174772434,-0.7741427596395154,-0.2773500981126145,-0.19090958396133909,0.9095654110330884,-0.41554832735932656,-0.21160368475757949,-0.43893114546442885,-0.21442250696755896,-0.3018726524899911,-0.6461002111639058,-0.153694655873568,0.6839166144230383,-0.3493873447137373,3.4375720222928714,-0.03316790634033297,-0.27272727272727276,-0.3353646338730602,-1.1443970770893999,-0.033167906340332974,-0.033167906340332974
0.2779984117451857,0.2613915924684585,0.3783465915222305,0.33310401860336514,-0.7984188625031958,-1.5010891865091436,-0.508571073354389,-0.3353646338730602,1.1756695764029879,1.101867470316244,-0.25607375986579195,-0.24112141108520604,0.8563488385776753,-0.3784390048634126,-0.07432941462471664,-0.11559856812793746,-0.3669650414492984,1.4733403229794104,-0.6069769786668839,1.3384360436512406,-0.0941763218696022,-0.105409255338946,-0.23073955174772434,-0.7741427596395154,-0.2773500981126145,-0.19090958396133909,0.9095654110330884,-0.41554832735932656,-0.21160368475757949,-0.43893114546442885,-0.21442250696755896,-0.3018726524899911,-0.6461002111639058,-0.153694655873568,0.6839166144230383,-0.3493873447137373,3.4375720222928714,-0.03316790634033297,-0.27272727272727276,-0.3353646338730602,-1.1443970770893999,-0.033167906340332974,-0.033167906340332974
0.2779984117451857,0.2613915924684585,-0.002511149943731609,-0.1748736938772569,-1.2596104106039374,-1.5010891865091436,-0.508571073354389,-0.3353646338730602,1.1756695764029879,-0.9075501609217962,-0.25607375986579195,-0.24112141108520604,0.8563488385776753,-0.3784390048634126,-0.07432941462471664,-0.11559856812793746,-0.3669650414492984,1.4733403229794104,-0.6069769786668839,1.3384360436512406,-0.0941763218696022,-0.105409255338946,-0.23073955174772434,-0.7741427596395154,-0.2773500981126145,-0.19090958396133909,0.9095654110330884,-0.41554832735932656,-0.21160368475757949,-0.43893114546442885,-0.21442250696755896,-0.3018726524899911,-0.6461002111639058,-0.153694655873568,0.6839166144230383,-0.3493873447137373,-0.2909029959270487,-0.03316790634033297,-0.27272727272727276,-0.3353646338730602,0.8738225743667123,-0.033167906340332974,-0.033167906340332974
0.2779984117451857,0.2613915924684585,1.1400620744541548,1.0232911279520365,0.1239642336982873,0.4706070602046561,-0.508571073354389,-0.3353646338730602,1.1756695764029879,1.101867470316244,-0.25607375986579195,-0.24112141108520604,0.8563488385776753,-0.3784390048634126,-0.07432941462471664,-0.11559856812793746,2.7250552152068273,-0.678729811709616,-0.6069769786668839,1.3384360436512406,-0.0941763218696022,-0.105409255338946,-0.23073955174772434,-0.7741427596395154,-0.2773500981126145,-0.19090958396133909,0.9095654110330884,-0.41554832735932656,-0.21160368475757949,-0.43893114546442885,-0.21442250696755896,3.312655160219113,-0.6461002111639058,-0.153694655873568,0.6839166144230383,-0.3493873447137373,-0.2909029959270487,-0.03316790634033297,-0.27272727272727276,-0.3353646338730602,0.8738225743667123,-0.033167906340332974,-0.033167906340332974
0.2779984117451857,0.2613915924684585,-0.09772558531022213,0.12328713736136913,0.3084408529385839,-1.5010891865091436,-0.508571073354389,-0.3353646338730602,1.1756695764029879,-0.9075501609217962,-0.25607375986579195,-0.24112141108520604,0.8563488385776753,-0.3784390048634126,-0.07432941462471664,-0.11559856812793746,-0.3669650414492984,1.4733403229794104,-0.6069769786668839,1.3384360436512406,-0.0941763218696022,-0.105409255338946,-0.23073955174772434,-0.7741427596395154,-0.2773500981126145,-0.19090958396133909,0.9095654110330884,-0.41554832735932656,-0.21160368475757949,-0.43893114546442885,-0.21442250696755896,-0.3018726524899911,1.547747520773237,-0.153694655873568,-1.4621665549733924,-0.3493873447137373,-0.2909029959270487,-0.03316790634033297,-0.27272727272727276,-0.3353646338730602,0.8738225743667123,-0.033167906340332974,-0.033167906340332974
0.309231296054963,0.2938869953572969,0.663989897621702,0.25580306235631417,-1.1673721009837892,-1.5010891865091436,-0.508571073354389,-0.3353646338730602,1.1756695764029879,1.101867470316244,-0.25607375986579195,-0.24112141108520604,-1.1677484162422842,-0.3784390048634126,-0.07432941462471664,-0.11559856812793746,-0.3669650414492984,1.4733403229794104,-0.6069769786668839,1.3384360436512406,-0.0941763218696022,-0.105409255338946,-0.23073955174772434,-0.7741427596395154,-0.2773500981126145,-0.19090958396133909,0.9095654110330884,-0.41554832735932656,-0.21160368475757949,-0.43893114546442885,-0.21442250696755896,-0.3018726524899911,-0.6461002111639058,-0.153694655873568,0.6839166144230383,-0.3493873447137373,-0.2909029959270487,-0.03316790634033297,-0.27272727272727276,-0.3353646338730602,0.8738225743667123,-0.033167906340332974,-0.033167906340332974
0.309231296054963,0.2938869953572969,0.18791772078924943,1.0288126248268257,-0.9828954817434925,-1.5010891865091436,-0.508571073354389,-0.3353646338730602,1.1756695764029879,1.101867470316244,-0.25607375986579195,-0.24112141108520604,0.8563488385776753,-0.3784390048634126,-0.07432941462471664,-0.11559856812793746,-0.3669650414492984,1.4733403229794104,-0.6069769786668839,-0.7471406682025761,-0.0941763218696022,-0.105409255338946,-0.23073955174772434,-0.7741427596395154,-0.2773500981126145,-0.19090958396133909,-1.0994261521710633,-0.41554832735932656,-0.21160368475757949,-0.43893114546442885,-0.21442250696755896,-0.3018726524899911,-0.6461002111639058,-0.153694655873568,0.6839166144230383,-0.3493873447137373,-0.2909029959270487,-0.03316790634033297,-0.27272727272727276,-0.3353646338730602,0.8738225743667123,-0.033167906340332974,-0.033167906340332974
0.34046418036474035,0.32638239824613535,-0.19294002067671265,0.9018181967066705,-1.9052785779449757,0.07626781086189616,-0.508571073354389,-0.3353646338730602,1.1756695764029879,-0.9075501609217962,-0.25607375986579195,-0.24112141108520604,0.8563488385776753,-0.3784390048634126,-0.07432941462471664,-0.11559856812793746,-0.3669650414492984,1.4733403229794104,-0.6069769786668839,-0.7471406682025761,-0.0941763218696022,9.48683298050514,-0.23073955174772434,-0.7741427596395154,-0.2773500981126145,-0.19090958396133909,0.9095654110330884,-0.41554832735932656,-0.21160368475757949,-0.43893114546442885,-0.21442250696755896,-0.3018726524899911,-0.6461002111639058,-0.153694655873568,0.6839166144230383,-0.3493873447137373,-0.2909029959270487,-0.03316790634033297,-0.27272727272727276,-0.3353646338730602,0.8738225743667123,-0.033167906340332974,-0.033167906340332974
0.34046418036474035,0.32638239824613535,0.28313215615573994,1.834951168546074,-1.1673721009837892,-1.5010891865091436,-0.508571073354389,-0.3353646338730602,1.1756695764029879,1.101867470316244,-0.25607375986579195,-0.24112141108520604,0.8563488385776753,-0.3784390048634126,-0.07432941462471664,-0.11559856812793746,-0.3669650414492984,1.4733403229794104,-0.6069769786668839,1.3384360436512406,-0.0941763218696022,-0.105409255338946,-0.23073955174772434,-0.7741427596395154,-0.2773500981126145,-0.19090958396133909,0.9095654110330884,-0.41554832735932656,-0.21160368475757949,-0.43893114546442885,-0.21442250696755896,-0.3018726524899911,-0.6461002111639058,-0.153694655873568,0.6839166144230383,-0.3493873447137373,-0.2909029959270487,-0.03316790634033297,-0.27272727272727276,-0.3353646338730602,0.8738225743667123,-0.033167906340332974,-0.033167906340332974
0.34046418036474035,0.32638239824613535,0.3783465915222305,1.001205140452879,-1.2596104106039374,-1.5010891865091436,-0.508571073354389,-0.3353646338730602,1.1756695764029879,-0.9075501609217962,-0.25607375986579195,-0.24112141108520604,-1.1677484162422842,-0.3784390048634126,13.45362404707371,-0.11559856812793746,-0.3669650414492984,-0.678729811709616,-0.6069769786668839,1.3384360436512406,-0.0941763218696022,-0.105409255338946,-0.23073955174772434,-0.7741427596395154,-0.2773500981126145,-0.19090958396133909,0.9095654110330884,-0.41554832735932656,-0.21160368475757949,-0.43893114546442885,-0.21442250696755896,-0.3018726524899911,-0.6461002111639058,-0.153694655873568,0.6839166144230383,-0.3493873447137373,-0.2909029959270487,-0.03316790634033297,-0.27272727272727276,-0.3353646338730602,0.8738225743667123,-0.033167906340332974,-0.033167906340332974
0.40683405952301704,0.3913732040238122,0.09270328542275891,0.7858667623360938,-1.2596104106039374,0.07626781086189616,-0.508571073354389,-0.3353646338730602,1.1756695764029879,-0.9075501609217962,-0.25607375986579195,-0.24112141108520604,0.8563488385776753,2.6424337532568107,-0.07432941462471664,-0.11559856812793746,-0.3669650414492984,-0.678729811709616,-0.6069769786668839,1.3384360436512406,-0.0941763218696022,-0.105409255338946,-0.23073955174772434,-0.7741427596395154,-0.2773500981126145,-0.19090958396133909,0.9095654110330884,-0.41554832735932656,-0.21160368475757949,-0.43893114546442885,-0.21442250696755896,-0.3018726524899911,-0.6461002111639058,-0.153694655873568,0.6839166144230383,-0.3493873447137373,-0.2909029959270487,-0.03316790634033297,-0.27272727272727276,-0.3353646338730602,0.8738225743667123,-0.033167906340332974,-0.033167906340332974
0.40683405952301704,0.3913732040238122,0.3783465915222305,-0.8484963126015602,-0.7061805528830476,0.07626781086189616,-0.508571073354389,-0.3353646338730602,1.1756695764029879,-0.9075501609217962,-0.25607375986579195,-0.24112141108520604,-1.1677484162422842,-0.3784390048634126,-0.07432941462471664,-0.11559856812793746,2.7250552152068273,-0.678729811709616,-0.6069769786668839,-0.7471406682025761,-0.0941763218696022,9.48683298050514,-0.23073955174772434,-0.7741427596395154,-0.2773500981126145,-0.19090958396133909,0.9095654110330884,-0.41554832735932656,-0.21160368475757949,-0.43893114546442885,-0.21442250696755896,-0.3018726524899911,-0.6461002111639058,-0.153694655873568,0.6839166144230383,-0.3493873447137373,-0.2909029959270487,-0.03316790634033297,-0.27272727272727276,-0.3353646338730602,0.8738225743667123,-0.033167906340332974,-0.033167906340332974
0.40683405952301704,0.3913732040238122,0.28313215615573994,0.24476006860673516,0.49291747217888054,-0.3180714384808638,-0.508571073354389,-0.3353646338730602,1.1756695764029879,1.101867470316244,-0.25607375986579195,-0.24112141108520604,0.8563488385776753,-0.3784390048634126,-0.07432941462471664,-0.11559856812793746,-0.3669650414492984,1.4733403229794104,-0.6069769786668839,1.3384360436512406,-0.0941763218696022,-0.105409255338946,-0.23073955174772434,-0.7741427596395154,-0.2773500981126145,-0.19090958396133909,0.9095654110330884,-0.41554832735932656,-0.21160368475757949,-0.43893114546442885,-0.21442250696755896,-0.3018726524899911,-0.6461002111639058,-0.153694655873568,0.6839166144230383,-0.3493873447137373,-0.2909029959270487,-0.03316790634033297,-0.27272727272727276,-0.3353646338730602,0.8738225743667123,-0.033167906340332974,-0.033167906340332974
0.40683405952301704,0.3913732040238122,0.663989897621702,2.0447680497880705,-0.5217039336427509,-1.5010891865091436,-0.508571073354389,-0.3353646338730602,1.1756695764029879,1.101867470316244,-0.25607375986579195,-0.24112141108520604,0.8563488385776753,-0.3784390048634126,-0.07432941462471664,-0.11559856812793746,-0.3669650414492984,1.4733403229794104,-0.6069769786668839,1.3384360436512406,-0.0941763218696022,-0.105409255338946,-0.23073955174772434,-0.7741427596395154,-0.2773500981126145,-0.19090958396133909,0.9095654110330884,-0.41554832735932656,-0.21160368475757949,-0.43893114546442885,-0.21442250696755896,-0.3018726524899911,-0.6461002111639058,-0.153694655873568,0.6839166144230383,-0.3493873447137373,-0.2909029959270487,-0.03316790634033297,-0.27272727272727276,-0.3353646338730602,0.8738225743667123,-0.033167906340332974,-0.033167906340332974
0.40683405952301704,0.3913732040238122,-0.28815445604320317,-0.7767168532292985,0.03172592407813898,0.07626781086189616,-0.508571073354389,-0.3353646338730602,1.1756695764029879,-0.9075501609217962,-0.25607375986579195,-0.24112141108520604,-1.1677484162422842,-0.3784390048634126,-0.07432941462471664,-0.11559856812793746,-0.3669650414492984,1.4733403229794104,-0.6069769786668839,1.3384360436512406,-0.0941763218696022,-0.105409255338946,-0.23073955174772434,-0.7741427596395154,-0.2773500981126145,-0.19090958396133909,-1.0994261521710633,2.4064589703793833,-0.21160368475757949,-0.43893114546442885,-0.21442250696755896,-0.3018726524899911,-0.6461002111639058,-0.153694655873568,0.6839166144230383,-0.3493873447137373,-0.2909029959270487,-0.03316790634033297,-0.27272727272727276,-0.3353646338730602,0.8738225743667123,-0.033167906340332974,-0.033167906340332974
0.4380669438327944,0.4238686069126506,0.3783465915222305,0.3165395279789969,0.6773940914191772,-1.5010891865091436,-0.508571073354389,-0.3353646338730602,1.1756695764029879,-0.9075501609217962,-0.25607375986579195,-0.24112141108520604,0.8563488385776753,-0.3784390048634126,-0.07432941462471664,-0.11559856812793746,-0.3669650414492984,1.4733403229794104,-0.6069769786668839,1.3384360436512406,-0.0941763218696022,-0.105409255338946,-0.23073955174772434,-0.7741427596395154,-0.2773500981126145,-0.19090958396133909,0.9095654110330884,-0.41554832735932656,-0.21160368475757949,-0.43893114546442885,-0.21442250696755896,-0.3018726524899911,-0.6461002111639058,-0.153694655873568,0.6839166144230383,-0.3493873447137373,-0.2909029959270487,-0.03316790634033297,-0.27272727272727276,-0.3353646338730602,0.8738225743667123,-0.033167906340332974,-0.033167906340332974
0.4380669438327944,0.4238686069126506,0.9496332037211737,1.0950705873242983,-0.42946562402260263,0.07626781086189616,-0.508571073354389,-0.3353646338730602,1.1756695764029879,1.101867470316244,-0.25607375986579195,-0.24112141108520604,0.8563488385776753,-0.3784390048634126,-0.07432941462471664,-0.11559856812793746,2.7250552152068273,-0.678729811709616,-0.6069769786668839,1.3384360436512406,-0.0941763218696022,-0.105409255338946,-0.23073955174772434,-0.7741427596395154,-0.2773500981126145,-0.19090958396133909,0.9095654110330884,-0.41554832735932656,-0.21160368475757949,-0.43893114546442885,-0.21442250696755896,-0.3018726524899911,-0.6461002111639058,-0.153694655873568,0.6839166144230383,-0.3493873447137373,-0.2909029959270487,-0.03316790634033297,-0.27272727272727276,-0.3353646338730602,0.8738225743667123,-0.033167906340332974,-0.033167906340332974
0.4380669438327944,0.4238686069126506,-0.4785833267761842,0.09015815611263263,-1.720801958704679,-1.5010891865091436,-0.508571073354389,-0.3353646338730602,1.1756695764029879,-0.9075501609217962,-0.25607375986579195,-0.24112141108520604,-1.1677484162422842,-0.3784390048634126,-0.07432941462471664,-0.11559856812793746,-0.3669650414492984,1.4733403229794104,-0.6069769786668839,1.3384360436512406,-0.0941763218696022,-0.105409255338946,-0.23073955174772434,-0.7741427596395154,-0.2773500981126145,-0.19090958396133909,0.9095654110330884,-0.41554832735932656,-0.21160368475757949,-0.43893114546442885,-0.21442250696755896,-0.3018726524899911,-0.6461002111639058,-0.153694655873568,0.6839166144230383,-0.3493873447137373,-0.2909029959270487,-0.03316790634033297,-0.27272727272727276,-0.3353646338730602,0.8738225743667123,-0.033167906340332974,-0.033167906340332974
0.4380669438327944,0.4238686069126506,0.3783465915222305,0.43801245922436294,0.7696324010393255,0.4706070602046561,-0.508571073354389,-0.3353646338730602,1.1756695764029879,-0.9075501609217962,-0.25607375986579195,-0.24112141108520604,0.8563488385776753,-0.3784390048634126,-0.07432941462471664,-0.11559856812793746,-0.3669650414492984,1.4733403229794104,-0.6069769786668839,1.3384360436512406,-0.0941763218696022,-0.105409255338946,-0.23073955174772434,-0.7741427596395154,-0.2773500981126145,-0.19090958396133909,0.9095654110330884,-0.41554832735932656,-0.21160368475757949,-0.43893114546442885,-0.21442250696755896,-0.3018726524899911,-0.6461002111639058,-0.153694655873568,0.6839166144230383,-0.3493873447137373,-0.2909029959270487,-0.03316790634033297,-0.27272727272727276,-0.3353646338730602,0.8738225743667123,-0.033167906340332974,-0.033167906340332974
0.4380669438327944,0.4238686069126506,0.09270328542275891,-0.3570830907453062,-1.0751337913636407,-0.3180714384808638,-0.508571073354389,-0.3353646338730602,1.1756695764029879,-0.9075501609217962,-0.25607375986579195,-0.24112141108520604,0.8563488385776753,-0.3784390048634126,-0.07432941462471664,-0.11559856812793746,-0.3669650414492984,1.4733403229794104,-0.6069769786668839,1.3384360436512406,-0.0941763218696022,-0.105409255338946,-0.23073955174772434,-0.7741427596395154,-0.2773500981126145,-0.19090958396133909,0.9095654110330884,-0.41554832735932656,-0.21160368475757949,-0.43893114546442885,-0.21442250696755896,-0.3018726524899911,-0.6461002111639058,-0.153694655873568,0.6839166144230383,-0.3493873447137373,-0.2909029959270487,-0.03316790634033297,-0.27272727272727276,-0.3353646338730602,0.8738225743667123,-0.033167906340332974,-0.033167906340332974
0.4380669438327944,0.4238686069126506,-0.09772558531022213,-0.1417447126285209,-0.7061805528830476,0.07626781086189616,-0.508571073354389,-0.3353646338730602,1.1756695764029879,-0.9075501609217962,-0.25607375986579195,-0.24112141108520604,0.8563488385776753,-0.3784390048634126,-0.07432941462471664,-0.11559856812793746,-0.3669650414492984,1.4733403229794104,-0.6069769786668839,1.3384360436512406,-0.0941763218696022,-0.105409255338946,-0.23073955174772434,-0.7741427596395154,-0.2773500981126145,-0.19090958396133909,-1.0994261521710633,2.4064589703793833,-0.21160368475757949,-0.43893114546442885,-0.21442250696755896,-0.3018726524899911,-0.6461002111639058,-0.153694655873568,0.6839166144230383,-0.3493873447137373,-0.2909029959270487,-0.03316790634033297,-0.27272727272727276,-0.3353646338730602,0.8738225743667123,-0.033167906340332974,-0.033167906340332974
0.4380669438327944,0.4238686069126506,0.18791772078924943,0.5263564092209929,-0.24498900478230598,-0.3180714384808638,-0.508571073354389,-0.3353646338730602,1.1756695764029879,1.101867470316244,-0.25607375986579195,-0.24112141108520604,-1.1677484162422842,-0.3784390048634126,-0.07432941462471664,-0.11559856812793746,-0.3669650414492984,1.4733403229794104,-0.6069769786668839,-0.7471406682025761,-0.0941763218696022,-0.105409255338946,-0.23073955174772434,-0.7741427596395154,-0.2773500981126145,-0.19090958396133909,0.9095654110330884,-0.41554832735932656,-0.21160368475757949,-0.43893114546442885,-0.21442250696755896,-0.3018726524899911,-0.6461002111639058,-0.153694655873568,0.6839166144230383,-0.3493873447137373,-0.2909029959270487,-0.03316790634033297,-0.27272727272727276,-0.3353646338730602,0.8738225743667123,-0.033167906340332974,-0.033167906340332974
-0.04994687350747595,-0.031067033531087286,-0.002511149943731609,0.6643938310907272,-0.42946562402260263,-1.5010891865091436,-0.508571073354389,-0.3353646338730602,1.1756695764029879,-0.9075501609217962,-0.25607375986579195,-0.24112141108520604,0.8563488385776753,-0.3784390048634126,-0.07432941462471664,-0.11559856812793746,-0.3669650414492984,1.4733403229794104,-0.6069769786668839,1.3384360436512406,-0.0941763218696022,-0.105409255338946,-0.23073955174772434,-0.7741427596395154,-0.2773500981126145,-0.19090958396133909,0.9095654110330884,-0.41554832735932656,-0.21160368475757949,-0.43893114546442885,-0.21442250696755896,-0.3018726524899911,1.547747520773237,-0.153694655873568,-1.4621665549733924,-0.3493873447137373,-0.2909029959270487,-0.03316790634033297,-0.27272727272727276,-0.3353646338730602,0.8738225743667123,-0.033167906340332974,-0.033167906340332974
-0.04994687350747595,-0.031067033531087286,0.18791772078924943,1.6582632685528138,-1.6285636490845308,0.4706070602046561,-0.508571073354389,-0.3353646338730602,1.1756695764029879,1.101867470316244,-0.25607375986579195,-0.24112141108520604,0.8563488385776753,2.6424337532568107,-0.07432941462471664,-0.11559856812793746,-0.3669650414492984,-0.678729811709616,-0.6069769786668839,1.3384360436512406,-0.0941763218696022,-0.105409255338946,-0.23073955174772434,-0.7741427596395154,-0.2773500981126145,-0.19090958396133909,0.9095654110330884,-0.41554832735932656,-0.21160368475757949,-0.43893114546442885,-0.21442250696755896,-0.3018726524899911,-0.6461002111639058,-0.153694655873568,0.6839166144230383,-0.3493873447137373,-0.2909029959270487,-0.03316790634033297,-0.27272727272727276,2.981829027262644,-1.1443970770893999,-0.033167906340332974,-0.033167906340332974
-0.04994687350747595,-0.031067033531087286,0.9496332037211737,1.0950705873242983,-0.7061805528830476,-1.5010891865091436,-0.508571073354389,-0.3353646338730602,1.1756695764029879,1.101867470316244,-0.25607375986579195,-0.24112141108520604,-1.1677484162422842,-0.3784390048634126,-0.07432941462471664,-0.11559856812793746,-0.3669650414492984,1.4733403229794104,-0.6069769786668839,1.3384360436512406,-0.0941763218696022,-0.105409255338946,-0.23073955174772434,-0.7741427596395154,-0.2773500981126145,-0.19090958396133909,0.9095654110330884,-0.41554832735932656,-0.21160368475757949,-0.43893114546442885,-0.21442250696755896,-0.3018726524899911,-0.6461002111639058,-0.153694655873568,0.6839166144230383,-0.3493873447137373,-0.2909029959270487,-0.03316790634033297,-0.27272727272727276,2.981829027262644,-1.1443970770893999,-0.033167906340332974,-0.033167906340332974
-0.04994687350747595,-0.031067033531087286,-0.09772558531022213,0.868689215457934,-1.2596104106039374,0.4706070602046561,-0.508571073354389,-0.3353646338730602,1.1756695764029879,-0.9075501609217962,-0.25607375986579195,-0.24112141108520604,0.8563488385776753,-0.3784390048634126,-0.07432941462471664,-0.11559856812793746,-0.3669650414492984,1.4733403229794104,-0.6069769786668839,-0.7471406682025761,-0.0941763218696022,-0.105409255338946,-0.23073955174772434,-0.7741427596395154,-0.2773500981126145,-0.19090958396133909,0.9095654110330884,-0.41554832735932656,-0.21160368475757949,-0.43893114546442885,-0.21442250696755896,-0.3018726524899911,1.547747520773237,-0.153694655873568,-1.4621665549733924,-0.3493873447137373,-0.2909029959270487,-0.03316790634033297,-0.27272727272727276,2.981829027262644,-1.1443970770893999,-0.033167906340332974,-0.033167906340332974
0.5044368229910712,0.48885941269032746,0.663989897621702,-0.0037072907587866358,0.40067916255873226,-1.5010891865091436,-0.508571073354389,-0.3353646338730602,1.1756695764029879,-0.9075501609217962,-0.25607375986579195,-0.24112141108520604,-1.1677484162422842,-0.3784390048634126,-0.07432941462471664,-0.11559856812793746,2.7250552152068273,-0.678729811709616,-0.6069769786668839,1.3384360436512406,-0.0941763218696022,-0.105409255338946,-0.23073955174772434,-0.7741427596395154,-0.2773500981126145,-0.19090958396133909,0.9095654110330884,-0.41554832735932656,-0.21160368475757949,-0.43893114546442885,-0.21442250696755896,-0.3018726524899911,1.547747520773237,-0.153694655873568,-1.4621665549733924,-0.3493873447137373,-0.2909029959270487,-0.03316790634033297,-0.27272727272727276,2.981829027262644,-1.1443970770893999,-0.033167906340332974,-0.033167906340332974
0.5044368229910712,0.48885941269032746,0.8544187683546831,-0.7049373938570365,-1.1673721009837892,0.07626781086189616,-0.508571073354389,-0.3353646338730602,1.1756695764029879,-0.9075501609217962,-0.25607375986579195,-0.24112141108520604,-1.1677484162422842,-0.3784390048634126,-0.07432941462471664,-0.11559856812793746,-0.3669650414492984,1.4733403229794104,-0.6069769786668839,1.3384360436512406,-0.0941763218696022,-0.105409255338946,-0.23073955174772434,-0.7741427596395154,-0.2773500981126145,-0.19090958396133909,0.9095654110330884,-0.41554832735932656,-0.21160368475757949,-0.43893114546442885,-0.21442250696755896,-0.3018726524899911,-0.6461002111639058,-0.153694655873568,0.6839166144230383,-0.3493873447137373,-0.2909029959270487,-0.03316790634033297,-0.27272727272727276,2.981829027262644,-1.1443970770893999,-0.033167906340332974,-0.033167906340332974
0.5044368229910712,0.48885941269032746,0.28313215615573994,1.6306557841788676,0.03172592407813898,0.4706070602046561,-0.508571073354389,-0.3353646338730602,1.1756695764029879,1.101867470316244,-0.25607375986579195,-0.24112141108520604,0.8563488385776753,-0.3784390048634126,-0.07432941462471664,-0.11559856812793746,-0.3669650414492984,1.4733403229794104,-0.6069769786668839,1.3384360436512406,-0.0941763218696022,-0.105409255338946,-0.23073955174772434,-0.7741427596395154,-0.2773500981126145,-0.19090958396133909,0.9095654110330884,-0.41554832735932656,-0.21160368475757949,-0.43893114546442885,-0.21442250696755896,-0.3018726524899911,-0.6461002111639058,-0.153694655873568,0.6839166144230383,-0.3493873447137373,-0.2909029959270487,-0.03316790634033297,-0.27272727272727276,2.981829027262644,-1.1443970770893999,-0.033167906340332974,-0.033167906340332974
0.5044368229910712,0.48885941269032746,0.28313215615573994,1.1944575310705068,-0.9828954817434925,-1.5010891865091436,-0.508571073354389,-0.3353646338730602,1.1756695764029879,1.101867470316244,-0.25607375986579195,-0.24112141108520604,-1.1677484162422842,-0.3784390048634126,-0.07432941462471664,-0.11559856812793746,-0.3669650414492984,1.4733403229794104,-0.6069769786668839,-0.7471406682025761,-0.0941763218696022,-0.105409255338946,-0.23073955174772434,-0.7741427596395154,-0.2773500981126145,-0.19090958396133909,-1.0994261521710633,2.4064589703793833,-0.21160368475757949,-0.43893114546442885,-0.21442250696755896,-0.3018726524899911,-0.6461002111639058,-0.153694655873568,0.6839166144230383,-0.3493873447137373,-0.2909029959270487,-0.03316790634033297,-0.27272727272727276,2.981829027262644,-1.1443970770893999,-0.033167906340332974,-0.033167906340332974
0.5044368229910712,0.48885941269032746,0.663989897621702,0.5650068873445186,-1.1673721009837892,-1.5010891865091436,-0.508571073354389,-0.3353646338730602,1.1756695764029879,-0.9075501609217962,-0.25607375986579195,-0.24112141108520604,-1.1677484162422842,-0.3784390048634126,-0.07432941462471664,-0.11559856812793746,-0.3669650414492984,1.4733403229794104,-0.6069769786668839,1.3384360436512406,-0.0941763218696022,-0.105409255338946,-0.23073955174772434,-0.7741427596395154,-0.2773500981126145,-0.19090958396133909,0.9095654110330884,-0.41554832735932656,-0.21160368475757949,-0.43893114546442885,-0.21442250696755896,3.312655160219113,1.547747520773237,-0.153694655873568,-1.4621665549733924,-0.3493873447137373,-0.2909029959270487,-0.03316790634033297,-0.27272727272727276,2.981829027262644,-1.1443970770893999,-0.033167906340332974,-0.033167906340332974
0.5044368229910712,0.48885941269032746,0.5687754622552115,0.5208349123462037,0.40067916255873226,-1.5010891865091436,-0.508571073354389,-0.3353646338730602,1.1756695764029879,1.101867470316244,-0.25607375986579195,-0.24112141108520604,0.8563488385776753,-0.3784390048634126,-0.07432941462471664,-0.11559856812793746,-0.3669650414492984,1.4733403229794104,-0.6069769786668839,1.3384360436512406,-0.0941763218696022,-0.105409255338946,-0.23073955174772434,-0.7741427596395154,-0.2773500981126145,-0.19090958396133909,0.9095654110330884,-0.41554832735932656,-0.21160368475757949,-0.43893114546442885,-0.21442250696755896,-0.3018726524899911,1.547747520773237,-0.153694655873568,-1.4621665549733924,-0.3493873447137373,-0.2909029959270487,-0.03316790634033297,-0.27272727272727276,2.981829027262644,-1.1443970770893999,-0.033167906340332974,-0.033167906340332974
0.5356697073008485,0.5213548155791659,-0.28815445604320317,0.1840236029840519,-0.42946562402260263,0.4706070602046561,-0.508571073354389,-0.3353646338730602,1.1756695764029879,-0.9075501609217962,-0.25607375986579195,-0.24112141108520604,0.8563488385776753,-0.3784390048634126,-0.07432941462471664,-0.11559856812793746,-0.3669650414492984,1.4733403229794104,-0.6069769786668839,-0.7471406682025761,-0.0941763218696022,-0.105409255338946,-0.23073955174772434,-0.7741427596395154,-0.2773500981126145,5.238081709939242,0.9095654110330884,-0.41554832735932656,-0.21160368475757949,-0.43893114546442885,-0.21442250696755896,-0.3018726524899911,-0.6461002111639058,-0.153694655873568,0.6839166144230383,-0.3493873447137373,-0.2909029959270487,-0.03316790634033297,-0.27272727272727276,2.981829027262644,-1.1443970770893999,-0.033167906340332974,-0.033167906340332974
0.5356697073008485,0.5213548155791659,0.5687754622552115,0.8962966998318808,-1.2596104106039374,-1.5010891865091436,-0.508571073354389,-0.3353646338730602,1.1756695764029879,-0.9075501609217962,-0.25607375986579195,-0.24112141108520604,-1.1677484162422842,-0.3784390048634126,-0.07432941462471664,-0.11559856812793746,-0.3669650414492984,1.4733403229794104,-0.6069769786668839,1.3384360436512406,-0.0941763218696022,-0.105409255338946,-0.23073955174772434,-0.7741427596395154,-0.2773500981126145,-0.19090958396133909,0.9095654110330884,-0.41554832735932656,-0.21160368475757949,-0.43893114546442885,-0.21442250696755896,-0.3018726524899911,1.547747520773237,-0.153694655873568,-1.4621665549733924,-0.3493873447137373,-0.2909029959270487,-0.03316790634033297,-0.27272727272727276,2.981829027262644,-1.1443970770893999,-0.033167906340332974,-0.033167906340332974
0.6020395864591253,0.5863456213568427,0.473561026888721,0.5208349123462037,0.40067916255873226,-1.5010891865091436,-0.508571073354389,-0.3353646338730602,1.1756695764029879,-0.9075501609217962,-0.25607375986579195,-0.24112141108520604,0.8563488385776753,-0.3784390048634126,-0.07432941462471664,-0.11559856812793746,-0.3669650414492984,1.4733403229794104,-0.6069769786668839,1.3384360436512406,-0.0941763218696022,-0.105409255338946,-0.23073955174772434,-0.7741427596395154,-0.2773500981126145,-0.19090958396133909,0.9095654110330884,-0.41554832735932656,-0.21160368475757949,-0.43893114546442885,-0.21442250696755896,-0.3018726524899911,1.547747520773237,-0.153694655873568,-1.4621665549733924,-0.3493873447137373,-0.2909029959270487,-0.03316790634033297,-0.27272727272727276,2.981829027262644,-1.1443970770893999,-0.033167906340332974,-0.033167906340332974
0.6020395864591253,0.5863456213568427,0.473561026888721,1.25519399669319,-1.997516887565124,-1.5010891865091436,-0.508571073354389,-0.3353646338730602,1.1756695764029879,1.101867470316244,-0.25607375986579195,-0.24112141108520604,0.8563488385776753,-0.3784390048634126,-0.07432941462471664,-0.11559856812793746,-0.3669650414492984,1.4733403229794104,-0.6069769786668839,-0.7471406682025761,-0.0941763218696022,9.48683298050514,-0.23073955174772434,-0.7741427596395154,-0.2773500981126145,-0.19090958396133909,-1.0994261521710633,2.4064589703793833,-0.21160368475757949,-0.43893114546442885,-0.21442250696755896,-0.3018726524899911,-0.6461002111639058,-0.153694655873568,0.6839166144230383,-0.3493873447137373,-0.2909029959270487,-0.03316790634033297,-0.27272727272727276,2.981829027262644,-1.1443970770893999,-0.033167906340332974,-0.033167906340332974
0.6020395864591253,0.5863456213568427,-0.28815445604320317,0.9183826873310382,-1.6285636490845308,-1.5010891865091436,-0.508571073354389,-0.3353646338730602,1.1756695764029879,-0.9075501609217962,-0.25607375986579195,-0.24112141108520604,0.8563488385776753,2.6424337532568107,-0.07432941462471664,-0.11559856812793746,-0.3669650414492984,-0.678729811709616,-0.6069769786668839,-0.7471406682025761,-0.0941763218696022,-0.105409255338946,-0.23073955174772434,-0.7741427596395154,-0.2773500981126145,5.238081709939242,0.9095654110330884,-0.41554832735932656,-0.21160368475757949,-0.43893114546442885,-0.21442250696755896,-0.3018726524899911,-0.6461002111639058,-0.153694655873568,0.6839166144230383,-0.3493873447137373,-0.2909029959270487,-0.03316790634033297,3.666666666666667,-0.3353646338730602,-1.1443970770893999,-0.033167906340332974,-0.033167906340332974
0.6020395864591253,0.5863456213568427,0.9496332037211737,1.1281995685730344,-0.06051238554200934,0.4706070602046561,-0.508571073354389,-0.3353646338730602,1.1756695764029879,1.101867470316244,-0.25607375986579195,-0.24112141108520604,0.8563488385776753,-0.3784390048634126,-0.07432941462471664,-0.11559856812793746,-0.3669650414492984,1.4733403229794104,-0.6069769786668839,1.3384360436512406,-0.0941763218696022,-0.105409255338946,-0.23073955174772434,-0.7741427596395154,-0.2773500981126145,-0.19090958396133909,0.9095654110330884,-0.41554832735932656,-0.21160368475757949,-0.43893114546442885,-0.21442250696755896,-0.3018726524899911,-0.6461002111639058,-0.153694655873568,0.6839166144230383,-0.3493873447137373,-0.2909029959270487,-0.03316790634033297,3.666666666666667,-0.3353646338730602,-1.1443970770893999,-0.033167906340332974,-0.033167906340332974
0.6332724707689026,0.6188410242456811,0.663989897621702,0.6975228123394637,-0.3372273144024543,-1.5010891865091436,-0.508571073354389,-0.3353646338730602,1.1756695764029879,-0.9075501609217962,-0.25607375986579195,-0.24112141108520604,0.8563488385776753,-0.3784390048634126,-0.07432941462471664,-0.11559856812793746,-0.3669650414492984,1.4733403229794104,-0.6069769786668839,-0.7471406682025761,-0.0941763218696022,-0.105409255338946,-0.23073955174772434,-0.7741427596395154,-0.2773500981126145,5.238081709939242,0.9095654110330884,-0.41554832735932656,-0.21160368475757949,-0.43893114546442885,-0.21442250696755896,-0.3018726524899911,1.547747520773237,-0.153694655873568,-1.4621665549733924,-0.3493873447137373,-0.2909029959270487,-0.03316790634033297,-0.27272727272727276,-0.3353646338730602,0.8738225743667123,-0.033167906340332974,-0.033167906340332974
0.6332724707689026,0.6188410242456811,-0.28815445604320317,0.5429208998453612,-0.42946562402260263,0.4706070602046561,-0.508571073354389,-0.3353646338730602,1.1756695764029879,-0.9075501609217962,-0.25607375986579195,-0.24112141108520604,0.8563488385776753,-0.3784390048634126,-0.07432941462471664,-0.11559856812793746,-0.3669650414492984,1.4733403229794104,-0.6069769786668839,1.3384360436512406,-0.0941763218696022,-0.105409255338946,-0.23073955174772434,-0.7741427596395154,-0.2773500981126145,-0.19090958396133909,0.9095654110330884,-0.41554832735932656,-0.21160368475757949,-0.43893114546442885,-0.21442250696755896,-0.3018726524899911,-0.6461002111639058,-0.153694655873568,0.6839166144230383,-0.3493873447137373,-0.2909029959270487,-0.03316790634033297,-0.27272727272727276,-0.3353646338730602,0.8738225743667123,-0.033167906340332974,-0.033167906340332974
0.668409465617402,0.6513364271345196,0.473561026888721,0.736173290462989,-1.8130402683248275,-1.5010891865091436,-0.508571073354389,-0.3353646338730602,1.1756695764029879,-0.9075501609217962,-0.25607375986579195,-0.24112141108520604,-1.1677484162422842,-0.3784390048634126,-0.07432941462471664,-0.11559856812793746,-0.3669650414492984,1.4733403229794104,-0.6069769786668839,-0.7471406682025761,-0.0941763218696022,-0.105409255338946,-0.23073955174772434,-0.7741427596395154,-0.2773500981126145,-0.19090958396133909,0.9095654110330884,-0.41554832735932656,-0.21160368475757949,-0.43893114546442885,4.663689526544407,-0.3018726524899911,-0.6461002111639058,6.506407098647712,-1.4621665549733924,-0.3493873447137373,3.4375720222928714,-0.03316790634033297,-0.27272727272727276,-0.3353646338730602,-1.1443970770893999,-0.033167906340332974,-0.033167906340332974
0.668409465617402,0.6513364271345196,0.28313215615573994,0.5539638935949397,-1.444087029844234,-1.5010891865091436,-0.508571073354389,-0.3353646338730602,1.1756695764029879,1.101867470316244,-0.25607375986579195,-0.24112141108520604,0.8563488385776753,2.6424337532568107,-0.07432941462471664,-0.11559856812793746,-0.3669650414492984,-0.678729811709616,-0.6069769786668839,1.3384360436512406,-0.0941763218696022,-0.105409255338946,-0.23073955174772434,-0.7741427596395154,-0.2773500981126145,-0.19090958396133909,0.9095654110330884,-0.41554832735932656,-0.21160368475757949,-0.43893114546442885,4.663689526544407,-0.3018726524899911,-0.6461002111639058,6.506407098647712,-1.4621665549733924,-0.3493873447137373,3.4375720222928714,-0.03316790634033297,-0.27272727272727276,-0.3353646338730602,-1.1443970770893999,-0.033167906340332974,-0.033167906340332974
0.6996423499271793,0.683831830023358,1.1400620744541548,1.465010877935186,-0.42946562402260263,-1.5010891865091436,-0.508571073354389,-0.3353646338730602,1.1756695764029879,1.101867470316244,-0.25607375986579195,-0.24112141108520604,0.8563488385776753,-0.3784390048634126,-0.07432941462471664,-0.11559856812793746,2.7250552152068273,-0.678729811709616,-0.6069769786668839,-0.7471406682025761,-0.0941763218696022,-0.105409255338946,-0.23073955174772434,-0.7741427596395154,-0.2773500981126145,-0.19090958396133909,-1.0994261521710633,2.4064589703793833,-0.21160368475757949,-0.43893114546442885,4.663689526544407,-0.3018726524899911,-0.6461002111639058,6.506407098647712,-1.4621665549733924,-0.3493873447137373,3.4375720222928714,-0.03316790634033297,-0.27272727272727276,-0.3353646338730602,-1.1443970770893999,-0.033167906340332974,-0.033167906340332974
0.6996423499271793,0.683831830023358,0.28313215615573994,-0.47303452511588295,-1.5363253394643823,0.4706070602046561,-0.508571073354389,-0.3353646338730602,1.1756695764029879,-0.9075501609217962,-0.25607375986579195,-0.24112141108520604,0.8563488385776753,-0.3784390048634126,-0.07432941462471664,-0.11559856812793746,-0.3669650414492984,1.4733403229794104,-0.6069769786668839,1.3384360436512406,-0.0941763218696022,-0.105409255338946,-0.23073955174772434,-0.7741427596395154,-0.2773500981126145,-0.19090958396133909,0.9095654110330884,-0.41554832735932656,-0.21160368475757949,-0.43893114546442885,4.663689526544407,-0.3018726524899911,-0.6461002111639058,6.506407098647712,-1.4621665549733924,-0.3493873447137373,3.4375720222928714,-0.03316790634033297,-0.27272727272727276,-0.3353646338730602,-1.1443970770893999,-0.033167906340332974,-0.033167906340332974
0.7308752342369567,0.7163272329121964,0.7592043329881926,-0.6552439219839322,0.9541090202796222,-1.5010891865091436,-0.508571073354389,-0.3353646338730602,1.1756695764029879,-0.9075501609217962,-0.25607375986579195,-0.24112141108520604,-1.1677484162422842,-0.3784390048634126,13.45362404707371,-0.11559856812793746,-0.3669650414492984,-0.678729811709616,-0.6069769786668839,1.3384360436512406,-0.0941763218696022,-0.105409255338946,-0.23073955174772434,-0.7741427596395154,-0.2773500981126145,-0.19090958396133909,0.9095654110330884,-0.41554832735932656,-0.21160368475757949,-0.43893114546442885,4.663689526544407,-0.3018726524899911,-0.6461002111639058,6.506407098647712,-1.4621665549733924,-0.3493873447137373,3.4375720222928714,-0.03316790634033297,-0.27272727272727276,-0.3353646338730602,-1.1443970770893999,-0.033167906340332974,-0.033167906340332974
0.7660122290854561,0.7488226358010348,0.3783465915222305,1.3269734560654518,0.3084408529385839,-0.3180714384808638,-0.508571073354389,-0.3353646338730602,1.1756695764029879,1.101867470316244,-0.25607375986579195,-0.24112141108520604,0.8563488385776753,-0.3784390048634126,-0.07432941462471664,-0.11559856812793746,-0.3669650414492984,1.4733403229794104,-0.6069769786668839,1.3384360436512406,-0.0941763218696022,-0.105409255338946,-0.23073955174772434,-0.7741427596395154,-0.2773500981126145,-0.19090958396133909,0.9095654110330884,-0.41554832735932656,-0.21160368475757949,-0.43893114546442885,4.663689526544407,-0.3018726524899911,-0.6461002111639058,6.506407098647712,-1.4621665549733924,-0.3493873447137373,3.4375720222928714,-0.03316790634033297,-0.27272727272727276,-0.3353646338730602,-1.1443970770893999,-0.033167906340332974,-0.033167906340332974
0.7972451133952334,0.7813180386898733,0.663989897621702,1.6361772810536568,0.49291747217888054,-1.5010891865091436,-0.508571073354389,-0.3353646338730602,1.1756695764029879,1.101867470316244,-0.25607375986579195,-0.24112141108520604,0.8563488385776753,-0.3784390048634126,-0.07432941462471664,-0.11559856812793746,-0.3669650414492984,1.4733403229794104,-0.6069769786668839,1.3384360436512406,-0.0941763218696022,-0.105409255338946,-0.23073955174772434,-0.7741427596395154,-0.2773500981126145,-0.19090958396133909,0.9095654110330884,-0.41554832735932656,-0.21160368475757949,-0.43893114546442885,-0.21442250696755896,-0.3018726524899911,-0.6461002111639058,-0.153694655873568,0.6839166144230383,-0.3493873447137373,3.4375720222928714,-0.03316790634033297,-0.27272727272727276,-0.3353646338730602,-1.1443970770893999,-0.033167906340332974,-0.033167906340332974
0.7972451133952334,0.7813180386898733,-0.09772558531022213,0.28893204360505015,-1.6285636490845308,-0.3180714384808638,-0.508571073354389,-0.3353646338730602,1.1756695764029879,-0.9075501609217962,-0.25607375986579195,-0.24112141108520604,-1.1677484162422842,-0.3784390048634126,-0.07432941462471664,-0.11559856812793746,-0.3669650414492984,1.4733403229794104,-0.6069769786668839,-0.7471406682025761,-0.0941763218696022,-0.105409255338946,-0.23073955174772434,-0.7741427596395154,-0.2773500981126145,5.238081709939242,0.9095654110330884,-0.41554832735932656,-0.21160368475757949,-0.43893114546442885,-0.21442250696755896,-0.3018726524899911,-0.6461002111639058,-0.153694655873568,0.6839166144230383,-0.3493873447137373,3.4375720222928714,-0.03316790634033297,-0.27272727272727276,-0.3353646338730602,-1.1443970770893999,-0.033167906340332974,-0.033167906340332974
0.7972451133952334,0.7813180386898733,1.0448476390876642,1.07850609669993,-0.8906571721233442,0.4706070602046561,-0.508571073354389,-0.3353646338730602,1.1756695764029879,1.101867470316244,-0.25607375986579195,-0.24112141108520604,0.8563488385776753,-0.3784390048634126,-0.07432941462471664,-0.11559856812793746,-0.3669650414492984,1.4733403229794104,-0.6069769786668839,1.3384360436512406,-0.0941763218696022,-0.105409255338946,-0.23073955174772434,-0.7741427596395154,-0.2773500981126145,-0.19090958396133909,-1.0994261521710633,2.4064589703793833,-0.21160368475757949,-0.43893114546442885,-0.21442250696755896,-0.3018726524899911,-0.6461002111639058,-0.153694655873568,0.6839166144230383,-0.3493873447137373,3.4375720222928714,-0.03316790634033297,-0.27272727272727276,-0.3353646338730602,-1.1443970770893999,-0.033167906340332974,-0.033167906340332974
0.8284779977050107,0.8138134415787116,0.663989897621702,1.0564201092007726,-0.15275069516215767,0.4706070602046561,-0.508571073354389,-0.3353646338730602,1.1756695764029879,1.101867470316244,-0.25607375986579195,-0.24112141108520604,0.8563488385776753,2.6424337532568107,-0.07432941462471664,-0.11559856812793746,-0.3669650414492984,-0.678729811709616,-0.6069769786668839,1.3384360436512406,-0.0941763218696022,-0.105409255338946,-0.23073955174772434,-0.7741427596395154,-0.2773500981126145,-0.19090958396133909,0.9095654110330884,-0.41554832735932656,-0.21160368475757949,-0.43893114546442885,-0.21442250696755896,-0.3018726524899911,-0.6461002111639058,-0.153694655873568,0.6839166144230383,-0.3493873447137373,-0.2909029959270487,-0.03316790634033297,-0.27272727272727276,-0.3353646338730602,0.8738225743667123,-0.033167906340332974,-0.033167906340332974
0.8284779977050107,0.8138134415787116,0.3783465915222305,1.6085697966797097,0.2162025433184356,2.0479640575756957,-0.508571073354389,-0.3353646338730602,1.1756695764029879,1.101867470316244,-0.25607375986579195,-0.24112141108520604,0.8563488385776753,-0.3784390048634126,-0.07432941462471664,-0.11559856812793746,-0.3669650414492984,1.4733403229794104,-0.6069769786668839,1.3384360436512406,-0.0941763218696022,-0.105409255338946,-0.23073955174772434,-0.7741427596395154,-0.2773500981126145,-0.19090958396133909,0.9095654110330884,-0.41554832735932656,-0.21160368475757949,-0.43893114546442885,-0.21442250696755896,-0.3018726524899911,-0.6461002111639058,-0.153694655873568,0.6839166144230383,-0.3493873447137373,-0.2909029959270487,-0.03316790634033297,-0.27272727272727276,-0.3353646338730602,0.8738225743667123,-0.033167906340332974,-0.033167906340332974
0.8284779977050107,0.8138134415787116,0.663989897621702,-0.7435878719805622,-1.2596104106039374,0.4706070602046561,-0.508571073354389,-0.3353646338730602,1.1756695764029879,-0.9075501609217962,-0.25607375986579195,-0.24112141108520604,-1.1677484162422842,-0.3784390048634126,-0.07432941462471664,-0.11559856812793746,-0.3669650414492984,1.4733403229794104,-0.6069769786668839,-0.7471406682025761,-0.0941763218696022,9.48683298050514,-0.23073955174772434,-0.7741427596395154,-0.2773500981126145,-0.19090958396133909,0.9095654110330884,-0.41554832735932656,-0.21160368475757949,-0.43893114546442885,-0.21442250696755896,-0.3018726524899911,1.547747520773237,-0.153694655873568,-1.4621665549733924,-0.3493873447137373,-0.2909029959270487,-0.03316790634033297,-0.27272727272727276,-0.3353646338730602,0.8738225743667123,-0.033167906340332974,-0.033167906340332974
0.8284779977050107,0.8138134415787116,-0.9546555036086368,0.007335702990792361,-1.444087029844234,0.07626781086189616,-0.508571073354389,-0.3353646338730602,1.1756695764029879,-0.9075501609217962,-0.25607375986579195,-0.24112141108520604,0.8563488385776753,2.6424337532568107,-0.07432941462471664,-0.11559856812793746,-0.3669650414492984,-0.678729811709616,-0.6069769786668839,1.3384360436512406,-0.0941763218696022,-0.105409255338946,-0.23073955174772434,-0.7741427596395154,-0.2773500981126145,-0.19090958396133909,0.9095654110330884,-0.41554832735932656,-0.21160368475757949,-0.43893114546442885,-0.21442250696755896,-0.3018726524899911,-0.6461002111639058,-0.153694655873568,0.6839166144230383,-0.3493873447137373,-0.2909029959270487,-0.03316790634033297,-0.27272727272727276,-0.3353646338730602,0.8738225743667123,-0.033167906340332974,-0.033167906340332974
0.86361499255351,0.8463088444675501,0.473561026888721,-0.12518022200415266,1.0463473298997705,1.259285558890176,-0.508571073354389,-0.3353646338730602,1.1756695764029879,-0.9075501609217962,-0.25607375986579195,-0.24112141108520604,-1.1677484162422842,-0.3784390048634126,-0.07432941462471664,-0.11559856812793746,-0.3669650414492984,1.4733403229794104,-0.6069769786668839,1.3384360436512406,-0.0941763218696022,-0.105409255338946,-0.23073955174772434,-0.7741427596395154,-0.2773500981126145,-0.19090958396133909,0.9095654110330884,-0.41554832735932656,-0.21160368475757949,-0.43893114546442885,-0.21442250696755896,-0.3018726524899911,-0.6461002111639058,-0.153694655873568,0.6839166144230383,-0.3493873447137373,-0.2909029959270487,-0.03316790634033297,-0.27272727272727276,-0.3353646338730602,0.8738225743667123,-0.033167906340332974,-0.033167906340332974
0.86361499255351,0.8463088444675501,0.18791772078924943,2.061332540412438,-1.6285636490845308,1.653624808232936,-0.508571073354389,-0.3353646338730602,1.1756695764029879,1.101867470316244,-0.25607375986579195,-0.24112141108520604,0.8563488385776753,2.6424337532568107,-0.07432941462471664,-0.11559856812793746,-0.3669650414492984,-0.678729811709616,-0.6069769786668839,-0.7471406682025761,-0.0941763218696022,-0.105409255338946,-0.23073955174772434,-0.7741427596395154,-0.2773500981126145,-0.19090958396133909,0.9095654110330884,-0.41554832735932656,-0.21160368475757949,-0.43893114546442885,-0.21442250696755896,-0.3018726524899911,-0.6461002111639058,-0.153694655873568,0.6839166144230383,-0.3493873447137373,-0.2909029959270487,-0.03316790634033297,-0.27272727272727276,-0.3353646338730602,0.8738225743667123,-0.033167906340332974,-0.033167906340332974
0.8948478768632874,0.8788042473563885,0.8544187683546831,0.5926143717184654,0.03172592407813898,0.07626781086189616,-0.508571073354389,-0.3353646338730602,1.1756695764029879,1.101867470316244,-0.25607375986579195,-0.24112141108520604,-1.1677484162422842,-0.3784390048634126,-0.07432941462471664,-0.11559856812793746,2.7250552152068273,-0.678729811709616,-0.6069769786668839,1.3384360436512406,-0.0941763218696022,-0.105409255338946,-0.23073955174772434,-0.7741427596395154,-0.2773500981126145,-0.19090958396133909,0.9095654110330884,-0.41554832735932656,-0.21160368475757949,-0.43893114546442885,-0.21442250696755896,3.312655160219113,-0.6461002111639058,-0.153694655873568,0.6839166144230383,-0.3493873447137373,-0.2909029959270487,-0.03316790634033297,3.666666666666667,-0.3353646338730602,-1.1443970770893999,-0.033167906340332974,-0.033167906340332974
0.8948478768632874,0.8788042473563885,0.18791772078924943,0.3165395279789969,0.03172592407813898,0.07626781086189616,-0.508571073354389,-0.3353646338730602,1.1756695764029879,1.101867470316244,-0.25607375986579195,-0.24112141108520604,0.8563488385776753,-0.3784390048634126,-0.07432941462471664,-0.11559856812793746,-0.3669650414492984,1.4733403229794104,-0.6069769786668839,1.3384360436512406,-0.0941763218696022,-0.105409255338946,-0.23073955174772434,-0.7741427596395154,-0.2773500981126145,-0.19090958396133909,-1.0994261521710633,2.4064589703793833,-0.21160368475757949,-0.43893114546442885,-0.21442250696755896,-0.3018726524899911,1.547747520773237,-0.153694655873568,-1.4621665549733924,-0.3493873447137373,-0.2909029959270487,-0.03316790634033297,3.666666666666667,-0.3353646338730602,-1.1443970770893999,-0.033167906340332974,-0.033167906340332974
0.8948478768632874,0.8788042473563885,0.8544187683546831,-0.8871467907250857,0.03172592407813898,0.07626781086189616,-0.508571073354389,-0.3353646338730602,1.1756695764029879,-0.9075501609217962,-0.25607375986579195,-0.24112141108520604,-1.1677484162422842,-0.3784390048634126,-0.07432941462471664,-0.11559856812793746,-0.3669650414492984,1.4733403229794104,-0.6069769786668839,1.3384360436512406,-0.0941763218696022,-0.105409255338946,-0.23073955174772434,-0.7741427596395154,-0.2773500981126145,-0.19090958396133909,0.9095654110330884,-0.41554832735932656,-0.21160368475757949,-0.43893114546442885,-0.21442250696755896,-0.3018726524899911,-0.6461002111639058,-0.153694655873568,0.6839166144230383,-0.3493873447137373,-0.2909029959270487,-0.03316790634033297,3.666666666666667,-0.3353646338730602,-1.1443970770893999,-0.033167906340332974,-0.033167906340332974
0.9260807611730647,0.911299650245227,-0.28815445604320317,0.537399402970572,0.03172592407813898,0.07626781086189616,-0.508571073354389,-0.3353646338730602,1.1756695764029879,-0.9075501609217962,-0.25607375986579195,-0.24112141108520604,0.8563488385776753,2.6424337532568107,-0.07432941462471664,-0.11559856812793746,-0.3669650414492984,-0.678729811709616,-0.6069769786668839,-0.7471406682025761,-0.0941763218696022,9.48683298050514,-0.23073955174772434,-0.7741427596395154,-0.2773500981126145,-0.19090958396133909,0.9095654110330884,-0.41554832735932656,-0.21160368475757949,-0.43893114546442885,-0.21442250696755896,-0.3018726524899911,-0.6461002111639058,-0.153694655873568,0.6839166144230383,-0.3493873447137373,-0.2909029959270487,-0.03316790634033297,3.666666666666667,-0.3353646338730602,-1.1443970770893999,-0.033167906340332974,-0.033167906340332974
0.9260807611730647,0.911299650245227,1.6161342512866073,1.6693062623023924,0.03172592407813898,0.07626781086189616,-0.508571073354389,-0.3353646338730602,1.1756695764029879,1.101867470316244,-0.25607375986579195,-0.24112141108520604,0.8563488385776753,-0.3784390048634126,-0.07432941462471664,-0.11559856812793746,-0.3669650414492984,1.4733403229794104,-0.6069769786668839,1.3384360436512406,-0.0941763218696022,-0.105409255338946,-0.23073955174772434,-0.7741427596395154,-0.2773500981126145,-0.19090958396133909,0.9095654110330884,-0.41554832735932656,-0.21160368475757949,-0.43893114546442885,-0.21442250696755896,-0.3018726524899911,-0.6461002111639058,-0.153694655873568,0.6839166144230383,-0.3493873447137373,-0.2909029959270487,-0.03316790634033297,3.666666666666667,-0.3353646338730602,-1.1443970770893999,-0.033167906340332974,-0.033167906340332974
0.9260807611730647,0.911299650245227,0.5687754622552115,2.0337250560384907,-0.15275069516215767,0.864946309547416,-0.508571073354389,-0.3353646338730602,1.1756695764029879,1.101867470316244,-0.25607375986579195,-0.24112141108520604,0.8563488385776753,-0.3784390048634126,-0.07432941462471664,-0.11559856812793746,-0.3669650414492984,1.4733403229794104,-0.6069769786668839,1.3384360436512406,-0.0941763218696022,-0.105409255338946,-0.23073955174772434,-0.7741427596395154,-0.2773500981126145,-0.19090958396133909,0.9095654110330884,-0.41554832735932656,-0.21160368475757949,-0.43893114546442885,-0.21442250696755896,-0.3018726524899911,-0.6461002111639058,-0.153694655873568,0.6839166144230383,-0.3493873447137373,-0.2909029959270487,-0.03316790634033297,-0.27272727272727276,-0.3353646338730602,0.8738225743667123,-0.033167906340332974,-0.033167906340332974
0.9924506403313414,0.9762904560229038,0.9496332037211737,0.8134742467100405,0.1239642336982873,-0.3180714384808638,-0.508571073354389,-0.3353646338730602,1.1756695764029879,1.101867470316244,-0.25607375986579195,-0.24112141108520604,-1.1677484162422842,-0.3784390048634126,-0.07432941462471664,-0.11559856812793746,-0.3669650414492984,1.4733403229794104,-0.6069769786668839,1.3384360436512406,-0.0941763218696022,-0.105409255338946,-0.23073955174772434,-0.7741427596395154,-0.2773500981126145,-0.19090958396133909,0.9095654110330884,-0.41554832735932656,-0.21160368475757949,-0.43893114546442885,-0.21442250696755896,-0.3018726524899911,-0.6461002111639058,-0.153694655873568,0.6839166144230383,-0.3493873447137373,-0.2909029959270487,-0.03316790634033297,-0.27272727272727276,-0.3353646338730602,0.8738225743667123,-0.033167906340332974,-0.033167906340332974
0.9924506403313414,0.9762904560229038,0.8544187683546831,-0.48407751886546196,-1.2596104106039374,1.259285558890176,-0.508571073354389,-0.3353646338730602,1.1756695764029879,-0.9075501609217962,-0.25607375986579195,-0.24112141108520604,0.8563488385776753,-0.3784390048634126,-0.07432941462471664,-0.11559856812793746,-0.3669650414492984,1.4733403229794104,-0.6069769786668839,1.3384360436512406,-0.0941763218696022,-0.105409255338946,-0.23073955174772434,-0.7741427596395154,-0.2773500981126145,-0.19090958396133909,0.9095654110330884,-0.41554832735932656,-0.21160368475757949,-0.43893114546442885,-0.21442250696755896,-0.3018726524899911,-0.6461002111639058,-0.153694655873568,0.6839166144230383,-0.3493873447137373,-0.2909029959270487,-0.03316790634033297,-0.27272727272727276,-0.3353646338730602,0.8738225743667123,-0.033167906340332974,-0.033167906340332974
0.9924506403313414,0.9762904560229038,0.7592043329881926,1.0950705873242983,-0.9828954817434925,0.4706070602046561,-0.508571073354389,-0.3353646338730602,1.1756695764029879,1.101867470316244,-0.25607375986579195,-0.24112141108520604,-1.1677484162422842,-0.3784390048634126,-0.07432941462471664,-0.11559856812793746,-0.3669650414492984,1.4733403229794104,-0.6069769786668839,1.3384360436512406,-0.0941763218696022,-0.105409255338946,-0.23073955174772434,-0.7741427596395154,-0.2773500981126145,-0.19090958396133909,0.9095654110330884,-0.41554832735932656,-0.21160368475757949,-0.43893114546442885,-0.21442250696755896,-0.3018726524899911,1.547747520773237,-0.153694655873568,-1.4621665549733924,-0.3493873447137373,-0.2909029959270487,-0.03316790634033297,-0.27272727272727276,-0.3353646338730602,0.8738225743667123,-0.033167906340332974,-0.033167906340332974
1.023683524641119,1.0087858589117422,0.3783465915222305,0.5760498810940972,1.0463473298997705,1.259285558890176,-0.508571073354389,-0.3353646338730602,1.1756695764029879,1.101867470316244,-0.25607375986579195,-0.24112141108520604,0.8563488385776753,-0.3784390048634126,-0.07432941462471664,-0.11559856812793746,-0.3669650414492984,1.4733403229794104,-0.6069769786668839,1.3384360436512406,-0.0941763218696022,-0.105409255338946,-0.23073955174772434,-0.7741427596395154,-0.2773500981126145,-0.19090958396133909,0.9095654110330884,-0.41554832735932656,-0.21160368475757949,-0.43893114546442885,-0.21442250696755896,-0.3018726524899911,-0.6461002111639058,-0.153694655873568,0.6839166144230383,-0.3493873447137373,-0.2909029959270487,-0.03316790634033297,-0.27272727272727276,-0.3353646338730602,0.8738225743667123,-0.033167906340332974,-0.033167906340332974
1.023683524641119,1.0087858589117422,0.5687754622552115,0.28893204360505015,-0.6139422432628993,2.0479640575756957,-0.508571073354389,-0.3353646338730602,1.1756695764029879,1.101867470316244,-0.25607375986579195,-0.24112141108520604,0.8563488385776753,-0.3784390048634126,-0.07432941462471664,-0.11559856812793746,-0.3669650414492984,1.4733403229794104,-0.6069769786668839,1.3384360436512406,-0.0941763218696022,-0.105409255338946,-0.23073955174772434,-0.7741427596395154,-0.2773500981126145,-0.19090958396133909,0.9095654110330884,-0.41554832735932656,-0.21160368475757949,-0.43893114546442885,-0.21442250696755896,-0.3018726524899911,-0.6461002111639058,-0.153694655873568,0.6839166144230383,-0.3493873447137373,-0.2909029959270487,-0.03316790634033297,-0.27272727272727276,-0.3353646338730602,0.8738225743667123,-0.033167906340332974,-0.033167906340332974
1.023683524641119,1.0087858589117422,0.5687754622552115,1.3601024373141883,-1.1673721009837892,0.07626781086189616,-0.508571073354389,-0.3353646338730602,1.1756695764029879,1.101867470316244,-0.25607375986579195,-0.24112141108520604,0.8563488385776753,-0.3784390048634126,-0.07432941462471664,-0.11559856812793746,-0.3669650414492984,1.4733403229794104,-0.6069769786668839,1.3384360436512406,-0.0941763218696022,-0.105409255338946,-0.23073955174772434,-0.7741427596395154,-0.2773500981126145,-0.19090958396133909,-1.0994261521710633,2.4064589703793833,-0.21160368475757949,-0.43893114546442885,-0.21442250696755896,-0.3018726524899911,1.547747520773237,-0.153694655873568,-1.4621665549733924,-0.3493873447137373,-0.2909029959270487,-0.03316790634033297,-0.27272727272727276,-0.3353646338730602,0.8738225743667123,-0.033167906340332974,-0.033167906340332974
1.023683524641119,1.0087858589117422,0.18791772078924943,1.001205140452879,-1.8130402683248275,-0.3180714384808638,-0.508571073354389,-0.3353646338730602,1.1756695764029879,1.101867470316244,-0.25607375986579195,-0.24112141108520604,0.8563488385776753,-0.3784390048634126,-0.07432941462471664,-0.11559856812793746,-0.3669650414492984,1.4733403229794104,-0.6069769786668839,1.3384360436512406,-0.0941763218696022,-0.105409255338946,-0.23073955174772434,-0.7741427596395154,-0.2773500981126145,-0.19090958396133909,0.9095654110330884,-0.41554832735932656,-0.21160368475757949,-0.43893114546442885,-0.21442250696755896,-0.3018726524899911,-0.6461002111639058,-0.153694655873568,0.6839166144230383,-0.3493873447137373,-0.2909029959270487,-0.03316790634033297,-0.27272727272727276,-0.3353646338730602,-1.1443970770893999,-0.033167906340332974,-0.033167906340332974
1.023683524641119,1.0087858589117422,0.7592043329881926,1.4594893810603968,0.3084408529385839,0.864946309547416,-0.508571073354389,-0.3353646338730602,1.1756695764029879,1.101867470316244,-0.25607375986579195,-0.24112141108520604,0.8563488385776753,-0.3784390048634126,-0.07432941462471664,-0.11559856812793746,-0.3669650414492984,1.4733403229794104,-0.6069769786668839,1.3384360436512406,-0.0941763218696022,-0.105409255338946,-0.23073955174772434,-0.7741427596395154,-0.2773500981126145,-0.19090958396133909,-1.0994261521710633,2.4064589703793833,-0.21160368475757949,-0.43893114546442885,-0.21442250696755896,-0.3018726524899911,-0.6461002111639058,-0.153694655873568,0.6839166144230383,-0.3493873447137373,-0.2909029959270487,-0.03316790634033297,-0.27272727272727276,-0.3353646338730602,-1.1443970770893999,-0.033167906340332974,-0.033167906340332974
1.0588205194896183,1.0412812618005807,0.8544187683546831,-0.12518022200415266,-1.444087029844234,1.259285558890176,-0.508571073354389,-0.3353646338730602,1.1756695764029879,-0.9075501609217962,-0.25607375986579195,-0.24112141108520604,0.8563488385776753,-0.3784390048634126,-0.07432941462471664,-0.11559856812793746,2.7250552152068273,-0.678729811709616,-0.6069769786668839,1.3384360436512406,-0.0941763218696022,-0.105409255338946,-0.23073955174772434,-0.7741427596395154,-0.2773500981126145,-0.19090958396133909,0.9095654110330884,-0.41554832735932656,-0.21160368475757949,-0.43893114546442885,-0.21442250696755896,-0.3018726524899911,-0.6461002111639058,-0.153694655873568,0.6839166144230383,-0.3493873447137373,-0.2909029959270487,-0.03316790634033297,-0.27272727272727276,-0.3353646338730602,-1.1443970770893999,-0.033167906340332974,-0.033167906340332974
1.0588205194896183,1.0412812618005807,0.3783465915222305,0.9735976560789322,-0.15275069516215767,1.259285558890176,-0.508571073354389,-0.3353646338730602,1.1756695764029879,1.101867470316244,-0.25607375986579195,-0.24112141108520604,-1.1677484162422842,-0.3784390048634126,-0.07432941462471664,-0.11559856812793746,-0.3669650414492984,1.4733403229794104,-0.6069769786668839,1.3384360436512406,-0.0941763218696022,-0.105409255338946,-0.23073955174772434,-0.7741427596395154,-0.2773500981126145,-0.19090958396133909,0.9095654110330884,-0.41554832735932656,-0.21160368475757949,-0.43893114546442885,-0.21442250696755896,-0.3018726524899911,-0.6461002111639058,-0.153694655873568,0.6839166144230383,-0.3493873447137373,-0.2909029959270487,-0.03316790634033297,-0.27272727272727276,-0.3353646338730602,-1.1443970770893999,-0.033167906340332974,-0.033167906340332974
1.0588205194896183,1.0412812618005807,0.7592043329881926,-0.21904566887557192,0.5851557817990288,0.864946309547416,-0.508571073354389,-0.3353646338730602,1.1756695764029879,-0.9075501609217962,-0.25607375986579195,-0.24112141108520604,0.8563488385776753,-0.3784390048634126,-0.07432941462471664,-0.11559856812793746,-0.3669650414492984,1.4733403229794104,-0.6069769786668839,1.3384360436512406,-0.0941763218696022,-0.105409255338946,-0.23073955174772434,-0.7741427596395154,-0.2773500981126145,-0.19090958396133909,0.9095654110330884,-0.41554832735932656,-0.21160368475757949,-0.43893114546442885,-0.21442250696755896,3.312655160219113,-0.6461002111639058,-0.153694655873568,0.6839166144230383,-0.3493873447137373,-0.2909029959270487,-0.03316790634033297,-0.27272727272727276,-0.3353646338730602,-1.1443970770893999,-0.033167906340332974,-0.033167906340332974
1.0588205194896183,1.0412812618005807,1.9969919927525694,1.0674631029503516,-0.8906571721233442,0.4706070602046561,-0.508571073354389,-0.3353646338730602,1.1756695764029879,1.101867470316244,-0.25607375986579195,-0.24112141108520604,0.8563488385776753,2.6424337532568107,-0.07432941462471664,-0.11559856812793746,-0.3669650414492984,-0.678729811709616,-0.6069769786668839,-0.7471406682025761,-0.0941763218696022,-0.105409255338946,-0.23073955174772434,-0.7741427596395154,-0.2773500981126145,-0.19090958396133909,-1.0994261521710633,2.4064589703793833,-0.21160368475757949,-0.43893114546442885,-0.21442250696755896,-0.3018726524899911,-0.6461002111639058,-0.153694655873568,0.6839166144230383,-0.3493873447137373,-0.2909029959270487,-0.03316790634033297,-0.27272727272727276,-0.3353646338730602,-1.1443970770893999,-0.033167906340332974,-0.033167906340332974
1.0588205194896183,1.0412812618005807,0.663989897621702,0.8189957435848297,0.40067916255873226,1.653624808232936,-0.508571073354389,-0.3353646338730602,1.1756695764029879,-0.9075501609217962,-0.25607375986579195,-0.24112141108520604,0.8563488385776753,2.6424337532568107,-0.07432941462471664,-0.11559856812793746,-0.3669650414492984,-0.678729811709616,-0.6069769786668839,1.3384360436512406,-0.0941763218696022,-0.105409255338946,-0.23073955174772434,-0.7741427596395154,-0.2773500981126145,-0.19090958396133909,0.9095654110330884,-0.41554832735932656,-0.21160368475757949,-0.43893114546442885,-0.21442250696755896,-0.3018726524899911,1.547747520773237,-0.153694655873568,-1.4621665549733924,-0.3493873447137373,-0.2909029959270487,-0.03316790634033297,-0.27272727272727276,-0.3353646338730602,-1.1443970770893999,-0.033167906340332974,-0.033167906340332974
1.0588205194896183,1.0412812618005807,0.7592043329881926,1.089549090449509,0.03172592407813898,0.4706070602046561,-0.508571073354389,-0.3353646338730602,1.1756695764029879,1.101867470316244,-0.25607375986579195,-0.24112141108520604,0.8563488385776753,-0.3784390048634126,-0.07432941462471664,-0.11559856812793746,2.7250552152068273,-0.678729811709616,-0.6069769786668839,1.3384360436512406,-0.0941763218696022,-0.105409255338946,-0.23073955174772434,-0.7741427596395154,-0.2773500981126145,-0.19090958396133909,0.9095654110330884,-0.41554832735932656,-0.21160368475757949,-0.43893114546442885,-0.21442250696755896,-0.3018726524899911,-0.6461002111639058,-0.153694655873568,0.6839166144230383,-0.3493873447137373,-0.2909029959270487,-0.03316790634033297,-0.27272727272727276,-0.3353646338730602,-1.1443970770893999,-0.033167906340332974,-0.033167906340332974
1.0900534037993956,1.0737766646894191,0.7592043329881926,1.1558070529469815,-0.7984188625031958,1.259285558890176,-0.508571073354389,-0.3353646338730602,1.1756695764029879,1.101867470316244,-0.25607375986579195,-0.24112141108520604,0.8563488385776753,-0.3784390048634126,-0.07432941462471664,-0.11559856812793746,-0.3669650414492984,1.4733403229794104,-0.6069769786668839,1.3384360436512406,-0.0941763218696022,-0.105409255338946,-0.23073955174772434,-0.7741427596395154,-0.2773500981126145,-0.19090958396133909,0.9095654110330884,-0.41554832735932656,-0.21160368475757949,-0.43893114546442885,-0.21442250696755896,-0.3018726524899911,-0.6461002111639058,-0.153694655873568,0.6839166144230383,-0.3493873447137373,-0.2909029959270487,-0.03316790634033297,-0.27272727272727276,-0.3353646338730602,-1.1443970770893999,-0.033167906340332974,-0.033167906340332974
1.0900534037993956,1.0737766646894191,0.5687754622552115,0.35519000610252266,0.49291747217888054,2.0479640575756957,-0.508571073354389,-0.3353646338730602,1.1756695764029879,-0.9075501609217962,-0.25607375986579195,-0.24112141108520604,-1.1677484162422842,-0.3784390048634126,-0.07432941462471664,-0.11559856812793746,-0.3669650414492984,1.4733403229794104,-0.6069769786668839,1.3384360436512406,-0.0941763218696022,-0.105409255338946,-0.23073955174772434,-0.7741427596395154,-0.2773500981126145,-0.19090958396133909,0.9095654110330884,-0.41554832735932656,-0.21160368475757949,-0.43893114546442885,-0.21442250696755896,-0.3018726524899911,-0.6461002111639058,-0.153694655873568,0.6839166144230383,-0.3493873447137373,-0.2909029959270487,-0.03316790634033297,-0.27272727272727276,-0.3353646338730602,-1.1443970770893999,-0.033167906340332974,-0.033167906340332974
1.0900534037993956,1.0737766646894191,0.18791772078924943,2.0005960747897555,0.40067916255873226,1.259285558890176,-0.508571073354389,-0.3353646338730602,1.1756695764029879,1.101867470316244,-0.25607375986579195,-0.24112141108520604,0.8563488385776753,-0.3784390048634126,-0.07432941462471664,-0.11559856812793746,-0.3669650414492984,1.4733403229794104,-0.6069769786668839,-0.7471406682025761,-0.0941763218696022,-0.105409255338946,-0.23073955174772434,-0.7741427596395154,-0.2773500981126145,-0.19090958396133909,0.9095654110330884,-0.41554832735932656,-0.21160368475757949,-0.43893114546442885,-0.21442250696755896,-0.3018726524899911,-0.6461002111639058,-0.153694655873568,0.6839166144230383,-0.3493873447137373,-0.2909029959270487,-0.03316790634033297,-0.27272727272727276,-0.3353646338730602,-1.1443970770893999,-0.033167906340332974,-0.033167906340332974
1.0900534037993956,1.0737766646894191,2.0922064281190598,1.8846446404191781,-1.6285636490845308,0.07626781086189616,-0.508571073354389,-0.3353646338730602,1.1756695764029879,1.101867470316244,-0.25607375986579195,-0.24112141108520604,0.8563488385776753,-0.3784390048634126,-0.07432941462471664,-0.11559856812793746,2.7250552152068273,-0.678729811709616,-0.6069769786668839,-0.7471406682025761,-0.0941763218696022,-0.105409255338946,-0.23073955174772434,-0.7741427596395154,-0.2773500981126145,-0.19090958396133909,-1.0994261521710633,2.4064589703793833,-0.21160368475757949,-0.43893114546442885,-0.21442250696755896,-0.3018726524899911,-0.6461002111639058,-0.153694655873568,0.6839166144230383,-0.3493873447137373,-0.2909029959270487,-0.03316790634033297,-0.27272727272727276,-0.3353646338730602,-1.1443970770893999,-0.033167906340332974,-0.033167906340332974
1.0900534037993956,1.0737766646894191,-0.28815445604320317,0.1398516279857369,-0.8906571721233442,0.07626781086189616,-0.508571073354389,-0.3353646338730602,1.1756695764029879,-0.9075501609217962,-0.25607375986579195,-0.24112141108520604,0.8563488385776753,-0.3784390048634126,-0.07432941462471664,-0.11559856812793746,-0.3669650414492984,1.4733403229794104,-0.6069769786668839,1.3384360436512406,-0.0941763218696022,-0.105409255338946,-0.23073955174772434,-0.7741427596395154,-0.2773500981126145,-0.19090958396133909,0.9095654110330884,-0.41554832735932656,-0.21160368475757949,-0.43893114546442885,-0.21442250696755896,-0.3018726524899911,-0.6461002111639058,-0.153694655873568,0.6839166144230383,-0.3493873447137373,-0.2909029959270487,-0.03316790634033297,-0.27272727272727276,-0.3353646338730602,-1.1443970770893999,-0.033167906340332974,-0.033167906340332974
1.0900534037993956,1.0737766646894191,0.663989897621702,1.3545809404393985,0.3084408529385839,0.4706070602046561,-0.508571073354389,-0.3353646338730602,1.1756695764029879,1.101867470316244,-0.25607375986579195,-0.24112141108520604,-1.1677484162422842,-0.3784390048634126,-0.07432941462471664,-0.11559856812793746,-0.3669650414492984,1.4733403229794104,-0.6069769786668839,-0.7471406682025761,-0.0941763218696022,-0.105409255338946,-0.23073955174772434,-0.7741427596395154,-0.2773500981126145,-0.19090958396133909,0.9095654110330884,-0.41554832735932656,-0.21160368475757949,-0.43893114546442885,-0.21442250696755896,-0.3018726524899911,-0.6461002111639058,-0.153694655873568,0.6839166144230383,-0.3493873447137373,-0.2909029959270487,-0.03316790634033297,-0.27272727272727276,-0.3353646338730602,-1.1443970770893999,-0.033167906340332974,-0.033167906340332974
1.121286288109173,1.1062720675782574,0.28313215615573994,0.9956836435780898,-1.9052785779449757,-0.3180714384808638,-0.508571073354389,-0.3353646338730602,1.1756695764029879,-0.9075501609217962,-0.25607375986579195,-0.24112141108520604,-1.1677484162422842,2.6424337532568107,-0.07432941462471664,-0.11559856812793746,-0.3669650414492984,-0.678729811709616,-0.6069769786668839,1.3384360436512406,-0.0941763218696022,-0.105409255338946,-0.23073955174772434,-0.7741427596395154,-0.2773500981126145,-0.19090958396133909,0.9095654110330884,-0.41554832735932656,-0.21160368475757949,-0.43893114546442885,-0.21442250696755896,-0.3018726524899911,1.547747520773237,-0.153694655873568,-1.4621665549733924,-0.3493873447137373,-0.2909029959270487,-0.03316790634033297,-0.27272727272727276,-0.3353646338730602,-1.1443970770893999,-0.033167906340332974,-0.033167906340332974
1.121286288109173,1.1062720675782574,0.8544187683546831,0.6367863467167805,-0.8906571721233442,0.864946309547416,-0.508571073354389,-0.3353646338730602,1.1756695764029879,1.101867470316244,-0.25607375986579195,-0.24112141108520604,0.8563488385776753,2.6424337532568107,-0.07432941462471664,-0.11559856812793746,-0.3669650414492984,-0.678729811709616,-0.6069769786668839,-0.7471406682025761,-0.0941763218696022,-0.105409255338946,-0.23073955174772434,-0.7741427596395154,-0.2773500981126145,-0.19090958396133909,-1.0994261521710633,2.4064589703793833,-0.21160368475757949,-0.43893114546442885,-0.21442250696755896,-0.3018726524899911,-0.6461002111639058,-0.153694655873568,0.6839166144230383,-0.3493873447137373,-0.2909029959270487,-0.03316790634033297,-0.27272727272727276,-0.3353646338730602,0.8738225743667123,-0.033167906340332974,-0.033167906340332974
1.121286288109173,1.1062720675782574,-0.28815445604320317,0.5153134154714144,-2.0897551971852724,0.864946309547416,-0.508571073354389,-0.3353646338730602,1.1756695764029879,-0.9075501609217962,-0.25607375986579195,-0.24112141108520604,0.8563488385776753,-0.3784390048634126,-0.07432941462471664,-0.11559856812793746,-0.3669650414492984,1.4733403229794104,-0.6069769786668839,1.3384360436512406,-0.0941763218696022,-0.105409255338946,-0.23073955174772434,-0.7741427596395154,-0.2773500981126145,-0.19090958396133909,0.9095654110330884,-0.41554832735932656,-0.21160368475757949,-0.43893114546442885,-0.21442250696755896,-0.3018726524899911,-0.6461002111639058,-0.153694655873568,0.6839166144230383,-0.3493873447137373,-0.2909029959270487,-0.03316790634033297,-0.27272727272727276,-0.3353646338730602,0.8738225743667123,-0.033167906340332974,-0.033167906340332974
1.1564232829576724,1.1387674704670958,0.663989897621702,-0.34051860012093793,-0.42946562402260263,0.07626781086189616,-0.508571073354389,-0.3353646338730602,1.1756695764029879,-0.9075501609217962,-0.25607375986579195,-0.24112141108520604,-1.1677484162422842,2.6424337532568107,-0.07432941462471664,-0.11559856812793746,-0.3669650414492984,-0.678729811709616,-0.6069769786668839,1.3384360436512406,-0.0941763218696022,-0.105409255338946,-0.23073955174772434,-0.7741427596395154,-0.2773500981126145,-0.19090958396133909,0.9095654110330884,-0.41554832735932656,-0.21160368475757949,-0.43893114546442885,-0.21442250696755896,-0.3018726524899911,-0.6461002111639058,-0.153694655873568,0.6839166144230383,-0.3493873447137373,-0.2909029959270487,-0.03316790634033297,-0.27272727272727276,-0.3353646338730602,0.8738225743667123,-0.033167906340332974,-0.033167906340332974
1.1564232829576724,1.1387674704670958,0.7592043329881926,0.5594853904697294,1.0463473298997705,0.864946309547416,-0.508571073354389,-0.3353646338730602,1.1756695764029879,1.101867470316244,-0.25607375986579195,-0.24112141108520604,-1.1677484162422842,-0.3784390048634126,-0.07432941462471664,-0.11559856812793746,-0.3669650414492984,1.4733403229794104,-0.6069769786668839,1.3384360436512406,-0.0941763218696022,-0.105409255338946,-0.23073955174772434,-0.7741427596395154,-0.2773500981126145,-0.19090958396133909,-1.0994261521710633,2.4064589703793833,-0.21160368475757949,-0.43893114546442885,-0.21442250696755896,-0.3018726524899911,-0.6461002111639058,-0.153694655873568,0.6839166144230383,-0.3493873447137373,-0.2909029959270487,-0.03316790634033297,-0.27272727272727276,-0.3353646338730602,0.8738225743667123,-0.033167906340332974,-0.033167906340332974
1.1876561672674497,1.1712628733559343,0.3783465915222305,1.3269734560654518,-0.7061805528830476,1.653624808232936,-0.508571073354389,-0.3353646338730602,1.1756695764029879,1.101867470316244,-0.25607375986579195,-0.24112141108520604,0.8563488385776753,-0.3784390048634126,-0.07432941462471664,-0.11559856812793746,-0.3669650414492984,1.4733403229794104,-0.6069769786668839,1.3384360436512406,-0.0941763218696022,-0.105409255338946,-0.23073955174772434,-0.7741427596395154,-0.2773500981126145,-0.19090958396133909,0.9095654110330884,-0.41554832735932656,-0.21160368475757949,-0.43893114546442885,-0.21442250696755896,-0.3018726524899911,-0.6461002111639058,-0.153694655873568,0.6839166144230383,-0.3493873447137373,-0.2909029959270487,-0.03316790634033297,-0.27272727272727276,-0.3353646338730602,0.8738225743667123,-0.033167906340332974,-0.033167906340332974
1.1876561672674497,1.1712628733559343,0.473561026888721,1.2993659716915051,-0.3372273144024543,0.864946309547416,-0.508571073354389,-0.3353646338730602,1.1756695764029879,1.101867470316244,-0.25607375986579195,-0.24112141108520604,0.8563488385776753,2.6424337532568107,-0.07432941462471664,-0.11559856812793746,-0.3669650414492984,-0.678729811709616,-0.6069769786668839,1.3384360436512406,-0.0941763218696022,-0.105409255338946,-0.23073955174772434,-0.7741427596395154,-0.2773500981126145,-0.19090958396133909,0.9095654110330884,-0.41554832735932656,-0.21160368475757949,-0.43893114546442885,-0.21442250696755896,-0.3018726524899911,-0.6461002111639058,-0.153694655873568,0.6839166144230383,-0.3493873447137373,-0.2909029959270487,-0.03316790634033297,-0.27272727272727276,-0.3353646338730602,0.8738225743667123,-0.033167906340332974,-0.033167906340332974
1.1876561672674497,1.1712628733559343,-0.002511149943731609,0.27788904985547114,0.6773940914191772,1.259285558890176,-0.508571073354389,-0.3353646338730602,1.1756695764029879,-0.9075501609217962,-0.25607375986579195,-0.24112141108520604,0.8563488385776753,-0.3784390048634126,-0.07432941462471664,-0.11559856812793746,-0.3669650414492984,1.4733403229794104,-0.6069769786668839,1.3384360436512406,-0.0941763218696022,-0.105409255338946,-0.23073955174772434,-0.7741427596395154,-0.2773500981126145,-0.19090958396133909,0.9095654110330884,-0.41554832735932656,-0.21160368475757949,-0.43893114546442885,-0.21442250696755896,-0.3018726524899911,-0.6461002111639058,-0.153694655873568,0.6839166144230383,-0.3493873447137373,-0.2909029959270487,-0.03316790634033297,-0.27272727272727276,-0.3353646338730602,0.8738225743667123,-0.033167906340332974,-0.033167906340332974
1.1876561672674497,1.1712628733559343,0.663989897621702,0.7251302967134104,-0.42946562402260263,0.07626781086189616,-0.508571073354389,-0.3353646338730602,1.1756695764029879,1.101867470316244,-0.25607375986579195,-0.24112141108520604,0.8563488385776753,-0.3784390048634126,-0.07432941462471664,-0.11559856812793746,-0.3669650414492984,1.4733403229794104,-0.6069769786668839,1.3384360436512406,-0.0941763218696022,-0.105409255338946,-0.23073955174772434,-0.7741427596395154,-0.2773500981126145,-0.19090958396133909,0.9095654110330884,-0.41554832735932656,-0.21160368475757949,-0.43893114546442885,-0.21442250696755896,-0.3018726524899911,1.547747520773237,-0.153694655873568,-1.4621665549733924,-0.3493873447137373,-0.2909029959270487,-0.03316790634033297,-0.27272727272727276,-0.3353646338730602,0.8738225743667123,-0.033167906340332974,-0.033167906340332974
1.121286288109173,1.1062720675782574,0.3783465915222305,-0.710458890731826,-0.3372273144024543,2.0479640575756957,-0.508571073354389,-0.3353646338730602,1.1756695764029879,-0.9075501609217962,-0.25607375986579195,-0.24112141108520604,0.8563488385776753,-0.3784390048634126,-0.07432941462471664,-0.11559856812793746,-0.3669650414492984,1.4733403229794104,-0.6069769786668839,1.3384360436512406,-0.0941763218696022,-0.105409255338946,-0.23073955174772434,-0.7741427596395154,-0.2773500981126145,-0.19090958396133909,0.9095654110330884,-0.41554832735932656,-0.21160368475757949,-0.43893114546442885,-0.21442250696755896,-0.3018726524899911,1.547747520773237,-0.153694655873568,-1.4621665549733924,-0.3493873447137373,-0.2909029959270487,-0.03316790634033297,-0.27272727272727276,-0.3353646338730602,0.8738225743667123,-0.033167906340332974,-0.033167906340332974
1.1876561672674497,1.1712628733559343,0.663989897621702,-0.5448139844881448,0.7696324010393255,0.07626781086189616,-0.508571073354389,-0.3353646338730602,1.1756695764029879,-0.9075501609217962,-0.25607375986579195,-0.24112141108520604,0.8563488385776753,-0.3784390048634126,-0.07432941462471664,-0.11559856812793746,-0.3669650414492984,1.4733403229794104,-0.6069769786668839,-0.7471406682025761,-0.0941763218696022,-0.105409255338946,-0.23073955174772434,-0.7741427596395154,-0.2773500981126145,-0.19090958396133909,0.9095654110330884,-0.41554832735932656,-0.21160368475757949,-0.43893114546442885,-0.21442250696755896,-0.3018726524899911,-0.6461002111639058,-0.153694655873568,0.6839166144230383,-0.3493873447137373,-0.2909029959270487,-0.03316790634033297,-0.27272727272727276,-0.3353646338730602,0.8738225743667123,-0.033167906340332974,-0.033167906340332974
1.218889051577227,1.2037582762447727,0.9496332037211737,1.3214519591906626,-1.1673721009837892,1.259285558890176,-0.508571073354389,-0.3353646338730602,1.1756695764029879,1.101867470316244,-0.25607375986579195,-0.24112141108520604,-1.1677484162422842,-0.3784390048634126,-0.07432941462471664,-0.11559856812793746,-0.3669650414492984,1.4733403229794104,-0.6069769786668839,1.3384360436512406,-0.0941763218696022,-0.105409255338946,-0.23073955174772434,-0.7741427596395154,-0.2773500981126145,-0.19090958396133909,0.9095654110330884,-0.41554832735932656,-0.21160368475757949,-0.43893114546442885,-0.21442250696755896,-0.3018726524899911,-0.6461002111639058,-0.153694655873568,0.6839166144230383,-0.3493873447137373,-0.2909029959270487,-0.03316790634033297,-0.27272727272727276,-0.3353646338730602,0.8738225743667123,-0.033167906340332974,-0.033167906340332974
1.1564232829576724,1.1387674704670958,0.5687754622552115,0.8079527498352512,0.40067916255873226,-0.3180714384808638,-0.508571073354389,-0.3353646338730602,1.1756695764029879,-0.9075501609217962,-0.25607375986579195,-0.24112141108520604,0.8563488385776753,-0.3784390048634126,-0.07432941462471664,-0.11559856812793746,-0.3669650414492984,1.4733403229794104,-0.6069769786668839,1.3384360436512406,-0.0941763218696022,-0.105409255338946,-0.23073955174772434,-0.7741427596395154,-0.2773500981126145,-0.19090958396133909,-1.0994261521710633,2.4064589703793833,-0.21160368475757949,-0.43893114546442885,-0.21442250696755896,-0.3018726524899911,-0.6461002111639058,-0.153694655873568,0.6839166144230383,-0.3493873447137373,-0.2909029959270487,-0.03316790634033297,-0.27272727272727276,-0.3353646338730602,0.8738225743667123,-0.033167906340332974,-0.033167906340332974
1.218889051577227,1.2037582762447727,0.5687754622552115,1.7355642247998653,-1.1673721009837892,1.259285558890176,-0.508571073354389,-0.3353646338730602,1.1756695764029879,1.101867470316244,-0.25607375986579195,-0.24112141108520604,0.8563488385776753,-0.3784390048634126,-0.07432941462471664,-0.11559856812793746,2.7250552152068273,-0.678729811709616,-0.6069769786668839,1.3384360436512406,-0.0941763218696022,-0.105409255338946,-0.23073955174772434,-0.7741427596395154,-0.2773500981126145,-0.19090958396133909,0.9095654110330884,-0.41554832735932656,-0.21160368475757949,-0.43893114546442885,-0.21442250696755896,-0.3018726524899911,1.547747520773237,-0.153694655873568,-1.4621665549733924,-0.3493873447137373,-0.2909029959270487,-0.03316790634033297,-0.27272727272727276,-0.3353646338730602,0.8738225743667123,-0.033167906340332974,-0.033167906340332974
1.2540260464257265,1.2362536791336112,-0.28815445604320317,0.9515116685797748,-1.9052785779449757,0.07626781086189616,-0.508571073354389,-0.3353646338730602,1.1756695764029879,-0.9075501609217962,-0.25607375986579195,-0.24112141108520604,0.8563488385776753,-0.3784390048634126,-0.07432941462471664,-0.11559856812793746,-0.3669650414492984,1.4733403229794104,-0.6069769786668839,-0.7471406682025761,-0.0941763218696022,-0.105409255338946,-0.23073955174772434,-0.7741427596395154,-0.2773500981126145,5.238081709939242,0.9095654110330884,-0.41554832735932656,-0.21160368475757949,-0.43893114546442885,-0.21442250696755896,-0.3018726524899911,1.547747520773237,-0.153694655873568,-1.4621665549733924,-0.3493873447137373,-0.2909029959270487,-0.03316790634033297,-0.27272727272727276,-0.3353646338730602,0.8738225743667123,-0.033167906340332974,-0.033167906340332974
1.2540260464257265,1.2362536791336112,1.1400620744541548,1.7189997341754977,0.49291747217888054,1.653624808232936,-0.508571073354389,-0.3353646338730602,1.1756695764029879,1.101867470316244,-0.25607375986579195,-0.24112141108520604,-1.1677484162422842,-0.3784390048634126,-0.07432941462471664,-0.11559856812793746,-0.3669650414492984,1.4733403229794104,-0.6069769786668839,1.3384360436512406,-0.0941763218696022,-0.105409255338946,-0.23073955174772434,-0.7741427596395154,-0.2773500981126145,-0.19090958396133909,0.9095654110330884,-0.41554832735932656,-0.21160368475757949,-0.43893114546442885,-0.21442250696755896,-0.3018726524899911,-0.6461002111639058,-0.153694655873568,0.6839166144230383,-0.3493873447137373,-0.2909029959270487,-0.03316790634033297,-0.27272727272727276,-0.3353646338730602,0.8738225743667123,-0.033167906340332974,-0.033167906340332974
1.2540260464257265,1.2362536791336112,0.28313215615573994,1.834951168546074,1.2308239491400672,1.259285558890176,-0.508571073354389,-0.3353646338730602,1.1756695764029879,1.101867470316244,-0.25607375986579195,-0.24112141108520604,0.8563488385776753,-0.3784390048634126,-0.07432941462471664,-0.11559856812793746,-0.3669650414492984,1.4733403229794104,-0.6069769786668839,1.3384360436512406,-0.0941763218696022,-0.105409255338946,-0.23073955174772434,-0.7741427596395154,-0.2773500981126145,-0.19090958396133909,0.9095654110330884,-0.41554832735932656,-0.21160368475757949,-0.43893114546442885,-0.21442250696755896,-0.3018726524899911,-0.6461002111639058,-0.153694655873568,0.6839166144230383,-0.3493873447137373,-0.2909029959270487,-0.03316790634033297,-0.27272727272727276,-0.3353646338730602,0.8738225743667123,-0.033167906340332974,-0.033167906340332974
1.2540260464257265,1.2362536791336112,0.663989897621702,0.2613245592311034,-0.06051238554200934,1.653624808232936,-0.508571073354389,-0.3353646338730602,1.1756695764029879,1.101867470316244,-0.25607375986579195,-0.24112141108520604,-1.1677484162422842,-0.3784390048634126,-0.07432941462471664,-0.11559856812793746,-0.3669650414492984,1.4733403229794104,-0.6069769786668839,1.3384360436512406,-0.0941763218696022,-0.105409255338946,-0.23073955174772434,-0.7741427596395154,-0.2773500981126145,-0.19090958396133909,0.9095654110330884,-0.41554832735932656,-0.21160368475757949,-0.43893114546442885,-0.21442250696755896,-0.3018726524899911,1.547747520773237,-0.153694655873568,-1.4621665549733924,-0.3493873447137373,-0.2909029959270487,-0.03316790634033297,-0.27272727272727276,-0.3353646338730602,0.8738225743667123,-0.033167906340332974,-0.033167906340332974
1.2540260464257265,1.2362536791336112,0.28313215615573994,0.49322742797225694,0.49291747217888054,1.653624808232936,-0.508571073354389,-0.3353646338730602,1.1756695764029879,-0.9075501609217962,-0.25607375986579195,-0.24112141108520604,-1.1677484162422842,2.6424337532568107,-0.07432941462471664,-0.11559856812793746,-0.3669650414492984,-0.678729811709616,-0.6069769786668839,1.3384360436512406,-0.0941763218696022,-0.105409255338946,-0.23073955174772434,-0.7741427596395154,-0.2773500981126145,-0.19090958396133909,0.9095654110330884,-0.41554832735932656,-0.21160368475757949,-0.43893114546442885,-0.21442250696755896,-0.3018726524899911,1.547747520773237,-0.153694655873568,-1.4621665549733924,-0.3493873447137373,-0.2909029959270487,-0.03316790634033297,-0.27272727272727276,-0.3353646338730602,0.8738225743667123,-0.033167906340332974,-0.033167906340332974
1.2540260464257265,1.2362536791336112,0.8544187683546831,1.8956876341687567,-1.3518487202240859,1.259285558890176,-0.508571073354389,-0.3353646338730602,1.1756695764029879,1.101867470316244,-0.25607375986579195,-0.24112141108520604,0.8563488385776753,-0.3784390048634126,-0.07432941462471664,-0.11559856812793746,2.7250552152068273,-0.678729811709616,-0.6069769786668839,1.3384360436512406,-0.0941763218696022,-0.105409255338946,-0.23073955174772434,-0.7741427596395154,-0.2773500981126145,-0.19090958396133909,0.9095654110330884,-0.41554832735932656,-0.21160368475757949,-0.43893114546442885,-0.21442250696755896,-0.3018726524899911,-0.6461002111639058,-0.153694655873568,0.6839166144230383,-0.3493873447137373,-0.2909029959270487,-0.03316790634033297,-0.27272727272727276,-0.3353646338730602,0.8738225743667123,-0.033167906340332974,-0.033167906340332974
1.2852589307355038,1.2687490820224496,0.473561026888721,2.099983018535964,-1.444087029844234,0.07626781086189616,-0.508571073354389,-0.3353646338730602,1.1756695764029879,1.101867470316244,-0.25607375986579195,-0.24112141108520604,0.8563488385776753,-0.3784390048634126,-0.07432941462471664,-0.11559856812793746,-0.3669650414492984,1.4733403229794104,-0.6069769786668839,1.3384360436512406,-0.0941763218696022,-0.105409255338946,-0.23073955174772434,-0.7741427596395154,-0.2773500981126145,-0.19090958396133909,0.9095654110330884,-0.41554832735932656,-0.21160368475757949,-0.43893114546442885,-0.21442250696755896,-0.3018726524899911,1.547747520773237,-0.153694655873568,-1.4621665549733924,-0.3493873447137373,-0.2909029959270487,-0.03316790634033297,-0.27272727272727276,-0.3353646338730602,0.8738225743667123,-0.033167906340332974,-0.033167906340332974
1.2852589307355038,1.2687490820224496,-0.19294002067671265,-0.1307017188789419,-1.1673721009837892,1.259285558890176,-0.508571073354389,-0.3353646338730602,1.1756695764029879,-0.9075501609217962,-0.25607375986579195,-0.24112141108520604,0.8563488385776753,-0.3784390048634126,-0.07432941462471664,-0.11559856812793746,-0.3669650414492984,1.4733403229794104,-0.6069769786668839,-0.7471406682025761,-0.0941763218696022,-0.105409255338946,-0.23073955174772434,-0.7741427596395154,-0.2773500981126145,-0.19090958396133909,0.9095654110330884,-0.41554832735932656,-0.21160368475757949,-0.43893114546442885,-0.21442250696755896,-0.3018726524899911,-0.6461002111639058,-0.153694655873568,0.6839166144230383,-0.3493873447137373,-0.2909029959270487,-0.03316790634033297,-0.27272727272727276,-0.3353646338730602,0.8738225743667123,-0.033167906340332974,-0.033167906340332974
1.2852589307355038,1.2687490820224496,0.28313215615573994,0.8245172404596189,0.3084408529385839,1.259285558890176,-0.508571073354389,-0.3353646338730602,1.1756695764029879,1.101867470316244,-0.25607375986579195,-0.24112141108520604,0.8563488385776753,-0.3784390048634126,-0.07432941462471664,-0.11559856812793746,-0.3669650414492984,1.4733403229794104,-0.6069769786668839,1.3384360436512406,-0.0941763218696022,-0.105409255338946,-0.23073955174772434,-0.7741427596395154,-0.2773500981126145,-0.19090958396133909,-1.0994261521710633,2.4064589703793833,-0.21160368475757949,-0.43893114546442885,-0.21442250696755896,-0.3018726524899911,-0.6461002111639058,-0.153694655873568,0.6839166144230383,-0.3493873447137373,-0.2909029959270487,-0.03316790634033297,-0.27272727272727276,-0.3353646338730602,0.8738225743667123,-0.033167906340332974,-0.033167906340332974
1.3516288098937805,1.3337398878001263,1.1400620744541548,0.39936198110083765,-0.8906571721233442,0.4706070602046561,-0.508571073354389,-0.3353646338730602,1.1756695764029879,1.101867470316244,-0.25607375986579195,-0.24112141108520604,-1.1677484162422842,-0.3784390048634126,-0.07432941462471664,-0.11559856812793746,-0.3669650414492984,1.4733403229794104,-0.6069769786668839,1.3384360436512406,-0.0941763218696022,-0.105409255338946,-0.23073955174772434,-0.7741427596395154,-0.2773500981126145,-0.19090958396133909,0.9095654110330884,-0.41554832735932656,-0.21160368475757949,-0.43893114546442885,-0.21442250696755896,-0.3018726524899911,1.547747520773237,-0.153694655873568,-1.4621665549733924,-0.3493873447137373,-0.2909029959270487,-0.03316790634033297,-0.27272727272727276,-0.3353646338730602,0.8738225743667123,-0.033167906340332974,-0.033167906340332974
1.3516288098937805,1.3337398878001263,-0.002511149943731609,0.2392385717319459,0.5851557817990288,1.653624808232936,-0.508571073354389,-0.3353646338730602,1.1756695764029879,-0.9075501609217962,-0.25607375986579195,-0.24112141108520604,0.8563488385776753,2.6424337532568107,-0.07432941462471664,-0.11559856812793746,-0.3669650414492984,-0.678729811709616,-0.6069769786668839,1.3384360436512406,-0.0941763218696022,-0.105409255338946,-0.23073955174772434,-0.7741427596395154,-0.2773500981126145,-0.19090958396133909,0.9095654110330884,-0.41554832735932656,-0.21160368475757949,-0.43893114546442885,-0.21442250696755896,-0.3018726524899911,1.547747520773237,-0.153694655873568,-1.4621665549733924,-0.3493873447137373,-0.2909029959270487,-0.03316790634033297,-0.27272727272727276,-0.3353646338730602,0.8738225743667123,-0.033167906340332974,-0.033167906340332974
1.3828616942035579,1.3662352906889648,0.5687754622552115,0.32758252172857594,-1.2596104106039374,1.653624808232936,-0.508571073354389,-0.3353646338730602,1.1756695764029879,-0.9075501609217962,-0.25607375986579195,-0.24112141108520604,0.8563488385776753,2.6424337532568107,-0.07432941462471664,-0.11559856812793746,-0.3669650414492984,-0.678729811709616,-0.6069769786668839,1.3384360436512406,-0.0941763218696022,-0.105409255338946,-0.23073955174772434,-0.7741427596395154,-0.2773500981126145,-0.19090958396133909,0.9095654110330884,-0.41554832735932656,-0.21160368475757949,-0.43893114546442885,-0.21442250696755896,-0.3018726524899911,1.547747520773237,-0.153694655873568,-1.4621665549733924,-0.3493873447137373,-0.2909029959270487,-0.03316790634033297,-0.27272727272727276,-0.3353646338730602,0.8738225743667123,-0.033167906340332974,-0.033167906340332974
1.3828616942035579,1.3662352906889648,0.3783465915222305,1.7576502122990223,-0.15275069516215767,1.653624808232936,-0.508571073354389,-0.3353646338730602,1.1756695764029879,1.101867470316244,-0.25607375986579195,-0.24112141108520604,0.8563488385776753,-0.3784390048634126,-0.07432941462471664,-0.11559856812793746,-0.3669650414492984,1.4733403229794104,-0.6069769786668839,1.3384360436512406,-0.0941763218696022,-0.105409255338946,-0.23073955174772434,-0.7741427596395154,-0.2773500981126145,-0.19090958396133909,0.9095654110330884,-0.41554832735932656,-0.21160368475757949,-0.43893114546442885,-0.21442250696755896,-0.3018726524899911,-0.6461002111639058,-0.153694655873568,0.6839166144230383,-0.3493873447137373,-0.2909029959270487,-0.03316790634033297,-0.27272727272727276,-0.3353646338730602,0.8738225743667123,-0.033167906340332974,-0.033167906340332974
1.3828616942035579,1.3662352906889648,1.0448476390876642,1.6913922498015503,-0.06051238554200934,0.4706070602046561,-0.508571073354389,-0.3353646338730602,1.1756695764029879,1.101867470316244,-0.25607375986579195,-0.24112141108520604,0.8563488385776753,-0.3784390048634126,-0.07432941462471664,-0.11559856812793746,-0.3669650414492984,1.4733403229794104,-0.6069769786668839,1.3384360436512406,-0.0941763218696022,-0.105409255338946,-0.23073955174772434,-0.7741427596395154,-0.2773500981126145,-0.19090958396133909,0.9095654110330884,-0.41554832735932656,-0.21160368475757949,-0.43893114546442885,-0.21442250696755896,-0.3018726524899911,-0.6461002111639058,-0.153694655873568,0.6839166144230383,-0.3493873447137373,-0.2909029959270487,-0.03316790634033297,-0.27272727272727276,-0.3353646338730602,0.8738225743667123,-0.033167906340332974,-0.033167906340332974
1.4140945785133352,1.3987306935778032,0.8544187683546831,0.13433013111094763,0.8618707106594738,0.864946309547416,-0.508571073354389,-0.3353646338730602,1.1756695764029879,-0.9075501609217962,-0.25607375986579195,-0.24112141108520604,-1.1677484162422842,-0.3784390048634126,-0.07432941462471664,-0.11559856812793746,-0.3669650414492984,1.4733403229794104,-0.6069769786668839,1.3384360436512406,-0.0941763218696022,-0.105409255338946,-0.23073955174772434,-0.7741427596395154,-0.2773500981126145,-0.19090958396133909,0.9095654110330884,-0.41554832735932656,-0.21160368475757949,-0.43893114546442885,-0.21442250696755896,-0.3018726524899911,-0.6461002111639058,-0.153694655873568,0.6839166144230383,-0.3493873447137373,-0.2909029959270487,-0.03316790634033297,-0.27272727272727276,-0.3353646338730602,0.8738225743667123,-0.033167906340332974,-0.033167906340332974
1.4140945785133352,1.3987306935778032,0.28313215615573994,0.2392385717319459,-0.9828954817434925,1.653624808232936,-0.508571073354389,-0.3353646338730602,1.1756695764029879,-0.9075501609217962,-0.25607375986579195,-0.24112141108520604,0.8563488385776753,-0.3784390048634126,-0.07432941462471664,-0.11559856812793746,-0.3669650414492984,1.4733403229794104,-0.6069769786668839,1.3384360436512406,-0.0941763218696022,-0.105409255338946,-0.23073955174772434,-0.7741427596395154,-0.2773500981126145,-0.19090958396133909,0.9095654110330884,-0.41554832735932656,-0.21160368475757949,-0.43893114546442885,-0.21442250696755896,-0.3018726524899911,-0.6461002111639058,-0.153694655873568,0.6839166144230383,-0.3493873447137373,-0.2909029959270487,-0.03316790634033297,-0.27272727272727276,-0.3353646338730602,0.8738225743667123,-0.033167906340332974,-0.033167906340332974
1.4140945785133352,1.3987306935778032,0.473561026888721,0.7416947873377787,-0.7984188625031958,1.259285558890176,-0.508571073354389,-0.3353646338730602,1.1756695764029879,1.101867470316244,-0.25607375986579195,-0.24112141108520604,-1.1677484162422842,2.6424337532568107,-0.07432941462471664,-0.11559856812793746,-0.3669650414492984,-0.678729811709616,-0.6069769786668839,1.3384360436512406,-0.0941763218696022,-0.105409255338946,-0.23073955174772434,-0.7741427596395154,-0.2773500981126145,-0.19090958396133909,0.9095654110330884,-0.41554832735932656,-0.21160368475757949,-0.43893114546442885,-0.21442250696755896,-0.3018726524899911,-0.6461002111639058,-0.153694655873568,0.6839166144230383,-0.3493873447137373,-0.2909029959270487,-0.03316790634033297,-0.27272727272727276,-0.3353646338730602,0.8738225743667123,-0.033167906340332974,-0.033167906340332974
1.4140945785133352,1.3987306935778032,1.1400620744541548,0.6091788623428337,1.0463473298997705,0.864946309547416,-0.508571073354389,-0.3353646338730602,1.1756695764029879,1.101867470316244,-0.25607375986579195,-0.24112141108520604,-1.1677484162422842,2.6424337532568107,-0.07432941462471664,-0.11559856812793746,-0.3669650414492984,-0.678729811709616,-0.6069769786668839,1.3384360436512406,-0.0941763218696022,-0.105409255338946,-0.23073955174772434,-0.7741427596395154,-0.2773500981126145,-0.19090958396133909,-1.0994261521710633,2.4064589703793833,-0.21160368475757949,-0.43893114546442885,-0.21442250696755896,-0.3018726524899911,-0.6461002111639058,-0.153694655873568,0.6839166144230383,-0.3493873447137373,-0.2909029959270487,-0.03316790634033297,-0.27272727272727276,-0.3353646338730602,0.8738225743667123,-0.033167906340332974,-0.033167906340332974
-0.14754963697553003,-0.16104864508644096,0.473561026888721,-0.4951205126150405,-0.8906571721233442,-1.5010891865091436,-0.508571073354389,-0.3353646338730602,1.1756695764029879,-0.9075501609217962,-0.25607375986579195,-0.24112141108520604,0.8563488385776753,-0.3784390048634126,-0.07432941462471664,-0.11559856812793746,-0.3669650414492984,1.4733403229794104,-0.6069769786668839,-0.7471406682025761,-0.0941763218696022,-0.105409255338946,-0.23073955174772434,-0.7741427596395154,-0.2773500981126145,5.238081709939242,0.9095654110330884,-0.41554832735932656,-0.21160368475757949,-0.43893114546442885,-0.21442250696755896,-0.3018726524899911,-0.6461002111639058,-0.153694655873568,0.6839166144230383,-0.3493873447137373,-0.2909029959270487,-0.03316790634033297,-0.27272727272727276,-0.3353646338730602,0.8738225743667123,-0.033167906340332974,-0.033167906340332974
1.4492315733618346,1.4312260964666417,0.663989897621702,0.6588723342159379,-0.24498900478230598,0.864946309547416,-0.508571073354389,-0.3353646338730602,1.1756695764029879,-0.9075501609217962,-0.25607375986579195,-0.24112141108520604,0.8563488385776753,-0.3784390048634126,-0.07432941462471664,-0.11559856812793746,-0.3669650414492984,1.4733403229794104,-0.6069769786668839,-0.7471406682025761,-0.0941763218696022,-0.105409255338946,-0.23073955174772434,-0.7741427596395154,-0.2773500981126145,5.238081709939242,0.9095654110330884,-0.41554832735932656,-0.21160368475757949,-0.43893114546442885,-0.21442250696755896,-0.3018726524899911,-0.6461002111639058,-0.153694655873568,0.6839166144230383,-0.3493873447137373,-0.2909029959270487,-0.03316790634033297,-0.27272727272727276,-0.3353646338730602,0.8738225743667123,-0.033167906340332974,-0.033167906340332974
1.480464457671612,1.4637214993554801,0.18791772078924943,0.46009844672352046,-0.7061805528830476,1.653624808232936,-0.508571073354389,-0.3353646338730602,1.1756695764029879,-0.9075501609217962,-0.25607375986579195,-0.24112141108520604,-1.1677484162422842,-0.3784390048634126,-0.07432941462471664,-0.11559856812793746,-0.3669650414492984,1.4733403229794104,-0.6069769786668839,1.3384360436512406,-0.0941763218696022,-0.105409255338946,-0.23073955174772434,-0.7741427596395154,-0.2773500981126145,-0.19090958396133909,0.9095654110330884,-0.41554832735932656,-0.21160368475757949,-0.43893114546442885,-0.21442250696755896,-0.3018726524899911,-0.6461002111639058,-0.153694655873568,0.6839166144230383,-0.3493873447137373,-0.2909029959270487,-0.03316790634033297,-0.27272727272727276,-0.3353646338730602,0.8738225743667123,-0.033167906340332974,-0.033167906340332974
1.480464457671612,1.4637214993554801,0.8544187683546831,0.8410817310839872,0.9541090202796222,2.0479640575756957,-0.508571073354389,-0.3353646338730602,1.1756695764029879,1.101867470316244,-0.25607375986579195,-0.24112141108520604,-1.1677484162422842,-0.3784390048634126,-0.07432941462471664,-0.11559856812793746,-0.3669650414492984,1.4733403229794104,-0.6069769786668839,1.3384360436512406,-0.0941763218696022,-0.105409255338946,-0.23073955174772434,-0.7741427596395154,-0.2773500981126145,-0.19090958396133909,0.9095654110330884,-0.41554832735932656,-0.21160368475757949,-0.43893114546442885,-0.21442250696755896,-0.3018726524899911,-0.6461002111639058,-0.153694655873568,0.6839166144230383,-0.3493873447137373,-0.2909029959270487,-0.03316790634033297,-0.27272727272727276,-0.3353646338730602,0.8738225743667123,-0.033167906340332974,-0.033167906340332974
-0.17878252128530736,-0.19354404797527938,0.3783465915222305,-0.517206500114198,0.3084408529385839,-0.3180714384808638,-0.508571073354389,-0.3353646338730602,1.1756695764029879,-0.9075501609217962,-0.25607375986579195,-0.24112141108520604,0.8563488385776753,-0.3784390048634126,-0.07432941462471664,-0.11559856812793746,-0.3669650414492984,1.4733403229794104,-0.6069769786668839,-0.7471406682025761,-0.0941763218696022,-0.105409255338946,-0.23073955174772434,-0.7741427596395154,-0.2773500981126145,5.238081709939242,0.9095654110330884,-0.41554832735932656,-0.21160368475757949,-0.43893114546442885,-0.21442250696755896,-0.3018726524899911,-0.6461002111639058,-0.153694655873568,0.6839166144230383,-0.3493873447137373,-0.2909029959270487,-0.03316790634033297,-0.27272727272727276,-0.3353646338730602,0.8738225743667123,-0.033167906340332974,-0.033167906340332974
1.480464457671612,1.4637214993554801,-0.28815445604320317,0.4269694654747844,0.6773940914191772,1.259285558890176,-0.508571073354389,-0.3353646338730602,1.1756695764029879,-0.9075501609217962,-0.25607375986579195,-0.24112141108520604,0.8563488385776753,-0.3784390048634126,-0.07432941462471664,-0.11559856812793746,-0.3669650414492984,1.4733403229794104,-0.6069769786668839,1.3384360436512406,-0.0941763218696022,-0.105409255338946,-0.23073955174772434,-0.7741427596395154,-0.2773500981126145,-0.19090958396133909,0.9095654110330884,-0.41554832735932656,-0.21160368475757949,-0.43893114546442885,-0.21442250696755896,3.312655160219113,-0.6461002111639058,-0.153694655873568,0.6839166144230383,-0.3493873447137373,-0.2909029959270487,-0.03316790634033297,-0.27272727272727276,-0.3353646338730602,0.8738225743667123,-0.033167906340332974,-0.033167906340332974
1.480464457671612,1.4637214993554801,0.18791772078924943,0.625743352967202,-0.42946562402260263,0.864946309547416,-0.508571073354389,-0.3353646338730602,1.1756695764029879,-0.9075501609217962,-0.25607375986579195,-0.24112141108520604,-1.1677484162422842,-0.3784390048634126,-0.07432941462471664,-0.11559856812793746,-0.3669650414492984,1.4733403229794104,-0.6069769786668839,1.3384360436512406,-0.0941763218696022,-0.105409255338946,-0.23073955174772434,-0.7741427596395154,-0.2773500981126145,-0.19090958396133909,0.9095654110330884,-0.41554832735932656,-0.21160368475757949,-0.43893114546442885,-0.21442250696755896,-0.3018726524899911,-0.6461002111639058,-0.153694655873568,0.6839166144230383,-0.3493873447137373,-0.2909029959270487,-0.03316790634033297,-0.27272727272727276,-0.3353646338730602,0.8738225743667123,-0.033167906340332974,-0.033167906340332974
0.24286141689668625,0.22889618957962007,0.3783465915222305,-0.528249493863777,-0.6139422432628993,-1.5010891865091436,-0.508571073354389,-0.3353646338730602,1.1756695764029879,-0.9075501609217962,-0.25607375986579195,-0.24112141108520604,-1.1677484162422842,-0.3784390048634126,-0.07432941462471664,-0.11559856812793746,-0.3669650414492984,1.4733403229794104,-0.6069769786668839,1.3384360436512406,-0.0941763218696022,-0.105409255338946,-0.23073955174772434,-0.7741427596395154,-0.2773500981126145,-0.19090958396133909,0.9095654110330884,-0.41554832735932656,-0.21160368475757949,-0.43893114546442885,-0.21442250696755896,-0.3018726524899911,1.547747520773237,-0.153694655873568,-1.4621665549733924,-0.3493873447137373,-0.2909029959270487,-0.03316790634033297,-0.27272727272727276,-0.3353646338730602,0.8738225743667123,-0.033167906340332974,-0.033167906340332974
1.5116973419813893,1.4962169022443186,-0.002511149943731609,0.2502815654815244,-1.0751337913636407,1.653624808232936,-0.508571073354389,-0.3353646338730602,1.1756695764029879,-0.9075501609217962,-0.25607375986579195,-0.24112141108520604,-1.1677484162422842,-0.3784390048634126,-0.07432941462471664,-0.11559856812793746,-0.3669650414492984,1.4733403229794104,-0.6069769786668839,-0.7471406682025761,-0.0941763218696022,-0.105409255338946,-0.23073955174772434,-0.7741427596395154,-0.2773500981126145,-0.19090958396133909,0.9095654110330884,-0.41554832735932656,-0.21160368475757949,-0.43893114546442885,-0.21442250696755896,-0.3018726524899911,-0.6461002111639058,-0.153694655873568,0.6839166144230383,-0.3493873447137373,-0.2909029959270487,-0.03316790634033297,-0.27272727272727276,-0.3353646338730602,0.8738225743667123,-0.033167906340332974,-0.033167906340332974
1.5468343368298887,1.5287123051331568,0.28313215615573994,0.3054965342294184,0.2162025433184356,1.653624808232936,-0.508571073354389,-0.3353646338730602,1.1756695764029879,1.101867470316244,-0.25607375986579195,-0.24112141108520604,0.8563488385776753,-0.3784390048634126,-0.07432941462471664,-0.11559856812793746,-0.3669650414492984,1.4733403229794104,-0.6069769786668839,1.3384360436512406,-0.0941763218696022,-0.105409255338946,-0.23073955174772434,-0.7741427596395154,-0.2773500981126145,-0.19090958396133909,0.9095654110330884,-0.41554832735932656,-0.21160368475757949,-0.43893114546442885,-0.21442250696755896,-0.3018726524899911,-0.6461002111639058,-0.153694655873568,0.6839166144230383,-0.3493873447137373,-0.2909029959270487,-0.03316790634033297,-0.27272727272727276,-0.3353646338730602,0.8738225743667123,-0.033167906340332974,-0.033167906340332974
1.5468343368298887,1.5287123051331568,1.0448476390876642,1.0564201092007726,-0.3372273144024543,1.259285558890176,-0.508571073354389,-0.3353646338730602,1.1756695764029879,1.101867470316244,-0.25607375986579195,-0.24112141108520604,0.8563488385776753,-0.3784390048634126,-0.07432941462471664,-0.11559856812793746,2.7250552152068273,-0.678729811709616,-0.6069769786668839,1.3384360436512406,-0.0941763218696022,-0.105409255338946,-0.23073955174772434,-0.7741427596395154,-0.2773500981126145,-0.19090958396133909,0.9095654110330884,-0.41554832735932656,-0.21160368475757949,-0.43893114546442885,-0.21442250696755896,-0.3018726524899911,-0.6461002111639058,-0.153694655873568,0.6839166144230383,-0.3493873447137373,-0.2909029959270487,-0.03316790634033297,-0.27272727272727276,-0.3353646338730602,0.8738225743667123,-0.033167906340332974,-0.033167906340332974
1.5468343368298887,1.5287123051331568,1.3304909451871356,2.1331119997847003,-0.7061805528830476,0.864946309547416,-0.508571073354389,-0.3353646338730602,1.1756695764029879,1.101867470316244,-0.25607375986579195,-0.24112141108520604,0.8563488385776753,-0.3784390048634126,-0.07432941462471664,-0.11559856812793746,-0.3669650414492984,1.4733403229794104,-0.6069769786668839,1.3384360436512406,-0.0941763218696022,-0.105409255338946,-0.23073955174772434,-0.7741427596395154,-0.2773500981126145,-0.19090958396133909,-1.0994261521710633,2.4064589703793833,-0.21160368475757949,-0.43893114546442885,-0.21442250696755896,-0.3018726524899911,-0.6461002111639058,-0.153694655873568,0.6839166144230383,-0.3493873447137373,-0.2909029959270487,-0.03316790634033297,-0.27272727272727276,-0.3353646338730602,0.8738225743667123,-0.033167906340332974,-0.033167906340332974
1.5468343368298887,1.5287123051331568,0.18791772078924943,0.8576462217083555,-0.8906571721233442,0.864946309547416,-0.508571073354389,-0.3353646338730602,1.1756695764029879,-0.9075501609217962,-0.25607375986579195,-0.24112141108520604,-1.1677484162422842,-0.3784390048634126,-0.07432941462471664,-0.11559856812793746,-0.3669650414492984,1.4733403229794104,-0.6069769786668839,1.3384360436512406,-0.0941763218696022,-0.105409255338946,-0.23073955174772434,-0.7741427596395154,-0.2773500981126145,-0.19090958396133909,0.9095654110330884,-0.41554832735932656,-0.21160368475757949,-0.43893114546442885,-0.21442250696755896,-0.3018726524899911,-0.6461002111639058,-0.153694655873568,0.6839166144230383,-0.3493873447137373,-0.2909029959270487,-0.03316790634033297,-0.27272727272727276,-0.3353646338730602,0.8738225743667123,-0.033167906340332974,-0.033167906340332974
1.578067221139666,1.5612077080219953,0.3783465915222305,0.7693022717117255,-1.3518487202240859,1.259285558890176,-0.508571073354389,-0.3353646338730602,1.1756695764029879,1.101867470316244,-0.25607375986579195,-0.24112141108520604,0.8563488385776753,-0.3784390048634126,-0.07432941462471664,-0.11559856812793746,-0.3669650414492984,1.4733403229794104,-0.6069769786668839,-0.7471406682025761,-0.0941763218696022,-0.105409255338946,-0.23073955174772434,-0.7741427596395154,-0.2773500981126145,-0.19090958396133909,0.9095654110330884,-0.41554832735932656,-0.21160368475757949,-0.43893114546442885,-0.21442250696755896,-0.3018726524899911,-0.6461002111639058,-0.153694655873568,0.6839166144230383,-0.3493873447137373,-0.2909029959270487,-0.03316790634033297,-0.27272727272727276,-0.3353646338730602,0.8738225743667123,-0.033167906340332974,-0.033167906340332974
1.578067221139666,1.5612077080219953,1.0448476390876642,1.5036613560587118,0.2162025433184356,0.4706070602046561,-0.508571073354389,-0.3353646338730602,1.1756695764029879,1.101867470316244,-0.25607375986579195,-0.24112141108520604,-1.1677484162422842,-0.3784390048634126,-0.07432941462471664,-0.11559856812793746,2.7250552152068273,-0.678729811709616,-0.6069769786668839,1.3384360436512406,-0.0941763218696022,-0.105409255338946,-0.23073955174772434,-0.7741427596395154,-0.2773500981126145,-0.19090958396133909,0.9095654110330884,-0.41554832735932656,-0.21160368475757949,-0.43893114546442885,-0.21442250696755896,-0.3018726524899911,-0.6461002111639058,-0.153694655873568,0.6839166144230383,-0.3493873447137373,-0.2909029959270487,-0.03316790634033297,-0.27272727272727276,-0.3353646338730602,0.8738225743667123,-0.033167906340332974,-0.033167906340332974
1.578067221139666,1.5612077080219953,0.5687754622552115,0.6036573654680445,0.6773940914191772,1.259285558890176,-0.508571073354389,-0.3353646338730602,1.1756695764029879,-0.9075501609217962,-0.25607375986579195,-0.24112141108520604,-1.1677484162422842,-0.3784390048634126,-0.07432941462471664,-0.11559856812793746,-0.3669650414492984,1.4733403229794104,-0.6069769786668839,1.3384360436512406,-0.0941763218696022,-0.105409255338946,-0.23073955174772434,-0.7741427596395154,-0.2773500981126145,-0.19090958396133909,0.9095654110330884,-0.41554832735932656,-0.21160368475757949,-0.43893114546442885,-0.21442250696755896,-0.3018726524899911,-0.6461002111639058,-0.153694655873568,0.6839166144230383,-0.3493873447137373,-0.2909029959270487,-0.03316790634033297,-0.27272727272727276,-0.3353646338730602,0.8738225743667123,-0.033167906340332974,-0.033167906340332974
1.578067221139666,1.5612077080219953,0.18791772078924943,0.6367863467167805,-0.24498900478230598,0.4706070602046561,-0.508571073354389,-0.3353646338730602,1.1756695764029879,1.101867470316244,-0.25607375986579195,-0.24112141108520604,0.8563488385776753,-0.3784390048634126,-0.07432941462471664,-0.11559856812793746,2.7250552152068273,-0.678729811709616,-0.6069769786668839,1.3384360436512406,-0.0941763218696022,-0.105409255338946,-0.23073955174772434,-0.7741427596395154,-0.2773500981126145,-0.19090958396133909,0.9095654110330884,-0.41554832735932656,-0.21160368475757949,-0.43893114546442885,-0.21442250696755896,-0.3018726524899911,-0.6461002111639058,-0.153694655873568,0.6839166144230383,-0.3493873447137373,-0.2909029959270487,-0.03316790634033297,-0.27272727272727276,-0.3353646338730602,0.8738225743667123,-0.033167906340332974,-0.033167906340332974
1.6093001054494434,1.5937031109108337,0.473561026888721,0.2502815654815244,-0.15275069516215767,0.864946309547416,-0.508571073354389,-0.3353646338730602,1.1756695764029879,1.101867470316244,-0.25607375986579195,-0.24112141108520604,-1.1677484162422842,-0.3784390048634126,-0.07432941462471664,-0.11559856812793746,-0.3669650414492984,1.4733403229794104,-0.6069769786668839,1.3384360436512406,-0.0941763218696022,-0.105409255338946,-0.23073955174772434,-0.7741427596395154,-0.2773500981126145,-0.19090958396133909,0.9095654110330884,-0.41554832735932656,-0.21160368475757949,-0.43893114546442885,-0.21442250696755896,-0.3018726524899911,-0.6461002111639058,-0.153694655873568,0.6839166144230383,-0.3493873447137373,-0.2909029959270487,-0.03316790634033297,-0.27272727272727276,-0.3353646338730602,0.8738225743667123,-0.033167906340332974,-0.033167906340332974
0.04765588996057812,0.03392377224658955,-0.28815445604320317,-0.4951205126150405,-0.42946562402260263,0.4706070602046561,-0.508571073354389,-0.3353646338730602,1.1756695764029879,-0.9075501609217962,-0.25607375986579195,-0.24112141108520604,0.8563488385776753,-0.3784390048634126,-0.07432941462471664,-0.11559856812793746,-0.3669650414492984,1.4733403229794104,-0.6069769786668839,-0.7471406682025761,-0.0941763218696022,-0.105409255338946,-0.23073955174772434,-0.7741427596395154,-0.2773500981126145,5.238081709939242,-1.0994261521710633,2.4064589703793833,-0.21160368475757949,-0.43893114546442885,-0.21442250696755896,-0.3018726524899911,-0.6461002111639058,-0.153694655873568,0.6839166144230383,-0.3493873447137373,-0.2909029959270487,-0.03316790634033297,-0.27272727272727276,-0.3353646338730602,0.8738225743667123,-0.033167906340332974,-0.033167906340332974
1.6093001054494434,1.5937031109108337,0.5687754622552115,1.4594893810603968,-1.3518487202240859,1.653624808232936,-0.508571073354389,-0.3353646338730602,1.1756695764029879,1.101867470316244,-0.25607375986579195,-0.24112141108520604,0.8563488385776753,-0.3784390048634126,-0.07432941462471664,-0.11559856812793746,-0.3669650414492984,1.4733403229794104,-0.6069769786668839,1.3384360436512406,-0.0941763218696022,-0.105409255338946,-0.23073955174772434,-0.7741427596395154,-0.2773500981126145,-0.19090958396133909,0.9095654110330884,-0.41554832735932656,-0.21160368475757949,-0.43893114546442885,-0.21442250696755896,-0.3018726524899911,1.547747520773237,-0.153694655873568,-1.4621665549733924,-0.3493873447137373,-0.2909029959270487,-0.03316790634033297,-0.27272727272727276,-0.3353646338730602,0.8738225743667123,-0.033167906340332974,-0.033167906340332974
1.6093001054494434,1.5937031109108337,0.473561026888721,0.4877059310974677,-0.8906571721233442,2.0479640575756957,-0.508571073354389,-0.3353646338730602,1.1756695764029879,1.101867470316244,-0.25607375986579195,-0.24112141108520604,-1.1677484162422842,2.6424337532568107,-0.07432941462471664,-0.11559856812793746,-0.3669650414492984,-0.678729811709616,-0.6069769786668839,1.3384360436512406,-0.0941763218696022,-0.105409255338946,-0.23073955174772434,-0.7741427596395154,-0.2773500981126145,-0.19090958396133909,0.9095654110330884,-0.41554832735932656,-0.21160368475757949,-0.43893114546442885,-0.21442250696755896,-0.3018726524899911,-0.6461002111639058,-0.153694655873568,0.6839166144230383,-0.3493873447137373,-0.2909029959270487,-0.03316790634033297,-0.27272727272727276,-0.3353646338730602,0.8738225743667123,-0.033167906340332974,-0.033167906340332974
1.6444371002979428,1.6261985137996722,0.7592043329881926,0.25580306235631417,0.6773940914191772,0.4706070602046561,-0.508571073354389,-0.3353646338730602,1.1756695764029879,-0.9075501609217962,-0.25607375986579195,-0.24112141108520604,0.8563488385776753,-0.3784390048634126,-0.07432941462471664,-0.11559856812793746,2.7250552152068273,-0.678729811709616,-0.6069769786668839,1.3384360436512406,-0.0941763218696022,-0.105409255338946,-0.23073955174772434,-0.7741427596395154,-0.2773500981126145,-0.19090958396133909,0.9095654110330884,-0.41554832735932656,-0.21160368475757949,-0.43893114546442885,-0.21442250696755896,-0.3018726524899911,-0.6461002111639058,-0.153694655873568,0.6839166144230383,-0.3493873447137373,-0.2909029959270487,-0.03316790634033297,-0.27272727272727276,-0.3353646338730602,0.8738225743667123,-0.033167906340332974,-0.033167906340332974
1.6444371002979428,1.6261985137996722,0.473561026888721,0.3165395279789969,0.03172592407813898,0.864946309547416,-0.508571073354389,-0.3353646338730602,1.1756695764029879,1.101867470316244,-0.25607375986579195,-0.24112141108520604,0.8563488385776753,-0.3784390048634126,-0.07432941462471664,-0.11559856812793746,-0.3669650414492984,1.4733403229794104,-0.6069769786668839,1.3384360436512406,-0.0941763218696022,-0.105409255338946,-0.23073955174772434,-0.7741427596395154,-0.2773500981126145,-0.19090958396133909,0.9095654110330884,-0.41554832735932656,-0.21160368475757949,-0.43893114546442885,-0.21442250696755896,-0.3018726524899911,-0.6461002111639058,-0.153694655873568,0.6839166144230383,-0.3493873447137373,-0.2909029959270487,-0.03316790634033297,-0.27272727272727276,-0.3353646338730602,0.8738225743667123,-0.033167906340332974,-0.033167906340332974
1.6444371002979428,1.6261985137996722,0.8544187683546831,1.2441510029436111,0.5851557817990288,0.864946309547416,-0.508571073354389,-0.3353646338730602,1.1756695764029879,1.101867470316244,-0.25607375986579195,-0.24112141108520604,0.8563488385776753,2.6424337532568107,-0.07432941462471664,-0.11559856812793746,-0.3669650414492984,-0.678729811709616,-0.6069769786668839,1.3384360436512406,-0.0941763218696022,-0.105409255338946,-0.23073955174772434,-0.7741427596395154,-0.2773500981126145,-0.19090958396133909,-1.0994261521710633,2.4064589703793833,-0.21160368475757949,-0.43893114546442885,-0.21442250696755896,-0.3018726524899911,-0.6461002111639058,-0.153694655873568,0.6839166144230383,-0.3493873447137373,-0.2909029959270487,-0.03316790634033297,-0.27272727272727276,-0.3353646338730602,0.8738225743667123,-0.033167906340332974,-0.033167906340332974
-0.8932347498714632,-0.9084429115297247,-0.28815445604320317,-0.37364758136967446,-1.3518487202240859,-1.5010891865091436,-0.508571073354389,-0.3353646338730602,1.1756695764029879,-0.9075501609217962,-0.25607375986579195,-0.24112141108520604,-1.1677484162422842,-0.3784390048634126,-0.07432941462471664,-0.11559856812793746,-0.3669650414492984,1.4733403229794104,-0.6069769786668839,1.3384360436512406,-0.0941763218696022,-0.105409255338946,-0.23073955174772434,-0.7741427596395154,-0.2773500981126145,-0.19090958396133909,0.9095654110330884,-0.41554832735932656,-0.21160368475757949,-0.43893114546442885,-0.21442250696755896,-0.3018726524899911,-0.6461002111639058,-0.153694655873568,0.6839166144230383,-0.3493873447137373,-0.2909029959270487,-0.03316790634033297,-0.27272727272727276,-0.3353646338730602,0.8738225743667123,-0.033167906340332974,-0.033167906340332974
1.67566998460772,1.6586939166885106,0.663989897621702,-0.8595393063511391,-0.7061805528830476,0.864946309547416,-0.508571073354389,-0.3353646338730602,1.1756695764029879,-0.9075501609217962,-0.25607375986579195,-0.24112141108520604,-1.1677484162422842,-0.3784390048634126,-0.07432941462471664,-0.11559856812793746,-0.3669650414492984,1.4733403229794104,-0.6069769786668839,-0.7471406682025761,-0.0941763218696022,-0.105409255338946,-0.23073955174772434,-0.7741427596395154,-0.2773500981126145,-0.19090958396133909,0.9095654110330884,-0.41554832735932656,-0.21160368475757949,-0.43893114546442885,-0.21442250696755896,-0.3018726524899911,-0.6461002111639058,-0.153694655873568,0.6839166144230383,-0.3493873447137373,-0.2909029959270487,-0.03316790634033297,-0.27272727272727276,-0.3353646338730602,0.8738225743667123,-0.033167906340332974,-0.033167906340332974
1.67566998460772,1.6586939166885106,0.663989897621702,0.46561994359831016,-0.7984188625031958,1.653624808232936,-0.508571073354389,-0.3353646338730602,1.1756695764029879,-0.9075501609217962,-0.25607375986579195,-0.24112141108520604,-1.1677484162422842,-0.3784390048634126,-0.07432941462471664,-0.11559856812793746,-0.3669650414492984,1.4733403229794104,-0.6069769786668839,1.3384360436512406,-0.0941763218696022,-0.105409255338946,-0.23073955174772434,-0.7741427596395154,-0.2773500981126145,-0.19090958396133909,-1.0994261521710633,2.4064589703793833,-0.21160368475757949,-0.43893114546442885,-0.21442250696755896,-0.3018726524899911,1.547747520773237,-0.153694655873568,-1.4621665549733924,-0.3493873447137373,-0.2909029959270487,-0.03316790634033297,-0.27272727272727276,-0.3353646338730602,0.8738225743667123,-0.033167906340332974,-0.033167906340332974
1.67566998460772,1.6586939166885106,0.5687754622552115,1.8459941622956524,-1.5363253394643823,0.4706070602046561,-0.508571073354389,-0.3353646338730602,1.1756695764029879,1.101867470316244,-0.25607375986579195,-0.24112141108520604,0.8563488385776753,-0.3784390048634126,-0.07432941462471664,-0.11559856812793746,-0.3669650414492984,1.4733403229794104,-0.6069769786668839,1.3384360436512406,-0.0941763218696022,-0.105409255338946,-0.23073955174772434,-0.7741427596395154,-0.2773500981126145,-0.19090958396133909,0.9095654110330884,-0.41554832735932656,-0.21160368475757949,-0.43893114546442885,-0.21442250696755896,-0.3018726524899911,1.547747520773237,-0.153694655873568,-1.4621665549733924,-0.3493873447137373,-0.2909029959270487,-0.03316790634033297,-0.27272727272727276,-0.3353646338730602,0.8738225743667123,-0.033167906340332974,-0.033167906340332974
1.67566998460772,1.6586939166885106,0.663989897621702,0.12328713736136913,0.49291747217888054,1.653624808232936,-0.508571073354389,-0.3353646338730602,1.1756695764029879,-0.9075501609217962,-0.25607375986579195,-0.24112141108520604,0.8563488385776753,-0.3784390048634126,-0.07432941462471664,-0.11559856812793746,-0.3669650414492984,1.4733403229794104,-0.6069769786668839,1.3384360436512406,-0.0941763218696022,-0.105409255338946,-0.23073955174772434,-0.7741427596395154,-0.2773500981126145,-0.19090958396133909,0.9095654110330884,-0.41554832735932656,-0.21160368475757949,-0.43893114546442885,-0.21442250696755896,-0.3018726524899911,1.547747520773237,-0.153694655873568,-1.4621665549733924,-0.3493873447137373,-0.2909029959270487,-0.03316790634033297,-0.27272727272727276,-0.3353646338730602,0.8738225743667123,-0.033167906340332974,-0.033167906340332974
1.7069028689174974,1.691189319577349,0.8544187683546831,1.045377115451194,0.40067916255873226,1.259285558890176,-0.508571073354389,-0.3353646338730602,1.1756695764029879,1.101867470316244,-0.25607375986579195,-0.24112141108520604,-1.1677484162422842,2.6424337532568107,-0.07432941462471664,-0.11559856812793746,-0.3669650414492984,-0.678729811709616,-0.6069769786668839,1.3384360436512406,-0.0941763218696022,-0.105409255338946,-0.23073955174772434,-0.7741427596395154,-0.2773500981126145,-0.19090958396133909,0.9095654110330884,-0.41554832735932656,-0.21160368475757949,-0.43893114546442885,-0.21442250696755896,-0.3018726524899911,-0.6461002111639058,-0.153694655873568,0.6839166144230383,-0.3493873447137373,-0.2909029959270487,-0.03316790634033297,-0.27272727272727276,-0.3353646338730602,0.8738225743667123,-0.033167906340332974,-0.033167906340332974
0.24286141689668625,0.22889618957962007,0.7592043329881926,-0.384690575119253,0.5851557817990288,0.07626781086189616,-0.508571073354389,-0.3353646338730602,1.1756695764029879,-0.9075501609217962,-0.25607375986579195,-0.24112141108520604,-1.1677484162422842,-0.3784390048634126,-0.07432941462471664,-0.11559856812793746,-0.3669650414492984,1.4733403229794104,-0.6069769786668839,1.3384360436512406,-0.0941763218696022,-0.105409255338946,-0.23073955174772434,-0.7741427596395154,-0.2773500981126145,-0.19090958396133909,0.9095654110330884,-0.41554832735932656,-0.21160368475757949,-0.43893114546442885,-0.21442250696755896,-0.3018726524899911,-0.6461002111639058,-0.153694655873568,0.6839166144230383,-0.3493873447137373,-0.2909029959270487,-0.03316790634033297,-0.27272727272727276,-0.3353646338730602,0.8738225743667123,-0.033167906340332974,-0.033167906340332974
1.7069028689174974,1.691189319577349,-0.19294002067671265,0.4877059310974677,-0.8906571721233442,1.259285558890176,-0.508571073354389,-0.3353646338730602,1.1756695764029879,-0.9075501609217962,-0.25607375986579195,-0.24112141108520604,0.8563488385776753,-0.3784390048634126,-0.07432941462471664,-0.11559856812793746,-0.3669650414492984,1.4733403229794104,-0.6069769786668839,1.3384360436512406,-0.0941763218696022,-0.105409255338946,-0.23073955174772434,-0.7741427596395154,-0.2773500981126145,-0.19090958396133909,0.9095654110330884,-0.41554832735932656,-0.21160368475757949,-0.43893114546442885,-0.21442250696755896,-0.3018726524899911,-0.6461002111639058,-0.153694655873568,0.6839166144230383,-0.3493873447137373,-0.2909029959270487,-0.03316790634033297,-0.27272727272727276,-0.3353646338730602,0.8738225743667123,-0.033167906340332974,-0.033167906340332974
1.7069028689174974,1.691189319577349,0.5687754622552115,1.1447640591974027,-1.0751337913636407,0.07626781086189616,-0.508571073354389,-0.3353646338730602,1.1756695764029879,-0.9075501609217962,-0.25607375986579195,-0.24112141108520604,0.8563488385776753,-0.3784390048634126,13.45362404707371,-0.11559856812793746,-0.3669650414492984,-0.678729811709616,-0.6069769786668839,1.3384360436512406,-0.0941763218696022,-0.105409255338946,-0.23073955174772434,-0.7741427596395154,-0.2773500981126145,-0.19090958396133909,0.9095654110330884,-0.41554832735932656,-0.21160368475757949,-0.43893114546442885,-0.21442250696755896,-0.3018726524899911,-0.6461002111639058,-0.153694655873568,0.6839166144230383,-0.3493873447137373,-0.2909029959270487,-0.03316790634033297,-0.27272727272727276,-0.3353646338730602,0.8738225743667123,-0.033167906340332974,-0.033167906340332974
1.7420398637659968,1.7236847224661875,0.473561026888721,1.6030482998049205,-0.06051238554200934,0.07626781086189616,-0.508571073354389,-0.3353646338730602,1.1756695764029879,1.101867470316244,-0.25607375986579195,-0.24112141108520604,0.8563488385776753,2.6424337532568107,-0.07432941462471664,-0.11559856812793746,-0.3669650414492984,-0.678729811709616,-0.6069769786668839,1.3384360436512406,-0.0941763218696022,-0.105409255338946,-0.23073955174772434,-0.7741427596395154,-0.2773500981126145,-0.19090958396133909,0.9095654110330884,-0.41554832735932656,-0.21160368475757949,-0.43893114546442885,-0.21442250696755896,-0.3018726524899911,-0.6461002111639058,-0.153694655873568,0.6839166144230383,-0.3493873447137373,-0.2909029959270487,-0.03316790634033297,-0.27272727272727276,-0.3353646338730602,0.8738225743667123,-0.033167906340332974,-0.033167906340332974
1.7420398637659968,1.7236847224661875,-0.28815445604320317,0.614700359217623,1.4153005683803637,2.0479640575756957,-0.508571073354389,-0.3353646338730602,1.1756695764029879,-0.9075501609217962,-0.25607375986579195,-0.24112141108520604,0.8563488385776753,-0.3784390048634126,-0.07432941462471664,-0.11559856812793746,-0.3669650414492984,1.4733403229794104,-0.6069769786668839,1.3384360436512406,-0.0941763218696022,-0.105409255338946,-0.23073955174772434,-0.7741427596395154,-0.2773500981126145,-0.19090958396133909,0.9095654110330884,-0.41554832735932656,-0.21160368475757949,-0.43893114546442885,-0.21442250696755896,-0.3018726524899911,-0.6461002111639058,-0.153694655873568,0.6839166144230383,-0.3493873447137373,-0.2909029959270487,-0.03316790634033297,-0.27272727272727276,-0.3353646338730602,0.8738225743667123,-0.033167906340332974,-0.033167906340332974
1.7420398637659968,1.7236847224661875,-0.002511149943731609,-0.14726620950331015,0.40067916255873226,0.4706070602046561,-0.508571073354389,2.981829027262644,-0.8505791253521618,-0.9075501609217962,3.905124837953327,4.147288270665544,-1.1677484162422842,-0.3784390048634126,-0.07432941462471664,8.650626181573987,-0.3669650414492984,-0.678729811709616,-0.6069769786668839,-0.7471406682025761,-0.0941763218696022,-0.105409255338946,4.333890711087691,-0.7741427596395154,-0.2773500981126145,-0.19090958396133909,0.9095654110330884,-0.41554832735932656,-0.21160368475757949,-0.43893114546442885,-0.21442250696755896,-0.3018726524899911,-0.6461002111639058,-0.153694655873568,0.6839166144230383,-0.3493873447137373,-0.2909029959270487,-0.03316790634033297,-0.27272727272727276,-0.3353646338730602,0.8738225743667123,-0.033167906340332974,-0.033167906340332974
1.7420398637659968,1.7236847224661875,1.235276509820645,2.1441549935342787,-1.5363253394643823,0.864946309547416,-0.508571073354389,2.981829027262644,-0.8505791253521618,1.101867470316244,-0.25607375986579195,-0.24112141108520604,0.8563488385776753,-0.3784390048634126,-0.07432941462471664,-0.11559856812793746,-0.3669650414492984,1.4733403229794104,-0.6069769786668839,1.3384360436512406,-0.0941763218696022,-0.105409255338946,-0.23073955174772434,-0.7741427596395154,-0.2773500981126145,-0.19090958396133909,-1.0994261521710633,2.4064589703793833,-0.21160368475757949,-0.43893114546442885,-0.21442250696755896,-0.3018726524899911,-0.6461002111639058,-0.153694655873568,0.6839166144230383,-0.3493873447137373,-0.2909029959270487,-0.03316790634033297,-0.27272727272727276,-0.3353646338730602,0.8738225743667123,-0.033167906340332974,-0.033167906340332974
1.7732727480757742,1.7561801253550258,0.663989897621702,-0.2797821344982552,-0.8906571721233442,1.259285558890176,-0.508571073354389,2.981829027262644,-0.8505791253521618,-0.9075501609217962,-0.25607375986579195,-0.24112141108520604,0.8563488385776753,-0.3784390048634126,-0.07432941462471664,-0.11559856812793746,-0.3669650414492984,1.4733403229794104,-0.6069769786668839,1.3384360436512406,-0.0941763218696022,-0.105409255338946,-0.23073955174772434,-0.7741427596395154,-0.2773500981126145,-0.19090958396133909,0.9095654110330884,-0.41554832735932656,-0.21160368475757949,-0.43893114546442885,-0.21442250696755896,-0.3018726524899911,-0.6461002111639058,-0.153694655873568,0.6839166144230383,-0.3493873447137373,-0.2909029959270487,-0.03316790634033297,-0.27272727272727276,-0.3353646338730602,0.8738225743667123,-0.033167906340332974,-0.033167906340332974
0.08279288480907752,0.06641917513542797,-0.09772558531022213,-0.6607654188587215,-0.06051238554200934,-0.3180714384808638,-0.508571073354389,2.981829027262644,-0.8505791253521618,-0.9075501609217962,-0.25607375986579195,-0.24112141108520604,-1.1677484162422842,-0.3784390048634126,-0.07432941462471664,-0.11559856812793746,-0.3669650414492984,1.4733403229794104,-0.6069769786668839,1.3384360436512406,-0.0941763218696022,-0.105409255338946,-0.23073955174772434,-0.7741427596395154,-0.2773500981126145,-0.19090958396133909,0.9095654110330884,-0.41554832735932656,-0.21160368475757949,-0.43893114546442885,-0.21442250696755896,-0.3018726524899911,-0.6461002111639058,-0.153694655873568,0.6839166144230383,-0.3493873447137373,-0.2909029959270487,-0.03316790634033297,-0.27272727272727276,-0.3353646338730602,0.8738225743667123,-0.033167906340332974,-0.033167906340332974
1.7732727480757742,1.7561801253550258,1.6161342512866073,2.0944615216611746,-2.0897551971852724,0.864946309547416,-0.508571073354389,2.981829027262644,-0.8505791253521618,1.101867470316244,-0.25607375986579195,-0.24112141108520604,0.8563488385776753,-0.3784390048634126,-0.07432941462471664,-0.11559856812793746,2.7250552152068273,-0.678729811709616,-0.6069769786668839,1.3384360436512406,-0.0941763218696022,-0.105409255338946,-0.23073955174772434,-0.7741427596395154,-0.2773500981126145,-0.19090958396133909,0.9095654110330884,-0.41554832735932656,-0.21160368475757949,-0.43893114546442885,-0.21442250696755896,-0.3018726524899911,-0.6461002111639058,-0.153694655873568,0.6839166144230383,-0.3493873447137373,-0.2909029959270487,-0.03316790634033297,-0.27272727272727276,-0.3353646338730602,0.8738225743667123,-0.033167906340332974,-0.033167906340332974
1.7732727480757742,1.7561801253550258,1.1400620744541548,1.0067266373276682,-0.15275069516215767,1.653624808232936,-0.508571073354389,2.981829027262644,-0.8505791253521618,1.101867470316244,-0.25607375986579195,-0.24112141108520604,-1.1677484162422842,-0.3784390048634126,-0.07432941462471664,-0.11559856812793746,-0.3669650414492984,1.4733403229794104,-0.6069769786668839,1.3384360436512406,-0.0941763218696022,-0.105409255338946,-0.23073955174772434,-0.7741427596395154,-0.2773500981126145,-0.19090958396133909,-1.0994261521710633,2.4064589703793833,-0.21160368475757949,-0.43893114546442885,-0.21442250696755896,-0.3018726524899911,-0.6461002111639058,-0.153694655873568,0.6839166144230383,-0.3493873447137373,-0.2909029959270487,-0.03316790634033297,-0.27272727272727276,-0.3353646338730602,0.8738225743667123,-0.033167906340332974,-0.033167906340332974
1.8045056323855515,1.7886755282438642,0.9496332037211737,1.34353794668982,0.03172592407813898,1.259285558890176,-0.508571073354389,2.981829027262644,-0.8505791253521618,1.101867470316244,-0.25607375986579195,-0.24112141108520604,0.8563488385776753,-0.3784390048634126,-0.07432941462471664,-0.11559856812793746,2.7250552152068273,-0.678729811709616,-0.6069769786668839,1.3384360436512406,-0.0941763218696022,-0.105409255338946,-0.23073955174772434,-0.7741427596395154,-0.2773500981126145,-0.19090958396133909,0.9095654110330884,-0.41554832735932656,-0.21160368475757949,-0.43893114546442885,-0.21442250696755896,-0.3018726524899911,-0.6461002111639058,-0.153694655873568,0.6839166144230383,-0.3493873447137373,-0.2909029959270487,-0.03316790634033297,-0.27272727272727276,-0.3353646338730602,0.8738225743667123,-0.033167906340332974,-0.033167906340332974
1.8045056323855515,1.7886755282438642,0.473561026888721,0.33310401860336514,0.5851557817990288,1.259285558890176,-0.508571073354389,2.981829027262644,-0.8505791253521618,1.101867470316244,-0.25607375986579195,-0.24112141108520604,0.8563488385776753,-0.3784390048634126,-0.07432941462471664,-0.11559856812793746,2.7250552152068273,-0.678729811709616,-0.6069769786668839,1.3384360436512406,-0.0941763218696022,-0.105409255338946,-0.23073955174772434,-0.7741427596395154,-0.2773500981126145,-0.19090958396133909,0.9095654110330884,-0.41554832735932656,-0.21160368475757949,-0.43893114546442885,-0.21442250696755896,-0.3018726524899911,1.547747520773237,-0.153694655873568,-1.4621665549733924,-0.3493873447137373,-0.2909029959270487,-0.03316790634033297,-0.27272727272727276,-0.3353646338730602,0.8738225743667123,-0.033167906340332974,-0.033167906340332974
1.8045056323855515,1.7886755282438642,0.8544187683546831,0.9073396935814597,0.6773940914191772,0.07626781086189616,-0.508571073354389,2.981829027262644,-0.8505791253521618,1.101867470316244,-0.25607375986579195,-0.24112141108520604,-1.1677484162422842,-0.3784390048634126,-0.07432941462471664,-0.11559856812793746,-0.3669650414492984,1.4733403229794104,-0.6069769786668839,1.3384360436512406,-0.0941763218696022,-0.105409255338946,-0.23073955174772434,-0.7741427596395154,-0.2773500981126145,-0.19090958396133909,0.9095654110330884,-0.41554832735932656,-0.21160368475757949,-0.43893114546442885,-0.21442250696755896,-0.3018726524899911,-0.6461002111639058,-0.153694655873568,0.6839166144230383,-0.3493873447137373,-0.2909029959270487,-0.03316790634033297,-0.27272727272727276,-0.3353646338730602,0.8738225743667123,-0.033167906340332974,-0.033167906340332974
1.8045056323855515,1.7886755282438642,0.663989897621702,1.8294296716712846,-0.42946562402260263,2.0479640575756957,-0.508571073354389,-0.3353646338730602,1.1756695764029879,1.101867470316244,-0.25607375986579195,-0.24112141108520604,0.8563488385776753,-0.3784390048634126,-0.07432941462471664,-0.11559856812793746,-0.3669650414492984,1.4733403229794104,-0.6069769786668839,1.3384360436512406,-0.0941763218696022,-0.105409255338946,-0.23073955174772434,-0.7741427596395154,-0.2773500981126145,-0.19090958396133909,-1.0994261521710633,2.4064589703793833,-0.21160368475757949,-0.43893114546442885,-0.21442250696755896,-0.3018726524899911,1.547747520773237,-0.153694655873568,-1.4621665549733924,-0.3493873447137373,-0.2909029959270487,-0.03316790634033297,-0.27272727272727276,-0.3353646338730602,0.8738225743667123,-0.033167906340332974,-0.033167906340332974
-0.3739880482214155,-0.3885164653083099,0.28313215615573994,-0.7491093688553515,1.2308239491400672,0.4706070602046561,-0.508571073354389,-0.3353646338730602,1.1756695764029879,-0.9075501609217962,-0.25607375986579195,-0.24112141108520604,0.8563488385776753,-0.3784390048634126,-0.07432941462471664,-0.11559856812793746,-0.3669650414492984,1.4733403229794104,-0.6069769786668839,-0.7471406682025761,-0.0941763218696022,-0.105409255338946,-0.23073955174772434,-0.7741427596395154,-0.2773500981126145,-0.19090958396133909,0.9095654110330884,-0.41554832735932656,-0.21160368475757949,-0.43893114546442885,-0.21442250696755896,-0.3018726524899911,1.547747520773237,-0.153694655873568,-1.4621665549733924,-0.3493873447137373,-0.2909029959270487,-0.03316790634033297,-0.27272727272727276,-0.3353646338730602,0.8738225743667123,-0.033167906340332974,-0.033167906340332974
1.839642627234051,1.8211709311327027,0.18791772078924943,2.2435419372804875,-0.7984188625031958,0.07626781086189616,-0.508571073354389,-0.3353646338730602,1.1756695764029879,1.101867470316244,-0.25607375986579195,-0.24112141108520604,0.8563488385776753,-0.3784390048634126,-0.07432941462471664,-0.11559856812793746,-0.3669650414492984,1.4733403229794104,-0.6069769786668839,1.3384360436512406,-0.0941763218696022,-0.105409255338946,-0.23073955174772434,-0.7741427596395154,-0.2773500981126145,-0.19090958396133909,0.9095654110330884,-0.41554832735932656,-0.21160368475757949,-0.43893114546442885,-0.21442250696755896,-0.3018726524899911,-0.6461002111639058,-0.153694655873568,0.6839166144230383,-0.3493873447137373,-0.2909029959270487,-0.03316790634033297,-0.27272727272727276,-0.3353646338730602,0.8738225743667123,-0.033167906340332974,-0.033167906340332974
1.839642627234051,1.8211709311327027,-0.28815445604320317,0.6091788623428337,0.7696324010393255,1.259285558890176,-0.508571073354389,-0.3353646338730602,1.1756695764029879,-0.9075501609217962,-0.25607375986579195,-0.24112141108520604,0.8563488385776753,-0.3784390048634126,-0.07432941462471664,-0.11559856812793746,-0.3669650414492984,1.4733403229794104,-0.6069769786668839,1.3384360436512406,-0.0941763218696022,-0.105409255338946,-0.23073955174772434,-0.7741427596395154,-0.2773500981126145,-0.19090958396133909,0.9095654110330884,-0.41554832735932656,-0.21160368475757949,-0.43893114546442885,-0.21442250696755896,-0.3018726524899911,-0.6461002111639058,-0.153694655873568,0.6839166144230383,-0.3493873447137373,-0.2909029959270487,-0.03316790634033297,-0.27272727272727276,-0.3353646338730602,0.8738225743667123,-0.033167906340332974,-0.033167906340332974
1.839642627234051,1.8211709311327027,0.09270328542275891,0.5760498810940972,-0.6139422432628993,0.4706070602046561,-0.508571073354389,-0.3353646338730602,1.1756695764029879,-0.9075501609217962,-0.25607375986579195,-0.24112141108520604,0.8563488385776753,-0.3784390048634126,-0.07432941462471664,-0.11559856812793746,-0.3669650414492984,1.4733403229794104,-0.6069769786668839,1.3384360436512406,-0.0941763218696022,-0.105409255338946,-0.23073955174772434,-0.7741427596395154,-0.2773500981126145,-0.19090958396133909,0.9095654110330884,-0.41554832735932656,-0.21160368475757949,-0.43893114546442885,-0.21442250696755896,-0.3018726524899911,-0.6461002111639058,-0.153694655873568,0.6839166144230383,-0.3493873447137373,-0.2909029959270487,-0.03316790634033297,-0.27272727272727276,-0.3353646338730602,0.8738225743667123,-0.033167906340332974,-0.033167906340332974
1.8708755115438283,1.8536663340215411,0.5687754622552115,0.4048834779756269,0.1239642336982873,0.4706070602046561,-0.508571073354389,-0.3353646338730602,1.1756695764029879,1.101867470316244,-0.25607375986579195,-0.24112141108520604,-1.1677484162422842,-0.3784390048634126,-0.07432941462471664,-0.11559856812793746,-0.3669650414492984,1.4733403229794104,-0.6069769786668839,1.3384360436512406,-0.0941763218696022,-0.105409255338946,-0.23073955174772434,-0.7741427596395154,-0.2773500981126145,-0.19090958396133909,-1.0994261521710633,2.4064589703793833,-0.21160368475757949,-0.43893114546442885,-0.21442250696755896,-0.3018726524899911,1.547747520773237,-0.153694655873568,-1.4621665549733924,-0.3493873447137373,-0.2909029959270487,-0.03316790634033297,-0.27272727272727276,-0.3353646338730602,0.8738225743667123,-0.033167906340332974,-0.033167906340332974
-0.11241264212703062,-0.12855324219760256,0.5687754622552115,-0.14726620950331015,-1.3518487202240859,-1.5010891865091436,-0.508571073354389,-0.3353646338730602,1.1756695764029879,-0.9075501609217962,-0.25607375986579195,-0.24112141108520604,-1.1677484162422842,-0.3784390048634126,-0.07432941462471664,-0.11559856812793746,-0.3669650414492984,1.4733403229794104,-0.6069769786668839,-0.7471406682025761,-0.0941763218696022,9.48683298050514,-0.23073955174772434,-0.7741427596395154,-0.2773500981126145,-0.19090958396133909,0.9095654110330884,-0.41554832735932656,-0.21160368475757949,-0.43893114546442885,-0.21442250696755896,-0.3018726524899911,-0.6461002111639058,-0.153694655873568,0.6839166144230383,-0.3493873447137373,-0.2909029959270487,-0.03316790634033297,-0.27272727272727276,-0.3353646338730602,0.8738225743667123,-0.033167906340332974,-0.033167906340332974
0.24286141689668625,0.22889618957962007,-0.5737977621426747,0.17850210610926265,-1.0751337913636407,0.4706070602046561,-0.508571073354389,-0.3353646338730602,1.1756695764029879,-0.9075501609217962,-0.25607375986579195,-0.24112141108520604,-1.1677484162422842,2.6424337532568107,-0.07432941462471664,-0.11559856812793746,-0.3669650414492984,-0.678729811709616,-0.6069769786668839,-0.7471406682025761,-0.0941763218696022,-0.105409255338946,-0.23073955174772434,-0.7741427596395154,-0.2773500981126145,5.238081709939242,0.9095654110330884,-0.41554832735932656,-0.21160368475757949,-0.43893114546442885,-0.21442250696755896,-0.3018726524899911,-0.6461002111639058,-0.153694655873568,0.6839166144230383,-0.3493873447137373,-0.2909029959270487,-0.03316790634033297,-0.27272727272727276,-0.3353646338730602,0.8738225743667123,-0.033167906340332974,-0.033167906340332974
1.9021083958536054,1.8861617369103796,1.4257053805536262,1.730042727925076,-0.42946562402260263,1.259285558890176,-0.508571073354389,-0.3353646338730602,1.1756695764029879,1.101867470316244,-0.25607375986579195,-0.24112141108520604,-1.1677484162422842,-0.3784390048634126,-0.07432941462471664,-0.11559856812793746,-0.3669650414492984,1.4733403229794104,-0.6069769786668839,1.3384360436512406,-0.0941763218696022,-0.105409255338946,-0.23073955174772434,-0.7741427596395154,-0.2773500981126145,-0.19090958396133909,0.9095654110330884,-0.41554832735932656,-0.21160368475757949,-0.43893114546442885,-0.21442250696755896,-0.3018726524899911,-0.6461002111639058,-0.153694655873568,0.6839166144230383,-0.3493873447137373,-0.2909029959270487,-0.03316790634033297,-0.27272727272727276,-0.3353646338730602,0.8738225743667123,-0.033167906340332974,-0.033167906340332974
1.9021083958536054,1.8861617369103796,0.3783465915222305,2.105504515410753,0.1239642336982873,0.4706070602046561,-0.508571073354389,-0.3353646338730602,1.1756695764029879,1.101867470316244,-0.25607375986579195,-0.24112141108520604,0.8563488385776753,-0.3784390048634126,-0.07432941462471664,-0.11559856812793746,-0.3669650414492984,1.4733403229794104,-0.6069769786668839,1.3384360436512406,-0.0941763218696022,-0.105409255338946,-0.23073955174772434,-0.7741427596395154,-0.2773500981126145,-0.19090958396133909,-1.0994261521710633,2.4064589703793833,-0.21160368475757949,-0.43893114546442885,-0.21442250696755896,-0.3018726524899911,-0.6461002111639058,-0.153694655873568,0.6839166144230383,-0.3493873447137373,-0.2909029959270487,-0.03316790634033297,-0.27272727272727276,-0.3353646338730602,0.8738225743667123,-0.033167906340332974,-0.033167906340332974
1.9021083958536054,1.8861617369103796,-0.002511149943731609,0.2723675529806819,-0.3372273144024543,0.07626781086189616,-0.508571073354389,-0.3353646338730602,1.1756695764029879,-0.9075501609217962,-0.25607375986579195,-0.24112141108520604,0.8563488385776753,-0.3784390048634126,13.45362404707371,-0.11559856812793746,-0.3669650414492984,-0.678729811709616,-0.6069769786668839,1.3384360436512406,-0.0941763218696022,-0.105409255338946,-0.23073955174772434,-0.7741427596395154,-0.2773500981126145,-0.19090958396133909,0.9095654110330884,-0.41554832735932656,-0.21160368475757949,-0.43893114546442885,-0.21442250696755896,-0.3018726524899911,-0.6461002111639058,-0.153694655873568,0.6839166144230383,-0.3493873447137373,-0.2909029959270487,-0.03316790634033297,-0.27272727272727276,-0.3353646338730602,0.8738225743667123,-0.033167906340332974,-0.033167906340332974
1.9021083958536054,1.8861617369103796,0.28313215615573994,0.5429208998453612,-0.42946562402260263,1.259285558890176,-0.508571073354389,-0.3353646338730602,1.1756695764029879,-0.9075501609217962,-0.25607375986579195,-0.24112141108520604,0.8563488385776753,-0.3784390048634126,-0.07432941462471664,-0.11559856812793746,-0.3669650414492984,1.4733403229794104,-0.6069769786668839,1.3384360436512406,-0.0941763218696022,-0.105409255338946,-0.23073955174772434,-0.7741427596395154,-0.2773500981126145,-0.19090958396133909,0.9095654110330884,-0.41554832735932656,-0.21160368475757949,-0.43893114546442885,-0.21442250696755896,-0.3018726524899911,-0.6461002111639058,-0.153694655873568,0.6839166144230383,-0.3493873447137373,-0.2909029959270487,-0.03316790634033297,-0.27272727272727276,-0.3353646338730602,0.8738225743667123,-0.033167906340332974,-0.033167906340332974
-0.11241264212703062,-0.12855324219760256,0.7592043329881926,-0.3570830907453062,0.1239642336982873,-1.5010891865091436,-0.508571073354389,-0.3353646338730602,1.1756695764029879,-0.9075501609217962,-0.25607375986579195,-0.24112141108520604,0.8563488385776753,-0.3784390048634126,-0.07432941462471664,-0.11559856812793746,-0.3669650414492984,1.4733403229794104,-0.6069769786668839,1.3384360436512406,-0.0941763218696022,-0.105409255338946,-0.23073955174772434,-0.7741427596395154,-0.2773500981126145,-0.19090958396133909,0.9095654110330884,-0.41554832735932656,-0.21160368475757949,-0.43893114546442885,-0.21442250696755896,3.312655160219113,-0.6461002111639058,-0.153694655873568,0.6839166144230383,-0.3493873447137373,-0.2909029959270487,-0.03316790634033297,-0.27272727272727276,-0.3353646338730602,0.8738225743667123,-0.033167906340332974,-0.033167906340332974
-0.11241264212703062,-0.12855324219760256,0.09270328542275891,-0.8429748157267708,0.1239642336982873,-1.5010891865091436,-0.508571073354389,-0.3353646338730602,1.1756695764029879,-0.9075501609217962,-0.25607375986579195,-0.24112141108520604,0.8563488385776753,-0.3784390048634126,-0.07432941462471664,-0.11559856812793746,-0.3669650414492984,1.4733403229794104,-0.6069769786668839,1.3384360436512406,-0.0941763218696022,-0.105409255338946,-0.23073955174772434,-0.7741427596395154,-0.2773500981126145,-0.19090958396133909,0.9095654110330884,-0.41554832735932656,-0.21160368475757949,-0.43893114546442885,-0.21442250696755896,-0.3018726524899911,-0.6461002111639058,-0.153694655873568,0.6839166144230383,-0.3493873447137373,-0.2909029959270487,-0.03316790634033297,-0.27272727272727276,-0.3353646338730602,0.8738225743667123,-0.033167906340332974,-0.033167906340332974
2.292519449725822,2.2761065715764404,-0.002511149943731609,0.6864798185898847,0.7696324010393255,0.864946309547416,-0.508571073354389,-0.3353646338730602,1.1756695764029879,-0.9075501609217962,-0.25607375986579195,-0.24112141108520604,0.8563488385776753,-0.3784390048634126,-0.07432941462471664,-0.11559856812793746,-0.3669650414492984,1.4733403229794104,-0.6069769786668839,1.3384360436512406,-0.0941763218696022,-0.105409255338946,-0.23073955174772434,-0.7741427596395154,-0.2773500981126145,-0.19090958396133909,0.9095654110330884,-0.41554832735932656,-0.21160368475757949,-0.43893114546442885,-0.21442250696755896,-0.3018726524899911,1.547747520773237,-0.153694655873568,-1.4621665549733924,-0.3493873447137373,-0.2909029959270487,-0.03316790634033297,-0.27272727272727276,-0.3353646338730602,0.8738225743667123,-0.033167906340332974,-0.033167906340332974
1.9372453907021048,1.918657139799218,-0.7642266328756558,0.4435339560991527,-1.720801958704679,1.259285558890176,-0.508571073354389,-0.3353646338730602,1.1756695764029879,-0.9075501609217962,-0.25607375986579195,-0.24112141108520604,0.8563488385776753,-0.3784390048634126,-0.07432941462471664,-0.11559856812793746,-0.3669650414492984,1.4733403229794104,-0.6069769786668839,1.3384360436512406,-0.0941763218696022,-0.105409255338946,-0.23073955174772434,-0.7741427596395154,-0.2773500981126145,-0.19090958396133909,-1.0994261521710633,2.4064589703793833,-0.21160368475757949,-0.43893114546442885,-0.21442250696755896,-0.3018726524899911,1.547747520773237,-0.153694655873568,-1.4621665549733924,-0.3493873447137373,-0.2909029959270487,-0.03316790634033297,-0.27272727272727276,-0.3353646338730602,0.8738225743667123,-0.033167906340332974,-0.033167906340332974
-0.7331662177838545,-0.7459658970855325,0.3783465915222305,-0.6662869157335113,-0.6139422432628993,-0.3180714384808638,-0.508571073354389,-0.3353646338730602,1.1756695764029879,-0.9075501609217962,-0.25607375986579195,-0.24112141108520604,0.8563488385776753,-0.3784390048634126,-0.07432941462471664,-0.11559856812793746,2.7250552152068273,-0.678729811709616,-0.6069769786668839,-0.7471406682025761,-0.0941763218696022,-0.105409255338946,-0.23073955174772434,-0.7741427596395154,-0.2773500981126145,-0.19090958396133909,0.9095654110330884,-0.41554832735932656,-0.21160368475757949,-0.43893114546442885,-0.21442250696755896,-0.3018726524899911,-0.6461002111639058,-0.153694655873568,0.6839166144230383,-0.3493873447137373,-0.2909029959270487,-0.03316790634033297,-0.27272727272727276,-0.3353646338730602,0.8738225743667123,-0.033167906340332974,-0.033167906340332974
2.1636838019479905,2.146124960021087,0.18791772078924943,0.1729806092344734,-2.0897551971852724,1.259285558890176,-0.508571073354389,-0.3353646338730602,1.1756695764029879,-0.9075501609217962,-0.25607375986579195,-0.24112141108520604,0.8563488385776753,-0.3784390048634126,-0.07432941462471664,-0.11559856812793746,-0.3669650414492984,1.4733403229794104,-0.6069769786668839,-0.7471406682025761,-0.0941763218696022,-0.105409255338946,-0.23073955174772434,-0.7741427596395154,-0.2773500981126145,-0.19090958396133909,0.9095654110330884,-0.41554832735932656,-0.21160368475757949,-0.43893114546442885,-0.21442250696755896,-0.3018726524899911,-0.6461002111639058,-0.153694655873568,0.6839166144230383,-0.3493873447137373,-0.2909029959270487,-0.03316790634033297,-0.27272727272727276,-0.3353646338730602,0.8738225743667123,-0.033167906340332974,-0.033167906340332974
1.968478275011882,1.9511525426880563,0.663989897621702,1.2828014810671369,-0.6139422432628993,0.07626781086189616,-0.508571073354389,-0.3353646338730602,1.1756695764029879,1.101867470316244,-0.25607375986579195,-0.24112141108520604,0.8563488385776753,2.6424337532568107,-0.07432941462471664,-0.11559856812793746,-0.3669650414492984,-0.678729811709616,-0.6069769786668839,1.3384360436512406,-0.0941763218696022,-0.105409255338946,-0.23073955174772434,-0.7741427596395154,-0.2773500981126145,-0.19090958396133909,0.9095654110330884,-0.41554832735932656,-0.21160368475757949,-0.43893114546442885,-0.21442250696755896,-0.3018726524899911,1.547747520773237,-0.153694655873568,-1.4621665549733924,-0.3493873447137373,-0.2909029959270487,-0.03316790634033297,-0.27272727272727276,-0.3353646338730602,0.8738225743667123,-0.033167906340332974,-0.033167906340332974
-1.869262384552004,-1.8833049981948773,-2.382872034105995,-2.466294896914846,1.0463473298997705,0.864946309547416,-0.508571073354389,-0.3353646338730602,1.1756695764029879,-0.9075501609217962,-0.25607375986579195,-0.24112141108520604,-1.1677484162422842,-0.3784390048634126,-0.07432941462471664,-0.11559856812793746,2.7250552152068273,-0.678729811709616,-0.6069769786668839,1.3384360436512406,-0.0941763218696022,-0.105409255338946,-0.23073955174772434,-0.7741427596395154,-0.2773500981126145,-0.19090958396133909,0.9095654110330884,-0.41554832735932656,-0.21160368475757949,-0.43893114546442885,-0.21442250696755896,3.312655160219113,-0.6461002111639058,-0.153694655873568,0.6839166144230383,-0.3493873447137373,-0.2909029959270487,-0.03316790634033297,-0.27272727272727276,-0.3353646338730602,0.8738225743667123,-0.033167906340332974,-0.033167906340332974
-1.869262384552004,-1.8833049981948773,-2.382872034105995,-2.300649990671165,0.7696324010393255,0.864946309547416,-0.508571073354389,-0.3353646338730602,1.1756695764029879,-0.9075501609217962,-0.25607375986579195,-0.24112141108520604,-1.1677484162422842,-0.3784390048634126,-0.07432941462471664,-0.11559856812793746,2.7250552152068273,-0.678729811709616,-0.6069769786668839,-0.7471406682025761,-0.0941763218696022,-0.105409255338946,-0.23073955174772434,-0.7741427596395154,-0.2773500981126145,5.238081709939242,0.9095654110330884,-0.41554832735932656,-0.21160368475757949,-0.43893114546442885,-0.21442250696755896,-0.3018726524899911,1.547747520773237,-0.153694655873568,-1.4621665549733924,-0.3493873447137373,-0.2909029959270487,-0.03316790634033297,-0.27272727272727276,-0.3353646338730602,0.8738225743667123,-0.033167906340332974,-0.033167906340332974
-1.869262384552004,-1.8833049981948773,-2.287657598739504,-2.245435021923271,1.5075388780005121,0.864946309547416,-0.508571073354389,-0.3353646338730602,1.1756695764029879,1.101867470316244,-0.25607375986579195,-0.24112141108520604,-1.1677484162422842,-0.3784390048634126,-0.07432941462471664,-0.11559856812793746,2.7250552152068273,-0.678729811709616,-0.6069769786668839,-0.7471406682025761,-0.0941763218696022,-0.105409255338946,-0.23073955174772434,-0.7741427596395154,-0.2773500981126145,-0.19090958396133909,0.9095654110330884,-0.41554832735932656,-0.21160368475757949,-0.43893114546442885,-0.21442250696755896,-0.3018726524899911,-0.6461002111639058,-0.153694655873568,0.6839166144230383,-0.3493873447137373,-0.2909029959270487,-0.03316790634033297,-0.27272727272727276,-0.3353646338730602,0.8738225743667123,-0.033167906340332974,-0.033167906340332974
-1.869262384552004,-1.8833049981948773,-2.382872034105995,-2.466294896914846,1.2308239491400672,1.653624808232936,-0.508571073354389,-0.3353646338730602,-0.8505791253521618,-0.9075501609217962,-0.25607375986579195,-0.24112141108520604,-1.1677484162422842,-0.3784390048634126,-0.07432941462471664,-0.11559856812793746,-0.3669650414492984,-0.678729811709616,1.647508942095828,-0.7471406682025761,-0.0941763218696022,-0.105409255338946,-0.23073955174772434,1.2917514083134436,-0.2773500981126145,-0.19090958396133909,0.9095654110330884,-0.41554832735932656,-0.21160368475757949,-0.43893114546442885,-0.21442250696755896,-0.3018726524899911,-0.6461002111639058,-0.153694655873568,0.6839166144230383,-0.3493873447137373,-0.2909029959270487,-0.03316790634033297,-0.27272727272727276,-0.3353646338730602,0.8738225743667123,-0.033167906340332974,-0.033167906340332974
-1.869262384552004,-1.8833049981948773,-2.287657598739504,-2.466294896914846,1.5997771876206603,1.653624808232936,-0.508571073354389,-0.3353646338730602,-0.8505791253521618,1.101867470316244,-0.25607375986579195,-0.24112141108520604,-1.1677484162422842,-0.3784390048634126,-0.07432941462471664,-0.11559856812793746,-0.3669650414492984,-0.678729811709616,-0.6069769786668839,-0.7471406682025761,-0.0941763218696022,-0.105409255338946,-0.23073955174772434,1.2917514083134436,-0.2773500981126145,-0.19090958396133909,0.9095654110330884,-0.41554832735932656,-0.21160368475757949,-0.43893114546442885,-0.21442250696755896,-0.3018726524899911,1.547747520773237,-0.153694655873568,-1.4621665549733924,-0.3493873447137373,-0.2909029959270487,-0.03316790634033297,-0.27272727272727276,-0.3353646338730602,0.8738225743667123,-0.033167906340332974,-0.033167906340332974
-1.869262384552004,-1.8833049981948773,-2.287657598739504,-2.411079928166952,1.4153005683803637,1.653624808232936,-0.508571073354389,-0.3353646338730602,-0.8505791253521618,-0.9075501609217962,-0.25607375986579195,-0.24112141108520604,-1.1677484162422842,-0.3784390048634126,-0.07432941462471664,-0.11559856812793746,-0.3669650414492984,-0.678729811709616,1.647508942095828,-0.7471406682025761,-0.0941763218696022,-0.105409255338946,-0.23073955174772434,1.2917514083134436,-0.2773500981126145,-0.19090958396133909,0.9095654110330884,-0.41554832735932656,-0.21160368475757949,-0.43893114546442885,-0.21442250696755896,-0.3018726524899911,-0.6461002111639058,-0.153694655873568,0.6839166144230383,-0.3493873447137373,-0.2909029959270487,-0.03316790634033297,-0.27272727272727276,-0.3353646338730602,0.8738225743667123,-0.033167906340332974,-0.033167906340332974
-1.869262384552004,-1.8833049981948773,-2.287657598739504,-2.466294896914846,1.5075388780005121,1.259285558890176,-0.508571073354389,-0.3353646338730602,-0.8505791253521618,-0.9075501609217962,-0.25607375986579195,-0.24112141108520604,-1.1677484162422842,-0.3784390048634126,-0.07432941462471664,-0.11559856812793746,-0.3669650414492984,-0.678729811709616,1.647508942095828,-0.7471406682025761,-0.0941763218696022,-0.105409255338946,-0.23073955174772434,1.2917514083134436,-0.2773500981126145,-0.19090958396133909,-1.0994261521710633,2.4064589703793833,-0.21160368475757949,-0.43893114546442885,-0.21442250696755896,-0.3018726524899911,-0.6461002111639058,-0.153694655873568,0.6839166144230383,-0.3493873447137373,-0.2909029959270487,-0.03316790634033297,-0.27272727272727276,-0.3353646338730602,0.8738225743667123,-0.033167906340332974,-0.033167906340332974
-1.869262384552004,-1.8833049981948773,-2.382872034105995,-2.245435021923271,1.0463473298997705,1.259285558890176,-0.508571073354389,-0.3353646338730602,-0.8505791253521618,1.101867470316244,-0.25607375986579195,-0.24112141108520604,-1.1677484162422842,-0.3784390048634126,-0.07432941462471664,-0.11559856812793746,-0.3669650414492984,-0.678729811709616,1.647508942095828,-0.7471406682025761,-0.0941763218696022,-0.105409255338946,-0.23073955174772434,1.2917514083134436,-0.2773500981126145,-0.19090958396133909,0.9095654110330884,-0.41554832735932656,-0.21160368475757949,-0.43893114546442885,4.663689526544407,-0.3018726524899911,-0.6461002111639058,-0.153694655873568,0.6839166144230383,-0.3493873447137373,-0.2909029959270487,-0.03316790634033297,-0.27272727272727276,-0.3353646338730602,0.8738225743667123,-0.033167906340332974,-0.033167906340332974
-1.869262384552004,-1.8833049981948773,-2.287657598739504,-2.3558649594190584,1.2308239491400672,1.259285558890176,1.9662935082097504,-0.3353646338730602,-0.8505791253521618,-0.9075501609217962,-0.25607375986579195,-0.24112141108520604,-1.1677484162422842,-0.3784390048634126,-0.07432941462471664,-0.11559856812793746,-0.3669650414492984,-0.678729811709616,-0.6069769786668839,-0.7471406682025761,-0.0941763218696022,-0.105409255338946,-0.23073955174772434,-0.7741427596395154,-0.2773500981126145,-0.19090958396133909,0.9095654110330884,-0.41554832735932656,-0.21160368475757949,-0.43893114546442885,-0.21442250696755896,-0.3018726524899911,-0.6461002111639058,-0.153694655873568,0.6839166144230383,-0.3493873447137373,-0.2909029959270487,-0.03316790634033297,-0.27272727272727276,2.981829027262644,-1.1443970770893999,-0.033167906340332974,-0.033167906340332974
-1.869262384552004,-1.8833049981948773,-2.382872034105995,-2.300649990671165,1.0463473298997705,1.259285558890176,1.9662935082097504,-0.3353646338730602,-0.8505791253521618,1.101867470316244,-0.25607375986579195,-0.24112141108520604,-1.1677484162422842,-0.3784390048634126,-0.07432941462471664,-0.11559856812793746,2.7250552152068273,-0.678729811709616,-0.6069769786668839,-0.7471406682025761,-0.0941763218696022,-0.105409255338946,-0.23073955174772434,-0.7741427596395154,3.605551275463989,-0.19090958396133909,-1.0994261521710633,2.4064589703793833,-0.21160368475757949,-0.43893114546442885,-0.21442250696755896,-0.3018726524899911,-0.6461002111639058,-0.153694655873568,0.6839166144230383,-0.3493873447137373,-0.2909029959270487,-0.03316790634033297,-0.27272727272727276,2.981829027262644,-1.1443970770893999,-0.033167906340332974,-0.033167906340332974
