Age_in_years,Age_in_months,Body_length,Weight,Owner_play_time_minutes,Sleep_time_hours,Breed_maine coon,Breed_nan,Breed_ragdoll,Gender_male,Gender_nan,Neutered_or_spayed_nan,Neutered_or_spayed_true,Fur_colour_dominant_brown/chocolate,Fur_colour_dominant_lilac,Fur_colour_dominant_nan,Fur_colour_dominant_red/cream,Fur_colour_dominant_seal,Fur_colour_dominant_white,Fur_pattern_colorpoint,Fur_pattern_dirty,Fur_pattern_mitted,Fur_pattern_nan,Fur_pattern_solid,Fur_pattern_tabby,Fur_pattern_tortie,Eye_colour_blue,Eye_colour_green,Eye_colour_nan,Eye_colour_yellow,Allowed_outdoor_nan,Allowed_outdoor_true,Preferred_food_dry,Preferred_food_nan,Preferred_food_wet,Country_france,Country_germany,Country_my country,Country_nan,Country_uk,Country_usa,Country_where i live,Country_with me
-1.7166300991771444,-1.726914528535753,-1.711421419560465,-1.567151212480567,2.143176902662438,0.019883301583053115,-0.5688650341299796,-0.34290113299620106,-0.8059694639746,-0.9135419112057267,-0.2529147778628351,-0.22965760608731267,-1.119295166803151,-0.3921188919620247,-0.07095947242679883,-0.11031946970293831,-0.38184998948033355,-0.6446726587031845,1.6935811330619999,-0.7124274490013944,-0.08989331499509892,-0.10060545457319174,-0.21981657747106437,1.2591633047302777,-0.3070801941090227,-0.19621814613865227,0.9415829490307701,-0.4156175589970315,-0.20166150310667885,-0.4864967196604686,-0.21219372754742588,-0.2991983466782894,-0.6400035310637054,-0.14660958536878183,0.6743963935452368,3.013437917198243,-0.2931944802761775,-0.03167031776097681,-0.268264101878365,-0.3392400313681768,-1.1683017204269652,-0.03167031776097681,-0.03167031776097681
-1.6865863348615668,-1.6956714725112678,-1.711421419560465,-1.3259498901971978,2.3294589570830193,0.019883301583053115,-0.5688650341299796,-0.34290113299620106,-0.8059694639746,1.0946405279645712,-0.2529147778628351,-0.22965760608731267,-1.119295166803151,-0.3921188919620247,-0.07095947242679883,-0.11031946970293831,-0.38184998948033355,-0.6446726587031845,1.6935811330619999,-0.7124274490013944,-0.08989331499509892,-0.10060545457319174,-0.21981657747106437,1.2591633047302777,-0.3070801941090227,-0.19621814613865227,0.9415829490307701,-0.4156175589970315,-0.20166150310667885,-0.4864967196604686,-0.21219372754742588,-0.2991983466782894,-0.6400035310637054,-0.14660958536878183,0.6743963935452368,3.013437917198243,-0.2931944802761775,-0.03167031776097681,-0.268264101878365,-0.3392400313681768,-1.1683017204269652,-0.03167031776097681,-0.03167031776097681
-1.6227433356909648,0.022696608835422783,-1.6356719705307796,-1.1812290968271761,1.677471766610985,-1.8881489080214569,-0.5688650341299796,-0.34290113299620106,-0.8059694639746,-0.9135419112057267,3.9539010272556565,-0.22965760608731267,-1.119295166803151,-0.3921188919620247,-0.07095947242679883,-0.11031946970293831,-0.38184998948033355,1.5511748272551025,-0.5904647734189133,-0.7124274490013944,-0.08989331499509892,-0.10060545457319174,-0.21981657747106437,1.2591633047302777,-0.3070801941090227,-0.19621814613865227,-1.0620413220411034,2.4060581136494816,-0.20166150310667885,-0.4864967196604686,-0.21219372754742588,-0.2991983466782894,-0.6400035310637054,-0.14660958536878183,0.6743963935452368,3.013437917198243,-0.2931944802761775,-0.03167031776097681,-0.268264101878365,-0.3392400313681768,-1.1683017204269652,-0.03167031776097681,-0.03167031776097681
-1.6227433356909648,0.022696608835422783,-1.5599225215010943,-1.0847485679138285,0.09407430403604503,-3.032968233784163,-0.5688650341299796,-0.34290113299620106,-0.8059694639746,-0.9135419112057267,3.9539010272556565,-0.22965760608731267,-1.119295166803151,-0.3921188919620247,-0.07095947242679883,-0.11031946970293831,-0.38184998948033355,-0.6446726587031845,1.6935811330619999,-0.7124274490013944,11.124297730643493,-0.10060545457319174,-0.21981657747106437,-0.7941781627873975,-0.3070801941090227,-0.19621814613865227,0.9415829490307701,-0.4156175589970315,-0.20166150310667885,-0.4864967196604686,-0.21219372754742588,-0.2991983466782894,-0.6400035310637054,-0.14660958536878183,0.6743963935452368,3.013437917198243,-0.2931944802761775,-0.03167031776097681,-0.268264101878365,-0.3392400313681768,-1.1683017204269652,-0.03167031776097681,-0.03167031776097681
-1.6227433356909648,0.022696608835422783,-1.5599225215010943,-1.0847485679138285,2.608882038713891,-2.269755349942359,-0.5688650341299796,-0.34290113299620106,-0.8059694639746,-0.9135419112057267,3.9539010272556565,4.354308211415448,-1.119295166803151,-0.3921188919620247,-0.07095947242679883,-0.11031946970293831,2.618829455412367,-0.6446726587031845,-0.5904647734189133,-0.7124274490013944,-0.08989331499509892,-0.10060545457319174,-0.21981657747106437,-0.7941781627873975,3.256478337528241,-0.19621814613865227,-1.0620413220411034,2.4060581136494816,-0.20166150310667885,-0.4864967196604686,-0.21219372754742588,-0.2991983466782894,-0.6400035310637054,-0.14660958536878183,0.6743963935452368,3.013437917198243,-0.2931944802761775,-0.03167031776097681,-0.268264101878365,-0.3392400313681768,-1.1683017204269652,-0.03167031776097681,-0.03167031776097681
-1.6227433356909648,-1.6331853604622972,-1.5599225215010943,-1.0847485679138285,0.6529204672977886,4.5991606046338775,-0.5688650341299796,2.9162924930057867,-0.8059694639746,-0.9135419112057267,-0.2529147778628351,-0.22965760608731267,-1.119295166803151,-0.3921188919620247,-0.07095947242679883,-0.11031946970293831,-0.38184998948033355,-0.6446726587031845,1.6935811330619999,-0.7124274490013944,-0.08989331499509892,-0.10060545457319174,-0.21981657747106437,1.2591633047302777,-0.3070801941090227,-0.19621814613865227,-1.0620413220411034,-0.4156175589970315,-0.20166150310667885,-0.4864967196604686,-0.21219372754742588,-0.2991983466782894,-0.6400035310637054,-0.14660958536878183,-1.482807455038566,3.013437917198243,-0.2931944802761775,-0.03167031776097681,-0.268264101878365,-0.3392400313681768,-1.1683017204269652,-0.03167031776097681,-0.03167031776097681
-1.5926995713753875,0.022696608835422783,-1.484173072471409,-1.0847485679138285,2.2363179298727287,-2.651361791863261,-0.5688650341299796,-0.34290113299620106,-0.8059694639746,-0.9135419112057267,3.9539010272556565,4.354308211415448,-1.119295166803151,-0.3921188919620247,-0.07095947242679883,-0.11031946970293831,-0.38184998948033355,-0.6446726587031845,1.6935811330619999,-0.7124274490013944,-0.08989331499509892,-0.10060545457319174,-0.21981657747106437,1.2591633047302777,-0.3070801941090227,-0.19621814613865227,-1.0620413220411034,-0.4156175589970315,-0.20166150310667885,-0.4864967196604686,-0.21219372754742588,-0.2991983466782894,-0.6400035310637054,-0.14660958536878183,0.6743963935452368,3.013437917198243,-0.2931944802761775,-0.03167031776097681,-0.268264101878365,-0.3392400313681768,-1.1683017204269652,-0.03167031776097681,-0.03167031776097681
0.0033754078896636995,-1.6019423044378118,-1.4084236234417238,-1.0847485679138285,2.9814461475550535,-1.8881489080214569,-0.5688650341299796,-0.34290113299620106,-0.8059694639746,-0.9135419112057267,3.9539010272556565,4.354308211415448,-1.119295166803151,-0.3921188919620247,-0.07095947242679883,-0.11031946970293831,2.618829455412367,-0.6446726587031845,-0.5904647734189133,-0.7124274490013944,-0.08989331499509892,-0.10060545457319174,4.5492474294011584,-0.7941781627873975,-0.3070801941090227,-0.19621814613865227,0.9415829490307701,-0.4156175589970315,-0.20166150310667885,-0.4864967196604686,-0.21219372754742588,-0.2991983466782894,-0.6400035310637054,-0.14660958536878183,0.6743963935452368,3.013437917198243,-0.2931944802761775,-0.03167031776097681,-0.268264101878365,-0.3392400313681768,-1.1683017204269652,-0.03167031776097681,-0.03167031776097681
0.0033754078896636995,-1.6019423044378118,-1.2569247253823532,-1.0847485679138285,-0.27848980480511737,-1.5065424661005549,-0.5688650341299796,-0.34290113299620106,-0.8059694639746,-0.9135419112057267,-0.2529147778628351,4.354308211415448,-1.119295166803151,-0.3921188919620247,-0.07095947242679883,-0.11031946970293831,-0.38184998948033355,-0.6446726587031845,-0.5904647734189133,-0.7124274490013944,-0.08989331499509892,-0.10060545457319174,4.5492474294011584,-0.7941781627873975,-0.3070801941090227,-0.19621814613865227,0.9415829490307701,-0.4156175589970315,-0.20166150310667885,-0.4864967196604686,-0.21219372754742588,-0.2991983466782894,-0.6400035310637054,-0.14660958536878183,0.6743963935452368,3.013437917198243,-0.2931944802761775,-0.03167031776097681,-0.268264101878365,-0.3392400313681768,-1.1683017204269652,-0.03167031776097681,-0.03167031776097681
-1.5589003365203629,-1.5706992484133266,-1.181175276352668,-1.0847485679138285,1.4911897121904039,0.7830961854248571,-0.5688650341299796,2.9162924930057867,-0.8059694639746,-0.9135419112057267,-0.2529147778628351,-0.22965760608731267,-1.119295166803151,-0.3921188919620247,-0.07095947242679883,-0.11031946970293831,-0.38184998948033355,-0.6446726587031845,-0.5904647734189133,-0.7124274490013944,-0.08989331499509892,-0.10060545457319174,-0.21981657747106437,1.2591633047302777,-0.3070801941090227,-0.19621814613865227,-1.0620413220411034,2.4060581136494816,-0.20166150310667885,-0.4864967196604686,-0.21219372754742588,-0.2991983466782894,-0.6400035310637054,-0.14660958536878183,0.6743963935452368,3.013437917198243,-0.2931944802761775,-0.03167031776097681,-0.268264101878365,-0.3392400313681768,-1.1683017204269652,-0.03167031776097681,-0.03167031776097681
-1.5589003365203629,-1.5706992484133266,-1.181175276352668,-0.9400277745438069,0.000933276825754426,0.019883301583053115,-0.5688650341299796,-0.34290113299620106,-0.8059694639746,1.0946405279645712,-0.2529147778628351,4.354308211415448,-1.119295166803151,-0.3921188919620247,-0.07095947242679883,-0.11031946970293831,-0.38184998948033355,-0.6446726587031845,1.6935811330619999,-0.7124274490013944,-0.08989331499509892,-0.10060545457319174,4.5492474294011584,-0.7941781627873975,-0.3070801941090227,-0.19621814613865227,-1.0620413220411034,-0.4156175589970315,-0.20166150310667885,-0.4864967196604686,-0.21219372754742588,-0.2991983466782894,-0.6400035310637054,-0.14660958536878183,0.6743963935452368,3.013437917198243,-0.2931944802761775,-0.03167031776097681,-0.268264101878365,-0.3392400313681768,-1.1683017204269652,-0.03167031776097681,-0.03167031776097681
-1.5288565722047855,-1.5394561923888412,-1.1054258273229824,-0.9400277745438069,0.000933276825754426,0.019883301583053115,-0.5688650341299796,-0.34290113299620106,-0.8059694639746,1.0946405279645712,-0.2529147778628351,4.354308211415448,-1.119295166803151,-0.3921188919620247,-0.07095947242679883,-0.11031946970293831,-0.38184998948033355,-0.6446726587031845,1.6935811330619999,-0.7124274490013944,-0.08989331499509892,-0.10060545457319174,4.5492474294011584,-0.7941781627873975,-0.3070801941090227,-0.19621814613865227,-1.0620413220411034,-0.4156175589970315,-0.20166150310667885,-0.4864967196604686,-0.21219372754742588,-0.2991983466782894,-0.6400035310637054,-0.14660958536878183,0.6743963935452368,3.013437917198243,-0.2931944802761775,-0.03167031776097681,-0.268264101878365,-0.3392400313681768,-1.1683017204269652,-0.03167031776097681,-0.03167031776097681
0.0033754078896636995,0.022696608835422783,-1.0296763782932972,-0.9882680390004805,1.1186256033492414,-0.7433295822587509,-0.5688650341299796,-0.34290113299620106,-0.8059694639746,1.0946405279645712,-0.2529147778628351,4.354308211415448,-1.119295166803151,-0.3921188919620247,-0.07095947242679883,-0.11031946970293831,-0.38184998948033355,-0.6446726587031845,1.6935811330619999,-0.7124274490013944,-0.08989331499509892,-0.10060545457319174,-0.21981657747106437,1.2591633047302777,-0.3070801941090227,-0.19621814613865227,0.9415829490307701,-0.4156175589970315,-0.20166150310667885,-0.4864967196604686,-0.21219372754742588,-0.2991983466782894,-0.6400035310637054,-0.14660958536878183,0.6743963935452368,3.013437917198243,-0.2931944802761775,-0.03167031776097681,-0.268264101878365,-0.3392400313681768,-1.1683017204269652,-0.03167031776097681,-0.03167031776097681
0.0033754078896636995,0.022696608835422783,-0.8781774802339267,-0.843547245630459,1.3980486849801133,1.5463090692666612,-0.5688650341299796,-0.34290113299620106,-0.8059694639746,1.0946405279645712,-0.2529147778628351,4.354308211415448,-1.119295166803151,-0.3921188919620247,-0.07095947242679883,-0.11031946970293831,2.618829455412367,-0.6446726587031845,-0.5904647734189133,-0.7124274490013944,-0.08989331499509892,-0.10060545457319174,-0.21981657747106437,-0.7941781627873975,3.256478337528241,-0.19621814613865227,0.9415829490307701,-0.4156175589970315,-0.20166150310667885,-0.4864967196604686,-0.21219372754742588,-0.2991983466782894,1.5624913792865636,-0.14660958536878183,-1.482807455038566,3.013437917198243,-0.2931944802761775,-0.03167031776097681,-0.268264101878365,-0.3392400313681768,-1.1683017204269652,-0.03167031776097681,-0.03167031776097681
-1.498812807889208,-1.508213136364356,-0.8024280312042414,-0.891787510087133,3.074587174765344,0.4014897435039551,-0.5688650341299796,2.9162924930057867,-0.8059694639746,1.0946405279645712,-0.2529147778628351,-0.22965760608731267,-1.119295166803151,-0.3921188919620247,-0.07095947242679883,-0.11031946970293831,-0.38184998948033355,-0.6446726587031845,1.6935811330619999,-0.7124274490013944,-0.08989331499509892,-0.10060545457319174,-0.21981657747106437,1.2591633047302777,-0.3070801941090227,-0.19621814613865227,-1.0620413220411034,2.4060581136494816,-0.20166150310667885,-0.4864967196604686,-0.21219372754742588,-0.2991983466782894,1.5624913792865636,-0.14660958536878183,-1.482807455038566,3.013437917198243,-0.2931944802761775,-0.03167031776097681,-0.268264101878365,-0.3392400313681768,-1.1683017204269652,-0.03167031776097681,-0.03167031776097681
0.0033754078896636995,0.022696608835422783,-0.044933540907388575,-0.11994327878035099,2.3294589570830193,-0.7433295822587509,-0.5688650341299796,2.9162924930057867,-0.8059694639746,-0.9135419112057267,3.9539010272556565,4.354308211415448,-1.119295166803151,-0.3921188919620247,-0.07095947242679883,9.064583093924764,-0.38184998948033355,-0.6446726587031845,-0.5904647734189133,-0.7124274490013944,-0.08989331499509892,-0.10060545457319174,4.5492474294011584,-0.7941781627873975,-0.3070801941090227,-0.19621814613865227,-1.0620413220411034,2.4060581136494816,-0.20166150310667885,-0.4864967196604686,-0.21219372754742588,-0.2991983466782894,-0.6400035310637054,-0.14660958536878183,0.6743963935452368,-0.3318468896580935,-0.2931944802761775,-0.03167031776097681,3.72766983356355,-0.3392400313681768,-1.1683017204269652,-0.03167031776097681,-0.03167031776097681
-1.4650135730341833,-1.4769700803398707,-0.8024280312042414,-0.6505861878037636,2.9814461475550535,6.1255863723174855,-0.5688650341299796,2.9162924930057867,-0.8059694639746,-0.9135419112057267,-0.2529147778628351,-0.22965760608731267,0.893419385394227,-0.3921188919620247,-0.07095947242679883,-0.11031946970293831,-0.38184998948033355,-0.6446726587031845,1.6935811330619999,-0.7124274490013944,-0.08989331499509892,-0.10060545457319174,-0.21981657747106437,1.2591633047302777,-0.3070801941090227,-0.19621814613865227,-1.0620413220411034,-0.4156175589970315,4.9588046533155135,-0.4864967196604686,4.712674646692831,-0.2991983466782894,-0.6400035310637054,-0.14660958536878183,0.6743963935452368,-0.3318468896580935,-0.2931944802761775,-0.03167031776097681,3.72766983356355,-0.3392400313681768,-1.1683017204269652,-0.03167031776097681,-0.03167031776097681
0.0033754078896636995,0.022696608835422783,-0.8024280312042414,-0.843547245630459,1.7706127938212757,-0.7433295822587509,-0.5688650341299796,-0.34290113299620106,-0.8059694639746,1.0946405279645712,-0.2529147778628351,4.354308211415448,-1.119295166803151,-0.3921188919620247,-0.07095947242679883,-0.11031946970293831,-0.38184998948033355,-0.6446726587031845,1.6935811330619999,-0.7124274490013944,-0.08989331499509892,-0.10060545457319174,-0.21981657747106437,1.2591633047302777,-0.3070801941090227,-0.19621814613865227,0.9415829490307701,-0.4156175589970315,-0.20166150310667885,-0.4864967196604686,-0.21219372754742588,3.3422644580160132,-0.6400035310637054,-0.14660958536878183,0.6743963935452368,-0.3318468896580935,-0.2931944802761775,-0.03167031776097681,3.72766983356355,-0.3392400313681768,-1.1683017204269652,-0.03167031776097681,-0.03167031776097681
-1.434969808718606,-1.4457270243153855,-0.4994302350855003,-0.6505861878037636,1.677471766610985,0.4014897435039551,-0.5688650341299796,-0.34290113299620106,-0.8059694639746,1.0946405279645712,-0.2529147778628351,4.354308211415448,-1.119295166803151,-0.3921188919620247,-0.07095947242679883,-0.11031946970293831,-0.38184998948033355,-0.6446726587031845,1.6935811330619999,-0.7124274490013944,-0.08989331499509892,-0.10060545457319174,-0.21981657747106437,1.2591633047302777,-0.3070801941090227,-0.19621814613865227,-1.0620413220411034,-0.4156175589970315,-0.20166150310667885,-0.4864967196604686,-0.21219372754742588,-0.2991983466782894,-0.6400035310637054,-0.14660958536878183,0.6743963935452368,-0.3318468896580935,-0.2931944802761775,-0.03167031776097681,3.72766983356355,-0.3392400313681768,-1.1683017204269652,-0.03167031776097681,-0.03167031776097681
-0.18439811908269527,0.022696608835422783,-1.2569247253823532,-0.6023459233470897,1.211766630559532,-0.7433295822587509,-0.5688650341299796,-0.34290113299620106,-0.8059694639746,1.0946405279645712,-0.2529147778628351,4.354308211415448,-1.119295166803151,-0.3921188919620247,-0.07095947242679883,-0.11031946970293831,-0.38184998948033355,-0.6446726587031845,1.6935811330619999,-0.7124274490013944,-0.08989331499509892,-0.10060545457319174,-0.21981657747106437,1.2591633047302777,-0.3070801941090227,-0.19621814613865227,0.9415829490307701,-0.4156175589970315,-0.20166150310667885,-0.4864967196604686,-0.21219372754742588,-0.2991983466782894,1.5624913792865636,-0.14660958536878183,-1.482807455038566,3.013437917198243,-0.2931944802761775,-0.03167031776097681,-0.268264101878365,-0.3392400313681768,-1.1683017204269652,-0.03167031776097681,-0.03167031776097681
-1.371126809548004,0.022696608835422783,-0.5751796841151856,-0.6988264522604375,0.000933276825754426,0.4014897435039551,-0.5688650341299796,-0.34290113299620106,-0.8059694639746,-0.9135419112057267,-0.2529147778628351,4.354308211415448,-1.119295166803151,-0.3921188919620247,-0.07095947242679883,-0.11031946970293831,-0.38184998948033355,-0.6446726587031845,1.6935811330619999,-0.7124274490013944,-0.08989331499509892,-0.10060545457319174,-0.21981657747106437,1.2591633047302777,-0.3070801941090227,-0.19621814613865227,0.9415829490307701,-0.4156175589970315,-0.20166150310667885,-0.4864967196604686,-0.21219372754742588,3.3422644580160132,-0.6400035310637054,-0.14660958536878183,0.6743963935452368,3.013437917198243,-0.2931944802761775,-0.03167031776097681,-0.268264101878365,-0.3392400313681768,-1.1683017204269652,-0.03167031776097681,-0.03167031776097681
-0.6838757008291702,0.022696608835422783,-0.27218188799644444,-0.11994327878035099,-0.6510539136462797,-0.7433295822587509,-0.5688650341299796,-0.34290113299620106,-0.8059694639746,1.0946405279645712,-0.2529147778628351,-0.22965760608731267,0.893419385394227,-0.3921188919620247,-0.07095947242679883,-0.11031946970293831,-0.38184998948033355,-0.6446726587031845,1.6935811330619999,-0.7124274490013944,-0.08989331499509892,-0.10060545457319174,-0.21981657747106437,1.2591633047302777,-0.3070801941090227,-0.19621814613865227,-1.0620413220411034,-0.4156175589970315,-0.20166150310667885,-0.4864967196604686,-0.21219372754742588,-0.2991983466782894,-0.6400035310637054,-0.14660958536878183,0.6743963935452368,3.013437917198243,-0.2931944802761775,-0.03167031776097681,-0.268264101878365,-0.3392400313681768,-1.1683017204269652,-0.03167031776097681,-0.03167031776097681
-1.371126809548004,0.022696608835422783,-1.2569247253823532,-1.0847485679138285,-0.3716308320154079,0.4014897435039551,-0.5688650341299796,-0.34290113299620106,-0.8059694639746,-0.9135419112057267,-0.2529147778628351,-0.22965760608731267,0.893419385394227,-0.3921188919620247,-0.07095947242679883,-0.11031946970293831,-0.38184998948033355,-0.6446726587031845,1.6935811330619999,-0.7124274490013944,-0.08989331499509892,-0.10060545457319174,-0.21981657747106437,1.2591633047302777,-0.3070801941090227,-0.19621814613865227,-1.0620413220411034,-0.4156175589970315,-0.20166150310667885,-0.4864967196604686,-0.21219372754742588,-0.2991983466782894,-0.6400035310637054,-0.14660958536878183,0.6743963935452368,3.013437917198243,-0.2931944802761775,-0.03167031776097681,-0.268264101878365,-0.3392400313681768,-1.1683017204269652,-0.03167031776097681,-0.03167031776097681
-0.3083286468844522,0.022696608835422783,-0.19643243896675913,-0.31290433660704664,0.9323435489286603,-0.7433295822587509,-0.5688650341299796,-0.34290113299620106,-0.8059694639746,1.0946405279645712,-0.2529147778628351,-0.22965760608731267,0.893419385394227,-0.3921188919620247,-0.07095947242679883,-0.11031946970293831,-0.38184998948033355,-0.6446726587031845,1.6935811330619999,-0.7124274490013944,11.124297730643493,-0.10060545457319174,-0.21981657747106437,-0.7941781627873975,-0.3070801941090227,-0.19621814613865227,0.9415829490307701,-0.4156175589970315,-0.20166150310667885,-0.4864967196604686,-0.21219372754742588,-0.2991983466782894,-0.6400035310637054,-0.14660958536878183,0.6743963935452368,3.013437917198243,-0.2931944802761775,-0.03167031776097681,-0.268264101878365,-0.3392400313681768,-1.1683017204269652,-0.03167031776097681,-0.03167031776097681
0.3789224618343816,0.022696608835422783,-0.3479313370261297,-0.31290433660704664,-1.3030411041183139,0.019883301583053115,-0.5688650341299796,-0.34290113299620106,-0.8059694639746,1.0946405279645712,-0.2529147778628351,-0.22965760608731267,0.893419385394227,-0.3921188919620247,-0.07095947242679883,-0.11031946970293831,-0.38184998948033355,-0.6446726587031845,-0.5904647734189133,-0.7124274490013944,-0.08989331499509892,-0.10060545457319174,-0.21981657747106437,1.2591633047302777,-0.3070801941090227,-0.19621814613865227,-1.0620413220411034,2.4060581136494816,-0.20166150310667885,-0.4864967196604686,-0.21219372754742588,3.3422644580160132,1.5624913792865636,-0.14660958536878183,-1.482807455038566,3.013437917198243,-0.2931944802761775,-0.03167031776097681,-0.268264101878365,-0.3392400313681768,-1.1683017204269652,-0.03167031776097681,-0.03167031776097681
-1.3410830452324265,-1.3519978562419297,-1.181175276352668,-0.891787510087133,0.1872153312463356,-0.3617231403378489,-0.5688650341299796,-0.34290113299620106,-0.8059694639746,-0.9135419112057267,-0.2529147778628351,-0.22965760608731267,0.893419385394227,-0.3921188919620247,-0.07095947242679883,-0.11031946970293831,-0.38184998948033355,-0.6446726587031845,1.6935811330619999,-0.7124274490013944,-0.08989331499509892,-0.10060545457319174,-0.21981657747106437,1.2591633047302777,-0.3070801941090227,-0.19621814613865227,0.9415829490307701,-0.4156175589970315,-0.20166150310667885,-0.4864967196604686,-0.21219372754742588,-0.2991983466782894,-0.6400035310637054,-0.14660958536878183,0.6743963935452368,3.013437917198243,-0.2931944802761775,-0.03167031776097681,-0.268264101878365,-0.3392400313681768,-1.1683017204269652,-0.03167031776097681,-0.03167031776097681
0.19114893486202267,0.17891188895784918,0.1823148061816673,-0.31290433660704664,-0.27848980480511737,0.019883301583053115,-0.5688650341299796,-0.34290113299620106,-0.8059694639746,1.0946405279645712,-0.2529147778628351,-0.22965760608731267,0.893419385394227,-0.3921188919620247,-0.07095947242679883,-0.11031946970293831,-0.38184998948033355,-0.6446726587031845,1.6935811330619999,-0.7124274490013944,-0.08989331499509892,-0.10060545457319174,-0.21981657747106437,1.2591633047302777,-0.3070801941090227,-0.19621814613865227,0.9415829490307701,-0.4156175589970315,-0.20166150310667885,-0.4864967196604686,-0.21219372754742588,3.3422644580160132,-0.6400035310637054,-0.14660958536878183,0.6743963935452368,3.013437917198243,-0.2931944802761775,-0.03167031776097681,-0.268264101878365,-0.3392400313681768,-1.1683017204269652,-0.03167031776097681,-0.03167031776097681
0.0033754078896636995,-1.3519978562419297,-0.12068298993707387,-0.6988264522604375,1.1186256033492414,0.4014897435039551,-0.5688650341299796,-0.34290113299620106,-0.8059694639746,1.0946405279645712,-0.2529147778628351,-0.22965760608731267,0.893419385394227,-0.3921188919620247,-0.07095947242679883,-0.11031946970293831,2.618829455412367,-0.6446726587031845,-0.5904647734189133,-0.7124274490013944,-0.08989331499509892,-0.10060545457319174,-0.21981657747106437,-0.7941781627873975,3.256478337528241,-0.19621814613865227,0.9415829490307701,-0.4156175589970315,-0.20166150310667885,-0.4864967196604686,-0.21219372754742588,-0.2991983466782894,-0.6400035310637054,-0.14660958536878183,0.6743963935452368,3.013437917198243,-0.2931944802761775,-0.03167031776097681,-0.268264101878365,-0.3392400313681768,-1.1683017204269652,-0.03167031776097681,-0.03167031776097681
0.0033754078896636995,0.022696608835422783,-0.044933540907388575,-0.11994327878035099,0.7460614945080791,-0.7433295822587509,-0.5688650341299796,-0.34290113299620106,-0.8059694639746,1.0946405279645712,-0.2529147778628351,-0.22965760608731267,-1.119295166803151,-0.3921188919620247,-0.07095947242679883,-0.11031946970293831,-0.38184998948033355,-0.6446726587031845,-0.5904647734189133,-0.7124274490013944,-0.08989331499509892,-0.10060545457319174,-0.21981657747106437,1.2591633047302777,-0.3070801941090227,-0.19621814613865227,-1.0620413220411034,2.4060581136494816,-0.20166150310667885,-0.4864967196604686,-0.21219372754742588,-0.2991983466782894,1.5624913792865636,-0.14660958536878183,-1.482807455038566,3.013437917198243,-0.2931944802761775,-0.03167031776097681,-0.268264101878365,-0.3392400313681768,-1.1683017204269652,-0.03167031776097681,-0.03167031776097681
0.0033754078896636995,-1.2582686881684737,-0.12068298993707387,-0.7953069811737852,0.3734973856669168,-0.7433295822587509,-0.5688650341299796,-0.34290113299620106,-0.8059694639746,1.0946405279645712,-0.2529147778628351,-0.22965760608731267,-1.119295166803151,-0.3921188919620247,-0.07095947242679883,-0.11031946970293831,-0.38184998948033355,-0.6446726587031845,1.6935811330619999,-0.7124274490013944,-0.08989331499509892,-0.10060545457319174,-0.21981657747106437,1.2591633047302777,-0.3070801941090227,-0.19621814613865227,-1.0620413220411034,-0.4156175589970315,4.9588046533155135,-0.4864967196604686,-0.21219372754742588,-0.2991983466782894,-0.6400035310637054,-0.14660958536878183,0.6743963935452368,3.013437917198243,-0.2931944802761775,-0.03167031776097681,-0.268264101878365,-0.3392400313681768,-1.1683017204269652,-0.03167031776097681,-0.03167031776097681
-1.2171525174306697,-1.2270256321439885,-0.6509291331448709,-0.843547245630459,-0.4647718592256985,0.7830961854248571,-0.5688650341299796,-0.34290113299620106,-0.8059694639746,-0.9135419112057267,-0.2529147778628351,-0.22965760608731267,0.893419385394227,-0.3921188919620247,-0.07095947242679883,-0.11031946970293831,-0.38184998948033355,-0.6446726587031845,1.6935811330619999,-0.7124274490013944,-0.08989331499509892,-0.10060545457319174,-0.21981657747106437,1.2591633047302777,-0.3070801941090227,-0.19621814613865227,-1.0620413220411034,-0.4156175589970315,4.9588046533155135,-0.4864967196604686,-0.21219372754742588,-0.2991983466782894,1.5624913792865636,-0.14660958536878183,-1.482807455038566,3.013437917198243,-0.2931944802761775,-0.03167031776097681,-0.268264101878365,-0.3392400313681768,-1.1683017204269652,-0.03167031776097681,-0.03167031776097681
-1.2171525174306697,-1.2270256321439885,-0.6509291331448709,-0.9882680390004805,-1.023618022487442,1.164702627345759,-0.5688650341299796,-0.34290113299620106,-0.8059694639746,-0.9135419112057267,-0.2529147778628351,-0.22965760608731267,0.893419385394227,-0.3921188919620247,-0.07095947242679883,-0.11031946970293831,-0.38184998948033355,-0.6446726587031845,1.6935811330619999,-0.7124274490013944,-0.08989331499509892,-0.10060545457319174,-0.21981657747106437,1.2591633047302777,-0.3070801941090227,-0.19621814613865227,-1.0620413220411034,-0.4156175589970315,4.9588046533155135,-0.4864967196604686,-0.21219372754742588,3.3422644580160132,-0.6400035310637054,-0.14660958536878183,0.6743963935452368,3.013437917198243,-0.2931944802761775,-0.03167031776097681,-0.268264101878365,-0.3392400313681768,-1.1683017204269652,-0.03167031776097681,-0.03167031776097681
-0.12055511991209324,-0.13351867128700362,-0.3479313370261297,0.16949830795969206,-1.3030411041183139,-0.7433295822587509,-0.5688650341299796,-0.34290113299620106,-0.8059694639746,1.0946405279645712,-0.2529147778628351,-0.22965760608731267,0.893419385394227,-0.3921188919620247,-0.07095947242679883,-0.11031946970293831,-0.38184998948033355,-0.6446726587031845,1.6935811330619999,-0.7124274490013944,-0.08989331499509892,-0.10060545457319174,-0.21981657747106437,1.2591633047302777,-0.3070801941090227,-0.19621814613865227,-1.0620413220411034,-0.4156175589970315,4.9588046533155135,-0.4864967196604686,-0.21219372754742588,-0.2991983466782894,-0.6400035310637054,-0.14660958536878183,0.6743963935452368,3.013437917198243,-0.2931944802761775,-0.03167031776097681,-0.268264101878365,-0.3392400313681768,-1.1683017204269652,-0.03167031776097681,-0.03167031776097681
-0.02666835642591376,-0.03978950321354778,-0.044933540907388575,-0.5058653944337419,-0.3716308320154079,-0.7433295822587509,-0.5688650341299796,-0.34290113299620106,-0.8059694639746,-0.9135419112057267,3.9539010272556565,-0.22965760608731267,-1.119295166803151,-0.3921188919620247,-0.07095947242679883,-0.11031946970293831,-0.38184998948033355,-0.6446726587031845,-0.5904647734189133,-0.7124274490013944,-0.08989331499509892,-0.10060545457319174,-0.21981657747106437,1.2591633047302777,-0.3070801941090227,-0.19621814613865227,-1.0620413220411034,-0.4156175589970315,4.9588046533155135,-0.4864967196604686,-0.21219372754742588,3.3422644580160132,1.5624913792865636,-0.14660958536878183,-1.482807455038566,3.013437917198243,-0.2931944802761775,-0.03167031776097681,-0.268264101878365,-0.3392400313681768,-1.1683017204269652,-0.03167031776097681,-0.03167031776097681
-1.183353282575645,-1.1957825761195031,-0.4994302350855003,-0.11994327878035099,-1.2099000769080233,-0.3617231403378489,-0.5688650341299796,2.9162924930057867,-0.8059694639746,-0.9135419112057267,-0.2529147778628351,-0.22965760608731267,0.893419385394227,-0.3921188919620247,-0.07095947242679883,-0.11031946970293831,-0.38184998948033355,-0.6446726587031845,1.6935811330619999,-0.7124274490013944,-0.08989331499509892,-0.10060545457319174,-0.21981657747106437,1.2591633047302777,-0.3070801941090227,-0.19621814613865227,-1.0620413220411034,-0.4156175589970315,4.9588046533155135,-0.4864967196604686,4.712674646692831,-0.2991983466782894,-0.6400035310637054,-0.14660958536878183,0.6743963935452368,3.013437917198243,-0.2931944802761775,-0.03167031776097681,-0.268264101878365,-0.3392400313681768,-1.1683017204269652,-0.03167031776097681,-0.03167031776097681
-1.183353282575645,-1.1957825761195031,-1.0296763782932972,-1.0365083034571545,1.4911897121904039,0.7830961854248571,-0.5688650341299796,2.9162924930057867,-0.8059694639746,1.0946405279645712,-0.2529147778628351,-0.22965760608731267,0.893419385394227,-0.3921188919620247,-0.07095947242679883,-0.11031946970293831,-0.38184998948033355,-0.6446726587031845,1.6935811330619999,-0.7124274490013944,-0.08989331499509892,-0.10060545457319174,-0.21981657747106437,1.2591633047302777,-0.3070801941090227,-0.19621814613865227,-1.0620413220411034,-0.4156175589970315,4.9588046533155135,-0.4864967196604686,4.712674646692831,-0.2991983466782894,-0.6400035310637054,-0.14660958536878183,0.6743963935452368,3.013437917198243,-0.2931944802761775,-0.03167031776097681,-0.268264101878365,-0.3392400313681768,-1.1683017204269652,-0.03167031776097681,-0.03167031776097681
-1.183353282575645,-1.1957825761195031,-0.423680786055815,-0.6505861878037636,1.1186256033492414,1.164702627345759,-0.5688650341299796,2.9162924930057867,-0.8059694639746,1.0946405279645712,-0.2529147778628351,-0.22965760608731267,-1.119295166803151,-0.3921188919620247,-0.07095947242679883,-0.11031946970293831,-0.38184998948033355,-0.6446726587031845,-0.5904647734189133,-0.7124274490013944,-0.08989331499509892,-0.10060545457319174,-0.21981657747106437,1.2591633047302777,-0.3070801941090227,-0.19621814613865227,-1.0620413220411034,-0.4156175589970315,4.9588046533155135,-0.4864967196604686,4.712674646692831,-0.2991983466782894,-0.6400035310637054,-0.14660958536878183,0.6743963935452368,3.013437917198243,-0.2931944802761775,-0.03167031776097681,-0.268264101878365,-0.3392400313681768,-1.1683017204269652,-0.03167031776097681,-0.03167031776097681
-1.1533095182600674,-1.164539520095018,-1.0296763782932972,-0.1681835432370247,-1.2099000769080233,0.4014897435039551,-0.5688650341299796,2.9162924930057867,-0.8059694639746,-0.9135419112057267,-0.2529147778628351,-0.22965760608731267,0.893419385394227,-0.3921188919620247,-0.07095947242679883,-0.11031946970293831,-0.38184998948033355,-0.6446726587031845,1.6935811330619999,-0.7124274490013944,-0.08989331499509892,-0.10060545457319174,-0.21981657747106437,1.2591633047302777,-0.3070801941090227,-0.19621814613865227,-1.0620413220411034,-0.4156175589970315,-0.20166150310667885,-0.4864967196604686,-0.21219372754742588,-0.2991983466782894,-0.6400035310637054,-0.14660958536878183,0.6743963935452368,3.013437917198243,-0.2931944802761775,-0.03167031776097681,-0.268264101878365,-0.3392400313681768,-1.1683017204269652,-0.03167031776097681,-0.03167031776097681
-1.1533095182600674,-1.164539520095018,-0.5751796841151856,-0.2646640721503725,0.000933276825754426,1.164702627345759,-0.5688650341299796,-0.34290113299620106,-0.8059694639746,-0.9135419112057267,3.9539010272556565,-0.22965760608731267,0.893419385394227,-0.3921188919620247,-0.07095947242679883,-0.11031946970293831,-0.38184998948033355,-0.6446726587031845,-0.5904647734189133,-0.7124274490013944,-0.08989331499509892,-0.10060545457319174,-0.21981657747106437,1.2591633047302777,-0.3070801941090227,-0.19621814613865227,-1.0620413220411034,-0.4156175589970315,4.9588046533155135,-0.4864967196604686,-0.21219372754742588,-0.2991983466782894,1.5624913792865636,-0.14660958536878183,-1.482807455038566,3.013437917198243,-0.2931944802761775,-0.03167031776097681,-0.268264101878365,-0.3392400313681768,-1.1683017204269652,-0.03167031776097681,-0.03167031776097681
-1.1533095182600674,-1.164539520095018,-0.5751796841151856,-0.6023459233470897,0.1872153312463356,1.5463090692666612,-0.5688650341299796,-0.34290113299620106,-0.8059694639746,-0.9135419112057267,3.9539010272556565,-0.22965760608731267,-1.119295166803151,-0.3921188919620247,-0.07095947242679883,-0.11031946970293831,-0.38184998948033355,-0.6446726587031845,1.6935811330619999,-0.7124274490013944,-0.08989331499509892,-0.10060545457319174,-0.21981657747106437,1.2591633047302777,-0.3070801941090227,-0.19621814613865227,0.9415829490307701,-0.4156175589970315,-0.20166150310667885,-0.4864967196604686,-0.21219372754742588,3.3422644580160132,-0.6400035310637054,-0.14660958536878183,0.6743963935452368,3.013437917198243,-0.2931944802761775,-0.03167031776097681,-0.268264101878365,-0.3392400313681768,-1.1683017204269652,-0.03167031776097681,-0.03167031776097681
-1.1232657539444901,-1.1332964640705327,-1.484173072471409,-1.1329888323705024,1.5843307394006945,1.5463090692666612,-0.5688650341299796,-0.34290113299620106,-0.8059694639746,-0.9135419112057267,3.9539010272556565,-0.22965760608731267,0.893419385394227,-0.3921188919620247,-0.07095947242679883,-0.11031946970293831,-0.38184998948033355,-0.6446726587031845,-0.5904647734189133,-0.7124274490013944,-0.08989331499509892,-0.10060545457319174,-0.21981657747106437,1.2591633047302777,-0.3070801941090227,-0.19621814613865227,-1.0620413220411034,2.4060581136494816,-0.20166150310667885,-0.4864967196604686,-0.21219372754742588,-0.2991983466782894,-0.6400035310637054,-0.14660958536878183,0.6743963935452368,3.013437917198243,-0.2931944802761775,-0.03167031776097681,-0.268264101878365,-0.3392400313681768,-1.1683017204269652,-0.03167031776097681,-0.03167031776097681
-1.1232657539444901,-1.1332964640705327,-0.044933540907388575,-0.2646640721503725,2.0500358754521475,1.5463090692666612,-0.5688650341299796,-0.34290113299620106,-0.8059694639746,-0.9135419112057267,3.9539010272556565,-0.22965760608731267,-1.119295166803151,-0.3921188919620247,-0.07095947242679883,-0.11031946970293831,-0.38184998948033355,-0.6446726587031845,1.6935811330619999,-0.7124274490013944,-0.08989331499509892,-0.10060545457319174,-0.21981657747106437,1.2591633047302777,-0.3070801941090227,-0.19621814613865227,0.9415829490307701,-0.4156175589970315,-0.20166150310667885,-0.4864967196604686,-0.21219372754742588,-0.2991983466782894,1.5624913792865636,-0.14660958536878183,-1.482807455038566,3.013437917198243,-0.2931944802761775,-0.03167031776097681,-0.268264101878365,-0.3392400313681768,-1.1683017204269652,-0.03167031776097681,-0.03167031776097681
-1.1232657539444901,-1.1332964640705327,-1.3326741744120385,-0.45762512997706817,0.6529204672977886,0.019883301583053115,-0.5688650341299796,-0.34290113299620106,-0.8059694639746,-0.9135419112057267,3.9539010272556565,-0.22965760608731267,0.893419385394227,-0.3921188919620247,-0.07095947242679883,-0.11031946970293831,-0.38184998948033355,-0.6446726587031845,-0.5904647734189133,-0.7124274490013944,-0.08989331499509892,-0.10060545457319174,-0.21981657747106437,-0.7941781627873975,-0.3070801941090227,-0.19621814613865227,-1.0620413220411034,-0.4156175589970315,-0.20166150310667885,-0.4864967196604686,-0.21219372754742588,3.3422644580160132,-0.6400035310637054,-0.14660958536878183,0.6743963935452368,3.013437917198243,-0.2931944802761775,-0.03167031776097681,-0.268264101878365,-0.3392400313681768,-1.1683017204269652,-0.03167031776097681,-0.03167031776097681
-1.0894665190894655,-1.1020534080460473,-0.4994302350855003,-1.2294693612838499,-0.18534877759482676,0.7830961854248571,-0.5688650341299796,-0.34290113299620106,-0.8059694639746,-0.9135419112057267,3.9539010272556565,-0.22965760608731267,-1.119295166803151,-0.3921188919620247,-0.07095947242679883,-0.11031946970293831,-0.38184998948033355,-0.6446726587031845,1.6935811330619999,-0.7124274490013944,-0.08989331499509892,-0.10060545457319174,-0.21981657747106437,1.2591633047302777,-0.3070801941090227,-0.19621814613865227,-1.0620413220411034,-0.4156175589970315,-0.20166150310667885,-0.4864967196604686,-0.21219372754742588,-0.2991983466782894,1.5624913792865636,-0.14660958536878183,-1.482807455038566,3.013437917198243,-0.2931944802761775,-0.03167031776097681,-0.268264101878365,-0.3392400313681768,-1.1683017204269652,-0.03167031776097681,-0.03167031776097681
-1.0894665190894655,0.022696608835422783,-0.6509291331448709,-0.891787510087133,-0.837335968066861,0.019883301583053115,-0.5688650341299796,-0.34290113299620106,-0.8059694639746,-0.9135419112057267,3.9539010272556565,-0.22965760608731267,0.893419385394227,-0.3921188919620247,-0.07095947242679883,-0.11031946970293831,-0.38184998948033355,-0.6446726587031845,1.6935811330619999,-0.7124274490013944,-0.08989331499509892,-0.10060545457319174,-0.21981657747106437,1.2591633047302777,-0.3070801941090227,-0.19621814613865227,-1.0620413220411034,-0.4156175589970315,-0.20166150310667885,-0.4864967196604686,-0.21219372754742588,-0.2991983466782894,-0.6400035310637054,-0.14660958536878183,0.6743963935452368,3.013437917198243,-0.2931944802761775,-0.03167031776097681,-0.268264101878365,-0.3392400313681768,-1.1683017204269652,-0.03167031776097681,-0.03167031776097681
-1.0594227547738881,0.022696608835422783,-0.7266785821745562,-1.3741901546538717,-1.1167590496977327,-0.7433295822587509,-0.5688650341299796,-0.34290113299620106,-0.8059694639746,-0.9135419112057267,-0.2529147778628351,-0.22965760608731267,-1.119295166803151,-0.3921188919620247,-0.07095947242679883,-0.11031946970293831,-0.38184998948033355,-0.6446726587031845,-0.5904647734189133,-0.7124274490013944,-0.08989331499509892,-0.10060545457319174,-0.21981657747106437,1.2591633047302777,-0.3070801941090227,-0.19621814613865227,-1.0620413220411034,2.4060581136494816,-0.20166150310667885,-0.4864967196604686,-0.21219372754742588,-0.2991983466782894,-0.6400035310637054,-0.14660958536878183,0.6743963935452368,3.013437917198243,-0.2931944802761775,-0.03167031776097681,-0.268264101878365,-0.3392400313681768,-1.1683017204269652,-0.03167031776097681,-0.03167031776097681
-1.0594227547738881,0.022696608835422783,-0.4994302350855003,-0.6988264522604375,-0.7441949408565703,-0.7433295822587509,-0.5688650341299796,-0.34290113299620106,-0.8059694639746,-0.9135419112057267,-0.2529147778628351,-0.22965760608731267,0.893419385394227,-0.3921188919620247,-0.07095947242679883,-0.11031946970293831,-0.38184998948033355,-0.6446726587031845,1.6935811330619999,-0.7124274490013944,-0.08989331499509892,-0.10060545457319174,-0.21981657747106437,1.2591633047302777,-0.3070801941090227,-0.19621814613865227,0.9415829490307701,-0.4156175589970315,-0.20166150310667885,-0.4864967196604686,-0.21219372754742588,-0.2991983466782894,-0.6400035310637054,-0.14660958536878183,0.6743963935452368,3.013437917198243,-0.2931944802761775,-0.03167031776097681,-0.268264101878365,-0.3392400313681768,-1.1683017204269652,-0.03167031776097681,-0.03167031776097681
-1.0594227547738881,0.022696608835422783,-0.27218188799644444,-0.7470667167171112,0.000933276825754426,0.019883301583053115,-0.5688650341299796,-0.34290113299620106,-0.8059694639746,1.0946405279645712,-0.2529147778628351,-0.22965760608731267,0.893419385394227,-0.3921188919620247,-0.07095947242679883,-0.11031946970293831,-0.38184998948033355,-0.6446726587031845,1.6935811330619999,-0.7124274490013944,-0.08989331499509892,-0.10060545457319174,-0.21981657747106437,1.2591633047302777,-0.3070801941090227,-0.19621814613865227,0.9415829490307701,-0.4156175589970315,-0.20166150310667885,-0.4864967196604686,-0.21219372754742588,3.3422644580160132,1.5624913792865636,-0.14660958536878183,-1.482807455038566,3.013437917198243,-0.2931944802761775,-0.03167031776097681,-0.268264101878365,-0.3392400313681768,-1.1683017204269652,-0.03167031776097681,-0.03167031776097681
-1.0293789904583106,0.022696608835422783,-0.6509291331448709,-1.1329888323705024,1.211766630559532,-0.7433295822587509,-0.5688650341299796,-0.34290113299620106,-0.8059694639746,-0.9135419112057267,-0.2529147778628351,-0.22965760608731267,-1.119295166803151,-0.3921188919620247,-0.07095947242679883,-0.11031946970293831,-0.38184998948033355,-0.6446726587031845,1.6935811330619999,-0.7124274490013944,-0.08989331499509892,-0.10060545457319174,-0.21981657747106437,1.2591633047302777,-0.3070801941090227,-0.19621814613865227,-1.0620413220411034,-0.4156175589970315,-0.20166150310667885,-0.4864967196604686,-0.21219372754742588,-0.2991983466782894,-0.6400035310637054,-0.14660958536878183,0.6743963935452368,3.013437917198243,-0.2931944802761775,-0.03167031776097681,-0.268264101878365,-0.3392400313681768,-1.1683017204269652,-0.03167031776097681,-0.03167031776097681
-1.0293789904583106,0.022696608835422783,-0.044933540907388575,-0.554105658890416,-1.1167590496977327,0.019883301583053115,-0.5688650341299796,-0.34290113299620106,-0.8059694639746,1.0946405279645712,-0.2529147778628351,-0.22965760608731267,-1.119295166803151,-0.3921188919620247,-0.07095947242679883,-0.11031946970293831,-0.38184998948033355,-0.6446726587031845,-0.5904647734189133,-0.7124274490013944,-0.08989331499509892,-0.10060545457319174,-0.21981657747106437,1.2591633047302777,-0.3070801941090227,-0.19621814613865227,0.9415829490307701,-0.4156175589970315,-0.20166150310667885,-0.4864967196604686,-0.21219372754742588,-0.2991983466782894,-0.6400035310637054,-0.14660958536878183,0.6743963935452368,3.013437917198243,-0.2931944802761775,-0.03167031776097681,-0.268264101878365,-0.3392400313681768,-1.1683017204269652,-0.03167031776097681,-0.03167031776097681
-0.995579755603286,0.022696608835422783,-0.4994302350855003,-1.2777096257405238,0.46663841287720736,0.4014897435039551,-0.5688650341299796,-0.34290113299620106,-0.8059694639746,-0.9135419112057267,-0.2529147778628351,-0.22965760608731267,0.893419385394227,-0.3921188919620247,-0.07095947242679883,-0.11031946970293831,-0.38184998948033355,-0.6446726587031845,1.6935811330619999,-0.7124274490013944,-0.08989331499509892,-0.10060545457319174,-0.21981657747106437,1.2591633047302777,-0.3070801941090227,-0.19621814613865227,0.9415829490307701,-0.4156175589970315,-0.20166150310667885,-0.4864967196604686,-0.21219372754742588,-0.2991983466782894,-0.6400035310637054,-0.14660958536878183,0.6743963935452368,3.013437917198243,-0.2931944802761775,-0.03167031776097681,-0.268264101878365,-0.3392400313681768,-1.1683017204269652,-0.03167031776097681,-0.03167031776097681
-0.9655359912877086,-0.9770811839481063,-0.27218188799644444,-0.31290433660704664,-1.1167590496977327,-0.7433295822587509,-0.5688650341299796,-0.34290113299620106,-0.8059694639746,1.0946405279645712,-0.2529147778628351,-0.22965760608731267,-1.119295166803151,-0.3921188919620247,-0.07095947242679883,-0.11031946970293831,2.618829455412367,-0.6446726587031845,-0.5904647734189133,-0.7124274490013944,-0.08989331499509892,-0.10060545457319174,-0.21981657747106437,-0.7941781627873975,3.256478337528241,-0.19621814613865227,0.9415829490307701,-0.4156175589970315,-0.20166150310667885,-0.4864967196604686,-0.21219372754742588,-0.2991983466782894,-0.6400035310637054,-0.14660958536878183,0.6743963935452368,3.013437917198243,-0.2931944802761775,-0.03167031776097681,-0.268264101878365,-0.3392400313681768,-1.1683017204269652,-0.03167031776097681,-0.03167031776097681
-0.9655359912877086,-0.9770811839481063,-0.5751796841151856,-0.7470667167171112,-1.2099000769080233,-0.7433295822587509,-0.5688650341299796,-0.34290113299620106,-0.8059694639746,-0.9135419112057267,-0.2529147778628351,-0.22965760608731267,-1.119295166803151,-0.3921188919620247,-0.07095947242679883,-0.11031946970293831,-0.38184998948033355,-0.6446726587031845,-0.5904647734189133,-0.7124274490013944,-0.08989331499509892,-0.10060545457319174,-0.21981657747106437,1.2591633047302777,-0.3070801941090227,-0.19621814613865227,-1.0620413220411034,2.4060581136494816,-0.20166150310667885,-0.4864967196604686,-0.21219372754742588,-0.2991983466782894,-0.6400035310637054,-0.14660958536878183,0.6743963935452368,3.013437917198243,-0.2931944802761775,-0.03167031776097681,-0.268264101878365,-0.3392400313681768,-1.1683017204269652,-0.03167031776097681,-0.03167031776097681
-0.9655359912877086,-0.9770811839481063,-1.2569247253823532,-1.0365083034571545,1.4911897121904039,0.019883301583053115,-0.5688650341299796,-0.34290113299620106,-0.8059694639746,1.0946405279645712,-0.2529147778628351,-0.22965760608731267,0.893419385394227,-0.3921188919620247,-0.07095947242679883,-0.11031946970293831,-0.38184998948033355,-0.6446726587031845,1.6935811330619999,-0.7124274490013944,-0.08989331499509892,-0.10060545457319174,-0.21981657747106437,1.2591633047302777,-0.3070801941090227,-0.19621814613865227,-1.0620413220411034,-0.4156175589970315,-0.20166150310667885,-0.4864967196604686,-0.21219372754742588,-0.2991983466782894,-0.6400035310637054,-0.14660958536878183,0.6743963935452368,3.013437917198243,-0.2931944802761775,-0.03167031776097681,-0.268264101878365,-0.3392400313681768,-1.1683017204269652,-0.03167031776097681,-0.03167031776097681
-0.9655359912877086,-0.9770811839481063,-0.27218188799644444,0.02477751458967053,1.4911897121904039,-0.7433295822587509,-0.5688650341299796,-0.34290113299620106,-0.8059694639746,1.0946405279645712,-0.2529147778628351,-0.22965760608731267,0.893419385394227,-0.3921188919620247,-0.07095947242679883,-0.11031946970293831,-0.38184998948033355,-0.6446726587031845,1.6935811330619999,-0.7124274490013944,-0.08989331499509892,-0.10060545457319174,-0.21981657747106437,1.2591633047302777,-0.3070801941090227,-0.19621814613865227,-1.0620413220411034,-0.4156175589970315,-0.20166150310667885,-0.4864967196604686,-0.21219372754742588,-0.2991983466782894,-0.6400035310637054,-0.14660958536878183,0.6743963935452368,3.013437917198243,-0.2931944802761775,-0.03167031776097681,-0.268264101878365,-0.3392400313681768,-1.1683017204269652,-0.03167031776097681,-0.03167031776097681
-0.9354922269721311,-0.945838127923621,-0.423680786055815,-0.6023459233470897,-0.3716308320154079,-0.7433295822587509,-0.5688650341299796,-0.34290113299620106,-0.8059694639746,-0.9135419112057267,-0.2529147778628351,-0.22965760608731267,-1.119295166803151,-0.3921188919620247,-0.07095947242679883,-0.11031946970293831,2.618829455412367,-0.6446726587031845,-0.5904647734189133,-0.7124274490013944,-0.08989331499509892,-0.10060545457319174,-0.21981657747106437,1.2591633047302777,-0.3070801941090227,-0.19621814613865227,0.9415829490307701,-0.4156175589970315,-0.20166150310667885,-0.4864967196604686,-0.21219372754742588,-0.2991983466782894,1.5624913792865636,-0.14660958536878183,-1.482807455038566,3.013437917198243,-0.2931944802761775,-0.03167031776097681,-0.268264101878365,-0.3392400313681768,-1.1683017204269652,-0.03167031776097681,-0.03167031776097681
-0.9354922269721311,-0.945838127923621,-0.423680786055815,-1.3741901546538717,-0.3716308320154079,0.019883301583053115,-0.5688650341299796,-0.34290113299620106,-0.8059694639746,-0.9135419112057267,-0.2529147778628351,-0.22965760608731267,-1.119295166803151,-0.3921188919620247,-0.07095947242679883,-0.11031946970293831,-0.38184998948033355,-0.6446726587031845,1.6935811330619999,-0.7124274490013944,11.124297730643493,-0.10060545457319174,-0.21981657747106437,-0.7941781627873975,-0.3070801941090227,-0.19621814613865227,0.9415829490307701,-0.4156175589970315,-0.20166150310667885,-0.4864967196604686,-0.21219372754742588,-0.2991983466782894,-0.6400035310637054,-0.14660958536878183,0.6743963935452368,3.013437917198243,-0.2931944802761775,-0.03167031776097681,-0.268264101878365,-0.3392400313681768,-1.1683017204269652,-0.03167031776097681,-0.03167031776097681
-0.9354922269721311,-0.945838127923621,-0.19643243896675913,-0.6505861878037636,1.025484576138951,-0.7433295822587509,-0.5688650341299796,-0.34290113299620106,-0.8059694639746,1.0946405279645712,-0.2529147778628351,-0.22965760608731267,0.893419385394227,-0.3921188919620247,-0.07095947242679883,-0.11031946970293831,-0.38184998948033355,-0.6446726587031845,1.6935811330619999,-0.7124274490013944,-0.08989331499509892,-0.10060545457319174,-0.21981657747106437,1.2591633047302777,-0.3070801941090227,-0.19621814613865227,0.9415829490307701,-0.4156175589970315,-0.20166150310667885,-0.4864967196604686,-0.21219372754742588,-0.2991983466782894,-0.6400035310637054,-0.14660958536878183,0.6743963935452368,3.013437917198243,-0.2931944802761775,-0.03167031776097681,-0.268264101878365,-0.3392400313681768,-1.1683017204269652,-0.03167031776097681,-0.03167031776097681
-0.9354922269721311,-0.945838127923621,-0.423680786055815,-0.9400277745438069,0.8392025217183697,0.4014897435039551,-0.5688650341299796,2.9162924930057867,-0.8059694639746,-0.9135419112057267,-0.2529147778628351,-0.22965760608731267,0.893419385394227,-0.3921188919620247,-0.07095947242679883,-0.11031946970293831,-0.38184998948033355,-0.6446726587031845,1.6935811330619999,-0.7124274490013944,-0.08989331499509892,-0.10060545457319174,-0.21981657747106437,1.2591633047302777,-0.3070801941090227,-0.19621814613865227,-1.0620413220411034,-0.4156175589970315,-0.20166150310667885,-0.4864967196604686,-0.21219372754742588,-0.2991983466782894,1.5624913792865636,-0.14660958536878183,-1.482807455038566,3.013437917198243,-0.2931944802761775,-0.03167031776097681,-0.268264101878365,-0.3392400313681768,-1.1683017204269652,-0.03167031776097681,-0.03167031776097681
-0.9354922269721311,-0.945838127923621,-0.19643243896675913,-1.2294693612838499,0.9323435489286603,-0.7433295822587509,-0.5688650341299796,2.9162924930057867,-0.8059694639746,-0.9135419112057267,-0.2529147778628351,-0.22965760608731267,0.893419385394227,-0.3921188919620247,-0.07095947242679883,-0.11031946970293831,-0.38184998948033355,-0.6446726587031845,-0.5904647734189133,-0.7124274490013944,-0.08989331499509892,-0.10060545457319174,-0.21981657747106437,1.2591633047302777,-0.3070801941090227,-0.19621814613865227,-1.0620413220411034,2.4060581136494816,-0.20166150310667885,-0.4864967196604686,-0.21219372754742588,3.3422644580160132,1.5624913792865636,-0.14660958536878183,-1.482807455038566,3.013437917198243,-0.2931944802761775,-0.03167031776097681,-0.268264101878365,-0.3392400313681768,-1.1683017204269652,-0.03167031776097681,-0.03167031776097681
-0.9016929921171065,-0.9145950718991357,-0.19643243896675913,-0.45762512997706817,1.3049076577698226,-0.7433295822587509,-0.5688650341299796,2.9162924930057867,-0.8059694639746,1.0946405279645712,-0.2529147778628351,-0.22965760608731267,-1.119295166803151,-0.3921188919620247,-0.07095947242679883,-0.11031946970293831,-0.38184998948033355,-0.6446726587031845,1.6935811330619999,-0.7124274490013944,-0.08989331499509892,-0.10060545457319174,-0.21981657747106437,1.2591633047302777,-0.3070801941090227,-0.19621814613865227,0.9415829490307701,-0.4156175589970315,-0.20166150310667885,-0.4864967196604686,-0.21219372754742588,-0.2991983466782894,-0.6400035310637054,-0.14660958536878183,0.6743963935452368,3.013437917198243,-0.2931944802761775,-0.03167031776097681,-0.268264101878365,-0.3392400313681768,-1.1683017204269652,-0.03167031776097681,-0.03167031776097681
-0.8716492278015291,-0.8833520158746504,-0.4994302350855003,-0.7953069811737852,-0.4647718592256985,-0.7433295822587509,-0.5688650341299796,2.9162924930057867,-0.8059694639746,-0.9135419112057267,-0.2529147778628351,-0.22965760608731267,0.893419385394227,-0.3921188919620247,-0.07095947242679883,-0.11031946970293831,-0.38184998948033355,-0.6446726587031845,1.6935811330619999,-0.7124274490013944,-0.08989331499509892,-0.10060545457319174,-0.21981657747106437,1.2591633047302777,-0.3070801941090227,-0.19621814613865227,-1.0620413220411034,2.4060581136494816,-0.20166150310667885,-0.4864967196604686,-0.21219372754742588,-0.2991983466782894,-0.6400035310637054,-0.14660958536878183,0.6743963935452368,3.013437917198243,-0.2931944802761775,-0.03167031776097681,-0.268264101878365,-0.3392400313681768,-1.1683017204269652,-0.03167031776097681,-0.03167031776097681
-0.8716492278015291,-0.8833520158746504,-0.3479313370261297,-0.2646640721503725,1.9568948482418569,0.019883301583053115,-0.5688650341299796,2.9162924930057867,-0.8059694639746,1.0946405279645712,-0.2529147778628351,-0.22965760608731267,-1.119295166803151,-0.3921188919620247,-0.07095947242679883,-0.11031946970293831,-0.38184998948033355,-0.6446726587031845,1.6935811330619999,-0.7124274490013944,-0.08989331499509892,-0.10060545457319174,-0.21981657747106437,1.2591633047302777,-0.3070801941090227,-0.19621814613865227,-1.0620413220411034,-0.4156175589970315,-0.20166150310667885,-0.4864967196604686,-0.21219372754742588,-0.2991983466782894,-0.6400035310637054,-0.14660958536878183,0.6743963935452368,3.013437917198243,-0.2931944802761775,-0.03167031776097681,-0.268264101878365,-0.3392400313681768,-1.1683017204269652,-0.03167031776097681,-0.03167031776097681
-0.8416054634859517,-0.8521089598501651,-0.12068298993707387,-0.36114460106372037,1.3980486849801133,-0.7433295822587509,-0.5688650341299796,2.9162924930057867,-0.8059694639746,1.0946405279645712,-0.2529147778628351,-0.22965760608731267,0.893419385394227,-0.3921188919620247,-0.07095947242679883,-0.11031946970293831,2.618829455412367,-0.6446726587031845,-0.5904647734189133,-0.7124274490013944,-0.08989331499509892,-0.10060545457319174,-0.21981657747106437,1.2591633047302777,-0.3070801941090227,-0.19621814613865227,0.9415829490307701,-0.4156175589970315,-0.20166150310667885,-0.4864967196604686,-0.21219372754742588,-0.2991983466782894,-0.6400035310637054,-0.14660958536878183,0.6743963935452368,3.013437917198243,-0.2931944802761775,-0.03167031776097681,-0.268264101878365,-0.3392400313681768,-1.1683017204269652,-0.03167031776097681,-0.03167031776097681
-0.8416054634859517,-0.8521089598501651,-0.044933540907388575,-0.11994327878035099,0.6529204672977886,0.019883301583053115,-0.5688650341299796,2.9162924930057867,-0.8059694639746,-0.9135419112057267,3.9539010272556565,4.354308211415448,-1.119295166803151,-0.3921188919620247,-0.07095947242679883,9.064583093924764,-0.38184998948033355,-0.6446726587031845,-0.5904647734189133,-0.7124274490013944,-0.08989331499509892,-0.10060545457319174,4.5492474294011584,-0.7941781627873975,-0.3070801941090227,-0.19621814613865227,-1.0620413220411034,-0.4156175589970315,4.9588046533155135,-0.4864967196604686,4.712674646692831,-0.2991983466782894,-0.6400035310637054,6.820836424061898,-1.482807455038566,3.013437917198243,-0.2931944802761775,-0.03167031776097681,-0.268264101878365,-0.3392400313681768,-1.1683017204269652,-0.03167031776097681,-0.03167031776097681
-0.8078062286309271,-0.8208659038256798,-0.27218188799644444,-0.6505861878037636,1.3049076577698226,-0.7433295822587509,-0.5688650341299796,-0.34290113299620106,-0.8059694639746,-0.9135419112057267,-0.2529147778628351,-0.22965760608731267,0.893419385394227,-0.3921188919620247,-0.07095947242679883,-0.11031946970293831,2.618829455412367,-0.6446726587031845,-0.5904647734189133,-0.7124274490013944,-0.08989331499509892,-0.10060545457319174,-0.21981657747106437,1.2591633047302777,-0.3070801941090227,-0.19621814613865227,0.9415829490307701,-0.4156175589970315,-0.20166150310667885,-0.4864967196604686,-0.21219372754742588,-0.2991983466782894,-0.6400035310637054,-0.14660958536878183,0.6743963935452368,3.013437917198243,-0.2931944802761775,-0.03167031776097681,-0.268264101878365,-0.3392400313681768,-1.1683017204269652,-0.03167031776097681,-0.03167031776097681
-0.8078062286309271,-0.8208659038256798,-0.12068298993707387,-0.6023459233470897,0.6529204672977886,-0.7433295822587509,-0.5688650341299796,-0.34290113299620106,-0.8059694639746,1.0946405279645712,-0.2529147778628351,-0.22965760608731267,-1.119295166803151,-0.3921188919620247,-0.07095947242679883,-0.11031946970293831,-0.38184998948033355,-0.6446726587031845,-0.5904647734189133,-0.7124274490013944,-0.08989331499509892,-0.10060545457319174,-0.21981657747106437,1.2591633047302777,-0.3070801941090227,-0.19621814613865227,0.9415829490307701,-0.4156175589970315,-0.20166150310667885,-0.4864967196604686,-0.21219372754742588,-0.2991983466782894,1.5624913792865636,-0.14660958536878183,-1.482807455038566,3.013437917198243,-0.2931944802761775,-0.03167031776097681,-0.268264101878365,-0.3392400313681768,-1.1683017204269652,-0.03167031776097681,-0.03167031776097681
-0.8078062286309271,-0.8208659038256798,-0.5751796841151856,-0.6505861878037636,-0.18534877759482676,-0.7433295822587509,-0.5688650341299796,-0.34290113299620106,-0.8059694639746,-0.9135419112057267,-0.2529147778628351,-0.22965760608731267,0.893419385394227,-0.3921188919620247,-0.07095947242679883,-0.11031946970293831,-0.38184998948033355,-0.6446726587031845,-0.5904647734189133,-0.7124274490013944,-0.08989331499509892,-0.10060545457319174,-0.21981657747106437,1.2591633047302777,-0.3070801941090227,-0.19621814613865227,-1.0620413220411034,2.4060581136494816,-0.20166150310667885,-0.4864967196604686,-0.21219372754742588,3.3422644580160132,1.5624913792865636,-0.14660958536878183,-1.482807455038566,3.013437917198243,-0.2931944802761775,-0.03167031776097681,-0.268264101878365,-0.3392400313681768,-1.1683017204269652,-0.03167031776097681,-0.03167031776097681
-0.7139194651447476,-0.727136735752224,-0.5751796841151856,-0.554105658890416,0.46663841287720736,-0.7433295822587509,-0.5688650341299796,-0.34290113299620106,-0.8059694639746,-0.9135419112057267,-0.2529147778628351,-0.22965760608731267,0.893419385394227,-0.3921188919620247,-0.07095947242679883,-0.11031946970293831,-0.38184998948033355,-0.6446726587031845,1.6935811330619999,-0.7124274490013944,-0.08989331499509892,-0.10060545457319174,-0.21981657747106437,1.2591633047302777,-0.3070801941090227,-0.19621814613865227,-1.0620413220411034,2.4060581136494816,-0.20166150310667885,-0.4864967196604686,-0.21219372754742588,3.3422644580160132,-0.6400035310637054,-0.14660958536878183,0.6743963935452368,3.013437917198243,-0.2931944802761775,-0.03167031776097681,-0.268264101878365,-0.3392400313681768,-1.1683017204269652,-0.03167031776097681,-0.03167031776097681
-0.7139194651447476,-0.727136735752224,-0.7266785821745562,-1.3259498901971978,0.9323435489286603,-0.7433295822587509,-0.5688650341299796,-0.34290113299620106,-0.8059694639746,-0.9135419112057267,-0.2529147778628351,-0.22965760608731267,0.893419385394227,-0.3921188919620247,-0.07095947242679883,-0.11031946970293831,-0.38184998948033355,-0.6446726587031845,1.6935811330619999,-0.7124274490013944,-0.08989331499509892,-0.10060545457319174,-0.21981657747106437,1.2591633047302777,-0.3070801941090227,-0.19621814613865227,-1.0620413220411034,-0.4156175589970315,-0.20166150310667885,-0.4864967196604686,-0.21219372754742588,-0.2991983466782894,-0.6400035310637054,-0.14660958536878183,0.6743963935452368,3.013437917198243,-0.2931944802761775,-0.03167031776097681,-0.268264101878365,-0.3392400313681768,-1.1683017204269652,-0.03167031776097681,-0.03167031776097681
-0.7139194651447476,-0.727136735752224,-0.044933540907388575,-0.6988264522604375,-0.18534877759482676,-0.7433295822587509,-0.5688650341299796,-0.34290113299620106,-0.8059694639746,1.0946405279645712,-0.2529147778628351,-0.22965760608731267,0.893419385394227,-0.3921188919620247,-0.07095947242679883,-0.11031946970293831,-0.38184998948033355,-0.6446726587031845,1.6935811330619999,-0.7124274490013944,-0.08989331499509892,-0.10060545457319174,-0.21981657747106437,1.2591633047302777,-0.3070801941090227,-0.19621814613865227,-1.0620413220411034,-0.4156175589970315,-0.20166150310667885,-0.4864967196604686,-0.21219372754742588,-0.2991983466782894,-0.6400035310637054,-0.14660958536878183,0.6743963935452368,-0.3318468896580935,-0.2931944802761775,-0.03167031776097681,-0.268264101878365,-0.3392400313681768,0.855943274340589,-0.03167031776097681,-0.03167031776097681
-0.7139194651447476,-0.727136735752224,-0.19643243896675913,-0.554105658890416,0.46663841287720736,-0.7433295822587509,-0.5688650341299796,-0.34290113299620106,-0.8059694639746,1.0946405279645712,-0.2529147778628351,-0.22965760608731267,-1.119295166803151,-0.3921188919620247,-0.07095947242679883,-0.11031946970293831,-0.38184998948033355,-0.6446726587031845,1.6935811330619999,-0.7124274490013944,-0.08989331499509892,-0.10060545457319174,-0.21981657747106437,1.2591633047302777,-0.3070801941090227,-0.19621814613865227,0.9415829490307701,-0.4156175589970315,-0.20166150310667885,-0.4864967196604686,-0.21219372754742588,-0.2991983466782894,-0.6400035310637054,-0.14660958536878183,0.6743963935452368,-0.3318468896580935,-0.2931944802761775,-0.03167031776097681,-0.268264101878365,-0.3392400313681768,0.855943274340589,-0.03167031776097681,-0.03167031776097681
-0.6838757008291702,-0.6958936797277387,-0.19643243896675913,-0.40938486552039405,-0.6510539136462797,-0.3617231403378489,-0.5688650341299796,-0.34290113299620106,-0.8059694639746,1.0946405279645712,-0.2529147778628351,-0.22965760608731267,0.893419385394227,-0.3921188919620247,-0.07095947242679883,-0.11031946970293831,-0.38184998948033355,-0.6446726587031845,1.6935811330619999,-0.7124274490013944,-0.08989331499509892,-0.10060545457319174,-0.21981657747106437,1.2591633047302777,-0.3070801941090227,-0.19621814613865227,-1.0620413220411034,2.4060581136494816,-0.20166150310667885,-0.4864967196604686,-0.21219372754742588,-0.2991983466782894,1.5624913792865636,-0.14660958536878183,-1.482807455038566,-0.3318468896580935,-0.2931944802761775,-0.03167031776097681,-0.268264101878365,-0.3392400313681768,0.855943274340589,-0.03167031776097681,-0.03167031776097681
-0.6838757008291702,-0.6958936797277387,-0.19643243896675913,-0.21642380769369882,1.9568948482418569,-0.7433295822587509,-0.5688650341299796,-0.34290113299620106,-0.8059694639746,1.0946405279645712,-0.2529147778628351,-0.22965760608731267,-1.119295166803151,-0.3921188919620247,-0.07095947242679883,-0.11031946970293831,-0.38184998948033355,-0.6446726587031845,1.6935811330619999,-0.7124274490013944,-0.08989331499509892,-0.10060545457319174,-0.21981657747106437,1.2591633047302777,-0.3070801941090227,-0.19621814613865227,0.9415829490307701,-0.4156175589970315,-0.20166150310667885,-0.4864967196604686,-0.21219372754742588,-0.2991983466782894,-0.6400035310637054,-0.14660958536878183,0.6743963935452368,-0.3318468896580935,-0.2931944802761775,-0.03167031776097681,-0.268264101878365,-0.3392400313681768,0.855943274340589,-0.03167031776097681,-0.03167031776097681
-0.6538319365135926,-0.6646506237032535,-0.19643243896675913,-0.07170301432367729,0.1872153312463356,0.019883301583053115,-0.5688650341299796,-0.34290113299620106,-0.8059694639746,1.0946405279645712,-0.2529147778628351,-0.22965760608731267,0.893419385394227,-0.3921188919620247,-0.07095947242679883,-0.11031946970293831,2.618829455412367,-0.6446726587031845,-0.5904647734189133,-0.7124274490013944,-0.08989331499509892,-0.10060545457319174,-0.21981657747106437,-0.7941781627873975,3.256478337528241,-0.19621814613865227,0.9415829490307701,-0.4156175589970315,-0.20166150310667885,-0.4864967196604686,-0.21219372754742588,-0.2991983466782894,1.5624913792865636,-0.14660958536878183,-1.482807455038566,-0.3318468896580935,-0.2931944802761775,-0.03167031776097681,-0.268264101878365,-0.3392400313681768,0.855943274340589,-0.03167031776097681,-0.03167031776097681
-0.6538319365135926,-0.6646506237032535,-0.27218188799644444,-0.7470667167171112,0.1872153312463356,-0.7433295822587509,-0.5688650341299796,-0.34290113299620106,-0.8059694639746,1.0946405279645712,-0.2529147778628351,-0.22965760608731267,0.893419385394227,-0.3921188919620247,-0.07095947242679883,-0.11031946970293831,-0.38184998948033355,-0.6446726587031845,-0.5904647734189133,-0.7124274490013944,-0.08989331499509892,-0.10060545457319174,-0.21981657747106437,1.2591633047302777,-0.3070801941090227,-0.19621814613865227,-1.0620413220411034,2.4060581136494816,-0.20166150310667885,-0.4864967196604686,-0.21219372754742588,3.3422644580160132,-0.6400035310637054,-0.14660958536878183,0.6743963935452368,-0.3318468896580935,-0.2931944802761775,-0.03167031776097681,-0.268264101878365,-0.3392400313681768,0.855943274340589,-0.03167031776097681,-0.03167031776097681
-0.6538319365135926,-0.6646506237032535,-0.12068298993707387,0.02477751458967053,-1.1167590496977327,-0.7433295822587509,-0.5688650341299796,-0.34290113299620106,-0.8059694639746,1.0946405279645712,-0.2529147778628351,-0.22965760608731267,0.893419385394227,-0.3921188919620247,-0.07095947242679883,-0.11031946970293831,-0.38184998948033355,-0.6446726587031845,1.6935811330619999,-0.7124274490013944,-0.08989331499509892,-0.10060545457319174,-0.21981657747106437,1.2591633047302777,-0.3070801941090227,-0.19621814613865227,0.9415829490307701,-0.4156175589970315,-0.20166150310667885,-0.4864967196604686,-0.21219372754742588,-0.2991983466782894,1.5624913792865636,-0.14660958536878183,-1.482807455038566,3.013437917198243,-0.2931944802761775,-0.03167031776097681,-0.268264101878365,-0.3392400313681768,-1.1683017204269652,-0.03167031776097681,-0.03167031776097681
-0.620032701658568,-0.6334075676787682,-0.423680786055815,-0.6023459233470897,-1.1167590496977327,-0.7433295822587509,-0.5688650341299796,-0.34290113299620106,-0.8059694639746,-0.9135419112057267,-0.2529147778628351,-0.22965760608731267,-1.119295166803151,-0.3921188919620247,-0.07095947242679883,-0.11031946970293831,-0.38184998948033355,-0.6446726587031845,1.6935811330619999,-0.7124274490013944,-0.08989331499509892,-0.10060545457319174,-0.21981657747106437,1.2591633047302777,-0.3070801941090227,-0.19621814613865227,-1.0620413220411034,-0.4156175589970315,-0.20166150310667885,-0.4864967196604686,-0.21219372754742588,-0.2991983466782894,-0.6400035310637054,-0.14660958536878183,0.6743963935452368,-0.3318468896580935,-0.2931944802761775,-0.03167031776097681,-0.268264101878365,-0.3392400313681768,0.855943274340589,-0.03167031776097681,-0.03167031776097681
-0.5899889373429906,-0.6021645116542829,-0.12068298993707387,-0.36114460106372037,-1.023618022487442,0.019883301583053115,-0.5688650341299796,-0.34290113299620106,-0.8059694639746,1.0946405279645712,-0.2529147778628351,-0.22965760608731267,-1.119295166803151,-0.3921188919620247,-0.07095947242679883,-0.11031946970293831,-0.38184998948033355,-0.6446726587031845,-0.5904647734189133,-0.7124274490013944,-0.08989331499509892,-0.10060545457319174,-0.21981657747106437,-0.7941781627873975,-0.3070801941090227,-0.19621814613865227,0.9415829490307701,-0.4156175589970315,-0.20166150310667885,-0.4864967196604686,-0.21219372754742588,-0.2991983466782894,-0.6400035310637054,-0.14660958536878183,0.6743963935452368,-0.3318468896580935,-0.2931944802761775,-0.03167031776097681,-0.268264101878365,-0.3392400313681768,0.855943274340589,-0.03167031776097681,-0.03167031776097681
-0.5261459381723886,-0.5396783996053123,-0.044933540907388575,-0.40938486552039405,0.09407430403604503,0.4014897435039551,-0.5688650341299796,-0.34290113299620106,-0.8059694639746,1.0946405279645712,-0.2529147778628351,-0.22965760608731267,0.893419385394227,-0.3921188919620247,-0.07095947242679883,-0.11031946970293831,-0.38184998948033355,-0.6446726587031845,1.6935811330619999,-0.7124274490013944,-0.08989331499509892,-0.10060545457319174,-0.21981657747106437,1.2591633047302777,-0.3070801941090227,-0.19621814613865227,-1.0620413220411034,-0.4156175589970315,-0.20166150310667885,-0.4864967196604686,-0.21219372754742588,-0.2991983466782894,1.5624913792865636,-0.14660958536878183,-1.482807455038566,-0.3318468896580935,-0.2931944802761775,-0.03167031776097681,-0.268264101878365,-0.3392400313681768,0.855943274340589,-0.03167031776097681,-0.03167031776097681
-0.49610217385681116,-0.508435343580827,-0.19643243896675913,-0.21642380769369882,-0.7441949408565703,0.019883301583053115,-0.5688650341299796,-0.34290113299620106,-0.8059694639746,1.0946405279645712,-0.2529147778628351,-0.22965760608731267,0.893419385394227,-0.3921188919620247,-0.07095947242679883,-0.11031946970293831,-0.38184998948033355,-0.6446726587031845,-0.5904647734189133,-0.7124274490013944,-0.08989331499509892,-0.10060545457319174,-0.21981657747106437,1.2591633047302777,-0.3070801941090227,-0.19621814613865227,0.9415829490307701,-0.4156175589970315,-0.20166150310667885,-0.4864967196604686,-0.21219372754742588,-0.2991983466782894,-0.6400035310637054,-0.14660958536878183,0.6743963935452368,-0.3318468896580935,-0.2931944802761775,-0.03167031776097681,-0.268264101878365,-0.3392400313681768,0.855943274340589,-0.03167031776097681,-0.03167031776097681
-0.49610217385681116,0.022696608835422783,-0.12068298993707387,-0.6505861878037636,-0.9304769952771516,0.019883301583053115,-0.5688650341299796,-0.34290113299620106,-0.8059694639746,1.0946405279645712,-0.2529147778628351,-0.22965760608731267,0.893419385394227,-0.3921188919620247,-0.07095947242679883,-0.11031946970293831,-0.38184998948033355,-0.6446726587031845,1.6935811330619999,-0.7124274490013944,-0.08989331499509892,-0.10060545457319174,-0.21981657747106437,1.2591633047302777,-0.3070801941090227,-0.19621814613865227,-1.0620413220411034,2.4060581136494816,-0.20166150310667885,-0.4864967196604686,-0.21219372754742588,3.3422644580160132,1.5624913792865636,-0.14660958536878183,-1.482807455038566,-0.3318468896580935,-0.2931944802761775,-0.03167031776097681,-0.268264101878365,-0.3392400313681768,0.855943274340589,-0.03167031776097681,-0.03167031776097681
-0.49610217385681116,0.022696608835422783,-0.6509291331448709,-0.45762512997706817,1.3049076577698226,-0.7433295822587509,-0.5688650341299796,-0.34290113299620106,-0.8059694639746,-0.9135419112057267,-0.2529147778628351,-0.22965760608731267,-1.119295166803151,-0.3921188919620247,-0.07095947242679883,-0.11031946970293831,-0.38184998948033355,-0.6446726587031845,1.6935811330619999,-0.7124274490013944,-0.08989331499509892,-0.10060545457319174,-0.21981657747106437,1.2591633047302777,-0.3070801941090227,-0.19621814613865227,-1.0620413220411034,-0.4156175589970315,-0.20166150310667885,-0.4864967196604686,-0.21219372754742588,-0.2991983466782894,1.5624913792865636,-0.14660958536878183,-1.482807455038566,-0.3318468896580935,-0.2931944802761775,-0.03167031776097681,-0.268264101878365,-0.3392400313681768,0.855943274340589,-0.03167031776097681,-0.03167031776097681
-0.4660584095412337,0.022696608835422783,-0.4994302350855003,-0.891787510087133,0.000933276825754426,0.019883301583053115,-0.5688650341299796,-0.34290113299620106,-0.8059694639746,-0.9135419112057267,-0.2529147778628351,-0.22965760608731267,0.893419385394227,-0.3921188919620247,-0.07095947242679883,-0.11031946970293831,-0.38184998948033355,-0.6446726587031845,1.6935811330619999,-0.7124274490013944,-0.08989331499509892,-0.10060545457319174,-0.21981657747106437,1.2591633047302777,-0.3070801941090227,-0.19621814613865227,0.9415829490307701,-0.4156175589970315,-0.20166150310667885,-0.4864967196604686,-0.21219372754742588,-0.2991983466782894,1.5624913792865636,-0.14660958536878183,-1.482807455038566,3.013437917198243,-0.2931944802761775,-0.03167031776097681,-0.268264101878365,-0.3392400313681768,-1.1683017204269652,-0.03167031776097681,-0.03167031776097681
-0.4660584095412337,-0.47719228755634174,-0.5751796841151856,-0.9400277745438069,-0.27848980480511737,-0.7433295822587509,-0.5688650341299796,-0.34290113299620106,-0.8059694639746,-0.9135419112057267,-0.2529147778628351,-0.22965760608731267,0.893419385394227,-0.3921188919620247,-0.07095947242679883,-0.11031946970293831,-0.38184998948033355,-0.6446726587031845,1.6935811330619999,-0.7124274490013944,-0.08989331499509892,-0.10060545457319174,-0.21981657747106437,1.2591633047302777,-0.3070801941090227,-0.19621814613865227,0.9415829490307701,-0.4156175589970315,-0.20166150310667885,-0.4864967196604686,-0.21219372754742588,-0.2991983466782894,-0.6400035310637054,-0.14660958536878183,0.6743963935452368,-0.3318468896580935,-0.2931944802761775,-0.03167031776097681,-0.268264101878365,-0.3392400313681768,0.855943274340589,-0.03167031776097681,-0.03167031776097681
-0.43225917468620917,-0.44594923153185645,-0.19643243896675913,-0.36114460106372037,0.000933276825754426,-0.7433295822587509,-0.5688650341299796,-0.34290113299620106,-0.8059694639746,1.0946405279645712,-0.2529147778628351,-0.22965760608731267,-1.119295166803151,-0.3921188919620247,-0.07095947242679883,-0.11031946970293831,-0.38184998948033355,-0.6446726587031845,1.6935811330619999,-0.7124274490013944,-0.08989331499509892,-0.10060545457319174,-0.21981657747106437,1.2591633047302777,-0.3070801941090227,-0.19621814613865227,-1.0620413220411034,-0.4156175589970315,-0.20166150310667885,-0.4864967196604686,-0.21219372754742588,-0.2991983466782894,-0.6400035310637054,-0.14660958536878183,0.6743963935452368,-0.3318468896580935,-0.2931944802761775,-0.03167031776097681,-0.268264101878365,-0.3392400313681768,0.855943274340589,-0.03167031776097681,-0.03167031776097681
-0.43225917468620917,-0.44594923153185645,-0.3479313370261297,-0.31290433660704664,0.8392025217183697,-0.7433295822587509,-0.5688650341299796,-0.34290113299620106,-0.8059694639746,1.0946405279645712,-0.2529147778628351,-0.22965760608731267,-1.119295166803151,-0.3921188919620247,-0.07095947242679883,-0.11031946970293831,-0.38184998948033355,-0.6446726587031845,1.6935811330619999,-0.7124274490013944,-0.08989331499509892,-0.10060545457319174,-0.21981657747106437,1.2591633047302777,-0.3070801941090227,-0.19621814613865227,-1.0620413220411034,-0.4156175589970315,-0.20166150310667885,-0.4864967196604686,-0.21219372754742588,-0.2991983466782894,-0.6400035310637054,-0.14660958536878183,0.6743963935452368,3.013437917198243,-0.2931944802761775,-0.03167031776097681,-0.268264101878365,-0.3392400313681768,-1.1683017204269652,-0.03167031776097681,-0.03167031776097681
-0.43225917468620917,-0.44594923153185645,-0.3479313370261297,-0.5058653944337419,0.9323435489286603,-0.7433295822587509,-0.5688650341299796,2.9162924930057867,-0.8059694639746,1.0946405279645712,-0.2529147778628351,-0.22965760608731267,0.893419385394227,-0.3921188919620247,-0.07095947242679883,-0.11031946970293831,-0.38184998948033355,-0.6446726587031845,1.6935811330619999,-0.7124274490013944,-0.08989331499509892,-0.10060545457319174,-0.21981657747106437,1.2591633047302777,-0.3070801941090227,-0.19621814613865227,0.9415829490307701,-0.4156175589970315,-0.20166150310667885,-0.4864967196604686,-0.21219372754742588,-0.2991983466782894,-0.6400035310637054,-0.14660958536878183,0.6743963935452368,-0.3318468896580935,-0.2931944802761775,-0.03167031776097681,-0.268264101878365,-0.3392400313681768,0.855943274340589,-0.03167031776097681,-0.03167031776097681
-0.4022154103706317,-0.41470617550737116,0.106565357151982,-0.6505861878037636,1.3980486849801133,-0.7433295822587509,-0.5688650341299796,-0.34290113299620106,-0.8059694639746,1.0946405279645712,-0.2529147778628351,-0.22965760608731267,0.893419385394227,-0.3921188919620247,-0.07095947242679883,-0.11031946970293831,-0.38184998948033355,-0.6446726587031845,1.6935811330619999,-0.7124274490013944,-0.08989331499509892,-0.10060545457319174,-0.21981657747106437,1.2591633047302777,-0.3070801941090227,-0.19621814613865227,0.9415829490307701,-0.4156175589970315,-0.20166150310667885,-0.4864967196604686,-0.21219372754742588,-0.2991983466782894,-0.6400035310637054,-0.14660958536878183,0.6743963935452368,-0.3318468896580935,-0.2931944802761775,-0.03167031776097681,-0.268264101878365,-0.3392400313681768,0.855943274340589,-0.03167031776097681,-0.03167031776097681
-0.3721716460550542,-0.38346311948288586,-0.3479313370261297,-0.554105658890416,1.3980486849801133,0.019883301583053115,-0.5688650341299796,-0.34290113299620106,-0.8059694639746,1.0946405279645712,-0.2529147778628351,-0.22965760608731267,-1.119295166803151,-0.3921188919620247,-0.07095947242679883,-0.11031946970293831,-0.38184998948033355,-0.6446726587031845,1.6935811330619999,-0.7124274490013944,-0.08989331499509892,-0.10060545457319174,-0.21981657747106437,1.2591633047302777,-0.3070801941090227,-0.19621814613865227,-1.0620413220411034,2.4060581136494816,-0.20166150310667885,-0.4864967196604686,-0.21219372754742588,-0.2991983466782894,-0.6400035310637054,-0.14660958536878183,0.6743963935452368,-0.3318468896580935,-0.2931944802761775,-0.03167031776097681,-0.268264101878365,-0.3392400313681768,0.855943274340589,-0.03167031776097681,-0.03167031776097681
-0.3721716460550542,-0.38346311948288586,-0.12068298993707387,-0.21642380769369882,-1.1167590496977327,-0.3617231403378489,-0.5688650341299796,-0.34290113299620106,-0.8059694639746,1.0946405279645712,-0.2529147778628351,-0.22965760608731267,0.893419385394227,-0.3921188919620247,-0.07095947242679883,-0.11031946970293831,-0.38184998948033355,-0.6446726587031845,-0.5904647734189133,-0.7124274490013944,-0.08989331499509892,-0.10060545457319174,-0.21981657747106437,-0.7941781627873975,-0.3070801941090227,-0.19621814613865227,-1.0620413220411034,-0.4156175589970315,-0.20166150310667885,-0.4864967196604686,-0.21219372754742588,3.3422644580160132,-0.6400035310637054,-0.14660958536878183,0.6743963935452368,-0.3318468896580935,-0.2931944802761775,-0.03167031776097681,-0.268264101878365,-0.3392400313681768,0.855943274340589,-0.03167031776097681,-0.03167031776097681
0.0033754078896636995,-0.38346311948288586,-0.19643243896675913,-0.6023459233470897,-0.4647718592256985,-0.7433295822587509,-0.5688650341299796,-0.34290113299620106,-0.8059694639746,1.0946405279645712,-0.2529147778628351,-0.22965760608731267,-1.119295166803151,-0.3921188919620247,-0.07095947242679883,-0.11031946970293831,2.618829455412367,-0.6446726587031845,-0.5904647734189133,-0.7124274490013944,-0.08989331499509892,-0.10060545457319174,-0.21981657747106437,-0.7941781627873975,3.256478337528241,-0.19621814613865227,0.9415829490307701,-0.4156175589970315,-0.20166150310667885,-0.4864967196604686,-0.21219372754742588,-0.2991983466782894,1.5624913792865636,-0.14660958536878183,-1.482807455038566,3.013437917198243,-0.2931944802761775,-0.03167031776097681,-0.268264101878365,-0.3392400313681768,-1.1683017204269652,-0.03167031776097681,-0.03167031776097681
-0.33837241120002964,-0.3522200634584006,-0.5751796841151856,-0.2646640721503725,0.1872153312463356,-0.7433295822587509,-0.5688650341299796,2.9162924930057867,-0.8059694639746,-0.9135419112057267,-0.2529147778628351,-0.22965760608731267,0.893419385394227,-0.3921188919620247,-0.07095947242679883,-0.11031946970293831,-0.38184998948033355,-0.6446726587031845,1.6935811330619999,-0.7124274490013944,-0.08989331499509892,-0.10060545457319174,-0.21981657747106437,1.2591633047302777,-0.3070801941090227,-0.19621814613865227,-1.0620413220411034,-0.4156175589970315,-0.20166150310667885,-0.4864967196604686,-0.21219372754742588,-0.2991983466782894,1.5624913792865636,-0.14660958536878183,-1.482807455038566,-0.3318468896580935,-0.2931944802761775,-0.03167031776097681,-0.268264101878365,-0.3392400313681768,0.855943274340589,-0.03167031776097681,-0.03167031776097681
0.0033754078896636995,-0.3522200634584006,-0.3479313370261297,-0.9400277745438069,0.1872153312463356,-0.3617231403378489,-0.5688650341299796,-0.34290113299620106,-0.8059694639746,-0.9135419112057267,-0.2529147778628351,-0.22965760608731267,0.893419385394227,-0.3921188919620247,-0.07095947242679883,-0.11031946970293831,-0.38184998948033355,-0.6446726587031845,-0.5904647734189133,-0.7124274490013944,-0.08989331499509892,-0.10060545457319174,4.5492474294011584,-0.7941781627873975,-0.3070801941090227,-0.19621814613865227,-1.0620413220411034,-0.4156175589970315,-0.20166150310667885,-0.4864967196604686,-0.21219372754742588,-0.2991983466782894,1.5624913792865636,-0.14660958536878183,-1.482807455038566,-0.3318468896580935,-0.2931944802761775,-0.03167031776097681,-0.268264101878365,-0.3392400313681768,0.855943274340589,-0.03167031776097681,-0.03167031776097681
0.0033754078896636995,-0.3522200634584006,-0.4994302350855003,-1.1812290968271761,0.46663841287720736,-0.7433295822587509,-0.5688650341299796,-0.34290113299620106,-0.8059694639746,-0.9135419112057267,-0.2529147778628351,-0.22965760608731267,0.893419385394227,-0.3921188919620247,-0.07095947242679883,-0.11031946970293831,-0.38184998948033355,-0.6446726587031845,1.6935811330619999,-0.7124274490013944,-0.08989331499509892,-0.10060545457319174,4.5492474294011584,-0.7941781627873975,-0.3070801941090227,-0.19621814613865227,0.9415829490307701,-0.4156175589970315,-0.20166150310667885,-0.4864967196604686,-0.21219372754742588,-0.2991983466782894,-0.6400035310637054,-0.14660958536878183,0.6743963935452368,-0.3318468896580935,-0.2931944802761775,-0.03167031776097681,-0.268264101878365,-0.3392400313681768,0.855943274340589,-0.03167031776097681,-0.03167031776097681
-0.33837241120002964,-0.3522200634584006,-0.19643243896675913,-0.40938486552039405,0.000933276825754426,-0.3617231403378489,-0.5688650341299796,-0.34290113299620106,-0.8059694639746,1.0946405279645712,-0.2529147778628351,4.354308211415448,-1.119295166803151,-0.3921188919620247,-0.07095947242679883,-0.11031946970293831,-0.38184998948033355,-0.6446726587031845,1.6935811330619999,-0.7124274490013944,-0.08989331499509892,-0.10060545457319174,4.5492474294011584,-0.7941781627873975,-0.3070801941090227,-0.19621814613865227,0.9415829490307701,-0.4156175589970315,-0.20166150310667885,-0.4864967196604686,-0.21219372754742588,-0.2991983466782894,-0.6400035310637054,-0.14660958536878183,0.6743963935452368,-0.3318468896580935,-0.2931944802761775,-0.03167031776097681,-0.268264101878365,-0.3392400313681768,0.855943274340589,-0.03167031776097681,-0.03167031776097681
-0.3083286468844522,-0.32097700743391533,-0.423680786055815,-0.21642380769369882,0.46663841287720736,0.4014897435039551,-0.5688650341299796,-0.34290113299620106,-0.8059694639746,1.0946405279645712,-0.2529147778628351,4.354308211415448,-1.119295166803151,-0.3921188919620247,-0.07095947242679883,-0.11031946970293831,-0.38184998948033355,-0.6446726587031845,1.6935811330619999,-0.7124274490013944,-0.08989331499509892,-0.10060545457319174,4.5492474294011584,-0.7941781627873975,-0.3070801941090227,-0.19621814613865227,-1.0620413220411034,2.4060581136494816,-0.20166150310667885,-0.4864967196604686,-0.21219372754742588,-0.2991983466782894,-0.6400035310637054,-0.14660958536878183,0.6743963935452368,-0.3318468896580935,-0.2931944802761775,-0.03167031776097681,-0.268264101878365,-0.3392400313681768,0.855943274340589,-0.03167031776097681,-0.03167031776097681
-0.27828488256887474,-0.28973395140943004,-0.3479313370261297,-0.21642380769369882,1.3980486849801133,-0.7433295822587509,-0.5688650341299796,2.9162924930057867,-0.8059694639746,1.0946405279645712,-0.2529147778628351,-0.22965760608731267,-1.119295166803151,-0.3921188919620247,-0.07095947242679883,-0.11031946970293831,-0.38184998948033355,-0.6446726587031845,1.6935811330619999,-0.7124274490013944,-0.08989331499509892,-0.10060545457319174,-0.21981657747106437,1.2591633047302777,-0.3070801941090227,-0.19621814613865227,-1.0620413220411034,2.4060581136494816,-0.20166150310667885,-0.4864967196604686,-0.21219372754742588,-0.2991983466782894,-0.6400035310637054,-0.14660958536878183,0.6743963935452368,-0.3318468896580935,-0.2931944802761775,-0.03167031776097681,-0.268264101878365,-0.3392400313681768,0.855943274340589,-0.03167031776097681,-0.03167031776097681
-0.27828488256887474,-0.28973395140943004,-0.4994302350855003,-0.2646640721503725,-1.1167590496977327,-0.7433295822587509,-0.5688650341299796,-0.34290113299620106,-0.8059694639746,-0.9135419112057267,-0.2529147778628351,4.354308211415448,-1.119295166803151,-0.3921188919620247,-0.07095947242679883,-0.11031946970293831,-0.38184998948033355,-0.6446726587031845,1.6935811330619999,-0.7124274490013944,-0.08989331499509892,-0.10060545457319174,4.5492474294011584,-0.7941781627873975,-0.3070801941090227,-0.19621814613865227,0.9415829490307701,-0.4156175589970315,-0.20166150310667885,-0.4864967196604686,-0.21219372754742588,-0.2991983466782894,-0.6400035310637054,-0.14660958536878183,0.6743963935452368,-0.3318468896580935,-0.2931944802761775,-0.03167031776097681,-0.268264101878365,-0.3392400313681768,0.855943274340589,-0.03167031776097681,-0.03167031776097681
-0.27828488256887474,-0.28973395140943004,-0.3479313370261297,0.16949830795969206,-1.023618022487442,-0.7433295822587509,-0.5688650341299796,-0.34290113299620106,-0.8059694639746,1.0946405279645712,-0.2529147778628351,4.354308211415448,-1.119295166803151,-0.3921188919620247,-0.07095947242679883,-0.11031946970293831,-0.38184998948033355,-0.6446726587031845,1.6935811330619999,-0.7124274490013944,-0.08989331499509892,-0.10060545457319174,4.5492474294011584,-0.7941781627873975,-0.3070801941090227,-0.19621814613865227,0.9415829490307701,-0.4156175589970315,-0.20166150310667885,-0.4864967196604686,-0.21219372754742588,-0.2991983466782894,-0.6400035310637054,-0.14660958536878183,0.6743963935452368,-0.3318468896580935,-0.2931944802761775,-0.03167031776097681,-0.268264101878365,-0.3392400313681768,0.855943274340589,-0.03167031776097681,-0.03167031776097681
-0.24448564771385017,-0.25849089538494474,-0.3479313370261297,-0.6988264522604375,0.000933276825754426,-0.7433295822587509,-0.5688650341299796,-0.34290113299620106,-0.8059694639746,-0.9135419112057267,-0.2529147778628351,4.354308211415448,-1.119295166803151,-0.3921188919620247,-0.07095947242679883,-0.11031946970293831,-0.38184998948033355,-0.6446726587031845,1.6935811330619999,-0.7124274490013944,-0.08989331499509892,-0.10060545457319174,4.5492474294011584,-0.7941781627873975,-0.3070801941090227,-0.19621814613865227,-1.0620413220411034,-0.4156175589970315,-0.20166150310667885,-0.4864967196604686,-0.21219372754742588,-0.2991983466782894,1.5624913792865636,-0.14660958536878183,-1.482807455038566,-0.3318468896580935,-0.2931944802761775,-0.03167031776097681,-0.268264101878365,-0.3392400313681768,0.855943274340589,-0.03167031776097681,-0.03167031776097681
-0.24448564771385017,-0.25849089538494474,-0.044933540907388575,-0.36114460106372037,0.09407430403604503,0.019883301583053115,-0.5688650341299796,-0.34290113299620106,-0.8059694639746,1.0946405279645712,-0.2529147778628351,4.354308211415448,-1.119295166803151,-0.3921188919620247,-0.07095947242679883,-0.11031946970293831,-0.38184998948033355,-0.6446726587031845,1.6935811330619999,-0.7124274490013944,-0.08989331499509892,-0.10060545457319174,4.5492474294011584,-0.7941781627873975,-0.3070801941090227,-0.19621814613865227,-1.0620413220411034,-0.4156175589970315,-0.20166150310667885,-0.4864967196604686,-0.21219372754742588,-0.2991983466782894,-0.6400035310637054,-0.14660958536878183,0.6743963935452368,-0.3318468896580935,-0.2931944802761775,-0.03167031776097681,-0.268264101878365,-0.3392400313681768,0.855943274340589,-0.03167031776097681,-0.03167031776097681
-0.24448564771385017,-0.25849089538494474,-0.4994302350855003,-1.1812290968271761,0.46663841287720736,-0.7433295822587509,-0.5688650341299796,-0.34290113299620106,-0.8059694639746,-0.9135419112057267,-0.2529147778628351,-0.22965760608731267,0.893419385394227,-0.3921188919620247,-0.07095947242679883,-0.11031946970293831,-0.38184998948033355,-0.6446726587031845,1.6935811330619999,-0.7124274490013944,-0.08989331499509892,-0.10060545457319174,-0.21981657747106437,1.2591633047302777,-0.3070801941090227,-0.19621814613865227,-1.0620413220411034,-0.4156175589970315,-0.20166150310667885,-0.4864967196604686,-0.21219372754742588,3.3422644580160132,1.5624913792865636,-0.14660958536878183,-1.482807455038566,-0.3318468896580935,-0.2931944802761775,-0.03167031776097681,-0.268264101878365,-0.3392400313681768,0.855943274340589,-0.03167031776097681,-0.03167031776097681
0.0033754078896636995,0.022696608835422783,-0.3479313370261297,-0.31290433660704664,1.211766630559532,-0.7433295822587509,-0.5688650341299796,-0.34290113299620106,-0.8059694639746,1.0946405279645712,-0.2529147778628351,-0.22965760608731267,0.893419385394227,-0.3921188919620247,-0.07095947242679883,-0.11031946970293831,-0.38184998948033355,-0.6446726587031845,1.6935811330619999,-0.7124274490013944,-0.08989331499509892,-0.10060545457319174,-0.21981657747106437,1.2591633047302777,-0.3070801941090227,-0.19621814613865227,-1.0620413220411034,-0.4156175589970315,-0.20166150310667885,-0.4864967196604686,-0.21219372754742588,-0.2991983466782894,1.5624913792865636,-0.14660958536878183,-1.482807455038566,3.013437917198243,-0.2931944802761775,-0.03167031776097681,-0.268264101878365,-0.3392400313681768,-1.1683017204269652,-0.03167031776097681,-0.03167031776097681
0.0033754078896636995,0.022696608835422783,-0.5751796841151856,-0.45762512997706817,1.3049076577698226,0.019883301583053115,-0.5688650341299796,-0.34290113299620106,-0.8059694639746,-0.9135419112057267,-0.2529147778628351,-0.22965760608731267,0.893419385394227,-0.3921188919620247,-0.07095947242679883,-0.11031946970293831,-0.38184998948033355,-0.6446726587031845,1.6935811330619999,-0.7124274490013944,-0.08989331499509892,-0.10060545457319174,-0.21981657747106437,1.2591633047302777,-0.3070801941090227,-0.19621814613865227,0.9415829490307701,-0.4156175589970315,-0.20166150310667885,-0.4864967196604686,-0.21219372754742588,-0.2991983466782894,-0.6400035310637054,-0.14660958536878183,0.6743963935452368,-0.3318468896580935,-0.2931944802761775,-0.03167031776097681,-0.268264101878365,-0.3392400313681768,0.855943274340589,-0.03167031776097681,-0.03167031776097681
0.0033754078896636995,0.022696608835422783,-0.4994302350855003,-0.6988264522604375,0.6529204672977886,-0.7433295822587509,-0.5688650341299796,-0.34290113299620106,-0.8059694639746,-0.9135419112057267,-0.2529147778628351,-0.22965760608731267,0.893419385394227,-0.3921188919620247,-0.07095947242679883,-0.11031946970293831,-0.38184998948033355,-0.6446726587031845,-0.5904647734189133,-0.7124274490013944,-0.08989331499509892,-0.10060545457319174,-0.21981657747106437,1.2591633047302777,-0.3070801941090227,-0.19621814613865227,-1.0620413220411034,-0.4156175589970315,-0.20166150310667885,-0.4864967196604686,-0.21219372754742588,-0.2991983466782894,-0.6400035310637054,-0.14660958536878183,0.6743963935452368,-0.3318468896580935,-0.2931944802761775,-0.03167031776097681,-0.268264101878365,-0.3392400313681768,0.855943274340589,-0.03167031776097681,-0.03167031776097681
0.0033754078896636995,0.022696608835422783,-0.7266785821745562,-1.3741901546538717,1.5843307394006945,-0.7433295822587509,-0.5688650341299796,-0.34290113299620106,-0.8059694639746,-0.9135419112057267,-0.2529147778628351,-0.22965760608731267,0.893419385394227,-0.3921188919620247,-0.07095947242679883,-0.11031946970293831,-0.38184998948033355,-0.6446726587031845,1.6935811330619999,-0.7124274490013944,-0.08989331499509892,-0.10060545457319174,-0.21981657747106437,1.2591633047302777,-0.3070801941090227,-0.19621814613865227,0.9415829490307701,-0.4156175589970315,-0.20166150310667885,-0.4864967196604686,-0.21219372754742588,-0.2991983466782894,-0.6400035310637054,-0.14660958536878183,0.6743963935452368,-0.3318468896580935,-0.2931944802761775,-0.03167031776097681,-0.268264101878365,-0.3392400313681768,0.855943274340589,-0.03167031776097681,-0.03167031776097681
0.0033754078896636995,0.022696608835422783,-0.19643243896675913,-0.40938486552039405,1.025484576138951,0.019883301583053115,-0.5688650341299796,-0.34290113299620106,-0.8059694639746,-0.9135419112057267,3.9539010272556565,-0.22965760608731267,-1.119295166803151,-0.3921188919620247,-0.07095947242679883,-0.11031946970293831,-0.38184998948033355,-0.6446726587031845,1.6935811330619999,-0.7124274490013944,-0.08989331499509892,-0.10060545457319174,-0.21981657747106437,1.2591633047302777,-0.3070801941090227,-0.19621814613865227,0.9415829490307701,-0.4156175589970315,-0.20166150310667885,-0.4864967196604686,-0.21219372754742588,-0.2991983466782894,-0.6400035310637054,-0.14660958536878183,0.6743963935452368,-0.3318468896580935,-0.2931944802761775,-0.03167031776097681,-0.268264101878365,-0.3392400313681768,0.855943274340589,-0.03167031776097681,-0.03167031776097681
0.0033754078896636995,0.022696608835422783,-0.044933540907388575,-0.07170301432367729,-0.3716308320154079,-0.7433295822587509,-0.5688650341299796,-0.34290113299620106,-0.8059694639746,-0.9135419112057267,3.9539010272556565,-0.22965760608731267,0.893419385394227,-0.3921188919620247,-0.07095947242679883,-0.11031946970293831,-0.38184998948033355,-0.6446726587031845,1.6935811330619999,-0.7124274490013944,-0.08989331499509892,-0.10060545457319174,-0.21981657747106437,1.2591633047302777,-0.3070801941090227,-0.19621814613865227,-1.0620413220411034,-0.4156175589970315,-0.20166150310667885,-0.4864967196604686,-0.21219372754742588,-0.2991983466782894,1.5624913792865636,-0.14660958536878183,-1.482807455038566,-0.3318468896580935,-0.2931944802761775,-0.03167031776097681,-0.268264101878365,-0.3392400313681768,0.855943274340589,-0.03167031776097681,-0.03167031776097681
0.0033754078896636995,0.022696608835422783,-0.19643243896675913,-0.45762512997706817,1.4911897121904039,0.019883301583053115,-0.5688650341299796,-0.34290113299620106,-0.8059694639746,-0.9135419112057267,3.9539010272556565,-0.22965760608731267,-1.119295166803151,-0.3921188919620247,-0.07095947242679883,-0.11031946970293831,-0.38184998948033355,-0.6446726587031845,1.6935811330619999,-0.7124274490013944,-0.08989331499509892,-0.10060545457319174,-0.21981657747106437,1.2591633047302777,-0.3070801941090227,-0.19621814613865227,0.9415829490307701,-0.4156175589970315,-0.20166150310667885,-0.4864967196604686,-0.21219372754742588,-0.2991983466782894,-0.6400035310637054,-0.14660958536878183,0.6743963935452368,-0.3318468896580935,-0.2931944802761775,-0.03167031776097681,-0.268264101878365,-0.3392400313681768,0.855943274340589,-0.03167031776097681,-0.03167031776097681
0.0033754078896636995,0.022696608835422783,-0.4994302350855003,-0.891787510087133,1.211766630559532,-0.7433295822587509,-0.5688650341299796,-0.34290113299620106,-0.8059694639746,-0.9135419112057267,-0.2529147778628351,-0.22965760608731267,-1.119295166803151,-0.3921188919620247,-0.07095947242679883,-0.11031946970293831,-0.38184998948033355,-0.6446726587031845,1.6935811330619999,-0.7124274490013944,11.124297730643493,-0.10060545457319174,-0.21981657747106437,-0.7941781627873975,-0.3070801941090227,-0.19621814613865227,0.9415829490307701,-0.4156175589970315,-0.20166150310667885,-0.4864967196604686,-0.21219372754742588,-0.2991983466782894,-0.6400035310637054,-0.14660958536878183,0.6743963935452368,-0.3318468896580935,-0.2931944802761775,-0.03167031776097681,-0.268264101878365,-0.3392400313681768,0.855943274340589,-0.03167031776097681,-0.03167031776097681
-0.09051135559651578,-0.10227561526251834,-0.3479313370261297,-1.3259498901971978,1.4911897121904039,0.4014897435039551,-0.5688650341299796,-0.34290113299620106,-0.8059694639746,-0.9135419112057267,-0.2529147778628351,-0.22965760608731267,0.893419385394227,-0.3921188919620247,-0.07095947242679883,-0.11031946970293831,-0.38184998948033355,-0.6446726587031845,1.6935811330619999,-0.7124274490013944,-0.08989331499509892,-0.10060545457319174,-0.21981657747106437,1.2591633047302777,-0.3070801941090227,-0.19621814613865227,-1.0620413220411034,-0.4156175589970315,-0.20166150310667885,-0.4864967196604686,-0.21219372754742588,3.3422644580160132,-0.6400035310637054,-0.14660958536878183,0.6743963935452368,-0.3318468896580935,-0.2931944802761775,-0.03167031776097681,-0.268264101878365,-0.3392400313681768,0.855943274340589,-0.03167031776097681,-0.03167031776097681
-0.09051135559651578,-0.10227561526251834,-0.4994302350855003,-0.45762512997706817,1.211766630559532,0.4014897435039551,-0.5688650341299796,-0.34290113299620106,-0.8059694639746,1.0946405279645712,-0.2529147778628351,-0.22965760608731267,-1.119295166803151,-0.3921188919620247,-0.07095947242679883,-0.11031946970293831,-0.38184998948033355,-0.6446726587031845,1.6935811330619999,-0.7124274490013944,-0.08989331499509892,-0.10060545457319174,-0.21981657747106437,1.2591633047302777,-0.3070801941090227,-0.19621814613865227,-1.0620413220411034,-0.4156175589970315,-0.20166150310667885,-0.4864967196604686,-0.21219372754742588,-0.2991983466782894,1.5624913792865636,-0.14660958536878183,-1.482807455038566,-0.3318468896580935,-0.2931944802761775,-0.03167031776097681,-0.268264101878365,-0.3392400313681768,0.855943274340589,-0.03167031776097681,-0.03167031776097681
-0.09051135559651578,-0.10227561526251834,-0.3479313370261297,-0.891787510087133,0.09407430403604503,-0.7433295822587509,-0.5688650341299796,-0.34290113299620106,-0.8059694639746,-0.9135419112057267,-0.2529147778628351,-0.22965760608731267,0.893419385394227,-0.3921188919620247,-0.07095947242679883,-0.11031946970293831,-0.38184998948033355,-0.6446726587031845,1.6935811330619999,-0.7124274490013944,-0.08989331499509892,-0.10060545457319174,-0.21981657747106437,1.2591633047302777,-0.3070801941090227,-0.19621814613865227,0.9415829490307701,-0.4156175589970315,-0.20166150310667885,-0.4864967196604686,-0.21219372754742588,-0.2991983466782894,1.5624913792865636,-0.14660958536878183,-1.482807455038566,-0.3318468896580935,-0.2931944802761775,-0.03167031776097681,-0.268264101878365,-0.3392400313681768,0.855943274340589,-0.03167031776097681,-0.03167031776097681
-0.09051135559651578,0.022696608835422783,-0.27218188799644444,-0.07170301432367729,-0.5579128864359891,-0.7433295822587509,-0.5688650341299796,-0.34290113299620106,-0.8059694639746,1.0946405279645712,-0.2529147778628351,-0.22965760608731267,0.893419385394227,-0.3921188919620247,-0.07095947242679883,-0.11031946970293831,2.618829455412367,-0.6446726587031845,-0.5904647734189133,-0.7124274490013944,-0.08989331499509892,-0.10060545457319174,-0.21981657747106437,1.2591633047302777,-0.3070801941090227,-0.19621814613865227,0.9415829490307701,-0.4156175589970315,-0.20166150310667885,-0.4864967196604686,-0.21219372754742588,-0.2991983466782894,-0.6400035310637054,-0.14660958536878183,0.6743963935452368,-0.3318468896580935,-0.2931944802761775,-0.03167031776097681,-0.268264101878365,-0.3392400313681768,0.855943274340589,-0.03167031776097681,-0.03167031776097681
-0.02666835642591376,0.022696608835422783,-0.27218188799644444,-0.6505861878037636,-0.837335968066861,0.019883301583053115,-0.5688650341299796,-0.34290113299620106,-0.8059694639746,-0.9135419112057267,-0.2529147778628351,-0.22965760608731267,-1.119295166803151,-0.3921188919620247,-0.07095947242679883,-0.11031946970293831,-0.38184998948033355,-0.6446726587031845,1.6935811330619999,-0.7124274490013944,-0.08989331499509892,-0.10060545457319174,-0.21981657747106437,1.2591633047302777,-0.3070801941090227,-0.19621814613865227,-1.0620413220411034,-0.4156175589970315,-0.20166150310667885,-0.4864967196604686,-0.21219372754742588,-0.2991983466782894,-0.6400035310637054,-0.14660958536878183,0.6743963935452368,-0.3318468896580935,-0.2931944802761775,-0.03167031776097681,-0.268264101878365,-0.3392400313681768,0.855943274340589,-0.03167031776097681,-0.03167031776097681
-0.02666835642591376,0.022696608835422783,-0.27218188799644444,-1.0365083034571545,0.000933276825754426,-0.7433295822587509,-0.5688650341299796,-0.34290113299620106,-0.8059694639746,-0.9135419112057267,-0.2529147778628351,-0.22965760608731267,0.893419385394227,-0.3921188919620247,-0.07095947242679883,-0.11031946970293831,-0.38184998948033355,-0.6446726587031845,1.6935811330619999,-0.7124274490013944,-0.08989331499509892,-0.10060545457319174,-0.21981657747106437,1.2591633047302777,-0.3070801941090227,-0.19621814613865227,-1.0620413220411034,-0.4156175589970315,-0.20166150310667885,-0.4864967196604686,-0.21219372754742588,-0.2991983466782894,1.5624913792865636,-0.14660958536878183,-1.482807455038566,-0.3318468896580935,-0.2931944802761775,-0.03167031776097681,-0.268264101878365,-0.3392400313681768,0.855943274340589,-0.03167031776097681,-0.03167031776097681
-0.02666835642591376,0.022696608835422783,-0.3479313370261297,-0.6023459233470897,0.8392025217183697,0.019883301583053115,-0.5688650341299796,-0.34290113299620106,-0.8059694639746,1.0946405279645712,-0.2529147778628351,-0.22965760608731267,-1.119295166803151,-0.3921188919620247,-0.07095947242679883,-0.11031946970293831,-0.38184998948033355,-0.6446726587031845,1.6935811330619999,-0.7124274490013944,-0.08989331499509892,-0.10060545457319174,-0.21981657747106437,1.2591633047302777,-0.3070801941090227,-0.19621814613865227,0.9415829490307701,-0.4156175589970315,-0.20166150310667885,-0.4864967196604686,-0.21219372754742588,-0.2991983466782894,1.5624913792865636,-0.14660958536878183,-1.482807455038566,-0.3318468896580935,-0.2931944802761775,-0.03167031776097681,-0.268264101878365,-0.3392400313681768,0.855943274340589,-0.03167031776097681,-0.03167031776097681
0.0033754078896636995,0.022696608835422783,-0.12068298993707387,-0.36114460106372037,-0.4647718592256985,-0.7433295822587509,-0.5688650341299796,-0.34290113299620106,-0.8059694639746,1.0946405279645712,-0.2529147778628351,-0.22965760608731267,0.893419385394227,-0.3921188919620247,-0.07095947242679883,-0.11031946970293831,-0.38184998948033355,-0.6446726587031845,1.6935811330619999,-0.7124274490013944,-0.08989331499509892,-0.10060545457319174,-0.21981657747106437,1.2591633047302777,-0.3070801941090227,-0.19621814613865227,-1.0620413220411034,-0.4156175589970315,-0.20166150310667885,-0.4864967196604686,-0.21219372754742588,-0.2991983466782894,-0.6400035310637054,-0.14660958536878183,0.6743963935452368,-0.3318468896580935,-0.2931944802761775,-0.03167031776097681,-0.268264101878365,-0.3392400313681768,0.855943274340589,-0.03167031776097681,-0.03167031776097681
0.0033754078896636995,0.022696608835422783,-0.3479313370261297,-1.0847485679138285,-0.27848980480511737,-0.7433295822587509,-0.5688650341299796,-0.34290113299620106,-0.8059694639746,-0.9135419112057267,-0.2529147778628351,-0.22965760608731267,0.893419385394227,-0.3921188919620247,-0.07095947242679883,-0.11031946970293831,-0.38184998948033355,-0.6446726587031845,1.6935811330619999,-0.7124274490013944,-0.08989331499509892,-0.10060545457319174,-0.21981657747106437,1.2591633047302777,-0.3070801941090227,-0.19621814613865227,-1.0620413220411034,-0.4156175589970315,-0.20166150310667885,-0.4864967196604686,-0.21219372754742588,-0.2991983466782894,-0.6400035310637054,-0.14660958536878183,0.6743963935452368,3.013437917198243,-0.2931944802761775,-0.03167031776097681,-0.268264101878365,-0.3392400313681768,-1.1683017204269652,-0.03167031776097681,-0.03167031776097681
0.0033754078896636995,0.022696608835422783,-0.423680786055815,-0.7470667167171112,0.8392025217183697,0.4014897435039551,-0.5688650341299796,-0.34290113299620106,-0.8059694639746,1.0946405279645712,-0.2529147778628351,-0.22965760608731267,-1.119295166803151,-0.3921188919620247,-0.07095947242679883,-0.11031946970293831,-0.38184998948033355,-0.6446726587031845,1.6935811330619999,-0.7124274490013944,-0.08989331499509892,-0.10060545457319174,-0.21981657747106437,1.2591633047302777,-0.3070801941090227,-0.19621814613865227,0.9415829490307701,-0.4156175589970315,-0.20166150310667885,-0.4864967196604686,-0.21219372754742588,-0.2991983466782894,-0.6400035310637054,-0.14660958536878183,0.6743963935452368,-0.3318468896580935,-0.2931944802761775,-0.03167031776097681,-0.268264101878365,-0.3392400313681768,0.855943274340589,-0.03167031776097681,-0.03167031776097681
0.037174642744688256,0.022696608835422783,-0.423680786055815,-0.40938486552039405,0.559779440087498,0.019883301583053115,-0.5688650341299796,-0.34290113299620106,-0.8059694639746,1.0946405279645712,-0.2529147778628351,-0.22965760608731267,0.893419385394227,-0.3921188919620247,-0.07095947242679883,-0.11031946970293831,-0.38184998948033355,-0.6446726587031845,1.6935811330619999,-0.7124274490013944,-0.08989331499509892,-0.10060545457319174,-0.21981657747106437,1.2591633047302777,-0.3070801941090227,-0.19621814613865227,-1.0620413220411034,2.4060581136494816,-0.20166150310667885,-0.4864967196604686,-0.21219372754742588,-0.2991983466782894,1.5624913792865636,-0.14660958536878183,-1.482807455038566,-0.3318468896580935,-0.2931944802761775,-0.03167031776097681,-0.268264101878365,-0.3392400313681768,0.855943274340589,-0.03167031776097681,-0.03167031776097681
0.037174642744688256,0.022696608835422783,-0.044933540907388575,-0.1681835432370247,-0.837335968066861,-0.7433295822587509,-0.5688650341299796,-0.34290113299620106,-0.8059694639746,1.0946405279645712,-0.2529147778628351,-0.22965760608731267,-1.119295166803151,-0.3921188919620247,-0.07095947242679883,-0.11031946970293831,-0.38184998948033355,-0.6446726587031845,1.6935811330619999,-0.7124274490013944,-0.08989331499509892,-0.10060545457319174,-0.21981657747106437,1.2591633047302777,-0.3070801941090227,-0.19621814613865227,-1.0620413220411034,-0.4156175589970315,-0.20166150310667885,-0.4864967196604686,-0.21219372754742588,-0.2991983466782894,-0.6400035310637054,-0.14660958536878183,0.6743963935452368,-0.3318468896580935,-0.2931944802761775,-0.03167031776097681,-0.268264101878365,-0.3392400313681768,0.855943274340589,-0.03167031776097681,-0.03167031776097681
0.037174642744688256,0.022696608835422783,-0.12068298993707387,-0.6023459233470897,0.7460614945080791,-0.7433295822587509,-0.5688650341299796,-0.34290113299620106,-0.8059694639746,1.0946405279645712,-0.2529147778628351,-0.22965760608731267,0.893419385394227,-0.3921188919620247,-0.07095947242679883,-0.11031946970293831,2.618829455412367,-0.6446726587031845,-0.5904647734189133,-0.7124274490013944,-0.08989331499509892,-0.10060545457319174,-0.21981657747106437,-0.7941781627873975,3.256478337528241,-0.19621814613865227,-1.0620413220411034,-0.4156175589970315,-0.20166150310667885,-0.4864967196604686,-0.21219372754742588,3.3422644580160132,-0.6400035310637054,-0.14660958536878183,0.6743963935452368,-0.3318468896580935,-0.2931944802761775,-0.03167031776097681,-0.268264101878365,-0.3392400313681768,0.855943274340589,-0.03167031776097681,-0.03167031776097681
0.037174642744688256,0.022696608835422783,-0.27218188799644444,-0.31290433660704664,0.46663841287720736,0.4014897435039551,-0.5688650341299796,-0.34290113299620106,-0.8059694639746,-0.9135419112057267,-0.2529147778628351,-0.22965760608731267,0.893419385394227,-0.3921188919620247,-0.07095947242679883,-0.11031946970293831,-0.38184998948033355,-0.6446726587031845,1.6935811330619999,-0.7124274490013944,-0.08989331499509892,-0.10060545457319174,-0.21981657747106437,1.2591633047302777,-0.3070801941090227,-0.19621814613865227,0.9415829490307701,-0.4156175589970315,-0.20166150310667885,-0.4864967196604686,-0.21219372754742588,-0.2991983466782894,-0.6400035310637054,-0.14660958536878183,0.6743963935452368,-0.3318468896580935,-0.2931944802761775,-0.03167031776097681,-0.268264101878365,-0.3392400313681768,0.855943274340589,-0.03167031776097681,-0.03167031776097681
0.06721840706026572,0.05393966485990807,-0.19643243896675913,-0.2646640721503725,0.8392025217183697,-0.7433295822587509,-0.5688650341299796,-0.34290113299620106,-0.8059694639746,-0.9135419112057267,-0.2529147778628351,-0.22965760608731267,0.893419385394227,-0.3921188919620247,-0.07095947242679883,-0.11031946970293831,-0.38184998948033355,-0.6446726587031845,1.6935811330619999,-0.7124274490013944,-0.08989331499509892,-0.10060545457319174,-0.21981657747106437,1.2591633047302777,-0.3070801941090227,-0.19621814613865227,0.9415829490307701,-0.4156175589970315,-0.20166150310667885,-0.4864967196604686,-0.21219372754742588,-0.2991983466782894,1.5624913792865636,-0.14660958536878183,-1.482807455038566,-0.3318468896580935,-0.2931944802761775,-0.03167031776097681,-0.268264101878365,-0.3392400313681768,0.855943274340589,-0.03167031776097681,-0.03167031776097681
0.06721840706026572,0.05393966485990807,-0.3479313370261297,-0.02346274986700317,0.559779440087498,-0.7433295822587509,-0.5688650341299796,-0.34290113299620106,-0.8059694639746,1.0946405279645712,-0.2529147778628351,-0.22965760608731267,0.893419385394227,-0.3921188919620247,-0.07095947242679883,-0.11031946970293831,-0.38184998948033355,-0.6446726587031845,1.6935811330619999,-0.7124274490013944,-0.08989331499509892,-0.10060545457319174,-0.21981657747106437,1.2591633047302777,-0.3070801941090227,-0.19621814613865227,-1.0620413220411034,-0.4156175589970315,-0.20166150310667885,-0.4864967196604686,-0.21219372754742588,-0.2991983466782894,1.5624913792865636,-0.14660958536878183,-1.482807455038566,-0.3318468896580935,-0.2931944802761775,-0.03167031776097681,-0.268264101878365,-0.3392400313681768,0.855943274340589,-0.03167031776097681,-0.03167031776097681
0.09726217137584318,0.08518272088439335,-0.12068298993707387,-0.2646640721503725,0.7460614945080791,-0.7433295822587509,-0.5688650341299796,-0.34290113299620106,-0.8059694639746,1.0946405279645712,-0.2529147778628351,-0.22965760608731267,0.893419385394227,-0.3921188919620247,-0.07095947242679883,-0.11031946970293831,-0.38184998948033355,-0.6446726587031845,1.6935811330619999,-0.7124274490013944,-0.08989331499509892,-0.10060545457319174,-0.21981657747106437,1.2591633047302777,-0.3070801941090227,-0.19621814613865227,-1.0620413220411034,-0.4156175589970315,-0.20166150310667885,-0.4864967196604686,-0.21219372754742588,-0.2991983466782894,-0.6400035310637054,-0.14660958536878183,0.6743963935452368,-0.3318468896580935,-0.2931944802761775,-0.03167031776097681,-0.268264101878365,-0.3392400313681768,0.855943274340589,-0.03167031776097681,-0.03167031776097681
0.09726217137584318,0.08518272088439335,-0.19643243896675913,-0.891787510087133,0.3734973856669168,0.019883301583053115,-0.5688650341299796,-0.34290113299620106,-0.8059694639746,-0.9135419112057267,-0.2529147778628351,-0.22965760608731267,-1.119295166803151,-0.3921188919620247,-0.07095947242679883,-0.11031946970293831,-0.38184998948033355,-0.6446726587031845,1.6935811330619999,-0.7124274490013944,-0.08989331499509892,-0.10060545457319174,-0.21981657747106437,1.2591633047302777,-0.3070801941090227,-0.19621814613865227,0.9415829490307701,-0.4156175589970315,-0.20166150310667885,-0.4864967196604686,-0.21219372754742588,-0.2991983466782894,-0.6400035310637054,-0.14660958536878183,0.6743963935452368,-0.3318468896580935,-0.2931944802761775,-0.03167031776097681,-0.268264101878365,-0.3392400313681768,0.855943274340589,-0.03167031776097681,-0.03167031776097681
0.09726217137584318,0.08518272088439335,-0.3479313370261297,-1.0365083034571545,0.559779440087498,-0.7433295822587509,-0.5688650341299796,-0.34290113299620106,-0.8059694639746,-0.9135419112057267,-0.2529147778628351,-0.22965760608731267,0.893419385394227,-0.3921188919620247,-0.07095947242679883,-0.11031946970293831,-0.38184998948033355,-0.6446726587031845,1.6935811330619999,-0.7124274490013944,-0.08989331499509892,-0.10060545457319174,-0.21981657747106437,1.2591633047302777,-0.3070801941090227,-0.19621814613865227,0.9415829490307701,-0.4156175589970315,-0.20166150310667885,-0.4864967196604686,-0.21219372754742588,-0.2991983466782894,1.5624913792865636,-0.14660958536878183,-1.482807455038566,-0.3318468896580935,-0.2931944802761775,-0.03167031776097681,-0.268264101878365,-0.3392400313681768,0.855943274340589,-0.03167031776097681,-0.03167031776097681
0.13106140623086773,0.11642577690887863,-0.19643243896675913,-0.6505861878037636,1.1186256033492414,0.4014897435039551,-0.5688650341299796,-0.34290113299620106,-0.8059694639746,-0.9135419112057267,-0.2529147778628351,-0.22965760608731267,-1.119295166803151,-0.3921188919620247,-0.07095947242679883,-0.11031946970293831,-0.38184998948033355,-0.6446726587031845,1.6935811330619999,-0.7124274490013944,-0.08989331499509892,-0.10060545457319174,-0.21981657747106437,1.2591633047302777,-0.3070801941090227,-0.19621814613865227,0.9415829490307701,-0.4156175589970315,-0.20166150310667885,-0.4864967196604686,-0.21219372754742588,-0.2991983466782894,1.5624913792865636,-0.14660958536878183,-1.482807455038566,-0.3318468896580935,3.4107054097950273,-0.03167031776097681,-0.268264101878365,-0.3392400313681768,-1.1683017204269652,-0.03167031776097681,-0.03167031776097681
0.13106140623086773,0.11642577690887863,-0.5751796841151856,-0.891787510087133,-1.3030411041183139,-0.7433295822587509,-0.5688650341299796,-0.34290113299620106,-0.8059694639746,-0.9135419112057267,-0.2529147778628351,-0.22965760608731267,0.893419385394227,-0.3921188919620247,-0.07095947242679883,-0.11031946970293831,-0.38184998948033355,-0.6446726587031845,1.6935811330619999,-0.7124274490013944,-0.08989331499509892,-0.10060545457319174,-0.21981657747106437,1.2591633047302777,-0.3070801941090227,-0.19621814613865227,-1.0620413220411034,2.4060581136494816,-0.20166150310667885,-0.4864967196604686,-0.21219372754742588,-0.2991983466782894,1.5624913792865636,-0.14660958536878183,-1.482807455038566,-0.3318468896580935,3.4107054097950273,-0.03167031776097681,-0.268264101878365,-0.3392400313681768,-1.1683017204269652,-0.03167031776097681,-0.03167031776097681
0.13106140623086773,0.11642577690887863,-0.27218188799644444,-0.6505861878037636,-1.3030411041183139,-0.7433295822587509,-0.5688650341299796,-0.34290113299620106,-0.8059694639746,-0.9135419112057267,-0.2529147778628351,-0.22965760608731267,0.893419385394227,-0.3921188919620247,-0.07095947242679883,-0.11031946970293831,-0.38184998948033355,-0.6446726587031845,1.6935811330619999,-0.7124274490013944,-0.08989331499509892,-0.10060545457319174,-0.21981657747106437,1.2591633047302777,-0.3070801941090227,-0.19621814613865227,-1.0620413220411034,2.4060581136494816,-0.20166150310667885,-0.4864967196604686,-0.21219372754742588,3.3422644580160132,-0.6400035310637054,-0.14660958536878183,0.6743963935452368,-0.3318468896580935,3.4107054097950273,-0.03167031776097681,-0.268264101878365,-0.3392400313681768,-1.1683017204269652,-0.03167031776097681,-0.03167031776097681
0.13106140623086773,0.11642577690887863,-0.27218188799644444,-1.2294693612838499,0.3734973856669168,-0.7433295822587509,-0.5688650341299796,-0.34290113299620106,-0.8059694639746,-0.9135419112057267,-0.2529147778628351,-0.22965760608731267,-1.119295166803151,-0.3921188919620247,-0.07095947242679883,-0.11031946970293831,-0.38184998948033355,-0.6446726587031845,1.6935811330619999,-0.7124274490013944,-0.08989331499509892,-0.10060545457319174,-0.21981657747106437,1.2591633047302777,-0.3070801941090227,-0.19621814613865227,-1.0620413220411034,-0.4156175589970315,-0.20166150310667885,-0.4864967196604686,-0.21219372754742588,-0.2991983466782894,-0.6400035310637054,-0.14660958536878183,0.6743963935452368,-0.3318468896580935,3.4107054097950273,-0.03167031776097681,-0.268264101878365,-0.3392400313681768,-1.1683017204269652,-0.03167031776097681,-0.03167031776097681
0.13106140623086773,0.11642577690887863,-0.423680786055815,-0.45762512997706817,-0.3716308320154079,-0.7433295822587509,-0.5688650341299796,-0.34290113299620106,-0.8059694639746,1.0946405279645712,-0.2529147778628351,-0.22965760608731267,0.893419385394227,-0.3921188919620247,-0.07095947242679883,-0.11031946970293831,-0.38184998948033355,-0.6446726587031845,1.6935811330619999,-0.7124274490013944,-0.08989331499509892,-0.10060545457319174,-0.21981657747106437,1.2591633047302777,-0.3070801941090227,-0.19621814613865227,-1.0620413220411034,-0.4156175589970315,-0.20166150310667885,-0.4864967196604686,-0.21219372754742588,-0.2991983466782894,-0.6400035310637054,-0.14660958536878183,0.6743963935452368,-0.3318468896580935,3.4107054097950273,-0.03167031776097681,-0.268264101878365,-0.3392400313681768,-1.1683017204269652,-0.03167031776097681,-0.03167031776097681
0.13106140623086773,0.11642577690887863,-0.12068298993707387,-0.1681835432370247,1.4911897121904039,-0.7433295822587509,-0.5688650341299796,-0.34290113299620106,-0.8059694639746,1.0946405279645712,-0.2529147778628351,-0.22965760608731267,0.893419385394227,-0.3921188919620247,-0.07095947242679883,-0.11031946970293831,-0.38184998948033355,-0.6446726587031845,1.6935811330619999,-0.7124274490013944,-0.08989331499509892,-0.10060545457319174,-0.21981657747106437,1.2591633047302777,-0.3070801941090227,-0.19621814613865227,0.9415829490307701,-0.4156175589970315,-0.20166150310667885,-0.4864967196604686,-0.21219372754742588,-0.2991983466782894,-0.6400035310637054,-0.14660958536878183,0.6743963935452368,-0.3318468896580935,3.4107054097950273,-0.03167031776097681,-0.268264101878365,-0.3392400313681768,-1.1683017204269652,-0.03167031776097681,-0.03167031776097681
0.13106140623086773,0.11642577690887863,-0.423680786055815,-0.843547245630459,1.3049076577698226,-0.7433295822587509,-0.5688650341299796,2.9162924930057867,-0.8059694639746,1.0946405279645712,-0.2529147778628351,-0.22965760608731267,-1.119295166803151,-0.3921188919620247,-0.07095947242679883,-0.11031946970293831,-0.38184998948033355,-0.6446726587031845,1.6935811330619999,-0.7124274490013944,-0.08989331499509892,-0.10060545457319174,-0.21981657747106437,1.2591633047302777,-0.3070801941090227,-0.19621814613865227,0.9415829490307701,-0.4156175589970315,-0.20166150310667885,-0.4864967196604686,-0.21219372754742588,-0.2991983466782894,-0.6400035310637054,-0.14660958536878183,0.6743963935452368,-0.3318468896580935,3.4107054097950273,-0.03167031776097681,-0.268264101878365,-0.3392400313681768,-1.1683017204269652,-0.03167031776097681,-0.03167031776097681
0.13106140623086773,0.11642577690887863,-0.19643243896675913,-0.554105658890416,-0.5579128864359891,0.019883301583053115,-0.5688650341299796,2.9162924930057867,-0.8059694639746,-0.9135419112057267,-0.2529147778628351,-0.22965760608731267,-1.119295166803151,-0.3921188919620247,-0.07095947242679883,-0.11031946970293831,-0.38184998948033355,-0.6446726587031845,1.6935811330619999,-0.7124274490013944,-0.08989331499509892,-0.10060545457319174,-0.21981657747106437,1.2591633047302777,-0.3070801941090227,-0.19621814613865227,0.9415829490307701,-0.4156175589970315,-0.20166150310667885,-0.4864967196604686,-0.21219372754742588,-0.2991983466782894,-0.6400035310637054,-0.14660958536878183,0.6743963935452368,-0.3318468896580935,3.4107054097950273,-0.03167031776097681,-0.268264101878365,-0.3392400313681768,-1.1683017204269652,-0.03167031776097681,-0.03167031776097681
0.1611051705464452,0.1476688329333639,-0.8024280312042414,-1.3741901546538717,0.559779440087498,0.019883301583053115,-0.5688650341299796,2.9162924930057867,-0.8059694639746,-0.9135419112057267,-0.2529147778628351,-0.22965760608731267,0.893419385394227,-0.3921188919620247,-0.07095947242679883,-0.11031946970293831,-0.38184998948033355,-0.6446726587031845,1.6935811330619999,-0.7124274490013944,-0.08989331499509892,-0.10060545457319174,-0.21981657747106437,1.2591633047302777,-0.3070801941090227,-0.19621814613865227,0.9415829490307701,-0.4156175589970315,-0.20166150310667885,-0.4864967196604686,-0.21219372754742588,-0.2991983466782894,-0.6400035310637054,-0.14660958536878183,0.6743963935452368,-0.3318468896580935,3.4107054097950273,-0.03167031776097681,-0.268264101878365,-0.3392400313681768,-1.1683017204269652,-0.03167031776097681,-0.03167031776097681
0.1611051705464452,0.1476688329333639,-0.3479313370261297,-1.0365083034571545,0.000933276825754426,-0.7433295822587509,-0.5688650341299796,2.9162924930057867,-0.8059694639746,-0.9135419112057267,-0.2529147778628351,-0.22965760608731267,-1.119295166803151,-0.3921188919620247,-0.07095947242679883,-0.11031946970293831,-0.38184998948033355,-0.6446726587031845,1.6935811330619999,-0.7124274490013944,-0.08989331499509892,-0.10060545457319174,-0.21981657747106437,1.2591633047302777,-0.3070801941090227,-0.19621814613865227,0.9415829490307701,-0.4156175589970315,-0.20166150310667885,-0.4864967196604686,-0.21219372754742588,-0.2991983466782894,1.5624913792865636,-0.14660958536878183,-1.482807455038566,-0.3318468896580935,3.4107054097950273,-0.03167031776097681,-0.268264101878365,-0.3392400313681768,-1.1683017204269652,-0.03167031776097681,-0.03167031776097681
0.19114893486202267,0.17891188895784918,-0.4994302350855003,-0.891787510087133,0.2803563584566262,-0.7433295822587509,-0.5688650341299796,2.9162924930057867,-0.8059694639746,-0.9135419112057267,-0.2529147778628351,-0.22965760608731267,0.893419385394227,-0.3921188919620247,-0.07095947242679883,-0.11031946970293831,-0.38184998948033355,-0.6446726587031845,1.6935811330619999,-0.7124274490013944,-0.08989331499509892,-0.10060545457319174,-0.21981657747106437,1.2591633047302777,-0.3070801941090227,-0.19621814613865227,0.9415829490307701,-0.4156175589970315,-0.20166150310667885,-0.4864967196604686,-0.21219372754742588,-0.2991983466782894,1.5624913792865636,-0.14660958536878183,-1.482807455038566,-0.3318468896580935,3.4107054097950273,-0.03167031776097681,-0.268264101878365,-0.3392400313681768,-1.1683017204269652,-0.03167031776097681,-0.03167031776097681
0.19114893486202267,0.17891188895784918,-0.423680786055815,-0.36114460106372037,-1.3030411041183139,-0.7433295822587509,-0.5688650341299796,2.9162924930057867,-0.8059694639746,1.0946405279645712,-0.2529147778628351,-0.22965760608731267,-1.119295166803151,-0.3921188919620247,-0.07095947242679883,-0.11031946970293831,-0.38184998948033355,-0.6446726587031845,1.6935811330619999,-0.7124274490013944,-0.08989331499509892,-0.10060545457319174,-0.21981657747106437,1.2591633047302777,-0.3070801941090227,-0.19621814613865227,0.9415829490307701,-0.4156175589970315,-0.20166150310667885,-0.4864967196604686,-0.21219372754742588,-0.2991983466782894,-0.6400035310637054,-0.14660958536878183,0.6743963935452368,-0.3318468896580935,3.4107054097950273,-0.03167031776097681,-0.268264101878365,-0.3392400313681768,-1.1683017204269652,-0.03167031776097681,-0.03167031776097681
0.19114893486202267,0.17891188895784918,-0.3479313370261297,-1.1329888323705024,-0.6510539136462797,-0.7433295822587509,-0.5688650341299796,2.9162924930057867,-0.8059694639746,-0.9135419112057267,-0.2529147778628351,-0.22965760608731267,0.893419385394227,-0.3921188919620247,-0.07095947242679883,-0.11031946970293831,-0.38184998948033355,-0.6446726587031845,1.6935811330619999,-0.7124274490013944,-0.08989331499509892,-0.10060545457319174,-0.21981657747106437,1.2591633047302777,-0.3070801941090227,-0.19621814613865227,0.9415829490307701,-0.4156175589970315,-0.20166150310667885,-0.4864967196604686,-0.21219372754742588,3.3422644580160132,1.5624913792865636,-0.14660958536878183,-1.482807455038566,-0.3318468896580935,3.4107054097950273,-0.03167031776097681,-0.268264101878365,-0.3392400313681768,-1.1683017204269652,-0.03167031776097681,-0.03167031776097681
0.22494816971704723,0.21015494498233447,-0.27218188799644444,-0.45762512997706817,0.000933276825754426,0.4014897435039551,-0.5688650341299796,2.9162924930057867,-0.8059694639746,1.0946405279645712,-0.2529147778628351,-0.22965760608731267,0.893419385394227,-0.3921188919620247,-0.07095947242679883,-0.11031946970293831,-0.38184998948033355,-0.6446726587031845,-0.5904647734189133,-0.7124274490013944,-0.08989331499509892,-0.10060545457319174,-0.21981657747106437,1.2591633047302777,-0.3070801941090227,-0.19621814613865227,-1.0620413220411034,-0.4156175589970315,-0.20166150310667885,-0.4864967196604686,-0.21219372754742588,-0.2991983466782894,-0.6400035310637054,-0.14660958536878183,0.6743963935452368,-0.3318468896580935,3.4107054097950273,-0.03167031776097681,-0.268264101878365,-0.3392400313681768,-1.1683017204269652,-0.03167031776097681,-0.03167031776097681
0.22494816971704723,0.21015494498233447,-0.19643243896675913,-0.554105658890416,0.3734973856669168,0.4014897435039551,-0.5688650341299796,-0.34290113299620106,-0.8059694639746,-0.9135419112057267,-0.2529147778628351,-0.22965760608731267,-1.119295166803151,-0.3921188919620247,-0.07095947242679883,-0.11031946970293831,-0.38184998948033355,-0.6446726587031845,1.6935811330619999,-0.7124274490013944,-0.08989331499509892,-0.10060545457319174,-0.21981657747106437,1.2591633047302777,-0.3070801941090227,-0.19621814613865227,0.9415829490307701,-0.4156175589970315,-0.20166150310667885,-0.4864967196604686,-0.21219372754742588,-0.2991983466782894,-0.6400035310637054,-0.14660958536878183,0.6743963935452368,-0.3318468896580935,3.4107054097950273,-0.03167031776097681,-0.268264101878365,-0.3392400313681768,-1.1683017204269652,-0.03167031776097681,-0.03167031776097681
0.25499193403262466,0.24139800100681977,-0.12068298993707387,-0.02346274986700317,-0.5579128864359891,-0.7433295822587509,-0.5688650341299796,-0.34290113299620106,-0.8059694639746,1.0946405279645712,-0.2529147778628351,-0.22965760608731267,0.893419385394227,-0.3921188919620247,-0.07095947242679883,-0.11031946970293831,-0.38184998948033355,-0.6446726587031845,1.6935811330619999,-0.7124274490013944,-0.08989331499509892,-0.10060545457319174,-0.21981657747106437,1.2591633047302777,-0.3070801941090227,-0.19621814613865227,-1.0620413220411034,2.4060581136494816,-0.20166150310667885,-0.4864967196604686,-0.21219372754742588,-0.2991983466782894,1.5624913792865636,-0.14660958536878183,-1.482807455038566,-0.3318468896580935,3.4107054097950273,-0.03167031776097681,-0.268264101878365,-0.3392400313681768,-1.1683017204269652,-0.03167031776097681,-0.03167031776097681
0.28503569834820214,0.27264105703130503,-0.12068298993707387,-0.40938486552039405,0.3734973856669168,-0.7433295822587509,-0.5688650341299796,-0.34290113299620106,-0.8059694639746,1.0946405279645712,-0.2529147778628351,-0.22965760608731267,-1.119295166803151,-0.3921188919620247,-0.07095947242679883,-0.11031946970293831,-0.38184998948033355,-0.6446726587031845,-0.5904647734189133,-0.7124274490013944,-0.08989331499509892,-0.10060545457319174,-0.21981657747106437,1.2591633047302777,-0.3070801941090227,-0.19621814613865227,0.9415829490307701,-0.4156175589970315,-0.20166150310667885,-0.4864967196604686,-0.21219372754742588,-0.2991983466782894,-0.6400035310637054,-0.14660958536878183,0.6743963935452368,-0.3318468896580935,3.4107054097950273,-0.03167031776097681,-0.268264101878365,-0.3392400313681768,-1.1683017204269652,-0.03167031776097681,-0.03167031776097681
0.3188349332032267,0.30388411305579033,-0.19643243896675913,0.12125804350301836,-1.023618022487442,-0.7433295822587509,-0.5688650341299796,-0.34290113299620106,-0.8059694639746,1.0946405279645712,-0.2529147778628351,-0.22965760608731267,0.893419385394227,-0.3921188919620247,-0.07095947242679883,-0.11031946970293831,-0.38184998948033355,-0.6446726587031845,1.6935811330619999,-0.7124274490013944,-0.08989331499509892,-0.10060545457319174,-0.21981657747106437,1.2591633047302777,-0.3070801941090227,-0.19621814613865227,0.9415829490307701,-0.4156175589970315,-0.20166150310667885,-0.4864967196604686,-0.21219372754742588,-0.2991983466782894,-0.6400035310637054,-0.14660958536878183,0.6743963935452368,-0.3318468896580935,3.4107054097950273,-0.03167031776097681,-0.268264101878365,-0.3392400313681768,-1.1683017204269652,-0.03167031776097681,-0.03167031776097681
0.3188349332032267,0.30388411305579033,-0.044933540907388575,-0.45762512997706817,0.09407430403604503,-0.7433295822587509,-0.5688650341299796,-0.34290113299620106,-0.8059694639746,1.0946405279645712,-0.2529147778628351,-0.22965760608731267,-1.119295166803151,-0.3921188919620247,-0.07095947242679883,-0.11031946970293831,-0.38184998948033355,-0.6446726587031845,1.6935811330619999,-0.7124274490013944,-0.08989331499509892,-0.10060545457319174,-0.21981657747106437,1.2591633047302777,-0.3070801941090227,-0.19621814613865227,0.9415829490307701,-0.4156175589970315,-0.20166150310667885,-0.4864967196604686,-0.21219372754742588,-0.2991983466782894,1.5624913792865636,-0.14660958536878183,-1.482807455038566,-0.3318468896580935,3.4107054097950273,-0.03167031776097681,-0.268264101878365,-0.3392400313681768,-1.1683017204269652,-0.03167031776097681,-0.03167031776097681
0.3188349332032267,0.30388411305579033,-0.423680786055815,-0.07170301432367729,1.3049076577698226,-0.7433295822587509,-0.5688650341299796,-0.34290113299620106,-0.8059694639746,1.0946405279645712,-0.2529147778628351,-0.22965760608731267,0.893419385394227,-0.3921188919620247,-0.07095947242679883,-0.11031946970293831,-0.38184998948033355,-0.6446726587031845,1.6935811330619999,-0.7124274490013944,-0.08989331499509892,-0.10060545457319174,-0.21981657747106437,1.2591633047302777,-0.3070801941090227,-0.19621814613865227,-1.0620413220411034,2.4060581136494816,-0.20166150310667885,-0.4864967196604686,-0.21219372754742588,-0.2991983466782894,1.5624913792865636,-0.14660958536878183,-1.482807455038566,-0.3318468896580935,3.4107054097950273,-0.03167031776097681,-0.268264101878365,-0.3392400313681768,-1.1683017204269652,-0.03167031776097681,-0.03167031776097681
0.3188349332032267,0.30388411305579033,-0.3479313370261297,0.02477751458967053,1.3049076577698226,-0.3617231403378489,-0.5688650341299796,-0.34290113299620106,-0.8059694639746,1.0946405279645712,-0.2529147778628351,-0.22965760608731267,0.893419385394227,-0.3921188919620247,-0.07095947242679883,-0.11031946970293831,2.618829455412367,-0.6446726587031845,-0.5904647734189133,-0.7124274490013944,-0.08989331499509892,-0.10060545457319174,-0.21981657747106437,-0.7941781627873975,3.256478337528241,-0.19621814613865227,0.9415829490307701,-0.4156175589970315,-0.20166150310667885,-0.4864967196604686,-0.21219372754742588,-0.2991983466782894,-0.6400035310637054,-0.14660958536878183,0.6743963935452368,-0.3318468896580935,3.4107054097950273,-0.03167031776097681,-0.268264101878365,-0.3392400313681768,-1.1683017204269652,-0.03167031776097681,-0.03167031776097681
0.3488786975188042,0.3351271690802756,-0.19643243896675913,-0.40938486552039405,1.4911897121904039,-0.3617231403378489,-0.5688650341299796,-0.34290113299620106,-0.8059694639746,1.0946405279645712,-0.2529147778628351,-0.22965760608731267,-1.119295166803151,-0.3921188919620247,-0.07095947242679883,-0.11031946970293831,-0.38184998948033355,-0.6446726587031845,1.6935811330619999,-0.7124274490013944,-0.08989331499509892,-0.10060545457319174,-0.21981657747106437,1.2591633047302777,-0.3070801941090227,-0.19621814613865227,-1.0620413220411034,-0.4156175589970315,-0.20166150310667885,-0.4864967196604686,-0.21219372754742588,-0.2991983466782894,1.5624913792865636,-0.14660958536878183,-1.482807455038566,-0.3318468896580935,3.4107054097950273,-0.03167031776097681,-0.268264101878365,-0.3392400313681768,-1.1683017204269652,-0.03167031776097681,-0.03167031776097681
0.3488786975188042,0.3351271690802756,-0.27218188799644444,-0.40938486552039405,-0.4647718592256985,-0.7433295822587509,-0.5688650341299796,-0.34290113299620106,-0.8059694639746,-0.9135419112057267,-0.2529147778628351,-0.22965760608731267,0.893419385394227,-0.3921188919620247,-0.07095947242679883,-0.11031946970293831,-0.38184998948033355,-0.6446726587031845,-0.5904647734189133,-0.7124274490013944,-0.08989331499509892,-0.10060545457319174,-0.21981657747106437,-0.7941781627873975,-0.3070801941090227,-0.19621814613865227,-1.0620413220411034,-0.4156175589970315,-0.20166150310667885,-0.4864967196604686,-0.21219372754742588,-0.2991983466782894,1.5624913792865636,-0.14660958536878183,-1.482807455038566,-0.3318468896580935,-0.2931944802761775,-0.03167031776097681,-0.268264101878365,-0.3392400313681768,0.855943274340589,-0.03167031776097681,-0.03167031776097681
0.3488786975188042,0.3351271690802756,-0.27218188799644444,-0.9882680390004805,0.1872153312463356,-0.3617231403378489,-0.5688650341299796,-0.34290113299620106,-0.8059694639746,-0.9135419112057267,-0.2529147778628351,-0.22965760608731267,0.893419385394227,-0.3921188919620247,-0.07095947242679883,-0.11031946970293831,-0.38184998948033355,-0.6446726587031845,1.6935811330619999,-0.7124274490013944,-0.08989331499509892,-0.10060545457319174,-0.21981657747106437,1.2591633047302777,-0.3070801941090227,-0.19621814613865227,-1.0620413220411034,-0.4156175589970315,-0.20166150310667885,-0.4864967196604686,-0.21219372754742588,3.3422644580160132,-0.6400035310637054,-0.14660958536878183,0.6743963935452368,-0.3318468896580935,-0.2931944802761775,-0.03167031776097681,-0.268264101878365,-0.3392400313681768,0.855943274340589,-0.03167031776097681,-0.03167031776097681
0.3488786975188042,0.3351271690802756,-0.8024280312042414,-1.0365083034571545,-1.3030411041183139,-0.3617231403378489,-0.5688650341299796,-0.34290113299620106,-0.8059694639746,-0.9135419112057267,-0.2529147778628351,-0.22965760608731267,0.893419385394227,-0.3921188919620247,-0.07095947242679883,-0.11031946970293831,-0.38184998948033355,-0.6446726587031845,1.6935811330619999,-0.7124274490013944,-0.08989331499509892,-0.10060545457319174,-0.21981657747106437,1.2591633047302777,-0.3070801941090227,-0.19621814613865227,0.9415829490307701,-0.4156175589970315,-0.20166150310667885,-0.4864967196604686,-0.21219372754742588,-0.2991983466782894,-0.6400035310637054,-0.14660958536878183,0.6743963935452368,-0.3318468896580935,-0.2931944802761775,-0.03167031776097681,-0.268264101878365,-0.3392400313681768,0.855943274340589,-0.03167031776097681,-0.03167031776097681
0.41272169668940617,0.39761328112924615,-0.19643243896675913,-0.21642380769369882,-1.023618022487442,0.019883301583053115,-0.5688650341299796,-0.34290113299620106,-0.8059694639746,-0.9135419112057267,-0.2529147778628351,-0.22965760608731267,0.893419385394227,-0.3921188919620247,-0.07095947242679883,-0.11031946970293831,-0.38184998948033355,-0.6446726587031845,1.6935811330619999,-0.7124274490013944,-0.08989331499509892,-0.10060545457319174,-0.21981657747106437,1.2591633047302777,-0.3070801941090227,-0.19621814613865227,-1.0620413220411034,2.4060581136494816,-0.20166150310667885,-0.4864967196604686,-0.21219372754742588,-0.2991983466782894,-0.6400035310637054,-0.14660958536878183,0.6743963935452368,-0.3318468896580935,-0.2931944802761775,-0.03167031776097681,-0.268264101878365,-0.3392400313681768,0.855943274340589,-0.03167031776097681,-0.03167031776097681
0.41272169668940617,0.39761328112924615,-0.27218188799644444,-0.45762512997706817,0.2803563584566262,-1.1249360241796529,-0.5688650341299796,-0.34290113299620106,-0.8059694639746,1.0946405279645712,-0.2529147778628351,-0.22965760608731267,-1.119295166803151,-0.3921188919620247,-0.07095947242679883,-0.11031946970293831,-0.38184998948033355,-0.6446726587031845,1.6935811330619999,-0.7124274490013944,11.124297730643493,-0.10060545457319174,-0.21981657747106437,-0.7941781627873975,-0.3070801941090227,-0.19621814613865227,-1.0620413220411034,2.4060581136494816,-0.20166150310667885,-0.4864967196604686,-0.21219372754742588,-0.2991983466782894,1.5624913792865636,-0.14660958536878183,-1.482807455038566,-0.3318468896580935,-0.2931944802761775,-0.03167031776097681,-0.268264101878365,-0.3392400313681768,0.855943274340589,-0.03167031776097681,-0.03167031776097681
0.41272169668940617,0.39761328112924615,-0.044933540907388575,-0.6505861878037636,0.559779440087498,-1.1249360241796529,-0.5688650341299796,-0.34290113299620106,-0.8059694639746,1.0946405279645712,-0.2529147778628351,-0.22965760608731267,0.893419385394227,-0.3921188919620247,-0.07095947242679883,-0.11031946970293831,-0.38184998948033355,-0.6446726587031845,1.6935811330619999,-0.7124274490013944,-0.08989331499509892,-0.10060545457319174,-0.21981657747106437,1.2591633047302777,-0.3070801941090227,-0.19621814613865227,-1.0620413220411034,-0.4156175589970315,-0.20166150310667885,-0.4864967196604686,-0.21219372754742588,-0.2991983466782894,-0.6400035310637054,-0.14660958536878183,0.6743963935452368,-0.3318468896580935,-0.2931944802761775,-0.03167031776097681,-0.268264101878365,-0.3392400313681768,0.855943274340589,-0.03167031776097681,-0.03167031776097681
0.41272169668940617,0.39761328112924615,-0.423680786055815,-0.2646640721503725,0.559779440087498,0.019883301583053115,-0.5688650341299796,-0.34290113299620106,-0.8059694639746,-0.9135419112057267,-0.2529147778628351,-0.22965760608731267,0.893419385394227,-0.3921188919620247,-0.07095947242679883,-0.11031946970293831,-0.38184998948033355,-0.6446726587031845,1.6935811330619999,-0.7124274490013944,-0.08989331499509892,-0.10060545457319174,-0.21981657747106437,1.2591633047302777,-0.3070801941090227,-0.19621814613865227,-1.0620413220411034,-0.4156175589970315,-0.20166150310667885,-0.4864967196604686,-0.21219372754742588,-0.2991983466782894,1.5624913792865636,-0.14660958536878183,-1.482807455038566,-0.3318468896580935,-0.2931944802761775,-0.03167031776097681,-0.268264101878365,-0.3392400313681768,0.855943274340589,-0.03167031776097681,-0.03167031776097681
0.44276546100498365,0.42885633715373145,-0.423680786055815,-0.21642380769369882,0.9323435489286603,0.4014897435039551,-0.5688650341299796,-0.34290113299620106,-0.8059694639746,1.0946405279645712,-0.2529147778628351,-0.22965760608731267,-1.119295166803151,-0.3921188919620247,-0.07095947242679883,-0.11031946970293831,-0.38184998948033355,-0.6446726587031845,1.6935811330619999,-0.7124274490013944,-0.08989331499509892,-0.10060545457319174,-0.21981657747106437,1.2591633047302777,-0.3070801941090227,-0.19621814613865227,0.9415829490307701,-0.4156175589970315,-0.20166150310667885,-0.4864967196604686,-0.21219372754742588,-0.2991983466782894,-0.6400035310637054,-0.14660958536878183,0.6743963935452368,-0.3318468896580935,-0.2931944802761775,-0.03167031776097681,-0.268264101878365,-0.3392400313681768,0.855943274340589,-0.03167031776097681,-0.03167031776097681
0.44276546100498365,0.42885633715373145,-0.423680786055815,-0.7953069811737852,0.2803563584566262,-1.1249360241796529,-0.5688650341299796,-0.34290113299620106,-0.8059694639746,-0.9135419112057267,-0.2529147778628351,-0.22965760608731267,-1.119295166803151,-0.3921188919620247,-0.07095947242679883,-0.11031946970293831,-0.38184998948033355,-0.6446726587031845,1.6935811330619999,-0.7124274490013944,-0.08989331499509892,-0.10060545457319174,-0.21981657747106437,1.2591633047302777,-0.3070801941090227,-0.19621814613865227,-1.0620413220411034,2.4060581136494816,-0.20166150310667885,-0.4864967196604686,-0.21219372754742588,-0.2991983466782894,1.5624913792865636,-0.14660958536878183,-1.482807455038566,3.013437917198243,-0.2931944802761775,-0.03167031776097681,-0.268264101878365,-0.3392400313681768,-1.1683017204269652,-0.03167031776097681,-0.03167031776097681
0.4728092253205611,0.46009939317821674,-0.27218188799644444,-0.40938486552039405,-0.6510539136462797,-0.7433295822587509,-0.5688650341299796,-0.34290113299620106,-0.8059694639746,1.0946405279645712,-0.2529147778628351,-0.22965760608731267,0.893419385394227,-0.3921188919620247,-0.07095947242679883,-0.11031946970293831,-0.38184998948033355,-0.6446726587031845,1.6935811330619999,-0.7124274490013944,-0.08989331499509892,-0.10060545457319174,4.5492474294011584,-0.7941781627873975,-0.3070801941090227,-0.19621814613865227,-1.0620413220411034,-0.4156175589970315,4.9588046533155135,-0.4864967196604686,-0.21219372754742588,-0.2991983466782894,-0.6400035310637054,-0.14660958536878183,0.6743963935452368,-0.3318468896580935,-0.2931944802761775,-0.03167031776097681,-0.268264101878365,-0.3392400313681768,0.855943274340589,-0.03167031776097681,-0.03167031776097681
0.4728092253205611,0.46009939317821674,-0.27218188799644444,-0.891787510087133,1.3980486849801133,0.019883301583053115,-0.5688650341299796,-0.34290113299620106,-0.8059694639746,-0.9135419112057267,-0.2529147778628351,-0.22965760608731267,0.893419385394227,-0.3921188919620247,-0.07095947242679883,-0.11031946970293831,-0.38184998948033355,-0.6446726587031845,1.6935811330619999,-0.7124274490013944,-0.08989331499509892,-0.10060545457319174,4.5492474294011584,-0.7941781627873975,-0.3070801941090227,-0.19621814613865227,-1.0620413220411034,-0.4156175589970315,4.9588046533155135,-0.4864967196604686,-0.21219372754742588,-0.2991983466782894,-0.6400035310637054,-0.14660958536878183,0.6743963935452368,-0.3318468896580935,-0.2931944802761775,-0.03167031776097681,-0.268264101878365,-0.3392400313681768,0.855943274340589,-0.03167031776097681,-0.03167031776097681
0.4728092253205611,0.46009939317821674,-0.044933540907388575,-0.7470667167171112,1.4911897121904039,0.019883301583053115,-0.5688650341299796,-0.34290113299620106,-0.8059694639746,1.0946405279645712,-0.2529147778628351,-0.22965760608731267,-1.119295166803151,-0.3921188919620247,-0.07095947242679883,-0.11031946970293831,-0.38184998948033355,-0.6446726587031845,1.6935811330619999,-0.7124274490013944,-0.08989331499509892,-0.10060545457319174,-0.21981657747106437,1.2591633047302777,-0.3070801941090227,-0.19621814613865227,0.9415829490307701,-0.4156175589970315,-0.20166150310667885,-0.4864967196604686,-0.21219372754742588,-0.2991983466782894,1.5624913792865636,-0.14660958536878183,-1.482807455038566,-0.3318468896580935,-0.2931944802761775,-0.03167031776097681,-0.268264101878365,-0.3392400313681768,0.855943274340589,-0.03167031776097681,-0.03167031776097681
0.5366522244911631,0.5225855052271873,-0.19643243896675913,-0.5058653944337419,0.09407430403604503,-1.1249360241796529,-0.5688650341299796,-0.34290113299620106,-0.8059694639746,1.0946405279645712,-0.2529147778628351,-0.22965760608731267,-1.119295166803151,-0.3921188919620247,-0.07095947242679883,-0.11031946970293831,-0.38184998948033355,-0.6446726587031845,1.6935811330619999,-0.7124274490013944,-0.08989331499509892,-0.10060545457319174,-0.21981657747106437,1.2591633047302777,-0.3070801941090227,-0.19621814613865227,0.9415829490307701,-0.4156175589970315,-0.20166150310667885,-0.4864967196604686,-0.21219372754742588,-0.2991983466782894,-0.6400035310637054,-0.14660958536878183,0.6743963935452368,-0.3318468896580935,-0.2931944802761775,-0.03167031776097681,-0.268264101878365,-0.3392400313681768,0.855943274340589,-0.03167031776097681,-0.03167031776097681
0.5366522244911631,0.5225855052271873,-0.27218188799644444,-0.7953069811737852,0.000933276825754426,0.019883301583053115,-0.5688650341299796,-0.34290113299620106,-0.8059694639746,-0.9135419112057267,3.9539010272556565,-0.22965760608731267,-1.119295166803151,-0.3921188919620247,-0.07095947242679883,-0.11031946970293831,-0.38184998948033355,-0.6446726587031845,1.6935811330619999,-0.7124274490013944,-0.08989331499509892,-0.10060545457319174,-0.21981657747106437,1.2591633047302777,-0.3070801941090227,-0.19621814613865227,-1.0620413220411034,-0.4156175589970315,-0.20166150310667885,-0.4864967196604686,-0.21219372754742588,-0.2991983466782894,-0.6400035310637054,-0.14660958536878183,0.6743963935452368,3.013437917198243,-0.2931944802761775,-0.03167031776097681,-0.268264101878365,-0.3392400313681768,-1.1683017204269652,-0.03167031776097681,-0.03167031776097681
0.5366522244911631,0.5225855052271873,-0.044933540907388575,-0.40938486552039405,0.09407430403604503,-1.1249360241796529,-0.5688650341299796,-0.34290113299620106,-0.8059694639746,-0.9135419112057267,3.9539010272556565,-0.22965760608731267,-1.119295166803151,-0.3921188919620247,-0.07095947242679883,-0.11031946970293831,-0.38184998948033355,-0.6446726587031845,1.6935811330619999,-0.7124274490013944,-0.08989331499509892,-0.10060545457319174,-0.21981657747106437,1.2591633047302777,-0.3070801941090227,-0.19621814613865227,-1.0620413220411034,-0.4156175589970315,-0.20166150310667885,-0.4864967196604686,-0.21219372754742588,-0.2991983466782894,-0.6400035310637054,-0.14660958536878183,0.6743963935452368,-0.3318468896580935,-0.2931944802761775,-0.03167031776097681,-0.268264101878365,-0.3392400313681768,0.855943274340589,-0.03167031776097681,-0.03167031776097681
0.5666959888067405,0.5538285612516726,-0.3479313370261297,-1.0365083034571545,0.6529204672977886,-1.1249360241796529,-0.5688650341299796,-0.34290113299620106,-0.8059694639746,-0.9135419112057267,3.9539010272556565,-0.22965760608731267,-1.119295166803151,-0.3921188919620247,-0.07095947242679883,-0.11031946970293831,-0.38184998948033355,-0.6446726587031845,1.6935811330619999,-0.7124274490013944,-0.08989331499509892,-0.10060545457319174,-0.21981657747106437,1.2591633047302777,-0.3070801941090227,-0.19621814613865227,-1.0620413220411034,2.4060581136494816,-0.20166150310667885,-0.4864967196604686,-0.21219372754742588,-0.2991983466782894,1.5624913792865636,-0.14660958536878183,-1.482807455038566,-0.3318468896580935,-0.2931944802761775,-0.03167031776097681,-0.268264101878365,-0.3392400313681768,0.855943274340589,-0.03167031776097681,-0.03167031776097681
0.6004952236617651,0.5850716172761579,-0.423680786055815,-0.2646640721503725,-1.023618022487442,0.019883301583053115,-0.5688650341299796,-0.34290113299620106,-0.8059694639746,-0.9135419112057267,3.9539010272556565,-0.22965760608731267,0.893419385394227,-0.3921188919620247,-0.07095947242679883,-0.11031946970293831,-0.38184998948033355,-0.6446726587031845,1.6935811330619999,-0.7124274490013944,-0.08989331499509892,-0.10060545457319174,-0.21981657747106437,1.2591633047302777,-0.3070801941090227,-0.19621814613865227,-1.0620413220411034,-0.4156175589970315,-0.20166150310667885,-0.4864967196604686,-0.21219372754742588,-0.2991983466782894,-0.6400035310637054,-0.14660958536878183,0.6743963935452368,-0.3318468896580935,-0.2931944802761775,-0.03167031776097681,-0.268264101878365,-0.3392400313681768,0.855943274340589,-0.03167031776097681,-0.03167031776097681
0.6305389879773426,0.6163146733006432,-0.3479313370261297,-0.36114460106372037,0.6529204672977886,0.4014897435039551,-0.5688650341299796,-0.34290113299620106,-0.8059694639746,-0.9135419112057267,3.9539010272556565,-0.22965760608731267,0.893419385394227,-0.3921188919620247,-0.07095947242679883,-0.11031946970293831,2.618829455412367,-0.6446726587031845,-0.5904647734189133,-0.7124274490013944,-0.08989331499509892,-0.10060545457319174,-0.21981657747106437,1.2591633047302777,-0.3070801941090227,-0.19621814613865227,0.9415829490307701,-0.4156175589970315,-0.20166150310667885,-0.4864967196604686,-0.21219372754742588,-0.2991983466782894,-0.6400035310637054,-0.14660958536878183,0.6743963935452368,-0.3318468896580935,-0.2931944802761775,-0.03167031776097681,-0.268264101878365,-0.3392400313681768,0.855943274340589,-0.03167031776097681,-0.03167031776097681
0.6305389879773426,0.6163146733006432,-0.423680786055815,-0.6023459233470897,-0.4647718592256985,0.019883301583053115,-0.5688650341299796,-0.34290113299620106,-0.8059694639746,-0.9135419112057267,3.9539010272556565,-0.22965760608731267,0.893419385394227,-0.3921188919620247,-0.07095947242679883,-0.11031946970293831,-0.38184998948033355,-0.6446726587031845,1.6935811330619999,-0.7124274490013944,-0.08989331499509892,-0.10060545457319174,-0.21981657747106437,1.2591633047302777,-0.3070801941090227,-0.19621814613865227,0.9415829490307701,-0.4156175589970315,-0.20166150310667885,-0.4864967196604686,-0.21219372754742588,3.3422644580160132,1.5624913792865636,-0.14660958536878183,-1.482807455038566,-0.3318468896580935,-0.2931944802761775,-0.03167031776097681,-0.268264101878365,-0.3392400313681768,0.855943274340589,-0.03167031776097681,-0.03167031776097681
0.6305389879773426,0.6163146733006432,-0.19643243896675913,-0.5058653944337419,-0.7441949408565703,0.4014897435039551,-0.5688650341299796,-0.34290113299620106,-0.8059694639746,1.0946405279645712,-0.2529147778628351,-0.22965760608731267,-1.119295166803151,-0.3921188919620247,-0.07095947242679883,-0.11031946970293831,-0.38184998948033355,-0.6446726587031845,-0.5904647734189133,-0.7124274490013944,-0.08989331499509892,-0.10060545457319174,-0.21981657747106437,-0.7941781627873975,-0.3070801941090227,-0.19621814613865227,-1.0620413220411034,-0.4156175589970315,-0.20166150310667885,-0.4864967196604686,-0.21219372754742588,-0.2991983466782894,-0.6400035310637054,-0.14660958536878183,0.6743963935452368,-0.3318468896580935,-0.2931944802761775,-0.03167031776097681,-0.268264101878365,-0.3392400313681768,0.855943274340589,-0.03167031776097681,-0.03167031776097681
0.6305389879773426,0.6163146733006432,-0.5751796841151856,-0.6988264522604375,-0.18534877759482676,-0.7433295822587509,-0.5688650341299796,-0.34290113299620106,-0.8059694639746,-0.9135419112057267,-0.2529147778628351,-0.22965760608731267,-1.119295166803151,-0.3921188919620247,-0.07095947242679883,-0.11031946970293831,-0.38184998948033355,-0.6446726587031845,1.6935811330619999,-0.7124274490013944,-0.08989331499509892,-0.10060545457319174,-0.21981657747106437,1.2591633047302777,-0.3070801941090227,-0.19621814613865227,0.9415829490307701,-0.4156175589970315,-0.20166150310667885,-0.4864967196604686,-0.21219372754742588,-0.2991983466782894,-0.6400035310637054,-0.14660958536878183,0.6743963935452368,-0.3318468896580935,-0.2931944802761775,-0.03167031776097681,-0.268264101878365,-0.3392400313681768,0.855943274340589,-0.03167031776097681,-0.03167031776097681
0.6305389879773426,0.6163146733006432,-0.27218188799644444,-0.02346274986700317,-1.3030411041183139,-1.1249360241796529,-0.5688650341299796,-0.34290113299620106,-0.8059694639746,-0.9135419112057267,-0.2529147778628351,-0.22965760608731267,0.893419385394227,-0.3921188919620247,-0.07095947242679883,-0.11031946970293831,-0.38184998948033355,-0.6446726587031845,1.6935811330619999,-0.7124274490013944,-0.08989331499509892,-0.10060545457319174,-0.21981657747106437,1.2591633047302777,-0.3070801941090227,-0.19621814613865227,0.9415829490307701,-0.4156175589970315,-0.20166150310667885,-0.4864967196604686,-0.21219372754742588,-0.2991983466782894,-0.6400035310637054,-0.14660958536878183,0.6743963935452368,-0.3318468896580935,-0.2931944802761775,-0.03167031776097681,-0.268264101878365,-0.3392400313681768,0.855943274340589,-0.03167031776097681,-0.03167031776097681
0.6605827522929201,0.6475577293251285,-0.12068298993707387,-0.5058653944337419,-1.023618022487442,-0.7433295822587509,-0.5688650341299796,-0.34290113299620106,-0.8059694639746,1.0946405279645712,-0.2529147778628351,-0.22965760608731267,-1.119295166803151,-0.3921188919620247,-0.07095947242679883,-0.11031946970293831,2.618829455412367,-0.6446726587031845,-0.5904647734189133,-0.7124274490013944,-0.08989331499509892,-0.10060545457319174,-0.21981657747106437,-0.7941781627873975,3.256478337528241,-0.19621814613865227,0.9415829490307701,-0.4156175589970315,-0.20166150310667885,-0.4864967196604686,-0.21219372754742588,-0.2991983466782894,-0.6400035310637054,-0.14660958536878183,0.6743963935452368,-0.3318468896580935,-0.2931944802761775,-0.03167031776097681,-0.268264101878365,-0.3392400313681768,0.855943274340589,-0.03167031776097681,-0.03167031776097681
0.6605827522929201,0.6475577293251285,-0.044933540907388575,-0.6988264522604375,0.000933276825754426,0.019883301583053115,-0.5688650341299796,-0.34290113299620106,-0.8059694639746,1.0946405279645712,-0.2529147778628351,-0.22965760608731267,0.893419385394227,-0.3921188919620247,-0.07095947242679883,-0.11031946970293831,2.618829455412367,-0.6446726587031845,-0.5904647734189133,-0.7124274490013944,-0.08989331499509892,-0.10060545457319174,-0.21981657747106437,-0.7941781627873975,3.256478337528241,-0.19621814613865227,-1.0620413220411034,2.4060581136494816,-0.20166150310667885,-0.4864967196604686,-0.21219372754742588,-0.2991983466782894,1.5624913792865636,-0.14660958536878183,-1.482807455038566,-0.3318468896580935,-0.2931944802761775,-0.03167031776097681,-0.268264101878365,-0.3392400313681768,0.855943274340589,-0.03167031776097681,-0.03167031776097681
0.6605827522929201,0.6475577293251285,-0.044933540907388575,-0.6505861878037636,-0.6510539136462797,0.4014897435039551,-0.5688650341299796,-0.34290113299620106,-0.8059694639746,1.0946405279645712,-0.2529147778628351,-0.22965760608731267,-1.119295166803151,-0.3921188919620247,-0.07095947242679883,-0.11031946970293831,-0.38184998948033355,-0.6446726587031845,1.6935811330619999,-0.7124274490013944,-0.08989331499509892,-0.10060545457319174,-0.21981657747106437,1.2591633047302777,-0.3070801941090227,-0.19621814613865227,-1.0620413220411034,-0.4156175589970315,-0.20166150310667885,-0.4864967196604686,-0.21219372754742588,-0.2991983466782894,1.5624913792865636,-0.14660958536878183,-1.482807455038566,-0.3318468896580935,-0.2931944802761775,-0.03167031776097681,-0.268264101878365,-0.3392400313681768,-1.1683017204269652,-0.03167031776097681,-0.03167031776097681
0.6943819871479446,0.6788007853496137,-0.12068298993707387,-0.21642380769369882,-0.9304769952771516,-0.7433295822587509,-0.5688650341299796,-0.34290113299620106,-0.8059694639746,1.0946405279645712,-0.2529147778628351,-0.22965760608731267,0.893419385394227,-0.3921188919620247,-0.07095947242679883,-0.11031946970293831,-0.38184998948033355,-0.6446726587031845,1.6935811330619999,-0.7124274490013944,-0.08989331499509892,-0.10060545457319174,-0.21981657747106437,1.2591633047302777,-0.3070801941090227,-0.19621814613865227,0.9415829490307701,-0.4156175589970315,-0.20166150310667885,-0.4864967196604686,-0.21219372754742588,-0.2991983466782894,1.5624913792865636,-0.14660958536878183,-1.482807455038566,-0.3318468896580935,-0.2931944802761775,-0.03167031776097681,-0.268264101878365,-0.3392400313681768,-1.1683017204269652,-0.03167031776097681,-0.03167031776097681
0.6943819871479446,0.6788007853496137,-0.5751796841151856,-1.4706706835672192,1.025484576138951,0.4014897435039551,-0.5688650341299796,-0.34290113299620106,-0.8059694639746,-0.9135419112057267,-0.2529147778628351,-0.22965760608731267,-1.119295166803151,-0.3921188919620247,-0.07095947242679883,-0.11031946970293831,-0.38184998948033355,-0.6446726587031845,1.6935811330619999,-0.7124274490013944,-0.08989331499509892,-0.10060545457319174,-0.21981657747106437,1.2591633047302777,-0.3070801941090227,-0.19621814613865227,-1.0620413220411034,-0.4156175589970315,-0.20166150310667885,-0.4864967196604686,-0.21219372754742588,-0.2991983466782894,1.5624913792865636,-0.14660958536878183,-1.482807455038566,-0.3318468896580935,-0.2931944802761775,-0.03167031776097681,-0.268264101878365,-0.3392400313681768,-1.1683017204269652,-0.03167031776097681,-0.03167031776097681
0.7244257514635221,0.710043841374099,-0.3479313370261297,-1.3741901546538717,-0.6510539136462797,-0.7433295822587509,-0.5688650341299796,-0.34290113299620106,-0.8059694639746,-0.9135419112057267,-0.2529147778628351,-0.22965760608731267,-1.119295166803151,-0.3921188919620247,-0.07095947242679883,-0.11031946970293831,-0.38184998948033355,-0.6446726587031845,1.6935811330619999,-0.7124274490013944,-0.08989331499509892,-0.10060545457319174,-0.21981657747106437,1.2591633047302777,-0.3070801941090227,-0.19621814613865227,0.9415829490307701,-0.4156175589970315,-0.20166150310667885,-0.4864967196604686,-0.21219372754742588,-0.2991983466782894,1.5624913792865636,-0.14660958536878183,-1.482807455038566,-0.3318468896580935,-0.2931944802761775,-0.03167031776097681,-0.268264101878365,-0.3392400313681768,-1.1683017204269652,-0.03167031776097681,-0.03167031776097681
0.7244257514635221,0.710043841374099,-0.19643243896675913,-0.40938486552039405,0.09407430403604503,-0.7433295822587509,-0.5688650341299796,-0.34290113299620106,-0.8059694639746,1.0946405279645712,-0.2529147778628351,-0.22965760608731267,0.893419385394227,-0.3921188919620247,-0.07095947242679883,-0.11031946970293831,-0.38184998948033355,-0.6446726587031845,1.6935811330619999,-0.7124274490013944,-0.08989331499509892,-0.10060545457319174,-0.21981657747106437,1.2591633047302777,-0.3070801941090227,-0.19621814613865227,-1.0620413220411034,-0.4156175589970315,-0.20166150310667885,-0.4864967196604686,-0.21219372754742588,-0.2991983466782894,1.5624913792865636,-0.14660958536878183,-1.482807455038566,-0.3318468896580935,-0.2931944802761775,-0.03167031776097681,-0.268264101878365,-0.3392400313681768,-1.1683017204269652,-0.03167031776097681,-0.03167031776097681
0.7244257514635221,0.710043841374099,-0.12068298993707387,-0.36114460106372037,-0.5579128864359891,-0.7433295822587509,-0.5688650341299796,-0.34290113299620106,-0.8059694639746,1.0946405279645712,-0.2529147778628351,-0.22965760608731267,0.893419385394227,-0.3921188919620247,-0.07095947242679883,-0.11031946970293831,-0.38184998948033355,-0.6446726587031845,1.6935811330619999,-0.7124274490013944,-0.08989331499509892,-0.10060545457319174,-0.21981657747106437,1.2591633047302777,-0.3070801941090227,-0.19621814613865227,0.9415829490307701,-0.4156175589970315,-0.20166150310667885,-0.4864967196604686,-0.21219372754742588,3.3422644580160132,-0.6400035310637054,-0.14660958536878183,0.6743963935452368,-0.3318468896580935,-0.2931944802761775,31.575306807693888,-0.268264101878365,-0.3392400313681768,-1.1683017204269652,-0.03167031776097681,-0.03167031776097681
0.7544695157790996,0.7412868973985842,-0.3479313370261297,-1.1812290968271761,1.211766630559532,-0.7433295822587509,-0.5688650341299796,-0.34290113299620106,-0.8059694639746,-0.9135419112057267,-0.2529147778628351,-0.22965760608731267,-1.119295166803151,-0.3921188919620247,-0.07095947242679883,-0.11031946970293831,-0.38184998948033355,-0.6446726587031845,1.6935811330619999,-0.7124274490013944,-0.08989331499509892,-0.10060545457319174,-0.21981657747106437,1.2591633047302777,-0.3070801941090227,-0.19621814613865227,-1.0620413220411034,-0.4156175589970315,-0.20166150310667885,-0.4864967196604686,-0.21219372754742588,-0.2991983466782894,1.5624913792865636,-0.14660958536878183,-1.482807455038566,-0.3318468896580935,-0.2931944802761775,-0.03167031776097681,-0.268264101878365,-0.3392400313681768,-1.1683017204269652,-0.03167031776097681,-0.03167031776097681
0.788268750634124,0.7725299534230695,-0.044933540907388575,-0.2646640721503725,0.2803563584566262,-0.7433295822587509,-0.5688650341299796,-0.34290113299620106,-0.8059694639746,1.0946405279645712,-0.2529147778628351,-0.22965760608731267,0.893419385394227,-0.3921188919620247,-0.07095947242679883,-0.11031946970293831,-0.38184998948033355,-0.6446726587031845,1.6935811330619999,-0.7124274490013944,-0.08989331499509892,-0.10060545457319174,-0.21981657747106437,1.2591633047302777,-0.3070801941090227,-0.19621814613865227,0.9415829490307701,-0.4156175589970315,-0.20166150310667885,-0.4864967196604686,-0.21219372754742588,-0.2991983466782894,-0.6400035310637054,-0.14660958536878183,0.6743963935452368,-0.3318468896580935,-0.2931944802761775,-0.03167031776097681,-0.268264101878365,-0.3392400313681768,-1.1683017204269652,-0.03167031776097681,-0.03167031776097681
0.788268750634124,0.7725299534230695,-0.27218188799644444,-0.36114460106372037,0.8392025217183697,0.019883301583053115,-0.5688650341299796,-0.34290113299620106,-0.8059694639746,1.0946405279645712,-0.2529147778628351,-0.22965760608731267,0.893419385394227,-0.3921188919620247,-0.07095947242679883,-0.11031946970293831,-0.38184998948033355,-0.6446726587031845,1.6935811330619999,-0.7124274490013944,-0.08989331499509892,-0.10060545457319174,-0.21981657747106437,1.2591633047302777,-0.3070801941090227,-0.19621814613865227,-1.0620413220411034,-0.4156175589970315,-0.20166150310667885,-0.4864967196604686,-0.21219372754742588,-0.2991983466782894,-0.6400035310637054,-0.14660958536878183,0.6743963935452368,-0.3318468896580935,-0.2931944802761775,-0.03167031776097681,-0.268264101878365,-0.3392400313681768,-1.1683017204269652,-0.03167031776097681,-0.03167031776097681
0.788268750634124,0.7725299534230695,-0.19643243896675913,-0.45762512997706817,-0.09220775038453617,-0.7433295822587509,-0.5688650341299796,2.9162924930057867,-0.8059694639746,-0.9135419112057267,-0.2529147778628351,-0.22965760608731267,0.893419385394227,-0.3921188919620247,-0.07095947242679883,-0.11031946970293831,-0.38184998948033355,-0.6446726587031845,1.6935811330619999,-0.7124274490013944,-0.08989331499509892,-0.10060545457319174,-0.21981657747106437,1.2591633047302777,-0.3070801941090227,-0.19621814613865227,-1.0620413220411034,-0.4156175589970315,-0.20166150310667885,-0.4864967196604686,-0.21219372754742588,-0.2991983466782894,-0.6400035310637054,-0.14660958536878183,0.6743963935452368,-0.3318468896580935,-0.2931944802761775,-0.03167031776097681,-0.268264101878365,-0.3392400313681768,-1.1683017204269652,-0.03167031776097681,-0.03167031776097681
0.8183125149497016,0.022696608835422783,-0.044933540907388575,-0.11994327878035099,-0.27848980480511737,-0.7433295822587509,-0.5688650341299796,2.9162924930057867,-0.8059694639746,-0.9135419112057267,3.9539010272556565,4.354308211415448,-1.119295166803151,-0.3921188919620247,-0.07095947242679883,9.064583093924764,-0.38184998948033355,-0.6446726587031845,-0.5904647734189133,-0.7124274490013944,11.124297730643493,-0.10060545457319174,-0.21981657747106437,-0.7941781627873975,-0.3070801941090227,-0.19621814613865227,0.9415829490307701,-0.4156175589970315,-0.20166150310667885,-0.4864967196604686,-0.21219372754742588,3.3422644580160132,1.5624913792865636,-0.14660958536878183,-1.482807455038566,-0.3318468896580935,-0.2931944802761775,-0.03167031776097681,-0.268264101878365,-0.3392400313681768,-1.1683017204269652,-0.03167031776097681,-0.03167031776097681
0.8183125149497016,0.8037730094475548,-0.19643243896675913,-0.40938486552039405,-0.6510539136462797,-0.7433295822587509,-0.5688650341299796,2.9162924930057867,-0.8059694639746,1.0946405279645712,-0.2529147778628351,-0.22965760608731267,0.893419385394227,-0.3921188919620247,-0.07095947242679883,-0.11031946970293831,-0.38184998948033355,-0.6446726587031845,1.6935811330619999,-0.7124274490013944,-0.08989331499509892,-0.10060545457319174,-0.21981657747106437,1.2591633047302777,-0.3070801941090227,-0.19621814613865227,-1.0620413220411034,-0.4156175589970315,-0.20166150310667885,-0.4864967196604686,-0.21219372754742588,-0.2991983466782894,1.5624913792865636,-0.14660958536878183,-1.482807455038566,-0.3318468896580935,-0.2931944802761775,-0.03167031776097681,-0.268264101878365,-0.3392400313681768,-1.1683017204269652,-0.03167031776097681,-0.03167031776097681
0.848356279265279,0.8350160654720401,-0.4994302350855003,-1.3259498901971978,0.3734973856669168,-0.7433295822587509,-0.5688650341299796,2.9162924930057867,-0.8059694639746,-0.9135419112057267,-0.2529147778628351,-0.22965760608731267,-1.119295166803151,-0.3921188919620247,-0.07095947242679883,-0.11031946970293831,-0.38184998948033355,-0.6446726587031845,1.6935811330619999,-0.7124274490013944,-0.08989331499509892,-0.10060545457319174,-0.21981657747106437,1.2591633047302777,-0.3070801941090227,-0.19621814613865227,0.9415829490307701,-0.4156175589970315,-0.20166150310667885,-0.4864967196604686,-0.21219372754742588,-0.2991983466782894,-0.6400035310637054,-0.14660958536878183,0.6743963935452368,-0.3318468896580935,-0.2931944802761775,-0.03167031776097681,-0.268264101878365,-0.3392400313681768,-1.1683017204269652,-0.03167031776097681,-0.03167031776097681
0.8821555141203036,0.8662591214965254,-0.12068298993707387,0.07301777904634466,-1.3030411041183139,1.5463090692666612,-0.5688650341299796,2.9162924930057867,-0.8059694639746,1.0946405279645712,-0.2529147778628351,-0.22965760608731267,0.893419385394227,-0.3921188919620247,-0.07095947242679883,-0.11031946970293831,-0.38184998948033355,-0.6446726587031845,1.6935811330619999,-0.7124274490013944,-0.08989331499509892,-0.10060545457319174,-0.21981657747106437,1.2591633047302777,-0.3070801941090227,-0.19621814613865227,-1.0620413220411034,-0.4156175589970315,-0.20166150310667885,-0.4864967196604686,-0.21219372754742588,-0.2991983466782894,-0.6400035310637054,-0.14660958536878183,0.6743963935452368,-0.3318468896580935,-0.2931944802761775,-0.03167031776097681,-0.268264101878365,-0.3392400313681768,-1.1683017204269652,-0.03167031776097681,-0.03167031776097681
0.912199278435881,0.8975021775210107,-0.19643243896675913,-0.6023459233470897,1.3049076577698226,1.5463090692666612,-0.5688650341299796,2.9162924930057867,-0.8059694639746,1.0946405279645712,-0.2529147778628351,-0.22965760608731267,-1.119295166803151,-0.3921188919620247,-0.07095947242679883,-0.11031946970293831,-0.38184998948033355,-0.6446726587031845,1.6935811330619999,-0.7124274490013944,-0.08989331499509892,-0.10060545457319174,-0.21981657747106437,1.2591633047302777,-0.3070801941090227,-0.19621814613865227,-1.0620413220411034,2.4060581136494816,-0.20166150310667885,-0.4864967196604686,-0.21219372754742588,-0.2991983466782894,-0.6400035310637054,-0.14660958536878183,0.6743963935452368,-0.3318468896580935,-0.2931944802761775,-0.03167031776097681,-0.268264101878365,-0.3392400313681768,-1.1683017204269652,-0.03167031776097681,-0.03167031776097681
0.912199278435881,0.8975021775210107,-0.423680786055815,-0.1681835432370247,0.559779440087498,1.164702627345759,-0.5688650341299796,-0.34290113299620106,-0.8059694639746,1.0946405279645712,-0.2529147778628351,-0.22965760608731267,0.893419385394227,-0.3921188919620247,-0.07095947242679883,-0.11031946970293831,-0.38184998948033355,-0.6446726587031845,1.6935811330619999,-0.7124274490013944,-0.08989331499509892,-0.10060545457319174,-0.21981657747106437,1.2591633047302777,-0.3070801941090227,-0.19621814613865227,-1.0620413220411034,-0.4156175589970315,-0.20166150310667885,-0.4864967196604686,-0.21219372754742588,-0.2991983466782894,1.5624913792865636,-0.14660958536878183,-1.482807455038566,-0.3318468896580935,-0.2931944802761775,-0.03167031776097681,-0.268264101878365,-0.3392400313681768,-1.1683017204269652,-0.03167031776097681,-0.03167031776097681
0.912199278435881,0.8975021775210107,-0.27218188799644444,-0.40938486552039405,0.3734973856669168,0.019883301583053115,-0.5688650341299796,-0.34290113299620106,-0.8059694639746,1.0946405279645712,-0.2529147778628351,-0.22965760608731267,-1.119295166803151,-0.3921188919620247,-0.07095947242679883,-0.11031946970293831,-0.38184998948033355,-0.6446726587031845,1.6935811330619999,-0.7124274490013944,-0.08989331499509892,-0.10060545457319174,-0.21981657747106437,1.2591633047302777,-0.3070801941090227,-0.19621814613865227,-1.0620413220411034,-0.4156175589970315,-0.20166150310667885,-0.4864967196604686,-0.21219372754742588,-0.2991983466782894,-0.6400035310637054,-0.14660958536878183,0.6743963935452368,-0.3318468896580935,-0.2931944802761775,-0.03167031776097681,-0.268264101878365,-0.3392400313681768,-1.1683017204269652,-0.03167031776097681,-0.03167031776097681
0.912199278435881,0.8975021775210107,-0.6509291331448709,-0.6023459233470897,-0.6510539136462797,-0.7433295822587509,-0.5688650341299796,-0.34290113299620106,-0.8059694639746,-0.9135419112057267,-0.2529147778628351,-0.22965760608731267,-1.119295166803151,-0.3921188919620247,-0.07095947242679883,-0.11031946970293831,-0.38184998948033355,-0.6446726587031845,-0.5904647734189133,-0.7124274490013944,-0.08989331499509892,-0.10060545457319174,-0.21981657747106437,-0.7941781627873975,-0.3070801941090227,-0.19621814613865227,-1.0620413220411034,-0.4156175589970315,-0.20166150310667885,-0.4864967196604686,-0.21219372754742588,-0.2991983466782894,1.5624913792865636,-0.14660958536878183,-1.482807455038566,-0.3318468896580935,-0.2931944802761775,-0.03167031776097681,-0.268264101878365,-0.3392400313681768,-1.1683017204269652,-0.03167031776097681,-0.03167031776097681
0.912199278435881,0.8975021775210107,-0.12068298993707387,-0.5058653944337419,-0.5579128864359891,1.164702627345759,-0.5688650341299796,-0.34290113299620106,-0.8059694639746,1.0946405279645712,-0.2529147778628351,-0.22965760608731267,-1.119295166803151,-0.3921188919620247,-0.07095947242679883,-0.11031946970293831,-0.38184998948033355,-0.6446726587031845,1.6935811330619999,-0.7124274490013944,-0.08989331499509892,-0.10060545457319174,-0.21981657747106437,1.2591633047302777,-0.3070801941090227,-0.19621814613865227,0.9415829490307701,-0.4156175589970315,-0.20166150310667885,-0.4864967196604686,-0.21219372754742588,-0.2991983466782894,1.5624913792865636,-0.14660958536878183,-1.482807455038566,-0.3318468896580935,-0.2931944802761775,-0.03167031776097681,-0.268264101878365,-0.3392400313681768,-1.1683017204269652,-0.03167031776097681,-0.03167031776097681
0.912199278435881,0.8975021775210107,-0.12068298993707387,0.07301777904634466,-1.023618022487442,1.5463090692666612,-0.5688650341299796,-0.34290113299620106,-0.8059694639746,1.0946405279645712,-0.2529147778628351,-0.22965760608731267,0.893419385394227,-0.3921188919620247,-0.07095947242679883,-0.11031946970293831,2.618829455412367,-0.6446726587031845,-0.5904647734189133,-0.7124274490013944,-0.08989331499509892,-0.10060545457319174,-0.21981657747106437,-0.7941781627873975,3.256478337528241,-0.19621814613865227,0.9415829490307701,-0.4156175589970315,-0.20166150310667885,-0.4864967196604686,-0.21219372754742588,-0.2991983466782894,-0.6400035310637054,-0.14660958536878183,0.6743963935452368,-0.3318468896580935,-0.2931944802761775,-0.03167031776097681,-0.268264101878365,-0.3392400313681768,0.855943274340589,-0.03167031776097681,-0.03167031776097681
0.912199278435881,0.8975021775210107,-0.6509291331448709,-1.3259498901971978,0.000933276825754426,0.7830961854248571,-0.5688650341299796,-0.34290113299620106,-0.8059694639746,-0.9135419112057267,-0.2529147778628351,-0.22965760608731267,0.893419385394227,-0.3921188919620247,-0.07095947242679883,-0.11031946970293831,-0.38184998948033355,-0.6446726587031845,1.6935811330619999,-0.7124274490013944,-0.08989331499509892,-0.10060545457319174,-0.21981657747106437,1.2591633047302777,-0.3070801941090227,-0.19621814613865227,0.9415829490307701,-0.4156175589970315,-0.20166150310667885,-0.4864967196604686,-0.21219372754742588,-0.2991983466782894,1.5624913792865636,-0.14660958536878183,-1.482807455038566,-0.3318468896580935,-0.2931944802761775,-0.03167031776097681,-0.268264101878365,-0.3392400313681768,0.855943274340589,-0.03167031776097681,-0.03167031776097681
0.9422430427514585,0.928745233545496,-0.044933540907388575,-0.6505861878037636,0.3734973856669168,-0.7433295822587509,-0.5688650341299796,-0.34290113299620106,-0.8059694639746,1.0946405279645712,-0.2529147778628351,-0.22965760608731267,-1.119295166803151,-0.3921188919620247,-0.07095947242679883,-0.11031946970293831,-0.38184998948033355,-0.6446726587031845,-0.5904647734189133,-0.7124274490013944,-0.08989331499509892,-0.10060545457319174,-0.21981657747106437,-0.7941781627873975,-0.3070801941090227,-0.19621814613865227,0.9415829490307701,-0.4156175589970315,-0.20166150310667885,-0.4864967196604686,-0.21219372754742588,-0.2991983466782894,1.5624913792865636,-0.14660958536878183,-1.482807455038566,-0.3318468896580935,-0.2931944802761775,-0.03167031776097681,-0.268264101878365,-0.3392400313681768,0.855943274340589,-0.03167031776097681,-0.03167031776097681
0.0033754078896636995,0.022696608835422783,-0.4994302350855003,-0.6505861878037636,0.1872153312463356,1.164702627345759,-0.5688650341299796,-0.34290113299620106,-0.8059694639746,-0.9135419112057267,-0.2529147778628351,-0.22965760608731267,0.893419385394227,-0.3921188919620247,-0.07095947242679883,-0.11031946970293831,-0.38184998948033355,-0.6446726587031845,1.6935811330619999,-0.7124274490013944,-0.08989331499509892,-0.10060545457319174,-0.21981657747106437,1.2591633047302777,-0.3070801941090227,-0.19621814613865227,0.9415829490307701,-0.4156175589970315,-0.20166150310667885,-0.4864967196604686,-0.21219372754742588,3.3422644580160132,1.5624913792865636,-0.14660958536878183,-1.482807455038566,-0.3318468896580935,-0.2931944802761775,-0.03167031776097681,-0.268264101878365,-0.3392400313681768,0.855943274340589,-0.03167031776097681,-0.03167031776097681
0.0033754078896636995,0.022696608835422783,-0.5751796841151856,-0.9400277745438069,0.8392025217183697,-0.7433295822587509,-0.5688650341299796,-0.34290113299620106,-0.8059694639746,-0.9135419112057267,-0.2529147778628351,-0.22965760608731267,0.893419385394227,-0.3921188919620247,-0.07095947242679883,-0.11031946970293831,-0.38184998948033355,-0.6446726587031845,1.6935811330619999,-0.7124274490013944,-0.08989331499509892,-0.10060545457319174,-0.21981657747106437,1.2591633047302777,-0.3070801941090227,-0.19621814613865227,-1.0620413220411034,-0.4156175589970315,-0.20166150310667885,-0.4864967196604686,-0.21219372754742588,-0.2991983466782894,-0.6400035310637054,-0.14660958536878183,0.6743963935452368,-0.3318468896580935,-0.2931944802761775,-0.03167031776097681,-0.268264101878365,-0.3392400313681768,0.855943274340589,-0.03167031776097681,-0.03167031776097681
0.0033754078896636995,0.022696608835422783,-0.19643243896675913,0.07301777904634466,-1.6756052129594763,-0.7433295822587509,-0.5688650341299796,-0.34290113299620106,-0.8059694639746,1.0946405279645712,-0.2529147778628351,-0.22965760608731267,0.893419385394227,-0.3921188919620247,-0.07095947242679883,-0.11031946970293831,-0.38184998948033355,-0.6446726587031845,1.6935811330619999,-0.7124274490013944,-0.08989331499509892,-0.10060545457319174,-0.21981657747106437,1.2591633047302777,-0.3070801941090227,-0.19621814613865227,-1.0620413220411034,-0.4156175589970315,-0.20166150310667885,-0.4864967196604686,-0.21219372754742588,-0.2991983466782894,-0.6400035310637054,6.820836424061898,-1.482807455038566,-0.3318468896580935,-0.2931944802761775,-0.03167031776097681,-0.268264101878365,-0.3392400313681768,0.855943274340589,-0.03167031776097681,-0.03167031776097681
0.0033754078896636995,0.022696608835422783,-0.12068298993707387,0.12125804350301836,-0.837335968066861,-0.7433295822587509,-0.5688650341299796,-0.34290113299620106,-0.8059694639746,1.0946405279645712,-0.2529147778628351,-0.22965760608731267,0.893419385394227,-0.3921188919620247,-0.07095947242679883,-0.11031946970293831,2.618829455412367,-0.6446726587031845,-0.5904647734189133,-0.7124274490013944,-0.08989331499509892,-0.10060545457319174,-0.21981657747106437,-0.7941781627873975,3.256478337528241,-0.19621814613865227,0.9415829490307701,-0.4156175589970315,-0.20166150310667885,-0.4864967196604686,-0.21219372754742588,-0.2991983466782894,-0.6400035310637054,6.820836424061898,-1.482807455038566,-0.3318468896580935,-0.2931944802761775,-0.03167031776097681,-0.268264101878365,-0.3392400313681768,0.855943274340589,-0.03167031776097681,-0.03167031776097681
0.0033754078896636995,0.022696608835422783,-0.423680786055815,-0.1681835432370247,0.7460614945080791,0.7830961854248571,-0.5688650341299796,-0.34290113299620106,-0.8059694639746,1.0946405279645712,-0.2529147778628351,-0.22965760608731267,-1.119295166803151,-0.3921188919620247,-0.07095947242679883,-0.11031946970293831,-0.38184998948033355,-0.6446726587031845,1.6935811330619999,-0.7124274490013944,-0.08989331499509892,-0.10060545457319174,-0.21981657747106437,1.2591633047302777,-0.3070801941090227,-0.19621814613865227,0.9415829490307701,-0.4156175589970315,-0.20166150310667885,-0.4864967196604686,-0.21219372754742588,-0.2991983466782894,-0.6400035310637054,6.820836424061898,-1.482807455038566,-0.3318468896580935,-0.2931944802761775,-0.03167031776097681,-0.268264101878365,-0.3392400313681768,0.855943274340589,-0.03167031776097681,-0.03167031776097681
1.0699290410926625,1.0537174576434372,-0.12068298993707387,0.02477751458967053,1.4911897121904039,0.7830961854248571,-0.5688650341299796,-0.34290113299620106,-0.8059694639746,1.0946405279645712,-0.2529147778628351,-0.22965760608731267,0.893419385394227,-0.3921188919620247,-0.07095947242679883,-0.11031946970293831,-0.38184998948033355,-0.6446726587031845,-0.5904647734189133,-0.7124274490013944,-0.08989331499509892,-0.10060545457319174,-0.21981657747106437,1.2591633047302777,-0.3070801941090227,-0.19621814613865227,0.9415829490307701,-0.4156175589970315,-0.20166150310667885,-0.4864967196604686,-0.21219372754742588,-0.2991983466782894,-0.6400035310637054,6.820836424061898,-1.482807455038566,-0.3318468896580935,-0.2931944802761775,-0.03167031776097681,-0.268264101878365,-0.3392400313681768,0.855943274340589,-0.03167031776097681,-0.03167031776097681
1.09997280540824,1.0849605136679223,-0.6509291331448709,-1.0365083034571545,0.2803563584566262,0.7830961854248571,-0.5688650341299796,-0.34290113299620106,-0.8059694639746,-0.9135419112057267,-0.2529147778628351,-0.22965760608731267,0.893419385394227,-0.3921188919620247,-0.07095947242679883,-0.11031946970293831,-0.38184998948033355,-0.6446726587031845,1.6935811330619999,-0.7124274490013944,-0.08989331499509892,-0.10060545457319174,-0.21981657747106437,1.2591633047302777,-0.3070801941090227,-0.19621814613865227,0.9415829490307701,-0.4156175589970315,-0.20166150310667885,-0.4864967196604686,-0.21219372754742588,3.3422644580160132,-0.6400035310637054,6.820836424061898,-1.482807455038566,-0.3318468896580935,-0.2931944802761775,-0.03167031776097681,-0.268264101878365,-0.3392400313681768,0.855943274340589,-0.03167031776097681,-0.03167031776097681
1.09997280540824,1.0849605136679223,0.030815908122296707,-0.2646640721503725,-0.6510539136462797,-0.7433295822587509,-0.5688650341299796,-0.34290113299620106,-0.8059694639746,1.0946405279645712,-0.2529147778628351,-0.22965760608731267,0.893419385394227,-0.3921188919620247,-0.07095947242679883,-0.11031946970293831,-0.38184998948033355,-0.6446726587031845,1.6935811330619999,-0.7124274490013944,-0.08989331499509892,-0.10060545457319174,-0.21981657747106437,1.2591633047302777,-0.3070801941090227,-0.19621814613865227,-1.0620413220411034,2.4060581136494816,-0.20166150310667885,-0.4864967196604686,-0.21219372754742588,-0.2991983466782894,-0.6400035310637054,-0.14660958536878183,0.6743963935452368,-0.3318468896580935,-0.2931944802761775,-0.03167031776097681,-0.268264101878365,-0.3392400313681768,0.855943274340589,-0.03167031776097681,-0.03167031776097681
1.09997280540824,1.0849605136679223,-0.3479313370261297,-1.1812290968271761,0.46663841287720736,0.7830961854248571,-0.5688650341299796,-0.34290113299620106,-0.8059694639746,-0.9135419112057267,-0.2529147778628351,-0.22965760608731267,-1.119295166803151,-0.3921188919620247,-0.07095947242679883,-0.11031946970293831,-0.38184998948033355,-0.6446726587031845,1.6935811330619999,-0.7124274490013944,-0.08989331499509892,-0.10060545457319174,-0.21981657747106437,1.2591633047302777,-0.3070801941090227,-0.19621814613865227,-1.0620413220411034,2.4060581136494816,-0.20166150310667885,-0.4864967196604686,-0.21219372754742588,-0.2991983466782894,1.5624913792865636,-0.14660958536878183,-1.482807455038566,-0.3318468896580935,-0.2931944802761775,-0.03167031776097681,-0.268264101878365,-0.3392400313681768,0.855943274340589,-0.03167031776097681,-0.03167031776097681
1.09997280540824,1.0849605136679223,-0.3479313370261297,-0.5058653944337419,-0.7441949408565703,0.7830961854248571,-0.5688650341299796,-0.34290113299620106,-0.8059694639746,1.0946405279645712,-0.2529147778628351,-0.22965760608731267,0.893419385394227,-0.3921188919620247,-0.07095947242679883,-0.11031946970293831,-0.38184998948033355,-0.6446726587031845,1.6935811330619999,-0.7124274490013944,-0.08989331499509892,-0.10060545457319174,-0.21981657747106437,1.2591633047302777,-0.3070801941090227,-0.19621814613865227,0.9415829490307701,-0.4156175589970315,-0.20166150310667885,-0.4864967196604686,-0.21219372754742588,-0.2991983466782894,-0.6400035310637054,-0.14660958536878183,0.6743963935452368,-0.3318468896580935,-0.2931944802761775,-0.03167031776097681,-0.268264101878365,-0.3392400313681768,0.855943274340589,-0.03167031776097681,-0.03167031776097681
1.09997280540824,1.0849605136679223,-0.044933540907388575,-0.6988264522604375,0.6529204672977886,1.5463090692666612,-0.5688650341299796,-0.34290113299620106,-0.8059694639746,1.0946405279645712,-0.2529147778628351,-0.22965760608731267,-1.119295166803151,-0.3921188919620247,-0.07095947242679883,-0.11031946970293831,-0.38184998948033355,-0.6446726587031845,-0.5904647734189133,-0.7124274490013944,-0.08989331499509892,-0.10060545457319174,-0.21981657747106437,1.2591633047302777,-0.3070801941090227,-0.19621814613865227,0.9415829490307701,-0.4156175589970315,-0.20166150310667885,-0.4864967196604686,-0.21219372754742588,-0.2991983466782894,-0.6400035310637054,-0.14660958536878183,0.6743963935452368,-0.3318468896580935,-0.2931944802761775,-0.03167031776097681,-0.268264101878365,-0.3392400313681768,0.855943274340589,-0.03167031776097681,-0.03167031776097681
1.1300165697238174,1.1162035696924077,-0.3479313370261297,-0.843547245630459,0.1872153312463356,-0.7433295822587509,-0.5688650341299796,-0.34290113299620106,-0.8059694639746,1.0946405279645712,-0.2529147778628351,-0.22965760608731267,-1.119295166803151,-0.3921188919620247,-0.07095947242679883,-0.11031946970293831,-0.38184998948033355,-0.6446726587031845,1.6935811330619999,-0.7124274490013944,-0.08989331499509892,-0.10060545457319174,-0.21981657747106437,1.2591633047302777,-0.3070801941090227,-0.19621814613865227,-1.0620413220411034,-0.4156175589970315,-0.20166150310667885,-0.4864967196604686,-0.21219372754742588,-0.2991983466782894,-0.6400035310637054,-0.14660958536878183,0.6743963935452368,-0.3318468896580935,-0.2931944802761775,-0.03167031776097681,-0.268264101878365,-0.3392400313681768,0.855943274340589,-0.03167031776097681,-0.03167031776097681
1.1300165697238174,1.1162035696924077,-0.27218188799644444,-0.31290433660704664,1.3049076577698226,-0.7433295822587509,-0.5688650341299796,-0.34290113299620106,-0.8059694639746,1.0946405279645712,-0.2529147778628351,-0.22965760608731267,0.893419385394227,-0.3921188919620247,-0.07095947242679883,-0.11031946970293831,-0.38184998948033355,-0.6446726587031845,1.6935811330619999,-0.7124274490013944,-0.08989331499509892,-0.10060545457319174,-0.21981657747106437,1.2591633047302777,-0.3070801941090227,-0.19621814613865227,-1.0620413220411034,-0.4156175589970315,-0.20166150310667885,-0.4864967196604686,-0.21219372754742588,-0.2991983466782894,-0.6400035310637054,-0.14660958536878183,0.6743963935452368,-0.3318468896580935,-0.2931944802761775,-0.03167031776097681,-0.268264101878365,-0.3392400313681768,0.855943274340589,-0.03167031776097681,-0.03167031776097681
1.1300165697238174,0.022696608835422783,-0.27218188799644444,-0.6023459233470897,0.3734973856669168,0.019883301583053115,-0.5688650341299796,-0.34290113299620106,-0.8059694639746,1.0946405279645712,-0.2529147778628351,-0.22965760608731267,0.893419385394227,-0.3921188919620247,-0.07095947242679883,-0.11031946970293831,-0.38184998948033355,-0.6446726587031845,1.6935811330619999,-0.7124274490013944,-0.08989331499509892,-0.10060545457319174,-0.21981657747106437,1.2591633047302777,-0.3070801941090227,-0.19621814613865227,-1.0620413220411034,-0.4156175589970315,-0.20166150310667885,-0.4864967196604686,-0.21219372754742588,-0.2991983466782894,1.5624913792865636,-0.14660958536878183,-1.482807455038566,-0.3318468896580935,-0.2931944802761775,-0.03167031776097681,-0.268264101878365,-0.3392400313681768,0.855943274340589,-0.03167031776097681,-0.03167031776097681
1.1300165697238174,0.022696608835422783,-0.12068298993707387,0.02477751458967053,0.1872153312463356,0.7830961854248571,-0.5688650341299796,-0.34290113299620106,-0.8059694639746,1.0946405279645712,-0.2529147778628351,-0.22965760608731267,0.893419385394227,-0.3921188919620247,-0.07095947242679883,-0.11031946970293831,-0.38184998948033355,-0.6446726587031845,1.6935811330619999,-0.7124274490013944,-0.08989331499509892,-0.10060545457319174,-0.21981657747106437,1.2591633047302777,-0.3070801941090227,-0.19621814613865227,-1.0620413220411034,-0.4156175589970315,-0.20166150310667885,-0.4864967196604686,-0.21219372754742588,-0.2991983466782894,-0.6400035310637054,-0.14660958536878183,0.6743963935452368,-0.3318468896580935,-0.2931944802761775,-0.03167031776097681,-0.268264101878365,-0.3392400313681768,0.855943274340589,-0.03167031776097681,-0.03167031776097681
1.1300165697238174,0.022696608835422783,-0.6509291331448709,-0.6023459233470897,-1.2099000769080233,0.019883301583053115,-0.5688650341299796,-0.34290113299620106,-0.8059694639746,-0.9135419112057267,-0.2529147778628351,-0.22965760608731267,0.893419385394227,-0.3921188919620247,-0.07095947242679883,-0.11031946970293831,-0.38184998948033355,-0.6446726587031845,1.6935811330619999,-0.7124274490013944,-0.08989331499509892,-0.10060545457319174,-0.21981657747106437,-0.7941781627873975,-0.3070801941090227,-0.19621814613865227,0.9415829490307701,-0.4156175589970315,-0.20166150310667885,-0.4864967196604686,-0.21219372754742588,3.3422644580160132,-0.6400035310637054,-0.14660958536878183,0.6743963935452368,-0.3318468896580935,-0.2931944802761775,-0.03167031776097681,-0.268264101878365,-0.3392400313681768,0.855943274340589,-0.03167031776097681,-0.03167031776097681
1.1300165697238174,0.022696608835422783,-0.12068298993707387,-0.45762512997706817,0.1872153312463356,0.7830961854248571,-0.5688650341299796,-0.34290113299620106,-0.8059694639746,1.0946405279645712,-0.2529147778628351,-0.22965760608731267,-1.119295166803151,-0.3921188919620247,-0.07095947242679883,-0.11031946970293831,-0.38184998948033355,-0.6446726587031845,1.6935811330619999,-0.7124274490013944,-0.08989331499509892,-0.10060545457319174,-0.21981657747106437,1.2591633047302777,-0.3070801941090227,-0.19621814613865227,0.9415829490307701,-0.4156175589970315,-0.20166150310667885,-0.4864967196604686,-0.21219372754742588,-0.2991983466782894,-0.6400035310637054,-0.14660958536878183,0.6743963935452368,-0.3318468896580935,-0.2931944802761775,-0.03167031776097681,-0.268264101878365,-0.3392400313681768,0.855943274340589,-0.03167031776097681,-0.03167031776097681
1.1300165697238174,1.1162035696924077,-0.19643243896675913,-0.11994327878035099,0.09407430403604503,0.019883301583053115,-0.5688650341299796,-0.34290113299620106,-0.8059694639746,1.0946405279645712,-0.2529147778628351,-0.22965760608731267,0.893419385394227,-0.3921188919620247,-0.07095947242679883,-0.11031946970293831,2.618829455412367,-0.6446726587031845,-0.5904647734189133,-0.7124274490013944,-0.08989331499509892,-0.10060545457319174,4.5492474294011584,-0.7941781627873975,-0.3070801941090227,-0.19621814613865227,-1.0620413220411034,-0.4156175589970315,4.9588046533155135,-0.4864967196604686,4.712674646692831,-0.2991983466782894,-0.6400035310637054,-0.14660958536878183,0.6743963935452368,-0.3318468896580935,-0.2931944802761775,-0.03167031776097681,-0.268264101878365,-0.3392400313681768,-1.1683017204269652,31.575306807693888,-0.03167031776097681
1.163815804578842,1.147446625716893,-0.19643243896675913,-0.6988264522604375,0.8392025217183697,1.164702627345759,-0.5688650341299796,-0.34290113299620106,-0.8059694639746,1.0946405279645712,-0.2529147778628351,-0.22965760608731267,0.893419385394227,-0.3921188919620247,-0.07095947242679883,-0.11031946970293831,-0.38184998948033355,-0.6446726587031845,1.6935811330619999,-0.7124274490013944,-0.08989331499509892,-0.10060545457319174,4.5492474294011584,-0.7941781627873975,-0.3070801941090227,-0.19621814613865227,-1.0620413220411034,-0.4156175589970315,4.9588046533155135,-0.4864967196604686,4.712674646692831,-0.2991983466782894,-0.6400035310637054,-0.14660958536878183,0.6743963935452368,-0.3318468896580935,-0.2931944802761775,-0.03167031776097681,-0.268264101878365,-0.3392400313681768,0.855943274340589,-0.03167031776097681,-0.03167031776097681
1.1938595688944196,1.1786896817413781,-0.3479313370261297,-0.891787510087133,0.559779440087498,0.4014897435039551,-0.5688650341299796,-0.34290113299620106,-0.8059694639746,-0.9135419112057267,-0.2529147778628351,-0.22965760608731267,-1.119295166803151,-0.3921188919620247,-0.07095947242679883,-0.11031946970293831,-0.38184998948033355,-0.6446726587031845,-0.5904647734189133,-0.7124274490013944,-0.08989331499509892,-0.10060545457319174,4.5492474294011584,-0.7941781627873975,-0.3070801941090227,-0.19621814613865227,-1.0620413220411034,-0.4156175589970315,4.9588046533155135,-0.4864967196604686,4.712674646692831,-0.2991983466782894,-0.6400035310637054,-0.14660958536878183,0.6743963935452368,-0.3318468896580935,-0.2931944802761775,-0.03167031776097681,-0.268264101878365,-0.3392400313681768,0.855943274340589,-0.03167031776097681,-0.03167031776097681
1.1938595688944196,1.1786896817413781,-0.423680786055815,-0.36114460106372037,0.46663841287720736,0.019883301583053115,-0.5688650341299796,-0.34290113299620106,-0.8059694639746,1.0946405279645712,-0.2529147778628351,-0.22965760608731267,-1.119295166803151,-0.3921188919620247,-0.07095947242679883,-0.11031946970293831,-0.38184998948033355,-0.6446726587031845,1.6935811330619999,-0.7124274490013944,-0.08989331499509892,-0.10060545457319174,4.5492474294011584,-0.7941781627873975,-0.3070801941090227,-0.19621814613865227,-1.0620413220411034,-0.4156175589970315,4.9588046533155135,-0.4864967196604686,4.712674646692831,-0.2991983466782894,1.5624913792865636,-0.14660958536878183,-1.482807455038566,-0.3318468896580935,-0.2931944802761775,-0.03167031776097681,-0.268264101878365,-0.3392400313681768,0.855943274340589,-0.03167031776097681,-0.03167031776097681
1.1938595688944196,1.1786896817413781,-0.5751796841151856,-0.1681835432370247,-0.5579128864359891,1.164702627345759,-0.5688650341299796,-0.34290113299620106,-0.8059694639746,-0.9135419112057267,-0.2529147778628351,-0.22965760608731267,0.893419385394227,-0.3921188919620247,-0.07095947242679883,-0.11031946970293831,-0.38184998948033355,-0.6446726587031845,1.6935811330619999,-0.7124274490013944,-0.08989331499509892,-0.10060545457319174,-0.21981657747106437,1.2591633047302777,-0.3070801941090227,-0.19621814613865227,-1.0620413220411034,-0.4156175589970315,-0.20166150310667885,-0.4864967196604686,-0.21219372754742588,-0.2991983466782894,-0.6400035310637054,-0.14660958536878183,0.6743963935452368,-0.3318468896580935,-0.2931944802761775,-0.03167031776097681,-0.268264101878365,-0.3392400313681768,0.855943274340589,-0.03167031776097681,-0.03167031776097681
0.8821555141203036,0.8662591214965254,-0.423680786055815,-0.843547245630459,0.559779440087498,1.5463090692666612,-0.5688650341299796,-0.34290113299620106,-0.8059694639746,1.0946405279645712,-0.2529147778628351,-0.22965760608731267,-1.119295166803151,-0.3921188919620247,-0.07095947242679883,-0.11031946970293831,2.618829455412367,-0.6446726587031845,-0.5904647734189133,-0.7124274490013944,-0.08989331499509892,-0.10060545457319174,-0.21981657747106437,1.2591633047302777,-0.3070801941090227,-0.19621814613865227,0.9415829490307701,-0.4156175589970315,-0.20166150310667885,-0.4864967196604686,-0.21219372754742588,-0.2991983466782894,1.5624913792865636,-0.14660958536878183,-1.482807455038566,-0.3318468896580935,-0.2931944802761775,-0.03167031776097681,-0.268264101878365,-0.3392400313681768,0.855943274340589,-0.03167031776097681,-0.03167031776097681
1.223903333209997,1.2099327377658635,-0.6509291331448709,-1.0365083034571545,-0.4647718592256985,1.164702627345759,-0.5688650341299796,-0.34290113299620106,-0.8059694639746,-0.9135419112057267,-0.2529147778628351,-0.22965760608731267,-1.119295166803151,-0.3921188919620247,-0.07095947242679883,-0.11031946970293831,-0.38184998948033355,-0.6446726587031845,1.6935811330619999,-0.7124274490013944,-0.08989331499509892,-0.10060545457319174,-0.21981657747106437,1.2591633047302777,-0.3070801941090227,-0.19621814613865227,-1.0620413220411034,-0.4156175589970315,-0.20166150310667885,-0.4864967196604686,-0.21219372754742588,-0.2991983466782894,-0.6400035310637054,-0.14660958536878183,0.6743963935452368,-0.3318468896580935,-0.2931944802761775,-0.03167031776097681,-0.268264101878365,-0.3392400313681768,0.855943274340589,-0.03167031776097681,-0.03167031776097681
1.223903333209997,1.2099327377658635,-0.044933540907388575,-0.5058653944337419,-1.3030411041183139,0.7830961854248571,-0.5688650341299796,-0.34290113299620106,-0.8059694639746,-0.9135419112057267,3.9539010272556565,-0.22965760608731267,0.893419385394227,-0.3921188919620247,-0.07095947242679883,-0.11031946970293831,-0.38184998948033355,-0.6446726587031845,-0.5904647734189133,-0.7124274490013944,-0.08989331499509892,-0.10060545457319174,-0.21981657747106437,-0.7941781627873975,-0.3070801941090227,-0.19621814613865227,-1.0620413220411034,-0.4156175589970315,-0.20166150310667885,-0.4864967196604686,-0.21219372754742588,3.3422644580160132,-0.6400035310637054,-0.14660958536878183,0.6743963935452368,-0.3318468896580935,-0.2931944802761775,-0.03167031776097681,-0.268264101878365,-0.3392400313681768,0.855943274340589,-0.03167031776097681,-0.03167031776097681
1.223903333209997,1.2099327377658635,-0.3479313370261297,-0.6988264522604375,0.3734973856669168,0.019883301583053115,-0.5688650341299796,-0.34290113299620106,-0.8059694639746,-0.9135419112057267,3.9539010272556565,-0.22965760608731267,0.893419385394227,-0.3921188919620247,-0.07095947242679883,-0.11031946970293831,2.618829455412367,-0.6446726587031845,-0.5904647734189133,-0.7124274490013944,-0.08989331499509892,-0.10060545457319174,-0.21981657747106437,-0.7941781627873975,3.256478337528241,-0.19621814613865227,0.9415829490307701,-0.4156175589970315,-0.20166150310667885,-0.4864967196604686,-0.21219372754742588,-0.2991983466782894,-0.6400035310637054,-0.14660958536878183,0.6743963935452368,-0.3318468896580935,-0.2931944802761775,-0.03167031776097681,-0.268264101878365,-0.3392400313681768,-1.1683017204269652,-0.03167031776097681,31.575306807693888
-0.3083286468844522,-0.32097700743391533,-0.423680786055815,-1.3741901546538717,-0.837335968066861,-0.7433295822587509,-0.5688650341299796,-0.34290113299620106,-0.8059694639746,-0.9135419112057267,3.9539010272556565,-0.22965760608731267,0.893419385394227,-0.3921188919620247,-0.07095947242679883,-0.11031946970293831,-0.38184998948033355,-0.6446726587031845,1.6935811330619999,-0.7124274490013944,-0.08989331499509892,-0.10060545457319174,-0.21981657747106437,1.2591633047302777,-0.3070801941090227,-0.19621814613865227,0.9415829490307701,-0.4156175589970315,-0.20166150310667885,-0.4864967196604686,-0.21219372754742588,3.3422644580160132,-0.6400035310637054,-0.14660958536878183,0.6743963935452368,-0.3318468896580935,-0.2931944802761775,-0.03167031776097681,-0.268264101878365,-0.3392400313681768,0.855943274340589,-0.03167031776097681,-0.03167031776097681
1.2877463323805989,1.272418849814834,-0.5751796841151856,-0.7953069811737852,0.1872153312463356,1.164702627345759,-0.5688650341299796,-0.34290113299620106,-0.8059694639746,-0.9135419112057267,3.9539010272556565,-0.22965760608731267,0.893419385394227,-0.3921188919620247,-0.07095947242679883,-0.11031946970293831,-0.38184998948033355,-0.6446726587031845,1.6935811330619999,-0.7124274490013944,11.124297730643493,-0.10060545457319174,-0.21981657747106437,-0.7941781627873975,-0.3070801941090227,-0.19621814613865227,-1.0620413220411034,-0.4156175589970315,-0.20166150310667885,-0.4864967196604686,-0.21219372754742588,-0.2991983466782894,-0.6400035310637054,-0.14660958536878183,0.6743963935452368,-0.3318468896580935,-0.2931944802761775,-0.03167031776097681,-0.268264101878365,-0.3392400313681768,0.855943274340589,-0.03167031776097681,-0.03167031776097681
-0.24448564771385017,-0.25849089538494474,-0.4994302350855003,-1.1812290968271761,-0.27848980480511737,-0.7433295822587509,-0.5688650341299796,-0.34290113299620106,-0.8059694639746,-0.9135419112057267,3.9539010272556565,-0.22965760608731267,-1.119295166803151,-0.3921188919620247,-0.07095947242679883,-0.11031946970293831,-0.38184998948033355,-0.6446726587031845,1.6935811330619999,-0.7124274490013944,-0.08989331499509892,-0.10060545457319174,-0.21981657747106437,1.2591633047302777,-0.3070801941090227,-0.19621814613865227,0.9415829490307701,-0.4156175589970315,-0.20166150310667885,-0.4864967196604686,-0.21219372754742588,-0.2991983466782894,1.5624913792865636,-0.14660958536878183,-1.482807455038566,-0.3318468896580935,-0.2931944802761775,-0.03167031776097681,-0.268264101878365,-0.3392400313681768,0.855943274340589,-0.03167031776097681,-0.03167031776097681
0.0033754078896636995,0.08518272088439335,-0.423680786055815,-1.4224304191105457,-0.6510539136462797,0.019883301583053115,-0.5688650341299796,-0.34290113299620106,-0.8059694639746,-0.9135419112057267,3.9539010272556565,-0.22965760608731267,-1.119295166803151,-0.3921188919620247,-0.07095947242679883,-0.11031946970293831,-0.38184998948033355,-0.6446726587031845,1.6935811330619999,-0.7124274490013944,-0.08989331499509892,-0.10060545457319174,-0.21981657747106437,1.2591633047302777,-0.3070801941090227,-0.19621814613865227,0.9415829490307701,-0.4156175589970315,-0.20166150310667885,-0.4864967196604686,-0.21219372754742588,-0.2991983466782894,1.5624913792865636,-0.14660958536878183,-1.482807455038566,-0.3318468896580935,-0.2931944802761775,-0.03167031776097681,-0.268264101878365,-0.3392400313681768,0.855943274340589,-0.03167031776097681,-0.03167031776097681
0.0033754078896636995,-0.10227561526251834,-0.4994302350855003,-1.1812290968271761,0.1872153312463356,0.4014897435039551,-0.5688650341299796,-0.34290113299620106,-0.8059694639746,-0.9135419112057267,3.9539010272556565,-0.22965760608731267,0.893419385394227,-0.3921188919620247,-0.07095947242679883,-0.11031946970293831,-0.38184998948033355,-0.6446726587031845,1.6935811330619999,-0.7124274490013944,-0.08989331499509892,-0.10060545457319174,-0.21981657747106437,1.2591633047302777,-0.3070801941090227,-0.19621814613865227,-1.0620413220411034,-0.4156175589970315,-0.20166150310667885,-0.4864967196604686,-0.21219372754742588,-0.2991983466782894,1.5624913792865636,-0.14660958536878183,-1.482807455038566,-0.3318468896580935,-0.2931944802761775,-0.03167031776097681,-0.268264101878365,-0.3392400313681768,0.855943274340589,-0.03167031776097681,-0.03167031776097681
0.0033754078896636995,1.3661480178882899,-0.12068298993707387,-0.6023459233470897,-0.4647718592256985,-0.7433295822587509,-0.5688650341299796,-0.34290113299620106,-0.8059694639746,1.0946405279645712,-0.2529147778628351,-0.22965760608731267,-1.119295166803151,-0.3921188919620247,-0.07095947242679883,-0.11031946970293831,-0.38184998948033355,-0.6446726587031845,1.6935811330619999,-0.7124274490013944,-0.08989331499509892,-0.10060545457319174,-0.21981657747106437,1.2591633047302777,-0.3070801941090227,-0.19621814613865227,0.9415829490307701,-0.4156175589970315,-0.20166150310667885,-0.4864967196604686,-0.21219372754742588,-0.2991983466782894,1.5624913792865636,-0.14660958536878183,-1.482807455038566,-0.3318468896580935,-0.2931944802761775,-0.03167031776097681,-0.268264101878365,-0.3392400313681768,0.855943274340589,-0.03167031776097681,-0.03167031776097681
0.0033754078896636995,0.8350160654720401,-0.423680786055815,-0.21642380769369882,-1.3030411041183139,0.019883301583053115,-0.5688650341299796,-0.34290113299620106,-0.8059694639746,1.0946405279645712,-0.2529147778628351,-0.22965760608731267,0.893419385394227,-0.3921188919620247,-0.07095947242679883,-0.11031946970293831,-0.38184998948033355,-0.6446726587031845,-0.5904647734189133,-0.7124274490013944,-0.08989331499509892,-0.10060545457319174,-0.21981657747106437,-0.7941781627873975,-0.3070801941090227,-0.19621814613865227,0.9415829490307701,-0.4156175589970315,-0.20166150310667885,-0.4864967196604686,-0.21219372754742588,3.3422644580160132,-0.6400035310637054,-0.14660958536878183,0.6743963935452368,-0.3318468896580935,-0.2931944802761775,-0.03167031776097681,-0.268264101878365,-0.3392400313681768,0.855943274340589,-0.03167031776097681,-0.03167031776097681
0.0033754078896636995,0.8037730094475548,-0.6509291331448709,-1.0847485679138285,1.025484576138951,-0.7433295822587509,-0.5688650341299796,-0.34290113299620106,-0.8059694639746,-0.9135419112057267,-0.2529147778628351,-0.22965760608731267,-1.119295166803151,-0.3921188919620247,-0.07095947242679883,-0.11031946970293831,-0.38184998948033355,-0.6446726587031845,1.6935811330619999,-0.7124274490013944,-0.08989331499509892,-0.10060545457319174,-0.21981657747106437,1.2591633047302777,-0.3070801941090227,-0.19621814613865227,0.9415829490307701,-0.4156175589970315,-0.20166150310667885,-0.4864967196604686,-0.21219372754742588,-0.2991983466782894,1.5624913792865636,-0.14660958536878183,-1.482807455038566,-0.3318468896580935,-0.2931944802761775,-0.03167031776097681,-0.268264101878365,-0.3392400313681768,0.855943274340589,-0.03167031776097681,-0.03167031776097681
0.0033754078896636995,1.3973910739127753,-0.19643243896675913,-0.40938486552039405,-0.4647718592256985,0.019883301583053115,-0.5688650341299796,-0.34290113299620106,-0.8059694639746,1.0946405279645712,-0.2529147778628351,-0.22965760608731267,-1.119295166803151,-0.3921188919620247,-0.07095947242679883,-0.11031946970293831,-0.38184998948033355,-0.6446726587031845,1.6935811330619999,-0.7124274490013944,-0.08989331499509892,-0.10060545457319174,-0.21981657747106437,1.2591633047302777,-0.3070801941090227,-0.19621814613865227,-1.0620413220411034,-0.4156175589970315,-0.20166150310667885,-0.4864967196604686,-0.21219372754742588,-0.2991983466782894,-0.6400035310637054,-0.14660958536878183,0.6743963935452368,-0.3318468896580935,-0.2931944802761775,-0.03167031776097681,-0.268264101878365,-0.3392400313681768,0.855943274340589,-0.03167031776097681,-0.03167031776097681
0.0033754078896636995,0.8662591214965254,-0.27218188799644444,-0.31290433660704664,-0.18534877759482676,-0.7433295822587509,-0.5688650341299796,-0.34290113299620106,-0.8059694639746,-0.9135419112057267,-0.2529147778628351,-0.22965760608731267,-1.119295166803151,-0.3921188919620247,-0.07095947242679883,-0.11031946970293831,-0.38184998948033355,-0.6446726587031845,1.6935811330619999,-0.7124274490013944,-0.08989331499509892,-0.10060545457319174,-0.21981657747106437,1.2591633047302777,-0.3070801941090227,-0.19621814613865227,0.9415829490307701,-0.4156175589970315,-0.20166150310667885,-0.4864967196604686,-0.21219372754742588,-0.2991983466782894,-0.6400035310637054,-0.14660958536878183,0.6743963935452368,-0.3318468896580935,-0.2931944802761775,-0.03167031776097681,-0.268264101878365,-0.3392400313681768,0.855943274340589,-0.03167031776097681,-0.03167031776097681
0.0033754078896636995,1.3973910739127753,0.7883103984191495,-0.11994327878035099,0.6529204672977886,0.019883301583053115,-0.5688650341299796,-0.34290113299620106,-0.8059694639746,1.0946405279645712,-0.2529147778628351,-0.22965760608731267,0.893419385394227,-0.3921188919620247,-0.07095947242679883,-0.11031946970293831,2.618829455412367,-0.6446726587031845,-0.5904647734189133,-0.7124274490013944,-0.08989331499509892,-0.10060545457319174,-0.21981657747106437,1.2591633047302777,-0.3070801941090227,-0.19621814613865227,0.9415829490307701,-0.4156175589970315,-0.20166150310667885,-0.4864967196604686,-0.21219372754742588,-0.2991983466782894,-0.6400035310637054,-0.14660958536878183,0.6743963935452368,-0.3318468896580935,-0.2931944802761775,-0.03167031776097681,-0.268264101878365,-0.3392400313681768,0.855943274340589,-0.03167031776097681,-0.03167031776097681
1.4454760950373804,1.4286341299372605,-0.4994302350855003,-0.554105658890416,-0.7441949408565703,0.019883301583053115,-0.5688650341299796,-0.34290113299620106,-0.8059694639746,-0.9135419112057267,-0.2529147778628351,-0.22965760608731267,0.893419385394227,-0.3921188919620247,-0.07095947242679883,-0.11031946970293831,-0.38184998948033355,-0.6446726587031845,1.6935811330619999,-0.7124274490013944,-0.08989331499509892,-0.10060545457319174,-0.21981657747106437,1.2591633047302777,-0.3070801941090227,-0.19621814613865227,0.9415829490307701,-0.4156175589970315,-0.20166150310667885,-0.4864967196604686,-0.21219372754742588,-0.2991983466782894,1.5624913792865636,-0.14660958536878183,-1.482807455038566,-0.3318468896580935,-0.2931944802761775,-0.03167031776097681,-0.268264101878365,-0.3392400313681768,0.855943274340589,-0.03167031776097681,-0.03167031776097681
-0.02666835642591376,-0.03978950321354778,-0.5751796841151856,-1.2294693612838499,-0.09220775038453617,-0.7433295822587509,-0.5688650341299796,-0.34290113299620106,-0.8059694639746,-0.9135419112057267,-0.2529147778628351,-0.22965760608731267,0.893419385394227,-0.3921188919620247,-0.07095947242679883,-0.11031946970293831,-0.38184998948033355,-0.6446726587031845,1.6935811330619999,-0.7124274490013944,-0.08989331499509892,-0.10060545457319174,-0.21981657747106437,1.2591633047302777,-0.3070801941090227,-0.19621814613865227,0.9415829490307701,-0.4156175589970315,-0.20166150310667885,-0.4864967196604686,-0.21219372754742588,3.3422644580160132,-0.6400035310637054,-0.14660958536878183,0.6743963935452368,-0.3318468896580935,-0.2931944802761775,-0.03167031776097681,-0.268264101878365,-0.3392400313681768,0.855943274340589,-0.03167031776097681,-0.03167031776097681
0.7544695157790996,0.7412868973985842,-0.423680786055815,-0.7953069811737852,0.8392025217183697,0.4014897435039551,-0.5688650341299796,-0.34290113299620106,-0.8059694639746,-0.9135419112057267,-0.2529147778628351,-0.22965760608731267,0.893419385394227,-0.3921188919620247,-0.07095947242679883,-0.11031946970293831,-0.38184998948033355,-0.6446726587031845,1.6935811330619999,-0.7124274490013944,-0.08989331499509892,-0.10060545457319174,-0.21981657747106437,1.2591633047302777,-0.3070801941090227,-0.19621814613865227,0.9415829490307701,-0.4156175589970315,-0.20166150310667885,-0.4864967196604686,-0.21219372754742588,-0.2991983466782894,-0.6400035310637054,-0.14660958536878183,0.6743963935452368,-0.3318468896580935,-0.2931944802761775,-0.03167031776097681,-0.268264101878365,-0.3392400313681768,0.855943274340589,-0.03167031776097681,-0.03167031776097681
1.0060860419220605,0.9912313455944666,-0.423680786055815,-0.843547245630459,-0.6510539136462797,-0.7433295822587509,-0.5688650341299796,-0.34290113299620106,-0.8059694639746,-0.9135419112057267,-0.2529147778628351,-0.22965760608731267,-1.119295166803151,-0.3921188919620247,-0.07095947242679883,-0.11031946970293831,-0.38184998948033355,-0.6446726587031845,1.6935811330619999,-0.7124274490013944,-0.08989331499509892,-0.10060545457319174,-0.21981657747106437,1.2591633047302777,-0.3070801941090227,-0.19621814613865227,-1.0620413220411034,2.4060581136494816,-0.20166150310667885,-0.4864967196604686,-0.21219372754742588,-0.2991983466782894,-0.6400035310637054,-0.14660958536878183,0.6743963935452368,-0.3318468896580935,-0.2931944802761775,-0.03167031776097681,-0.268264101878365,-0.3392400313681768,0.855943274340589,-0.03167031776097681,-0.03167031776097681
1.036129806237638,1.0224744016189518,-0.423680786055815,-0.7953069811737852,1.4911897121904039,0.7830961854248571,-0.5688650341299796,2.9162924930057867,-0.8059694639746,1.0946405279645712,-0.2529147778628351,-0.22965760608731267,-1.119295166803151,-0.3921188919620247,-0.07095947242679883,-0.11031946970293831,-0.38184998948033355,-0.6446726587031845,1.6935811330619999,-0.7124274490013944,-0.08989331499509892,-0.10060545457319174,-0.21981657747106437,1.2591633047302777,-0.3070801941090227,-0.19621814613865227,0.9415829490307701,-0.4156175589970315,-0.20166150310667885,-0.4864967196604686,-0.21219372754742588,-0.2991983466782894,-0.6400035310637054,-0.14660958536878183,0.6743963935452368,-0.3318468896580935,-0.2931944802761775,-0.03167031776097681,-0.268264101878365,-0.3392400313681768,0.855943274340589,-0.03167031776097681,-0.03167031776097681
1.53936285852356,1.5223632980107162,-0.5751796841151856,-0.36114460106372037,-0.9304769952771516,1.164702627345759,-0.5688650341299796,-0.34290113299620106,-0.8059694639746,-0.9135419112057267,-0.2529147778628351,-0.22965760608731267,0.893419385394227,-0.3921188919620247,-0.07095947242679883,-0.11031946970293831,-0.38184998948033355,-0.6446726587031845,-0.5904647734189133,-0.7124274490013944,-0.08989331499509892,-0.10060545457319174,-0.21981657747106437,-0.7941781627873975,-0.3070801941090227,-0.19621814613865227,-1.0620413220411034,-0.4156175589970315,-0.20166150310667885,-0.4864967196604686,-0.21219372754742588,-0.2991983466782894,1.5624913792865636,-0.14660958536878183,-1.482807455038566,-0.3318468896580935,-0.2931944802761775,-0.03167031776097681,-0.268264101878365,-0.3392400313681768,0.855943274340589,-0.03167031776097681,-0.03167031776097681
0.7244257514635221,0.710043841374099,-0.6509291331448709,-1.1329888323705024,-0.27848980480511737,0.019883301583053115,-0.5688650341299796,-0.34290113299620106,-0.8059694639746,-0.9135419112057267,-0.2529147778628351,-0.22965760608731267,-1.119295166803151,-0.3921188919620247,-0.07095947242679883,-0.11031946970293831,-0.38184998948033355,-0.6446726587031845,1.6935811330619999,-0.7124274490013944,-0.08989331499509892,-0.10060545457319174,-0.21981657747106437,1.2591633047302777,-0.3070801941090227,-0.19621814613865227,-1.0620413220411034,2.4060581136494816,-0.20166150310667885,-0.4864967196604686,-0.21219372754742588,-0.2991983466782894,-0.6400035310637054,-0.14660958536878183,0.6743963935452368,-0.3318468896580935,-0.2931944802761775,-0.03167031776097681,-0.268264101878365,-0.3392400313681768,0.855943274340589,-0.03167031776097681,-0.03167031776097681
1.5694066228391375,1.5536063540352016,-0.27218188799644444,-0.7470667167171112,-1.5824641857491857,0.4014897435039551,-0.5688650341299796,-0.34290113299620106,-0.8059694639746,-0.9135419112057267,-0.2529147778628351,-0.22965760608731267,0.893419385394227,-0.3921188919620247,-0.07095947242679883,-0.11031946970293831,-0.38184998948033355,-0.6446726587031845,1.6935811330619999,-0.7124274490013944,-0.08989331499509892,-0.10060545457319174,-0.21981657747106437,1.2591633047302777,-0.3070801941090227,-0.19621814613865227,-1.0620413220411034,-0.4156175589970315,-0.20166150310667885,-0.4864967196604686,-0.21219372754742588,3.3422644580160132,1.5624913792865636,-0.14660958536878183,-1.482807455038566,-0.3318468896580935,-0.2931944802761775,-0.03167031776097681,-0.268264101878365,-0.3392400313681768,0.855943274340589,-0.03167031776097681,-0.03167031776097681
0.9422430427514585,0.928745233545496,-0.19643243896675913,-0.45762512997706817,-0.6510539136462797,-1.1249360241796529,-0.5688650341299796,-0.34290113299620106,-0.8059694639746,-0.9135419112057267,-0.2529147778628351,-0.22965760608731267,-1.119295166803151,-0.3921188919620247,-0.07095947242679883,-0.11031946970293831,-0.38184998948033355,-0.6446726587031845,1.6935811330619999,-0.7124274490013944,-0.08989331499509892,-0.10060545457319174,-0.21981657747106437,1.2591633047302777,-0.3070801941090227,-0.19621814613865227,-1.0620413220411034,-0.4156175589970315,-0.20166150310667885,-0.4864967196604686,-0.21219372754742588,-0.2991983466782894,-0.6400035310637054,-0.14660958536878183,0.6743963935452368,-0.3318468896580935,-0.2931944802761775,-0.03167031776097681,-0.268264101878365,-0.3392400313681768,0.855943274340589,-0.03167031776097681,-0.03167031776097681
0.13106140623086773,0.11642577690887863,-0.423680786055815,-1.3259498901971978,0.3734973856669168,-1.1249360241796529,-0.5688650341299796,-0.34290113299620106,-0.8059694639746,-0.9135419112057267,-0.2529147778628351,-0.22965760608731267,-1.119295166803151,-0.3921188919620247,-0.07095947242679883,-0.11031946970293831,-0.38184998948033355,-0.6446726587031845,1.6935811330619999,-0.7124274490013944,-0.08989331499509892,-0.10060545457319174,-0.21981657747106437,1.2591633047302777,-0.3070801941090227,-0.19621814613865227,-1.0620413220411034,-0.4156175589970315,-0.20166150310667885,-0.4864967196604686,-0.21219372754742588,-0.2991983466782894,-0.6400035310637054,-0.14660958536878183,0.6743963935452368,-0.3318468896580935,-0.2931944802761775,-0.03167031776097681,-0.268264101878365,-0.3392400313681768,0.855943274340589,-0.03167031776097681,-0.03167031776097681
1.5994503871547148,1.5848494100596868,1.2428070925972612,-0.02346274986700317,0.6529204672977886,1.5463090692666612,-0.5688650341299796,2.9162924930057867,-0.8059694639746,1.0946405279645712,-0.2529147778628351,-0.22965760608731267,0.893419385394227,-0.3921188919620247,-0.07095947242679883,-0.11031946970293831,-0.38184998948033355,-0.6446726587031845,-0.5904647734189133,-0.7124274490013944,-0.08989331499509892,-0.10060545457319174,-0.21981657747106437,-0.7941781627873975,-0.3070801941090227,-0.19621814613865227,0.9415829490307701,-0.4156175589970315,-0.20166150310667885,-0.4864967196604686,-0.21219372754742588,-0.2991983466782894,-0.6400035310637054,-0.14660958536878183,0.6743963935452368,-0.3318468896580935,-0.2931944802761775,-0.03167031776097681,-0.268264101878365,-0.3392400313681768,0.855943274340589,-0.03167031776097681,-0.03167031776097681
1.6332496220097394,1.6160924660841722,-0.4994302350855003,-0.554105658890416,-0.27848980480511737,0.019883301583053115,-0.5688650341299796,-0.34290113299620106,-0.8059694639746,-0.9135419112057267,-0.2529147778628351,-0.22965760608731267,-1.119295166803151,-0.3921188919620247,-0.07095947242679883,-0.11031946970293831,-0.38184998948033355,-0.6446726587031845,1.6935811330619999,-0.7124274490013944,-0.08989331499509892,-0.10060545457319174,-0.21981657747106437,1.2591633047302777,-0.3070801941090227,-0.19621814613865227,-1.0620413220411034,2.4060581136494816,-0.20166150310667885,-0.4864967196604686,-0.21219372754742588,-0.2991983466782894,-0.6400035310637054,-0.14660958536878183,0.6743963935452368,-0.3318468896580935,-0.2931944802761775,-0.03167031776097681,-0.268264101878365,-0.3392400313681768,0.855943274340589,-0.03167031776097681,-0.03167031776097681
0.6305389879773426,0.6163146733006432,-0.19643243896675913,-0.843547245630459,0.1872153312463356,0.4014897435039551,-0.5688650341299796,-0.34290113299620106,-0.8059694639746,1.0946405279645712,-0.2529147778628351,-0.22965760608731267,0.893419385394227,-0.3921188919620247,-0.07095947242679883,-0.11031946970293831,-0.38184998948033355,-0.6446726587031845,1.6935811330619999,-0.7124274490013944,-0.08989331499509892,-0.10060545457319174,-0.21981657747106437,1.2591633047302777,-0.3070801941090227,-0.19621814613865227,-1.0620413220411034,-0.4156175589970315,-0.20166150310667885,-0.4864967196604686,-0.21219372754742588,-0.2991983466782894,-0.6400035310637054,-0.14660958536878183,0.6743963935452368,-0.3318468896580935,-0.2931944802761775,-0.03167031776097681,-0.268264101878365,-0.3392400313681768,0.855943274340589,-0.03167031776097681,-0.03167031776097681
1.663293386325317,1.6473355221086574,-0.27218188799644444,-0.11994327878035099,0.3734973856669168,0.019883301583053115,-0.5688650341299796,-0.34290113299620106,-0.8059694639746,1.0946405279645712,-0.2529147778628351,-0.22965760608731267,0.893419385394227,-0.3921188919620247,-0.07095947242679883,-0.11031946970293831,-0.38184998948033355,-0.6446726587031845,1.6935811330619999,-0.7124274490013944,-0.08989331499509892,-0.10060545457319174,-0.21981657747106437,1.2591633047302777,-0.3070801941090227,-0.19621814613865227,-1.0620413220411034,-0.4156175589970315,-0.20166150310667885,-0.4864967196604686,-0.21219372754742588,-0.2991983466782894,-0.6400035310637054,-0.14660958536878183,0.6743963935452368,-0.3318468896580935,-0.2931944802761775,-0.03167031776097681,-0.268264101878365,-0.3392400313681768,0.855943274340589,-0.03167031776097681,-0.03167031776097681
1.663293386325317,1.6473355221086574,-0.27218188799644444,-0.6505861878037636,-0.09220775038453617,1.164702627345759,-0.5688650341299796,-0.34290113299620106,-0.8059694639746,1.0946405279645712,-0.2529147778628351,-0.22965760608731267,-1.119295166803151,-0.3921188919620247,-0.07095947242679883,-0.11031946970293831,-0.38184998948033355,-0.6446726587031845,1.6935811330619999,-0.7124274490013944,-0.08989331499509892,-0.10060545457319174,-0.21981657747106437,1.2591633047302777,-0.3070801941090227,-0.19621814613865227,-1.0620413220411034,-0.4156175589970315,-0.20166150310667885,-0.4864967196604686,-0.21219372754742588,-0.2991983466782894,-0.6400035310637054,-0.14660958536878183,0.6743963935452368,-0.3318468896580935,-0.2931944802761775,-0.03167031776097681,-0.268264101878365,-0.3392400313681768,0.855943274340589,-0.03167031776097681,-0.03167031776097681
1.6933371506408943,1.6785785781331428,-0.423680786055815,-0.6505861878037636,0.1872153312463356,-0.7433295822587509,-0.5688650341299796,-0.34290113299620106,-0.8059694639746,-0.9135419112057267,-0.2529147778628351,-0.22965760608731267,-1.119295166803151,-0.3921188919620247,-0.07095947242679883,-0.11031946970293831,-0.38184998948033355,-0.6446726587031845,1.6935811330619999,-0.7124274490013944,11.124297730643493,-0.10060545457319174,-0.21981657747106437,-0.7941781627873975,-0.3070801941090227,-0.19621814613865227,-1.0620413220411034,2.4060581136494816,-0.20166150310667885,-0.4864967196604686,-0.21219372754742588,-0.2991983466782894,-0.6400035310637054,-0.14660958536878183,0.6743963935452368,-0.3318468896580935,-0.2931944802761775,-0.03167031776097681,-0.268264101878365,-0.3392400313681768,0.855943274340589,-0.03167031776097681,-0.03167031776097681
1.3177900966961764,1.3036619058393193,-0.044933540907388575,-0.554105658890416,-0.4647718592256985,-0.7433295822587509,-0.5688650341299796,-0.34290113299620106,-0.8059694639746,1.0946405279645712,-0.2529147778628351,-0.22965760608731267,0.893419385394227,-0.3921188919620247,-0.07095947242679883,-0.11031946970293831,-0.38184998948033355,-0.6446726587031845,1.6935811330619999,-0.7124274490013944,-0.08989331499509892,-0.10060545457319174,-0.21981657747106437,1.2591633047302777,-0.3070801941090227,-0.19621814613865227,0.9415829490307701,-0.4156175589970315,-0.20166150310667885,-0.4864967196604686,-0.21219372754742588,-0.2991983466782894,1.5624913792865636,-0.14660958536878183,-1.482807455038566,-0.3318468896580935,-0.2931944802761775,-0.03167031776097681,-0.268264101878365,-0.3392400313681768,0.855943274340589,-0.03167031776097681,-0.03167031776097681
-0.21444188339827272,-0.22724783936045947,-0.6509291331448709,-1.2294693612838499,1.3980486849801133,0.4014897435039551,-0.5688650341299796,-0.34290113299620106,-0.8059694639746,-0.9135419112057267,-0.2529147778628351,-0.22965760608731267,-1.119295166803151,-0.3921188919620247,-0.07095947242679883,-0.11031946970293831,-0.38184998948033355,-0.6446726587031845,1.6935811330619999,-0.7124274490013944,-0.08989331499509892,-0.10060545457319174,-0.21981657747106437,1.2591633047302777,-0.3070801941090227,-0.19621814613865227,-1.0620413220411034,-0.4156175589970315,-0.20166150310667885,-0.4864967196604686,-0.21219372754742588,-0.2991983466782894,1.5624913792865636,-0.14660958536878183,-1.482807455038566,-0.3318468896580935,-0.2931944802761775,-0.03167031776097681,-0.268264101878365,-0.3392400313681768,0.855943274340589,-0.03167031776097681,-0.03167031776097681
0.6004952236617651,0.5850716172761579,-0.423680786055815,-1.3259498901971978,-0.3716308320154079,0.4014897435039551,-0.5688650341299796,-0.34290113299620106,-0.8059694639746,-0.9135419112057267,-0.2529147778628351,-0.22965760608731267,0.893419385394227,-0.3921188919620247,-0.07095947242679883,-0.11031946970293831,-0.38184998948033355,-0.6446726587031845,1.6935811330619999,-0.7124274490013944,-0.08989331499509892,-0.10060545457319174,-0.21981657747106437,1.2591633047302777,-0.3070801941090227,-0.19621814613865227,0.9415829490307701,-0.4156175589970315,-0.20166150310667885,-0.4864967196604686,-0.21219372754742588,3.3422644580160132,-0.6400035310637054,-0.14660958536878183,0.6743963935452368,-0.3318468896580935,-0.2931944802761775,-0.03167031776097681,-0.268264101878365,-0.3392400313681768,0.855943274340589,-0.03167031776097681,-0.03167031776097681
1.7571801498114963,1.7410646901821134,-0.27218188799644444,-0.554105658890416,-0.4647718592256985,1.164702627345759,-0.5688650341299796,-0.34290113299620106,-0.8059694639746,-0.9135419112057267,-0.2529147778628351,-0.22965760608731267,0.893419385394227,-0.3921188919620247,-0.07095947242679883,-0.11031946970293831,-0.38184998948033355,-0.6446726587031845,1.6935811330619999,-0.7124274490013944,-0.08989331499509892,-0.10060545457319174,-0.21981657747106437,1.2591633047302777,-0.3070801941090227,-0.19621814613865227,0.9415829490307701,-0.4156175589970315,-0.20166150310667885,-0.4864967196604686,-0.21219372754742588,-0.2991983466782894,-0.6400035310637054,-0.14660958536878183,0.6743963935452368,-0.3318468896580935,-0.2931944802761775,-0.03167031776097681,-0.268264101878365,-0.3392400313681768,0.855943274340589,-0.03167031776097681,-0.03167031776097681
1.7872239141270738,1.7723077462065986,-0.423680786055815,-0.6023459233470897,0.46663841287720736,0.019883301583053115,-0.5688650341299796,-0.34290113299620106,-0.8059694639746,1.0946405279645712,-0.2529147778628351,-0.22965760608731267,0.893419385394227,-0.3921188919620247,-0.07095947242679883,-0.11031946970293831,-0.38184998948033355,-0.6446726587031845,1.6935811330619999,-0.7124274490013944,-0.08989331499509892,-0.10060545457319174,4.5492474294011584,-0.7941781627873975,-0.3070801941090227,-0.19621814613865227,-1.0620413220411034,-0.4156175589970315,4.9588046533155135,-0.4864967196604686,4.712674646692831,-0.2991983466782894,-0.6400035310637054,6.820836424061898,-1.482807455038566,-0.3318468896580935,-0.2931944802761775,-0.03167031776097681,-0.268264101878365,-0.3392400313681768,0.855943274340589,-0.03167031776097681,-0.03167031776097681
-0.6838757008291702,-0.6958936797277387,-0.19643243896675913,-1.0365083034571545,0.000933276825754426,0.019883301583053115,-0.5688650341299796,-0.34290113299620106,-0.8059694639746,-0.9135419112057267,-0.2529147778628351,-0.22965760608731267,0.893419385394227,-0.3921188919620247,-0.07095947242679883,-0.11031946970293831,-0.38184998948033355,-0.6446726587031845,1.6935811330619999,-0.7124274490013944,-0.08989331499509892,-0.10060545457319174,4.5492474294011584,-0.7941781627873975,-0.3070801941090227,-0.19621814613865227,-1.0620413220411034,-0.4156175589970315,4.9588046533155135,-0.4864967196604686,4.712674646692831,-0.2991983466782894,-0.6400035310637054,6.820836424061898,-1.482807455038566,-0.3318468896580935,-0.2931944802761775,-0.03167031776097681,3.72766983356355,-0.3392400313681768,-1.1683017204269652,-0.03167031776097681,-0.03167031776097681
1.7872239141270738,1.7723077462065986,1.470055439686317,-0.11994327878035099,0.000933276825754426,0.019883301583053115,-0.5688650341299796,-0.34290113299620106,-0.8059694639746,1.0946405279645712,-0.2529147778628351,-0.22965760608731267,0.893419385394227,-0.3921188919620247,-0.07095947242679883,-0.11031946970293831,-0.38184998948033355,-0.6446726587031845,-0.5904647734189133,-0.7124274490013944,-0.08989331499509892,-0.10060545457319174,4.5492474294011584,-0.7941781627873975,-0.3070801941090227,-0.19621814613865227,-1.0620413220411034,-0.4156175589970315,4.9588046533155135,-0.4864967196604686,4.712674646692831,-0.2991983466782894,-0.6400035310637054,6.820836424061898,-1.482807455038566,-0.3318468896580935,-0.2931944802761775,-0.03167031776097681,3.72766983356355,-0.3392400313681768,-1.1683017204269652,-0.03167031776097681,-0.03167031776097681
1.8210231489820985,1.8035508022310838,-0.423680786055815,-0.554105658890416,0.000933276825754426,0.019883301583053115,-0.5688650341299796,-0.34290113299620106,-0.8059694639746,-0.9135419112057267,-0.2529147778628351,-0.22965760608731267,0.893419385394227,-0.3921188919620247,-0.07095947242679883,-0.11031946970293831,-0.38184998948033355,-0.6446726587031845,1.6935811330619999,-0.7124274490013944,-0.08989331499509892,-0.10060545457319174,4.5492474294011584,-0.7941781627873975,-0.3070801941090227,-0.19621814613865227,-1.0620413220411034,-0.4156175589970315,4.9588046533155135,-0.4864967196604686,4.712674646692831,-0.2991983466782894,-0.6400035310637054,6.820836424061898,-1.482807455038566,-0.3318468896580935,-0.2931944802761775,-0.03167031776097681,3.72766983356355,-0.3392400313681768,-1.1683017204269652,-0.03167031776097681,-0.03167031776097681
0.41272169668940617,0.39761328112924615,-0.4994302350855003,-0.9400277745438069,0.000933276825754426,0.019883301583053115,-0.5688650341299796,-0.34290113299620106,-0.8059694639746,-0.9135419112057267,-0.2529147778628351,-0.22965760608731267,0.893419385394227,-0.3921188919620247,-0.07095947242679883,-0.11031946970293831,-0.38184998948033355,-0.6446726587031845,1.6935811330619999,-0.7124274490013944,-0.08989331499509892,-0.10060545457319174,4.5492474294011584,-0.7941781627873975,-0.3070801941090227,-0.19621814613865227,-1.0620413220411034,-0.4156175589970315,4.9588046533155135,-0.4864967196604686,4.712674646692831,-0.2991983466782894,-0.6400035310637054,6.820836424061898,-1.482807455038566,-0.3318468896580935,-0.2931944802761775,-0.03167031776097681,3.72766983356355,-0.3392400313681768,-1.1683017204269652,-0.03167031776097681,-0.03167031776097681
1.8210231489820985,1.8035508022310838,-0.19643243896675913,-0.02346274986700317,0.000933276825754426,0.019883301583053115,-0.5688650341299796,-0.34290113299620106,-0.8059694639746,1.0946405279645712,-0.2529147778628351,-0.22965760608731267,-1.119295166803151,-0.3921188919620247,-0.07095947242679883,-0.11031946970293831,-0.38184998948033355,-0.6446726587031845,1.6935811330619999,-0.7124274490013944,-0.08989331499509892,-0.10060545457319174,4.5492474294011584,-0.7941781627873975,-0.3070801941090227,-0.19621814613865227,-1.0620413220411034,-0.4156175589970315,4.9588046533155135,-0.4864967196604686,4.712674646692831,-0.2991983466782894,-0.6400035310637054,6.820836424061898,-1.482807455038566,-0.3318468896580935,-0.2931944802761775,-0.03167031776097681,3.72766983356355,-0.3392400313681768,-1.1683017204269652,-0.03167031776097681,-0.03167031776097681
1.8210231489820985,1.8035508022310838,-0.3479313370261297,-0.31290433660704664,0.000933276825754426,0.019883301583053115,-0.5688650341299796,-0.34290113299620106,-0.8059694639746,-0.9135419112057267,-0.2529147778628351,-0.22965760608731267,-1.119295166803151,-0.3921188919620247,-0.07095947242679883,-0.11031946970293831,-0.38184998948033355,-0.6446726587031845,1.6935811330619999,-0.7124274490013944,-0.08989331499509892,-0.10060545457319174,-0.21981657747106437,1.2591633047302777,-0.3070801941090227,-0.19621814613865227,0.9415829490307701,-0.4156175589970315,-0.20166150310667885,-0.4864967196604686,-0.21219372754742588,-0.2991983466782894,-0.6400035310637054,-0.14660958536878183,0.6743963935452368,-0.3318468896580935,-0.2931944802761775,-0.03167031776097681,3.72766983356355,-0.3392400313681768,-1.1683017204269652,-0.03167031776097681,-0.03167031776097681
0.5666959888067405,0.5538285612516726,-0.27218188799644444,-0.21642380769369882,0.000933276825754426,0.019883301583053115,-0.5688650341299796,-0.34290113299620106,-0.8059694639746,-0.9135419112057267,-0.2529147778628351,-0.22965760608731267,0.893419385394227,-0.3921188919620247,-0.07095947242679883,-0.11031946970293831,-0.38184998948033355,-0.6446726587031845,1.6935811330619999,-0.7124274490013944,-0.08989331499509892,-0.10060545457319174,-0.21981657747106437,1.2591633047302777,-0.3070801941090227,-0.19621814613865227,0.9415829490307701,-0.4156175589970315,-0.20166150310667885,-0.4864967196604686,-0.21219372754742588,-0.2991983466782894,1.5624913792865636,-0.14660958536878183,-1.482807455038566,-0.3318468896580935,-0.2931944802761775,-0.03167031776097681,3.72766983356355,-0.3392400313681768,-1.1683017204269652,-0.03167031776097681,-0.03167031776097681
1.351589331551201,1.3349049618638047,-0.12068298993707387,-0.45762512997706817,0.000933276825754426,0.019883301583053115,-0.5688650341299796,-0.34290113299620106,-0.8059694639746,1.0946405279645712,-0.2529147778628351,-0.22965760608731267,-1.119295166803151,-0.3921188919620247,-0.07095947242679883,-0.11031946970293831,-0.38184998948033355,-0.6446726587031845,1.6935811330619999,-0.7124274490013944,-0.08989331499509892,-0.10060545457319174,-0.21981657747106437,1.2591633047302777,-0.3070801941090227,-0.19621814613865227,-1.0620413220411034,-0.4156175589970315,-0.20166150310667885,-0.4864967196604686,-0.21219372754742588,-0.2991983466782894,-0.6400035310637054,-0.14660958536878183,0.6743963935452368,-0.3318468896580935,-0.2931944802761775,-0.03167031776097681,3.72766983356355,-0.3392400313681768,-1.1683017204269652,-0.03167031776097681,-0.03167031776097681
1.8510669132976758,1.8347938582555692,-0.27218188799644444,-0.40938486552039405,0.000933276825754426,0.019883301583053115,-0.5688650341299796,-0.34290113299620106,-0.8059694639746,1.0946405279645712,-0.2529147778628351,-0.22965760608731267,-1.119295166803151,-0.3921188919620247,-0.07095947242679883,-0.11031946970293831,-0.38184998948033355,-0.6446726587031845,1.6935811330619999,-0.7124274490013944,-0.08989331499509892,-0.10060545457319174,-0.21981657747106437,1.2591633047302777,-0.3070801941090227,-0.19621814613865227,0.9415829490307701,-0.4156175589970315,-0.20166150310667885,-0.4864967196604686,-0.21219372754742588,-0.2991983466782894,-0.6400035310637054,-0.14660958536878183,0.6743963935452368,-0.3318468896580935,-0.2931944802761775,-0.03167031776097681,3.72766983356355,-0.3392400313681768,-1.1683017204269652,-0.03167031776097681,-0.03167031776097681
0.0033754078896636995,1.8347938582555692,-0.3479313370261297,-0.1681835432370247,0.000933276825754426,0.019883301583053115,-0.5688650341299796,-0.34290113299620106,-0.8059694639746,1.0946405279645712,-0.2529147778628351,-0.22965760608731267,-1.119295166803151,-0.3921188919620247,-0.07095947242679883,-0.11031946970293831,-0.38184998948033355,-0.6446726587031845,1.6935811330619999,-0.7124274490013944,-0.08989331499509892,-0.10060545457319174,-0.21981657747106437,1.2591633047302777,-0.3070801941090227,-0.19621814613865227,0.9415829490307701,-0.4156175589970315,-0.20166150310667885,-0.4864967196604686,-0.21219372754742588,-0.2991983466782894,-0.6400035310637054,-0.14660958536878183,0.6743963935452368,-0.3318468896580935,-0.2931944802761775,-0.03167031776097681,3.72766983356355,-0.3392400313681768,-1.1683017204269652,-0.03167031776097681,-0.03167031776097681
0.0033754078896636995,-0.32097700743391533,-0.3479313370261297,-1.2777096257405238,0.000933276825754426,0.019883301583053115,-0.5688650341299796,-0.34290113299620106,-0.8059694639746,-0.9135419112057267,-0.2529147778628351,-0.22965760608731267,0.893419385394227,-0.3921188919620247,-0.07095947242679883,-0.11031946970293831,-0.38184998948033355,-0.6446726587031845,-0.5904647734189133,-0.7124274490013944,-0.08989331499509892,-0.10060545457319174,-0.21981657747106437,-0.7941781627873975,-0.3070801941090227,-0.19621814613865227,0.9415829490307701,-0.4156175589970315,-0.20166150310667885,-0.4864967196604686,-0.21219372754742588,-0.2991983466782894,-0.6400035310637054,-0.14660958536878183,0.6743963935452368,-0.3318468896580935,-0.2931944802761775,-0.03167031776097681,3.72766983356355,-0.3392400313681768,-1.1683017204269652,-0.03167031776097681,-0.03167031776097681
0.0033754078896636995,-0.6958936797277387,-0.4994302350855003,-0.9400277745438069,0.000933276825754426,-0.7433295822587509,-0.5688650341299796,-0.34290113299620106,-0.8059694639746,-0.9135419112057267,-0.2529147778628351,-0.22965760608731267,0.893419385394227,-0.3921188919620247,-0.07095947242679883,-0.11031946970293831,-0.38184998948033355,-0.6446726587031845,-0.5904647734189133,-0.7124274490013944,-0.08989331499509892,-0.10060545457319174,-0.21981657747106437,-0.7941781627873975,-0.3070801941090227,-0.19621814613865227,0.9415829490307701,-0.4156175589970315,-0.20166150310667885,-0.4864967196604686,-0.21219372754742588,-0.2991983466782894,1.5624913792865636,-0.14660958536878183,-1.482807455038566,-0.3318468896580935,-0.2931944802761775,-0.03167031776097681,-0.268264101878365,2.9477653211118273,-1.1683017204269652,-0.03167031776097681,-0.03167031776097681
0.0033754078896636995,1.8660369142800544,-0.4994302350855003,-0.1681835432370247,-1.1167590496977327,0.4014897435039551,-0.5688650341299796,-0.34290113299620106,-0.8059694639746,-0.9135419112057267,-0.2529147778628351,-0.22965760608731267,-1.119295166803151,-0.3921188919620247,-0.07095947242679883,-0.11031946970293831,-0.38184998948033355,-0.6446726587031845,1.6935811330619999,-0.7124274490013944,-0.08989331499509892,-0.10060545457319174,-0.21981657747106437,1.2591633047302777,-0.3070801941090227,-0.19621814613865227,0.9415829490307701,-0.4156175589970315,-0.20166150310667885,-0.4864967196604686,-0.21219372754742588,-0.2991983466782894,-0.6400035310637054,-0.14660958536878183,0.6743963935452368,-0.3318468896580935,-0.2931944802761775,-0.03167031776097681,-0.268264101878365,2.9477653211118273,-1.1683017204269652,-0.03167031776097681,-0.03167031776097681
1.8811106776132533,1.8660369142800544,-0.19643243896675913,-1.1329888323705024,-1.5824641857491857,-0.7433295822587509,-0.5688650341299796,-0.34290113299620106,-0.8059694639746,-0.9135419112057267,-0.2529147778628351,-0.22965760608731267,0.893419385394227,-0.3921188919620247,-0.07095947242679883,-0.11031946970293831,-0.38184998948033355,-0.6446726587031845,1.6935811330619999,-0.7124274490013944,-0.08989331499509892,-0.10060545457319174,-0.21981657747106437,1.2591633047302777,-0.3070801941090227,-0.19621814613865227,-1.0620413220411034,-0.4156175589970315,-0.20166150310667885,-0.4864967196604686,-0.21219372754742588,3.3422644580160132,1.5624913792865636,-0.14660958536878183,-1.482807455038566,-0.3318468896580935,-0.2931944802761775,-0.03167031776097681,-0.268264101878365,2.9477653211118273,-1.1683017204269652,-0.03167031776097681,-0.03167031776097681
1.8811106776132533,1.8660369142800544,0.4853126023004084,-0.02346274986700317,-0.09220775038453617,0.019883301583053115,-0.5688650341299796,-0.34290113299620106,-0.8059694639746,1.0946405279645712,-0.2529147778628351,-0.22965760608731267,-1.119295166803151,-0.3921188919620247,-0.07095947242679883,-0.11031946970293831,2.618829455412367,-0.6446726587031845,-0.5904647734189133,-0.7124274490013944,-0.08989331499509892,-0.10060545457319174,-0.21981657747106437,-0.7941781627873975,3.256478337528241,-0.19621814613865227,0.9415829490307701,-0.4156175589970315,-0.20166150310667885,-0.4864967196604686,-0.21219372754742588,-0.2991983466782894,1.5624913792865636,-0.14660958536878183,-1.482807455038566,-0.3318468896580935,-0.2931944802761775,-0.03167031776097681,-0.268264101878365,2.9477653211118273,-1.1683017204269652,-0.03167031776097681,-0.03167031776097681
1.351589331551201,1.3349049618638047,-0.423680786055815,-0.6023459233470897,-0.4647718592256985,1.5463090692666612,-0.5688650341299796,-0.34290113299620106,-0.8059694639746,-0.9135419112057267,-0.2529147778628351,-0.22965760608731267,0.893419385394227,-0.3921188919620247,-0.07095947242679883,-0.11031946970293831,-0.38184998948033355,-0.6446726587031845,1.6935811330619999,-0.7124274490013944,-0.08989331499509892,-0.10060545457319174,-0.21981657747106437,1.2591633047302777,-0.3070801941090227,-0.19621814613865227,0.9415829490307701,-0.4156175589970315,-0.20166150310667885,-0.4864967196604686,-0.21219372754742588,3.3422644580160132,-0.6400035310637054,-0.14660958536878183,0.6743963935452368,-0.3318468896580935,-0.2931944802761775,-0.03167031776097681,-0.268264101878365,2.9477653211118273,-1.1683017204269652,-0.03167031776097681,-0.03167031776097681
0.037174642744688256,0.022696608835422783,-0.4994302350855003,-1.1329888323705024,1.3980486849801133,-1.1249360241796529,-0.5688650341299796,-0.34290113299620106,-0.8059694639746,-0.9135419112057267,-0.2529147778628351,-0.22965760608731267,0.893419385394227,-0.3921188919620247,-0.07095947242679883,-0.11031946970293831,-0.38184998948033355,-0.6446726587031845,1.6935811330619999,-0.7124274490013944,-0.08989331499509892,-0.10060545457319174,-0.21981657747106437,1.2591633047302777,-0.3070801941090227,-0.19621814613865227,-1.0620413220411034,-0.4156175589970315,-0.20166150310667885,-0.4864967196604686,-0.21219372754742588,-0.2991983466782894,1.5624913792865636,-0.14660958536878183,-1.482807455038566,-0.3318468896580935,-0.2931944802761775,-0.03167031776097681,-0.268264101878365,2.9477653211118273,-1.1683017204269652,-0.03167031776097681,-0.03167031776097681
0.848356279265279,0.8350160654720401,-0.12068298993707387,-0.11994327878035099,1.4911897121904039,0.4014897435039551,-0.5688650341299796,-0.34290113299620106,-0.8059694639746,1.0946405279645712,-0.2529147778628351,-0.22965760608731267,-1.119295166803151,-0.3921188919620247,-0.07095947242679883,-0.11031946970293831,-0.38184998948033355,-0.6446726587031845,-0.5904647734189133,-0.7124274490013944,-0.08989331499509892,-0.10060545457319174,-0.21981657747106437,-0.7941781627873975,-0.3070801941090227,5.0963686064660765,0.9415829490307701,-0.4156175589970315,-0.20166150310667885,-0.4864967196604686,-0.21219372754742588,-0.2991983466782894,-0.6400035310637054,-0.14660958536878183,0.6743963935452368,-0.3318468896580935,-0.2931944802761775,-0.03167031776097681,-0.268264101878365,2.9477653211118273,-1.1683017204269652,-0.03167031776097681,-0.03167031776097681
0.09726217137584318,0.08518272088439335,-0.6509291331448709,-1.3741901546538717,-0.9304769952771516,-1.1249360241796529,-0.5688650341299796,-0.34290113299620106,-0.8059694639746,-0.9135419112057267,-0.2529147778628351,-0.22965760608731267,-1.119295166803151,-0.3921188919620247,-0.07095947242679883,-0.11031946970293831,-0.38184998948033355,-0.6446726587031845,1.6935811330619999,-0.7124274490013944,-0.08989331499509892,-0.10060545457319174,-0.21981657747106437,1.2591633047302777,-0.3070801941090227,-0.19621814613865227,0.9415829490307701,-0.4156175589970315,-0.20166150310667885,-0.4864967196604686,-0.21219372754742588,-0.2991983466782894,-0.6400035310637054,-0.14660958536878183,0.6743963935452368,-0.3318468896580935,-0.2931944802761775,-0.03167031776097681,-0.268264101878365,2.9477653211118273,-1.1683017204269652,-0.03167031776097681,-0.03167031776097681
1.9449536767838553,1.928523026329025,-0.423680786055815,-0.6988264522604375,0.000933276825754426,-0.7433295822587509,-0.5688650341299796,-0.34290113299620106,-0.8059694639746,1.0946405279645712,-0.2529147778628351,-0.22965760608731267,-1.119295166803151,-0.3921188919620247,-0.07095947242679883,-0.11031946970293831,-0.38184998948033355,-0.6446726587031845,1.6935811330619999,-0.7124274490013944,-0.08989331499509892,-0.10060545457319174,-0.21981657747106437,1.2591633047302777,-0.3070801941090227,-0.19621814613865227,-1.0620413220411034,-0.4156175589970315,-0.20166150310667885,-0.4864967196604686,-0.21219372754742588,-0.2991983466782894,-0.6400035310637054,-0.14660958536878183,0.6743963935452368,-0.3318468896580935,-0.2931944802761775,-0.03167031776097681,-0.268264101878365,2.9477653211118273,-1.1683017204269652,-0.03167031776097681,-0.03167031776097681
2.4143874942147527,2.3971688666963042,-0.12068298993707387,-0.40938486552039405,-0.9304769952771516,0.7830961854248571,-0.5688650341299796,-0.34290113299620106,-0.8059694639746,1.0946405279645712,-0.2529147778628351,-0.22965760608731267,0.893419385394227,-0.3921188919620247,-0.07095947242679883,-0.11031946970293831,-0.38184998948033355,-0.6446726587031845,1.6935811330619999,-0.7124274490013944,-0.08989331499509892,-0.10060545457319174,-0.21981657747106437,1.2591633047302777,-0.3070801941090227,-0.19621814613865227,0.9415829490307701,-0.4156175589970315,-0.20166150310667885,-0.4864967196604686,-0.21219372754742588,-0.2991983466782894,-0.6400035310637054,-0.14660958536878183,0.6743963935452368,-0.3318468896580935,-0.2931944802761775,-0.03167031776097681,-0.268264101878365,2.9477653211118273,-1.1683017204269652,-0.03167031776097681,-0.03167031776097681
1.9449536767838553,1.928523026329025,-0.3479313370261297,-0.7470667167171112,-0.3716308320154079,0.4014897435039551,-0.5688650341299796,-0.34290113299620106,-0.8059694639746,-0.9135419112057267,-0.2529147778628351,-0.22965760608731267,0.893419385394227,-0.3921188919620247,-0.07095947242679883,-0.11031946970293831,-0.38184998948033355,-0.6446726587031845,1.6935811330619999,-0.7124274490013944,-0.08989331499509892,-0.10060545457319174,-0.21981657747106437,1.2591633047302777,-0.3070801941090227,-0.19621814613865227,0.9415829490307701,-0.4156175589970315,-0.20166150310667885,-0.4864967196604686,-0.21219372754742588,3.3422644580160132,-0.6400035310637054,-0.14660958536878183,0.6743963935452368,-0.3318468896580935,-0.2931944802761775,-0.03167031776097681,-0.268264101878365,-0.3392400313681768,0.855943274340589,-0.03167031776097681,-0.03167031776097681
0.3789224618343816,0.36637022510476086,-0.4994302350855003,-1.2777096257405238,0.000933276825754426,-1.1249360241796529,-0.5688650341299796,-0.34290113299620106,-0.8059694639746,-0.9135419112057267,-0.2529147778628351,-0.22965760608731267,0.893419385394227,-0.3921188919620247,-0.07095947242679883,-0.11031946970293831,2.618829455412367,-0.6446726587031845,-0.5904647734189133,-0.7124274490013944,-0.08989331499509892,-0.10060545457319174,-0.21981657747106437,1.2591633047302777,-0.3070801941090227,-0.19621814613865227,0.9415829490307701,-0.4156175589970315,-0.20166150310667885,-0.4864967196604686,-0.21219372754742588,-0.2991983466782894,-0.6400035310637054,-0.14660958536878183,0.6743963935452368,-0.3318468896580935,-0.2931944802761775,-0.03167031776097681,-0.268264101878365,-0.3392400313681768,0.855943274340589,-0.03167031776097681,-0.03167031776097681
-1.7166300991771444,-1.726914528535753,-1.484173072471409,-0.9400277745438069,2.5157410115036005,0.019883301583053115,1.757886212024609,-0.34290113299620106,-0.8059694639746,-0.9135419112057267,-0.2529147778628351,-0.22965760608731267,-1.119295166803151,2.5502469289259504,-0.07095947242679883,-0.11031946970293831,-0.38184998948033355,-0.6446726587031845,-0.5904647734189133,-0.7124274490013944,-0.08989331499509892,-0.10060545457319174,-0.21981657747106437,-0.7941781627873975,3.256478337528241,-0.19621814613865227,0.9415829490307701,-0.4156175589970315,-0.20166150310667885,-0.4864967196604686,-0.21219372754742588,-0.2991983466782894,-0.6400035310637054,-0.14660958536878183,0.6743963935452368,-0.3318468896580935,-0.2931944802761775,-0.03167031776097681,-0.268264101878365,-0.3392400313681768,0.855943274340589,-0.03167031776097681,-0.03167031776097681
-1.746673863492722,-1.7581575845602384,-1.2569247253823532,-0.7470667167171112,3.4471512836065066,0.019883301583053115,1.757886212024609,-0.34290113299620106,-0.8059694639746,1.0946405279645712,-0.2529147778628351,-0.22965760608731267,-1.119295166803151,-0.3921188919620247,-0.07095947242679883,-0.11031946970293831,-0.38184998948033355,-0.6446726587031845,1.6935811330619999,-0.7124274490013944,-0.08989331499509892,-0.10060545457319174,-0.21981657747106437,1.2591633047302777,-0.3070801941090227,-0.19621814613865227,0.9415829490307701,-0.4156175589970315,-0.20166150310667885,-0.4864967196604686,-0.21219372754742588,-0.2991983466782894,-0.6400035310637054,-0.14660958536878183,0.6743963935452368,-0.3318468896580935,-0.2931944802761775,-0.03167031776097681,-0.268264101878365,-0.3392400313681768,0.855943274340589,-0.03167031776097681,-0.03167031776097681
-1.6527871000065424,-1.6644284164867824,-1.2569247253823532,-0.9400277745438069,-0.27848980480511737,0.019883301583053115,1.757886212024609,-0.34290113299620106,-0.8059694639746,1.0946405279645712,-0.2529147778628351,-0.22965760608731267,-1.119295166803151,2.5502469289259504,-0.07095947242679883,-0.11031946970293831,-0.38184998948033355,-0.6446726587031845,-0.5904647734189133,-0.7124274490013944,-0.08989331499509892,-0.10060545457319174,-0.21981657747106437,1.2591633047302777,-0.3070801941090227,-0.19621814613865227,-1.0620413220411034,-0.4156175589970315,-0.20166150310667885,2.055512318146587,-0.21219372754742588,-0.2991983466782894,-0.6400035310637054,-0.14660958536878183,0.6743963935452368,-0.3318468896580935,-0.2931944802761775,-0.03167031776097681,-0.268264101878365,-0.3392400313681768,0.855943274340589,-0.03167031776097681,-0.03167031776097681
-1.6227433356909648,-1.6331853604622972,-1.181175276352668,-0.9400277745438069,2.888305120344763,-2.269755349942359,1.757886212024609,-0.34290113299620106,-0.8059694639746,1.0946405279645712,-0.2529147778628351,-0.22965760608731267,-1.119295166803151,2.5502469289259504,-0.07095947242679883,-0.11031946970293831,-0.38184998948033355,-0.6446726587031845,-0.5904647734189133,-0.7124274490013944,-0.08989331499509892,-0.10060545457319174,-0.21981657747106437,-0.7941781627873975,3.256478337528241,-0.19621814613865227,-1.0620413220411034,-0.4156175589970315,-0.20166150310667885,2.055512318146587,-0.21219372754742588,-0.2991983466782894,-0.6400035310637054,-0.14660958536878183,0.6743963935452368,-0.3318468896580935,-0.2931944802761775,-0.03167031776097681,-0.268264101878365,2.9477653211118273,-1.1683017204269652,-0.03167031776097681,-0.03167031776097681
-1.6227433356909648,-1.6331853604622972,-0.8781774802339267,-0.843547245630459,1.4911897121904039,0.019883301583053115,1.757886212024609,-0.34290113299620106,-0.8059694639746,-0.9135419112057267,-0.2529147778628351,-0.22965760608731267,-1.119295166803151,2.5502469289259504,-0.07095947242679883,-0.11031946970293831,-0.38184998948033355,-0.6446726587031845,-0.5904647734189133,-0.7124274490013944,-0.08989331499509892,-0.10060545457319174,-0.21981657747106437,-0.7941781627873975,3.256478337528241,-0.19621814613865227,-1.0620413220411034,-0.4156175589970315,-0.20166150310667885,2.055512318146587,-0.21219372754742588,-0.2991983466782894,-0.6400035310637054,-0.14660958536878183,0.6743963935452368,-0.3318468896580935,-0.2931944802761775,-0.03167031776097681,3.72766983356355,-0.3392400313681768,-1.1683017204269652,-0.03167031776097681,-0.03167031776097681
-1.6227433356909648,-1.6331853604622972,-0.8024280312042414,-1.0847485679138285,0.09407430403604503,0.019883301583053115,1.757886212024609,-0.34290113299620106,-0.8059694639746,-0.9135419112057267,-0.2529147778628351,-0.22965760608731267,-1.119295166803151,-0.3921188919620247,-0.07095947242679883,-0.11031946970293831,-0.38184998948033355,-0.6446726587031845,1.6935811330619999,-0.7124274490013944,-0.08989331499509892,-0.10060545457319174,-0.21981657747106437,1.2591633047302777,-0.3070801941090227,-0.19621814613865227,0.9415829490307701,-0.4156175589970315,-0.20166150310667885,-0.4864967196604686,-0.21219372754742588,-0.2991983466782894,-0.6400035310637054,-0.14660958536878183,0.6743963935452368,-0.3318468896580935,-0.2931944802761775,-0.03167031776097681,3.72766983356355,-0.3392400313681768,-1.1683017204269652,-0.03167031776097681,-0.03167031776097681
-1.6227433356909648,-1.6331853604622972,-0.5751796841151856,-1.0847485679138285,1.677471766610985,0.019883301583053115,1.757886212024609,-0.34290113299620106,-0.8059694639746,-0.9135419112057267,-0.2529147778628351,-0.22965760608731267,-1.119295166803151,-0.3921188919620247,-0.07095947242679883,-0.11031946970293831,-0.38184998948033355,-0.6446726587031845,-0.5904647734189133,-0.7124274490013944,-0.08989331499509892,-0.10060545457319174,-0.21981657747106437,-0.7941781627873975,-0.3070801941090227,5.0963686064660765,-1.0620413220411034,-0.4156175589970315,-0.20166150310667885,2.055512318146587,-0.21219372754742588,-0.2991983466782894,-0.6400035310637054,-0.14660958536878183,0.6743963935452368,-0.3318468896580935,-0.2931944802761775,-0.03167031776097681,3.72766983356355,-0.3392400313681768,-1.1683017204269652,-0.03167031776097681,-0.03167031776097681
-1.5926995713753875,-1.6019423044378118,-0.4994302350855003,-0.7470667167171112,2.888305120344763,0.019883301583053115,1.757886212024609,-0.34290113299620106,-0.8059694639746,1.0946405279645712,-0.2529147778628351,-0.22965760608731267,-1.119295166803151,-0.3921188919620247,-0.07095947242679883,-0.11031946970293831,-0.38184998948033355,-0.6446726587031845,1.6935811330619999,-0.7124274490013944,-0.08989331499509892,-0.10060545457319174,-0.21981657747106437,1.2591633047302777,-0.3070801941090227,-0.19621814613865227,0.9415829490307701,-0.4156175589970315,-0.20166150310667885,-0.4864967196604686,-0.21219372754742588,-0.2991983466782894,-0.6400035310637054,-0.14660958536878183,0.6743963935452368,-0.3318468896580935,-0.2931944802761775,-0.03167031776097681,3.72766983356355,-0.3392400313681768,-1.1683017204269652,-0.03167031776097681,-0.03167031776097681
-1.5589003365203629,-1.5706992484133266,-0.423680786055815,-0.9882680390004805,2.2363179298727287,0.019883301583053115,1.757886212024609,-0.34290113299620106,-0.8059694639746,-0.9135419112057267,-0.2529147778628351,-0.22965760608731267,0.893419385394227,2.5502469289259504,-0.07095947242679883,-0.11031946970293831,-0.38184998948033355,-0.6446726587031845,-0.5904647734189133,-0.7124274490013944,-0.08989331499509892,-0.10060545457319174,-0.21981657747106437,-0.7941781627873975,3.256478337528241,-0.19621814613865227,0.9415829490307701,-0.4156175589970315,-0.20166150310667885,-0.4864967196604686,-0.21219372754742588,-0.2991983466782894,-0.6400035310637054,-0.14660958536878183,0.6743963935452368,-0.3318468896580935,-0.2931944802761775,-0.03167031776097681,3.72766983356355,-0.3392400313681768,-1.1683017204269652,-0.03167031776097681,-0.03167031776097681
-1.5589003365203629,-1.5706992484133266,-0.27218188799644444,-0.7953069811737852,1.5843307394006945,0.019883301583053115,1.757886212024609,-0.34290113299620106,-0.8059694639746,1.0946405279645712,-0.2529147778628351,-0.22965760608731267,-1.119295166803151,-0.3921188919620247,-0.07095947242679883,-0.11031946970293831,-0.38184998948033355,-0.6446726587031845,1.6935811330619999,-0.7124274490013944,-0.08989331499509892,-0.10060545457319174,-0.21981657747106437,1.2591633047302777,-0.3070801941090227,-0.19621814613865227,0.9415829490307701,-0.4156175589970315,-0.20166150310667885,-0.4864967196604686,-0.21219372754742588,-0.2991983466782894,1.5624913792865636,-0.14660958536878183,-1.482807455038566,-0.3318468896580935,-0.2931944802761775,-0.03167031776097681,3.72766983356355,-0.3392400313681768,-1.1683017204269652,-0.03167031776097681,-0.03167031776097681
-1.5589003365203629,-1.5706992484133266,-0.12068298993707387,-1.0365083034571545,2.888305120344763,0.019883301583053115,1.757886212024609,-0.34290113299620106,-0.8059694639746,1.0946405279645712,-0.2529147778628351,-0.22965760608731267,0.893419385394227,2.5502469289259504,-0.07095947242679883,-0.11031946970293831,-0.38184998948033355,-0.6446726587031845,-0.5904647734189133,-0.7124274490013944,-0.08989331499509892,-0.10060545457319174,-0.21981657747106437,1.2591633047302777,-0.3070801941090227,-0.19621814613865227,-1.0620413220411034,-0.4156175589970315,-0.20166150310667885,2.055512318146587,-0.21219372754742588,-0.2991983466782894,1.5624913792865636,-0.14660958536878183,-1.482807455038566,-0.3318468896580935,-0.2931944802761775,-0.03167031776097681,3.72766983356355,-0.3392400313681768,-1.1683017204269652,-0.03167031776097681,-0.03167031776097681
0.06721840706026572,0.05393966485990807,-0.27218188799644444,-0.6505861878037636,1.211766630559532,0.019883301583053115,1.757886212024609,-0.34290113299620106,-0.8059694639746,-0.9135419112057267,-0.2529147778628351,-0.22965760608731267,-1.119295166803151,-0.3921188919620247,-0.07095947242679883,-0.11031946970293831,-0.38184998948033355,-0.6446726587031845,1.6935811330619999,-0.7124274490013944,-0.08989331499509892,-0.10060545457319174,-0.21981657747106437,1.2591633047302777,-0.3070801941090227,-0.19621814613865227,0.9415829490307701,-0.4156175589970315,-0.20166150310667885,-0.4864967196604686,-0.21219372754742588,-0.2991983466782894,-0.6400035310637054,-0.14660958536878183,0.6743963935452368,-0.3318468896580935,-0.2931944802761775,-0.03167031776097681,3.72766983356355,-0.3392400313681768,-1.1683017204269652,-0.03167031776097681,-0.03167031776097681
-1.4049260444030285,-1.4144839682909003,0.030815908122296707,-1.0365083034571545,1.5843307394006945,1.164702627345759,-0.5688650341299796,2.9162924930057867,-0.8059694639746,-0.9135419112057267,-0.2529147778628351,-0.22965760608731267,0.893419385394227,-0.3921188919620247,-0.07095947242679883,-0.11031946970293831,-0.38184998948033355,-0.6446726587031845,-0.5904647734189133,-0.7124274490013944,-0.08989331499509892,-0.10060545457319174,-0.21981657747106437,1.2591633047302777,-0.3070801941090227,-0.19621814613865227,-1.0620413220411034,2.4060581136494816,-0.20166150310667885,-0.4864967196604686,-0.21219372754742588,-0.2991983466782894,-0.6400035310637054,-0.14660958536878183,0.6743963935452368,-0.3318468896580935,-0.2931944802761775,-0.03167031776097681,-0.268264101878365,2.9477653211118273,-1.1683017204269652,-0.03167031776097681,-0.03167031776097681
-1.5288565722047855,-1.5394561923888412,-0.044933540907388575,-0.11994327878035099,0.46663841287720736,1.5463090692666612,-0.5688650341299796,2.9162924930057867,-0.8059694639746,-0.9135419112057267,3.9539010272556565,4.354308211415448,-1.119295166803151,-0.3921188919620247,-0.07095947242679883,9.064583093924764,-0.38184998948033355,-0.6446726587031845,-0.5904647734189133,-0.7124274490013944,-0.08989331499509892,-0.10060545457319174,4.5492474294011584,-0.7941781627873975,-0.3070801941090227,-0.19621814613865227,-1.0620413220411034,-0.4156175589970315,4.9588046533155135,-0.4864967196604686,4.712674646692831,-0.2991983466782894,-0.6400035310637054,-0.14660958536878183,0.6743963935452368,-0.3318468896580935,-0.2931944802761775,-0.03167031776097681,-0.268264101878365,2.9477653211118273,-1.1683017204269652,-0.03167031776097681,-0.03167031776097681
-1.5288565722047855,-1.5394561923888412,-0.044933540907388575,-0.11994327878035099,0.7460614945080791,1.164702627345759,-0.5688650341299796,2.9162924930057867,-0.8059694639746,-0.9135419112057267,3.9539010272556565,4.354308211415448,-1.119295166803151,-0.3921188919620247,-0.07095947242679883,9.064583093924764,-0.38184998948033355,-0.6446726587031845,-0.5904647734189133,-0.7124274490013944,-0.08989331499509892,-0.10060545457319174,4.5492474294011584,-0.7941781627873975,-0.3070801941090227,-0.19621814613865227,-1.0620413220411034,-0.4156175589970315,4.9588046533155135,-0.4864967196604686,4.712674646692831,-0.2991983466782894,-0.6400035310637054,-0.14660958536878183,0.6743963935452368,-0.3318468896580935,-0.2931944802761775,-0.03167031776097681,-0.268264101878365,2.9477653211118273,-1.1683017204269652,-0.03167031776097681,-0.03167031776097681
-1.4049260444030285,-1.4144839682909003,-0.044933540907388575,-0.11994327878035099,0.46663841287720736,0.019883301583053115,-0.5688650341299796,2.9162924930057867,-0.8059694639746,-0.9135419112057267,3.9539010272556565,4.354308211415448,-1.119295166803151,-0.3921188919620247,-0.07095947242679883,9.064583093924764,-0.38184998948033355,-0.6446726587031845,-0.5904647734189133,-0.7124274490013944,-0.08989331499509892,-0.10060545457319174,4.5492474294011584,-0.7941781627873975,-0.3070801941090227,-0.19621814613865227,-1.0620413220411034,-0.4156175589970315,4.9588046533155135,-0.4864967196604686,4.712674646692831,-0.2991983466782894,1.5624913792865636,-0.14660958536878183,-1.482807455038566,-0.3318468896580935,-0.2931944802761775,-0.03167031776097681,-0.268264101878365,2.9477653211118273,-1.1683017204269652,-0.03167031776097681,-0.03167031776097681
-1.5288565722047855,-1.5394561923888412,-0.044933540907388575,-0.11994327878035099,-0.09220775038453617,1.5463090692666612,-0.5688650341299796,2.9162924930057867,-0.8059694639746,-0.9135419112057267,3.9539010272556565,4.354308211415448,-1.119295166803151,-0.3921188919620247,-0.07095947242679883,9.064583093924764,-0.38184998948033355,-0.6446726587031845,-0.5904647734189133,-0.7124274490013944,-0.08989331499509892,-0.10060545457319174,4.5492474294011584,-0.7941781627873975,-0.3070801941090227,-0.19621814613865227,-1.0620413220411034,-0.4156175589970315,4.9588046533155135,-0.4864967196604686,4.712674646692831,-0.2991983466782894,-0.6400035310637054,-0.14660958536878183,0.6743963935452368,-0.3318468896580935,-0.2931944802761775,-0.03167031776097681,-0.268264101878365,2.9477653211118273,-1.1683017204269652,-0.03167031776097681,-0.03167031776097681
0.0033754078896636995,-0.008546447189062499,-0.7266785821745562,-0.6023459233470897,-0.18534877759482676,-1.1249360241796529,-0.5688650341299796,2.9162924930057867,-0.8059694639746,-0.9135419112057267,-0.2529147778628351,-0.22965760608731267,0.893419385394227,-0.3921188919620247,-0.07095947242679883,-0.11031946970293831,-0.38184998948033355,-0.6446726587031845,-0.5904647734189133,-0.7124274490013944,-0.08989331499509892,-0.10060545457319174,-0.21981657747106437,-0.7941781627873975,-0.3070801941090227,-0.19621814613865227,-1.0620413220411034,-0.4156175589970315,-0.20166150310667885,2.055512318146587,-0.21219372754742588,-0.2991983466782894,-0.6400035310637054,-0.14660958536878183,0.6743963935452368,-0.3318468896580935,-0.2931944802761775,-0.03167031776097681,-0.268264101878365,2.9477653211118273,-1.1683017204269652,-0.03167031776097681,-0.03167031776097681
-0.43225917468620917,-0.44594923153185645,0.8640598474488348,-0.6023459233470897,0.8392025217183697,0.019883301583053115,1.757886212024609,-0.34290113299620106,-0.8059694639746,-0.9135419112057267,-0.2529147778628351,-0.22965760608731267,0.893419385394227,2.5502469289259504,-0.07095947242679883,-0.11031946970293831,-0.38184998948033355,-0.6446726587031845,-0.5904647734189133,-0.7124274490013944,-0.08989331499509892,-0.10060545457319174,-0.21981657747106437,-0.7941781627873975,3.256478337528241,-0.19621814613865227,-1.0620413220411034,-0.4156175589970315,-0.20166150310667885,2.055512318146587,-0.21219372754742588,-0.2991983466782894,-0.6400035310637054,-0.14660958536878183,0.6743963935452368,-0.3318468896580935,-0.2931944802761775,-0.03167031776097681,3.72766983356355,-0.3392400313681768,-1.1683017204269652,-0.03167031776097681,-0.03167031776097681
-0.02666835642591376,-0.03978950321354778,1.0913081945378906,-0.6023459233470897,1.9568948482418569,0.019883301583053115,1.757886212024609,-0.34290113299620106,-0.8059694639746,1.0946405279645712,-0.2529147778628351,-0.22965760608731267,0.893419385394227,-0.3921188919620247,-0.07095947242679883,-0.11031946970293831,2.618829455412367,-0.6446726587031845,-0.5904647734189133,-0.7124274490013944,-0.08989331499509892,-0.10060545457319174,-0.21981657747106437,-0.7941781627873975,3.256478337528241,-0.19621814613865227,0.9415829490307701,-0.4156175589970315,-0.20166150310667885,-0.4864967196604686,-0.21219372754742588,-0.2991983466782894,-0.6400035310637054,-0.14660958536878183,0.6743963935452368,-0.3318468896580935,-0.2931944802761775,-0.03167031776097681,3.72766983356355,-0.3392400313681768,-1.1683017204269652,-0.03167031776097681,-0.03167031776097681
-1.4049260444030285,-1.4144839682909003,-0.8024280312042414,-0.7470667167171112,0.46663841287720736,0.7830961854248571,1.757886212024609,-0.34290113299620106,-0.8059694639746,-0.9135419112057267,-0.2529147778628351,-0.22965760608731267,0.893419385394227,-0.3921188919620247,-0.07095947242679883,-0.11031946970293831,-0.38184998948033355,-0.6446726587031845,-0.5904647734189133,-0.7124274490013944,-0.08989331499509892,-0.10060545457319174,-0.21981657747106437,-0.7941781627873975,-0.3070801941090227,-0.19621814613865227,-1.0620413220411034,2.4060581136494816,-0.20166150310667885,-0.4864967196604686,-0.21219372754742588,-0.2991983466782894,1.5624913792865636,-0.14660958536878183,-1.482807455038566,-0.3318468896580935,-0.2931944802761775,-0.03167031776097681,-0.268264101878365,2.9477653211118273,-1.1683017204269652,-0.03167031776097681,-0.03167031776097681
-1.4650135730341833,-1.4769700803398707,-0.19643243896675913,-1.0847485679138285,0.9323435489286603,1.164702627345759,1.757886212024609,-0.34290113299620106,-0.8059694639746,-0.9135419112057267,-0.2529147778628351,-0.22965760608731267,-1.119295166803151,-0.3921188919620247,-0.07095947242679883,-0.11031946970293831,-0.38184998948033355,-0.6446726587031845,1.6935811330619999,-0.7124274490013944,-0.08989331499509892,-0.10060545457319174,-0.21981657747106437,1.2591633047302777,-0.3070801941090227,-0.19621814613865227,0.9415829490307701,-0.4156175589970315,-0.20166150310667885,-0.4864967196604686,-0.21219372754742588,-0.2991983466782894,-0.6400035310637054,-0.14660958536878183,0.6743963935452368,-0.3318468896580935,-0.2931944802761775,-0.03167031776097681,-0.268264101878365,-0.3392400313681768,0.855943274340589,-0.03167031776097681,-0.03167031776097681
-1.2772400460618245,-1.289511744192959,-0.3479313370261297,-0.9882680390004805,0.3734973856669168,0.7830961854248571,1.757886212024609,-0.34290113299620106,-0.8059694639746,-0.9135419112057267,-0.2529147778628351,-0.22965760608731267,0.893419385394227,-0.3921188919620247,-0.07095947242679883,-0.11031946970293831,-0.38184998948033355,-0.6446726587031845,1.6935811330619999,-0.7124274490013944,-0.08989331499509892,-0.10060545457319174,-0.21981657747106437,1.2591633047302777,-0.3070801941090227,-0.19621814613865227,0.9415829490307701,-0.4156175589970315,-0.20166150310667885,-0.4864967196604686,-0.21219372754742588,-0.2991983466782894,-0.6400035310637054,-0.14660958536878183,0.6743963935452368,-0.3318468896580935,-0.2931944802761775,-0.03167031776097681,-0.268264101878365,-0.3392400313681768,0.855943274340589,-0.03167031776097681,-0.03167031776097681
-1.434969808718606,-1.4457270243153855,-1.0296763782932972,-0.7953069811737852,-1.023618022487442,1.164702627345759,1.757886212024609,-0.34290113299620106,-0.8059694639746,1.0946405279645712,-0.2529147778628351,-0.22965760608731267,0.893419385394227,-0.3921188919620247,-0.07095947242679883,-0.11031946970293831,-0.38184998948033355,-0.6446726587031845,1.6935811330619999,-0.7124274490013944,-0.08989331499509892,-0.10060545457319174,-0.21981657747106437,1.2591633047302777,-0.3070801941090227,-0.19621814613865227,0.9415829490307701,-0.4156175589970315,-0.20166150310667885,-0.4864967196604686,-0.21219372754742588,-0.2991983466782894,-0.6400035310637054,-0.14660958536878183,0.6743963935452368,-0.3318468896580935,-0.2931944802761775,-0.03167031776097681,-0.268264101878365,2.9477653211118273,-1.1683017204269652,-0.03167031776097681,-0.03167031776097681
-0.620032701658568,-0.6334075676787682,-0.7266785821745562,-0.6505861878037636,0.46663841287720736,0.4014897435039551,1.757886212024609,-0.34290113299620106,-0.8059694639746,1.0946405279645712,-0.2529147778628351,-0.22965760608731267,0.893419385394227,-0.3921188919620247,-0.07095947242679883,-0.11031946970293831,-0.38184998948033355,-0.6446726587031845,1.6935811330619999,-0.7124274490013944,-0.08989331499509892,-0.10060545457319174,-0.21981657747106437,1.2591633047302777,-0.3070801941090227,-0.19621814613865227,0.9415829490307701,-0.4156175589970315,-0.20166150310667885,-0.4864967196604686,-0.21219372754742588,3.3422644580160132,1.5624913792865636,-0.14660958536878183,-1.482807455038566,-0.3318468896580935,-0.2931944802761775,-0.03167031776097681,-0.268264101878365,2.9477653211118273,-1.1683017204269652,-0.03167031776097681,-0.03167031776097681
-1.434969808718606,-1.4457270243153855,0.33381370424103785,-0.843547245630459,-0.5579128864359891,0.4014897435039551,1.757886212024609,-0.34290113299620106,-0.8059694639746,1.0946405279645712,-0.2529147778628351,-0.22965760608731267,-1.119295166803151,-0.3921188919620247,-0.07095947242679883,-0.11031946970293831,-0.38184998948033355,-0.6446726587031845,-0.5904647734189133,-0.7124274490013944,-0.08989331499509892,-0.10060545457319174,-0.21981657747106437,-0.7941781627873975,-0.3070801941090227,-0.19621814613865227,-1.0620413220411034,-0.4156175589970315,-0.20166150310667885,2.055512318146587,-0.21219372754742588,-0.2991983466782894,-0.6400035310637054,-0.14660958536878183,0.6743963935452368,-0.3318468896580935,-0.2931944802761775,-0.03167031776097681,-0.268264101878365,2.9477653211118273,-1.1683017204269652,-0.03167031776097681,-0.03167031776097681
-1.434969808718606,-1.4457270243153855,-0.8024280312042414,-0.9882680390004805,0.2803563584566262,1.5463090692666612,1.757886212024609,-0.34290113299620106,-0.8059694639746,-0.9135419112057267,-0.2529147778628351,-0.22965760608731267,0.893419385394227,-0.3921188919620247,-0.07095947242679883,-0.11031946970293831,-0.38184998948033355,-0.6446726587031845,1.6935811330619999,-0.7124274490013944,-0.08989331499509892,-0.10060545457319174,-0.21981657747106437,1.2591633047302777,-0.3070801941090227,-0.19621814613865227,0.9415829490307701,-0.4156175589970315,-0.20166150310667885,-0.4864967196604686,-0.21219372754742588,-0.2991983466782894,-0.6400035310637054,-0.14660958536878183,0.6743963935452368,-0.3318468896580935,-0.2931944802761775,-0.03167031776097681,-0.268264101878365,2.9477653211118273,-1.1683017204269652,-0.03167031776097681,-0.03167031776097681
0.13106140623086773,0.11642577690887863,-0.27218188799644444,-0.6023459233470897,1.3980486849801133,-1.1249360241796529,1.757886212024609,-0.34290113299620106,-0.8059694639746,-0.9135419112057267,-0.2529147778628351,-0.22965760608731267,-1.119295166803151,2.5502469289259504,-0.07095947242679883,-0.11031946970293831,-0.38184998948033355,-0.6446726587031845,-0.5904647734189133,-0.7124274490013944,-0.08989331499509892,-0.10060545457319174,-0.21981657747106437,-0.7941781627873975,3.256478337528241,-0.19621814613865227,-1.0620413220411034,2.4060581136494816,-0.20166150310667885,-0.4864967196604686,-0.21219372754742588,-0.2991983466782894,-0.6400035310637054,-0.14660958536878183,0.6743963935452368,-0.3318468896580935,-0.2931944802761775,-0.03167031776097681,-0.268264101878365,2.9477653211118273,-1.1683017204269652,-0.03167031776097681,-0.03167031776097681
0.6605827522929201,0.6475577293251285,0.4853126023004084,-0.6505861878037636,1.211766630559532,-1.1249360241796529,1.757886212024609,-0.34290113299620106,-0.8059694639746,1.0946405279645712,-0.2529147778628351,-0.22965760608731267,-1.119295166803151,-0.3921188919620247,-0.07095947242679883,-0.11031946970293831,-0.38184998948033355,-0.6446726587031845,-0.5904647734189133,-0.7124274490013944,-0.08989331499509892,-0.10060545457319174,-0.21981657747106437,1.2591633047302777,-0.3070801941090227,-0.19621814613865227,-1.0620413220411034,-0.4156175589970315,-0.20166150310667885,2.055512318146587,-0.21219372754742588,-0.2991983466782894,-0.6400035310637054,-0.14660958536878183,0.6743963935452368,3.013437917198243,-0.2931944802761775,-0.03167031776097681,-0.268264101878365,-0.3392400313681768,-1.1683017204269652,-0.03167031776097681,-0.03167031776097681
-1.4049260444030285,-1.4144839682909003,1.0155587455082054,-0.6988264522604375,1.211766630559532,0.7830961854248571,1.757886212024609,-0.34290113299620106,-0.8059694639746,1.0946405279645712,-0.2529147778628351,-0.22965760608731267,-1.119295166803151,-0.3921188919620247,-0.07095947242679883,-0.11031946970293831,-0.38184998948033355,-0.6446726587031845,-0.5904647734189133,-0.7124274490013944,-0.08989331499509892,-0.10060545457319174,-0.21981657747106437,1.2591633047302777,-0.3070801941090227,-0.19621814613865227,-1.0620413220411034,-0.4156175589970315,-0.20166150310667885,2.055512318146587,-0.21219372754742588,-0.2991983466782894,-0.6400035310637054,-0.14660958536878183,0.6743963935452368,3.013437917198243,-0.2931944802761775,-0.03167031776097681,-0.268264101878365,-0.3392400313681768,-1.1683017204269652,-0.03167031776097681,-0.03167031776097681
-0.3083286468844522,-0.32097700743391533,0.9398092964785201,-0.6023459233470897,-1.1167590496977327,-1.1249360241796529,1.757886212024609,-0.34290113299620106,-0.8059694639746,1.0946405279645712,-0.2529147778628351,-0.22965760608731267,-1.119295166803151,-0.3921188919620247,-0.07095947242679883,-0.11031946970293831,-0.38184998948033355,-0.6446726587031845,1.6935811330619999,-0.7124274490013944,-0.08989331499509892,-0.10060545457319174,-0.21981657747106437,1.2591633047302777,-0.3070801941090227,-0.19621814613865227,-1.0620413220411034,-0.4156175589970315,-0.20166150310667885,2.055512318146587,-0.21219372754742588,-0.2991983466782894,-0.6400035310637054,-0.14660958536878183,0.6743963935452368,3.013437917198243,-0.2931944802761775,-0.03167031776097681,-0.268264101878365,-0.3392400313681768,-1.1683017204269652,-0.03167031776097681,-0.03167031776097681
-0.12055511991209324,-0.13351867128700362,1.3943059906566317,-0.02346274986700317,-0.6510539136462797,-1.1249360241796529,1.757886212024609,-0.34290113299620106,-0.8059694639746,1.0946405279645712,-0.2529147778628351,-0.22965760608731267,0.893419385394227,-0.3921188919620247,-0.07095947242679883,-0.11031946970293831,-0.38184998948033355,-0.6446726587031845,-0.5904647734189133,-0.7124274490013944,-0.08989331499509892,-0.10060545457319174,-0.21981657747106437,1.2591633047302777,-0.3070801941090227,-0.19621814613865227,0.9415829490307701,-0.4156175589970315,-0.20166150310667885,-0.4864967196604686,-0.21219372754742588,-0.2991983466782894,1.5624913792865636,-0.14660958536878183,-1.482807455038566,3.013437917198243,-0.2931944802761775,-0.03167031776097681,-0.268264101878365,-0.3392400313681768,-1.1683017204269652,-0.03167031776097681,-0.03167031776097681
-1.371126809548004,-1.3832409122664149,-0.4994302350855003,-0.9400277745438069,-0.4647718592256985,0.7830961854248571,1.757886212024609,-0.34290113299620106,-0.8059694639746,-0.9135419112057267,-0.2529147778628351,-0.22965760608731267,0.893419385394227,-0.3921188919620247,-0.07095947242679883,-0.11031946970293831,-0.38184998948033355,-0.6446726587031845,1.6935811330619999,-0.7124274490013944,-0.08989331499509892,-0.10060545457319174,-0.21981657747106437,1.2591633047302777,-0.3070801941090227,-0.19621814613865227,0.9415829490307701,-0.4156175589970315,-0.20166150310667885,-0.4864967196604686,-0.21219372754742588,-0.2991983466782894,1.5624913792865636,-0.14660958536878183,-1.482807455038566,3.013437917198243,-0.2931944802761775,-0.03167031776097681,-0.268264101878365,-0.3392400313681768,-1.1683017204269652,-0.03167031776097681,-0.03167031776097681
-1.371126809548004,-1.3832409122664149,-0.4994302350855003,-0.45762512997706817,-1.1167590496977327,1.164702627345759,1.757886212024609,-0.34290113299620106,-0.8059694639746,1.0946405279645712,-0.2529147778628351,-0.22965760608731267,-1.119295166803151,-0.3921188919620247,-0.07095947242679883,-0.11031946970293831,-0.38184998948033355,-0.6446726587031845,-0.5904647734189133,-0.7124274490013944,-0.08989331499509892,-0.10060545457319174,4.5492474294011584,-0.7941781627873975,-0.3070801941090227,-0.19621814613865227,-1.0620413220411034,-0.4156175589970315,4.9588046533155135,-0.4864967196604686,4.712674646692831,-0.2991983466782894,-0.6400035310637054,-0.14660958536878183,0.6743963935452368,3.013437917198243,-0.2931944802761775,-0.03167031776097681,-0.268264101878365,-0.3392400313681768,-1.1683017204269652,-0.03167031776097681,-0.03167031776097681
-1.311039280916849,-1.3207548002174443,1.0913081945378906,-0.6988264522604375,-0.09220775038453617,1.9279155111875632,1.757886212024609,-0.34290113299620106,-0.8059694639746,1.0946405279645712,-0.2529147778628351,-0.22965760608731267,0.893419385394227,-0.3921188919620247,-0.07095947242679883,-0.11031946970293831,-0.38184998948033355,-0.6446726587031845,-0.5904647734189133,-0.7124274490013944,-0.08989331499509892,-0.10060545457319174,4.5492474294011584,-0.7941781627873975,-0.3070801941090227,-0.19621814613865227,-1.0620413220411034,-0.4156175589970315,4.9588046533155135,-0.4864967196604686,4.712674646692831,-0.2991983466782894,-0.6400035310637054,-0.14660958536878183,0.6743963935452368,3.013437917198243,-0.2931944802761775,-0.03167031776097681,-0.268264101878365,-0.3392400313681768,-1.1683017204269652,-0.03167031776097681,-0.03167031776097681
-1.311039280916849,-1.3207548002174443,0.636811500359779,-0.9400277745438069,-0.5579128864359891,1.9279155111875632,1.757886212024609,-0.34290113299620106,-0.8059694639746,-0.9135419112057267,-0.2529147778628351,-0.22965760608731267,0.893419385394227,-0.3921188919620247,-0.07095947242679883,-0.11031946970293831,-0.38184998948033355,-0.6446726587031845,-0.5904647734189133,-0.7124274490013944,-0.08989331499509892,-0.10060545457319174,4.5492474294011584,-0.7941781627873975,-0.3070801941090227,-0.19621814613865227,-1.0620413220411034,-0.4156175589970315,4.9588046533155135,-0.4864967196604686,4.712674646692831,-0.2991983466782894,-0.6400035310637054,-0.14660958536878183,0.6743963935452368,3.013437917198243,-0.2931944802761775,-0.03167031776097681,-0.268264101878365,-0.3392400313681768,-1.1683017204269652,-0.03167031776097681,-0.03167031776097681
0.28503569834820214,0.27264105703130503,1.0913081945378906,-0.5058653944337419,-0.5579128864359891,0.019883301583053115,1.757886212024609,-0.34290113299620106,-0.8059694639746,1.0946405279645712,-0.2529147778628351,-0.22965760608731267,0.893419385394227,-0.3921188919620247,-0.07095947242679883,-0.11031946970293831,-0.38184998948033355,-0.6446726587031845,-0.5904647734189133,-0.7124274490013944,-0.08989331499509892,-0.10060545457319174,4.5492474294011584,-0.7941781627873975,-0.3070801941090227,-0.19621814613865227,-1.0620413220411034,-0.4156175589970315,4.9588046533155135,-0.4864967196604686,4.712674646692831,-0.2991983466782894,-0.6400035310637054,-0.14660958536878183,0.6743963935452368,3.013437917198243,-0.2931944802761775,-0.03167031776097681,-0.268264101878365,-0.3392400313681768,-1.1683017204269652,-0.03167031776097681,-0.03167031776097681
-1.2772400460618245,-1.289511744192959,-0.8781774802339267,-0.9882680390004805,1.4911897121904039,0.7830961854248571,1.757886212024609,-0.34290113299620106,-0.8059694639746,-0.9135419112057267,-0.2529147778628351,-0.22965760608731267,-1.119295166803151,-0.3921188919620247,-0.07095947242679883,-0.11031946970293831,-0.38184998948033355,-0.6446726587031845,-0.5904647734189133,-0.7124274490013944,-0.08989331499509892,-0.10060545457319174,4.5492474294011584,-0.7941781627873975,-0.3070801941090227,-0.19621814613865227,-1.0620413220411034,-0.4156175589970315,4.9588046533155135,-0.4864967196604686,4.712674646692831,-0.2991983466782894,1.5624913792865636,-0.14660958536878183,-1.482807455038566,3.013437917198243,-0.2931944802761775,-0.03167031776097681,-0.268264101878365,-0.3392400313681768,-1.1683017204269652,-0.03167031776097681,-0.03167031776097681
0.0033754078896636995,-1.289511744192959,0.4095631532707231,-0.7953069811737852,-0.09220775038453617,1.164702627345759,1.757886212024609,-0.34290113299620106,-0.8059694639746,1.0946405279645712,-0.2529147778628351,-0.22965760608731267,0.893419385394227,-0.3921188919620247,-0.07095947242679883,-0.11031946970293831,2.618829455412367,-0.6446726587031845,-0.5904647734189133,-0.7124274490013944,-0.08989331499509892,-0.10060545457319174,4.5492474294011584,-0.7941781627873975,-0.3070801941090227,-0.19621814613865227,-1.0620413220411034,-0.4156175589970315,4.9588046533155135,-0.4864967196604686,4.712674646692831,-0.2991983466782894,-0.6400035310637054,-0.14660958536878183,0.6743963935452368,3.013437917198243,-0.2931944802761775,-0.03167031776097681,-0.268264101878365,-0.3392400313681768,-1.1683017204269652,-0.03167031776097681,-0.03167031776097681
0.0033754078896636995,-1.2582686881684737,0.33381370424103785,-0.45762512997706817,-0.9304769952771516,0.7830961854248571,1.757886212024609,-0.34290113299620106,-0.8059694639746,1.0946405279645712,-0.2529147778628351,-0.22965760608731267,-1.119295166803151,2.5502469289259504,-0.07095947242679883,-0.11031946970293831,-0.38184998948033355,-0.6446726587031845,-0.5904647734189133,-0.7124274490013944,-0.08989331499509892,-0.10060545457319174,4.5492474294011584,-0.7941781627873975,-0.3070801941090227,-0.19621814613865227,-1.0620413220411034,-0.4156175589970315,4.9588046533155135,-0.4864967196604686,4.712674646692831,-0.2991983466782894,1.5624913792865636,-0.14660958536878183,-1.482807455038566,3.013437917198243,-0.2931944802761775,-0.03167031776097681,-0.268264101878365,-0.3392400313681768,-1.1683017204269652,-0.03167031776097681,-0.03167031776097681
0.0033754078896636995,-1.2582686881684737,-0.27218188799644444,-0.9882680390004805,-0.5579128864359891,-0.3617231403378489,1.757886212024609,-0.34290113299620106,-0.8059694639746,-0.9135419112057267,-0.2529147778628351,-0.22965760608731267,-1.119295166803151,2.5502469289259504,-0.07095947242679883,-0.11031946970293831,-0.38184998948033355,-0.6446726587031845,-0.5904647734189133,-0.7124274490013944,-0.08989331499509892,-0.10060545457319174,4.5492474294011584,-0.7941781627873975,-0.3070801941090227,-0.19621814613865227,-1.0620413220411034,-0.4156175589970315,4.9588046533155135,-0.4864967196604686,4.712674646692831,-0.2991983466782894,1.5624913792865636,-0.14660958536878183,-1.482807455038566,3.013437917198243,-0.2931944802761775,-0.03167031776097681,-0.268264101878365,-0.3392400313681768,-1.1683017204269652,-0.03167031776097681,-0.03167031776097681
0.0033754078896636995,-1.2270256321439885,1.3943059906566317,-0.7470667167171112,1.3049076577698226,1.164702627345759,1.757886212024609,-0.34290113299620106,-0.8059694639746,-0.9135419112057267,-0.2529147778628351,-0.22965760608731267,0.893419385394227,-0.3921188919620247,-0.07095947242679883,-0.11031946970293831,-0.38184998948033355,-0.6446726587031845,-0.5904647734189133,-0.7124274490013944,-0.08989331499509892,-0.10060545457319174,4.5492474294011584,-0.7941781627873975,-0.3070801941090227,-0.19621814613865227,-1.0620413220411034,-0.4156175589970315,4.9588046533155135,-0.4864967196604686,4.712674646692831,-0.2991983466782894,-0.6400035310637054,-0.14660958536878183,0.6743963935452368,-0.3318468896580935,-0.2931944802761775,-0.03167031776097681,-0.268264101878365,2.9477653211118273,-1.1683017204269652,-0.03167031776097681,-0.03167031776097681
0.0033754078896636995,0.6163146733006432,0.8640598474488348,-0.6023459233470897,0.7460614945080791,-1.1249360241796529,1.757886212024609,-0.34290113299620106,-0.8059694639746,1.0946405279645712,-0.2529147778628351,-0.22965760608731267,-1.119295166803151,2.5502469289259504,-0.07095947242679883,-0.11031946970293831,-0.38184998948033355,-0.6446726587031845,-0.5904647734189133,-0.7124274490013944,-0.08989331499509892,-0.10060545457319174,4.5492474294011584,-0.7941781627873975,-0.3070801941090227,-0.19621814613865227,-1.0620413220411034,-0.4156175589970315,4.9588046533155135,-0.4864967196604686,4.712674646692831,-0.2991983466782894,-0.6400035310637054,-0.14660958536878183,0.6743963935452368,-0.3318468896580935,-0.2931944802761775,-0.03167031776097681,-0.268264101878365,2.9477653211118273,-1.1683017204269652,-0.03167031776097681,-0.03167031776097681
0.0033754078896636995,-1.2270256321439885,0.9398092964785201,-0.36114460106372037,-0.837335968066861,1.164702627345759,1.757886212024609,-0.34290113299620106,-0.8059694639746,1.0946405279645712,-0.2529147778628351,-0.22965760608731267,0.893419385394227,-0.3921188919620247,-0.07095947242679883,-0.11031946970293831,2.618829455412367,-0.6446726587031845,-0.5904647734189133,-0.7124274490013944,-0.08989331499509892,-0.10060545457319174,4.5492474294011584,-0.7941781627873975,-0.3070801941090227,-0.19621814613865227,-1.0620413220411034,-0.4156175589970315,4.9588046533155135,-0.4864967196604686,4.712674646692831,-0.2991983466782894,-0.6400035310637054,-0.14660958536878183,0.6743963935452368,-0.3318468896580935,-0.2931944802761775,-0.03167031776097681,-0.268264101878365,2.9477653211118273,-1.1683017204269652,-0.03167031776097681,-0.03167031776097681
0.3488786975188042,0.3351271690802756,-0.8024280312042414,-0.6505861878037636,0.559779440087498,-1.1249360241796529,1.757886212024609,-0.34290113299620106,-0.8059694639746,1.0946405279645712,-0.2529147778628351,-0.22965760608731267,-1.119295166803151,-0.3921188919620247,-0.07095947242679883,-0.11031946970293831,-0.38184998948033355,-0.6446726587031845,1.6935811330619999,-0.7124274490013944,-0.08989331499509892,-0.10060545457319174,-0.21981657747106437,1.2591633047302777,-0.3070801941090227,-0.19621814613865227,0.9415829490307701,-0.4156175589970315,-0.20166150310667885,-0.4864967196604686,-0.21219372754742588,-0.2991983466782894,1.5624913792865636,-0.14660958536878183,-1.482807455038566,-0.3318468896580935,-0.2931944802761775,-0.03167031776097681,-0.268264101878365,2.9477653211118273,-1.1683017204269652,-0.03167031776097681,-0.03167031776097681
-1.2171525174306697,-1.2270256321439885,0.8640598474488348,-0.11994327878035099,-0.3716308320154079,0.4014897435039551,1.757886212024609,-0.34290113299620106,-0.8059694639746,-0.9135419112057267,-0.2529147778628351,-0.22965760608731267,0.893419385394227,-0.3921188919620247,-0.07095947242679883,-0.11031946970293831,-0.38184998948033355,-0.6446726587031845,-0.5904647734189133,-0.7124274490013944,-0.08989331499509892,-0.10060545457319174,-0.21981657747106437,1.2591633047302777,-0.3070801941090227,-0.19621814613865227,-1.0620413220411034,-0.4156175589970315,-0.20166150310667885,2.055512318146587,-0.21219372754742588,-0.2991983466782894,-0.6400035310637054,-0.14660958536878183,0.6743963935452368,-0.3318468896580935,-0.2931944802761775,-0.03167031776097681,-0.268264101878365,2.9477653211118273,-1.1683017204269652,-0.03167031776097681,-0.03167031776097681
-1.183353282575645,-1.1957825761195031,-0.4994302350855003,-0.6505861878037636,1.025484576138951,1.164702627345759,1.757886212024609,-0.34290113299620106,-0.8059694639746,1.0946405279645712,-0.2529147778628351,-0.22965760608731267,0.893419385394227,2.5502469289259504,-0.07095947242679883,-0.11031946970293831,-0.38184998948033355,-0.6446726587031845,-0.5904647734189133,-0.7124274490013944,-0.08989331499509892,-0.10060545457319174,-0.21981657747106437,-0.7941781627873975,3.256478337528241,-0.19621814613865227,-1.0620413220411034,-0.4156175589970315,-0.20166150310667885,2.055512318146587,-0.21219372754742588,-0.2991983466782894,-0.6400035310637054,-0.14660958536878183,0.6743963935452368,-0.3318468896580935,-0.2931944802761775,-0.03167031776097681,-0.268264101878365,2.9477653211118273,-1.1683017204269652,-0.03167031776097681,-0.03167031776097681
-1.183353282575645,-1.1957825761195031,-0.7266785821745562,-0.6988264522604375,0.3734973856669168,0.7830961854248571,1.757886212024609,-0.34290113299620106,-0.8059694639746,1.0946405279645712,-0.2529147778628351,-0.22965760608731267,-1.119295166803151,-0.3921188919620247,-0.07095947242679883,-0.11031946970293831,-0.38184998948033355,-0.6446726587031845,1.6935811330619999,-0.7124274490013944,-0.08989331499509892,-0.10060545457319174,-0.21981657747106437,1.2591633047302777,-0.3070801941090227,-0.19621814613865227,0.9415829490307701,-0.4156175589970315,-0.20166150310667885,-0.4864967196604686,-0.21219372754742588,-0.2991983466782894,-0.6400035310637054,-0.14660958536878183,0.6743963935452368,-0.3318468896580935,-0.2931944802761775,-0.03167031776097681,-0.268264101878365,2.9477653211118273,-1.1683017204269652,-0.03167031776097681,-0.03167031776097681
-1.1533095182600674,-1.164539520095018,-0.423680786055815,-0.9400277745438069,1.3049076577698226,1.9279155111875632,1.757886212024609,-0.34290113299620106,-0.8059694639746,1.0946405279645712,-0.2529147778628351,-0.22965760608731267,0.893419385394227,-0.3921188919620247,-0.07095947242679883,-0.11031946970293831,2.618829455412367,-0.6446726587031845,-0.5904647734189133,-0.7124274490013944,-0.08989331499509892,-0.10060545457319174,-0.21981657747106437,-0.7941781627873975,3.256478337528241,-0.19621814613865227,-1.0620413220411034,-0.4156175589970315,-0.20166150310667885,2.055512318146587,-0.21219372754742588,-0.2991983466782894,-0.6400035310637054,-0.14660958536878183,0.6743963935452368,3.013437917198243,-0.2931944802761775,-0.03167031776097681,-0.268264101878365,-0.3392400313681768,-1.1683017204269652,-0.03167031776097681,-0.03167031776097681
-1.1533095182600674,-1.164539520095018,0.8640598474488348,-0.6023459233470897,-0.27848980480511737,1.164702627345759,1.757886212024609,-0.34290113299620106,-0.8059694639746,-0.9135419112057267,-0.2529147778628351,-0.22965760608731267,0.893419385394227,-0.3921188919620247,-0.07095947242679883,-0.11031946970293831,-0.38184998948033355,-0.6446726587031845,-0.5904647734189133,-0.7124274490013944,-0.08989331499509892,-0.10060545457319174,-0.21981657747106437,-0.7941781627873975,-0.3070801941090227,-0.19621814613865227,-1.0620413220411034,-0.4156175589970315,-0.20166150310667885,2.055512318146587,-0.21219372754742588,-0.2991983466782894,1.5624913792865636,-0.14660958536878183,-1.482807455038566,-0.3318468896580935,-0.2931944802761775,-0.03167031776097681,-0.268264101878365,2.9477653211118273,-1.1683017204269652,-0.03167031776097681,-0.03167031776097681
-1.1533095182600674,-1.164539520095018,1.3943059906566317,-0.36114460106372037,-1.023618022487442,0.019883301583053115,1.757886212024609,-0.34290113299620106,-0.8059694639746,-0.9135419112057267,-0.2529147778628351,-0.22965760608731267,0.893419385394227,-0.3921188919620247,-0.07095947242679883,-0.11031946970293831,-0.38184998948033355,-0.6446726587031845,-0.5904647734189133,-0.7124274490013944,-0.08989331499509892,-0.10060545457319174,-0.21981657747106437,1.2591633047302777,-0.3070801941090227,-0.19621814613865227,-1.0620413220411034,-0.4156175589970315,-0.20166150310667885,2.055512318146587,-0.21219372754742588,-0.2991983466782894,1.5624913792865636,-0.14660958536878183,-1.482807455038566,-0.3318468896580935,-0.2931944802761775,-0.03167031776097681,-0.268264101878365,2.9477653211118273,-1.1683017204269652,-0.03167031776097681,-0.03167031776097681
-1.1533095182600674,-1.164539520095018,1.2428070925972612,-1.0365083034571545,0.2803563584566262,-1.1249360241796529,1.757886212024609,-0.34290113299620106,-0.8059694639746,1.0946405279645712,-0.2529147778628351,-0.22965760608731267,0.893419385394227,-0.3921188919620247,-0.07095947242679883,-0.11031946970293831,-0.38184998948033355,-0.6446726587031845,-0.5904647734189133,-0.7124274490013944,-0.08989331499509892,-0.10060545457319174,-0.21981657747106437,1.2591633047302777,-0.3070801941090227,-0.19621814613865227,-1.0620413220411034,-0.4156175589970315,-0.20166150310667885,2.055512318146587,-0.21219372754742588,3.3422644580160132,-0.6400035310637054,-0.14660958536878183,0.6743963935452368,-0.3318468896580935,-0.2931944802761775,-0.03167031776097681,-0.268264101878365,2.9477653211118273,-1.1683017204269652,-0.03167031776097681,-0.03167031776097681
-1.1533095182600674,-1.164539520095018,0.030815908122296707,-0.7470667167171112,-0.9304769952771516,1.164702627345759,1.757886212024609,-0.34290113299620106,-0.8059694639746,1.0946405279645712,-0.2529147778628351,-0.22965760608731267,-1.119295166803151,-0.3921188919620247,-0.07095947242679883,-0.11031946970293831,-0.38184998948033355,-0.6446726587031845,-0.5904647734189133,-0.7124274490013944,-0.08989331499509892,-0.10060545457319174,-0.21981657747106437,1.2591633047302777,-0.3070801941090227,-0.19621814613865227,-1.0620413220411034,-0.4156175589970315,-0.20166150310667885,2.055512318146587,-0.21219372754742588,-0.2991983466782894,-0.6400035310637054,-0.14660958536878183,0.6743963935452368,-0.3318468896580935,-0.2931944802761775,-0.03167031776097681,-0.268264101878365,2.9477653211118273,-1.1683017204269652,-0.03167031776097681,-0.03167031776097681
-1.1232657539444901,-1.1332964640705327,1.2428070925972612,0.02477751458967053,-0.837335968066861,1.5463090692666612,1.757886212024609,-0.34290113299620106,-0.8059694639746,-0.9135419112057267,-0.2529147778628351,-0.22965760608731267,0.893419385394227,-0.3921188919620247,-0.07095947242679883,-0.11031946970293831,2.618829455412367,-0.6446726587031845,-0.5904647734189133,-0.7124274490013944,-0.08989331499509892,-0.10060545457319174,-0.21981657747106437,1.2591633047302777,-0.3070801941090227,-0.19621814613865227,-1.0620413220411034,-0.4156175589970315,-0.20166150310667885,2.055512318146587,-0.21219372754742588,-0.2991983466782894,1.5624913792865636,-0.14660958536878183,-1.482807455038566,-0.3318468896580935,-0.2931944802761775,-0.03167031776097681,-0.268264101878365,2.9477653211118273,-1.1683017204269652,-0.03167031776097681,-0.03167031776097681
-1.1232657539444901,-1.1332964640705327,1.3185565416269465,0.5071801591564092,-0.9304769952771516,0.019883301583053115,1.757886212024609,-0.34290113299620106,-0.8059694639746,-0.9135419112057267,-0.2529147778628351,-0.22965760608731267,-1.119295166803151,-0.3921188919620247,-0.07095947242679883,-0.11031946970293831,-0.38184998948033355,-0.6446726587031845,-0.5904647734189133,-0.7124274490013944,-0.08989331499509892,-0.10060545457319174,-0.21981657747106437,1.2591633047302777,-0.3070801941090227,-0.19621814613865227,-1.0620413220411034,-0.4156175589970315,-0.20166150310667885,2.055512318146587,-0.21219372754742588,-0.2991983466782894,-0.6400035310637054,-0.14660958536878183,0.6743963935452368,-0.3318468896580935,-0.2931944802761775,-0.03167031776097681,-0.268264101878365,2.9477653211118273,-1.1683017204269652,-0.03167031776097681,-0.03167031776097681
-1.0894665190894655,-1.1020534080460473,-0.12068298993707387,-0.891787510087133,-1.023618022487442,1.5463090692666612,1.757886212024609,-0.34290113299620106,-0.8059694639746,1.0946405279645712,-0.2529147778628351,-0.22965760608731267,0.893419385394227,-0.3921188919620247,-0.07095947242679883,-0.11031946970293831,2.618829455412367,-0.6446726587031845,-0.5904647734189133,-0.7124274490013944,-0.08989331499509892,-0.10060545457319174,-0.21981657747106437,-0.7941781627873975,3.256478337528241,-0.19621814613865227,-1.0620413220411034,-0.4156175589970315,-0.20166150310667885,2.055512318146587,-0.21219372754742588,-0.2991983466782894,1.5624913792865636,-0.14660958536878183,-1.482807455038566,-0.3318468896580935,3.4107054097950273,-0.03167031776097681,-0.268264101878365,-0.3392400313681768,-1.1683017204269652,-0.03167031776097681,-0.03167031776097681
-1.0894665190894655,-1.1020534080460473,-0.423680786055815,-0.9882680390004805,1.9568948482418569,-1.1249360241796529,1.757886212024609,-0.34290113299620106,-0.8059694639746,-0.9135419112057267,-0.2529147778628351,-0.22965760608731267,0.893419385394227,-0.3921188919620247,-0.07095947242679883,-0.11031946970293831,-0.38184998948033355,-0.6446726587031845,1.6935811330619999,-0.7124274490013944,-0.08989331499509892,-0.10060545457319174,-0.21981657747106437,1.2591633047302777,-0.3070801941090227,-0.19621814613865227,0.9415829490307701,-0.4156175589970315,-0.20166150310667885,-0.4864967196604686,-0.21219372754742588,-0.2991983466782894,1.5624913792865636,-0.14660958536878183,-1.482807455038566,-0.3318468896580935,-0.2931944802761775,-0.03167031776097681,-0.268264101878365,2.9477653211118273,-1.1683017204269652,-0.03167031776097681,-0.03167031776097681
-1.0894665190894655,-1.1020534080460473,0.8640598474488348,-0.6023459233470897,0.6529204672977886,0.7830961854248571,1.757886212024609,-0.34290113299620106,-0.8059694639746,1.0946405279645712,-0.2529147778628351,-0.22965760608731267,0.893419385394227,-0.3921188919620247,-0.07095947242679883,-0.11031946970293831,2.618829455412367,-0.6446726587031845,-0.5904647734189133,-0.7124274490013944,-0.08989331499509892,-0.10060545457319174,-0.21981657747106437,1.2591633047302777,-0.3070801941090227,-0.19621814613865227,-1.0620413220411034,-0.4156175589970315,-0.20166150310667885,2.055512318146587,-0.21219372754742588,-0.2991983466782894,1.5624913792865636,-0.14660958536878183,-1.482807455038566,-0.3318468896580935,3.4107054097950273,-0.03167031776097681,-0.268264101878365,-0.3392400313681768,-1.1683017204269652,-0.03167031776097681,-0.03167031776097681
-1.0594227547738881,-1.0708103520215622,-0.8024280312042414,-1.0847485679138285,1.025484576138951,-1.1249360241796529,1.757886212024609,-0.34290113299620106,-0.8059694639746,1.0946405279645712,-0.2529147778628351,-0.22965760608731267,0.893419385394227,-0.3921188919620247,-0.07095947242679883,-0.11031946970293831,-0.38184998948033355,-0.6446726587031845,1.6935811330619999,-0.7124274490013944,-0.08989331499509892,-0.10060545457319174,-0.21981657747106437,1.2591633047302777,-0.3070801941090227,-0.19621814613865227,-1.0620413220411034,-0.4156175589970315,-0.20166150310667885,2.055512318146587,-0.21219372754742588,3.3422644580160132,-0.6400035310637054,-0.14660958536878183,0.6743963935452368,-0.3318468896580935,-0.2931944802761775,-0.03167031776097681,-0.268264101878365,2.9477653211118273,-1.1683017204269652,-0.03167031776097681,-0.03167031776097681
-1.0594227547738881,-1.0708103520215622,0.33381370424103785,-0.6988264522604375,0.09407430403604503,-1.1249360241796529,1.757886212024609,-0.34290113299620106,-0.8059694639746,-0.9135419112057267,-0.2529147778628351,-0.22965760608731267,0.893419385394227,-0.3921188919620247,-0.07095947242679883,-0.11031946970293831,-0.38184998948033355,-0.6446726587031845,-0.5904647734189133,-0.7124274490013944,-0.08989331499509892,-0.10060545457319174,-0.21981657747106437,1.2591633047302777,-0.3070801941090227,-0.19621814613865227,-1.0620413220411034,-0.4156175589970315,-0.20166150310667885,2.055512318146587,-0.21219372754742588,-0.2991983466782894,-0.6400035310637054,-0.14660958536878183,0.6743963935452368,-0.3318468896580935,-0.2931944802761775,-0.03167031776097681,-0.268264101878365,2.9477653211118273,-1.1683017204269652,-0.03167031776097681,-0.03167031776097681
-1.0594227547738881,-1.0708103520215622,-0.7266785821745562,-0.6988264522604375,0.000933276825754426,-1.1249360241796529,1.757886212024609,-0.34290113299620106,-0.8059694639746,-0.9135419112057267,-0.2529147778628351,-0.22965760608731267,-1.119295166803151,-0.3921188919620247,-0.07095947242679883,-0.11031946970293831,-0.38184998948033355,-0.6446726587031845,1.6935811330619999,-0.7124274490013944,-0.08989331499509892,-0.10060545457319174,-0.21981657747106437,1.2591633047302777,-0.3070801941090227,-0.19621814613865227,0.9415829490307701,-0.4156175589970315,-0.20166150310667885,-0.4864967196604686,-0.21219372754742588,-0.2991983466782894,1.5624913792865636,-0.14660958536878183,-1.482807455038566,-0.3318468896580935,-0.2931944802761775,-0.03167031776097681,-0.268264101878365,2.9477653211118273,-1.1683017204269652,-0.03167031776097681,-0.03167031776097681
-1.0594227547738881,-1.0708103520215622,-0.27218188799644444,-0.9400277745438069,0.559779440087498,-1.1249360241796529,-0.5688650341299796,2.9162924930057867,-0.8059694639746,-0.9135419112057267,-0.2529147778628351,-0.22965760608731267,-1.119295166803151,2.5502469289259504,-0.07095947242679883,-0.11031946970293831,-0.38184998948033355,-0.6446726587031845,-0.5904647734189133,-0.7124274490013944,-0.08989331499509892,-0.10060545457319174,-0.21981657747106437,-0.7941781627873975,3.256478337528241,-0.19621814613865227,-1.0620413220411034,-0.4156175589970315,-0.20166150310667885,2.055512318146587,-0.21219372754742588,-0.2991983466782894,1.5624913792865636,-0.14660958536878183,-1.482807455038566,-0.3318468896580935,-0.2931944802761775,-0.03167031776097681,-0.268264101878365,2.9477653211118273,-1.1683017204269652,-0.03167031776097681,-0.03167031776097681
-0.995579755603286,-1.0083242399725916,2.1518004809534848,0.3624593657863877,0.1872153312463356,-1.1249360241796529,-0.5688650341299796,2.9162924930057867,-0.8059694639746,-0.9135419112057267,-0.2529147778628351,-0.22965760608731267,-1.119295166803151,-0.3921188919620247,-0.07095947242679883,-0.11031946970293831,-0.38184998948033355,-0.6446726587031845,-0.5904647734189133,-0.7124274490013944,-0.08989331499509892,-0.10060545457319174,-0.21981657747106437,1.2591633047302777,-0.3070801941090227,-0.19621814613865227,-1.0620413220411034,-0.4156175589970315,-0.20166150310667885,2.055512318146587,-0.21219372754742588,-0.2991983466782894,1.5624913792865636,-0.14660958536878183,-1.482807455038566,-0.3318468896580935,-0.2931944802761775,-0.03167031776097681,-0.268264101878365,2.9477653211118273,-1.1683017204269652,-0.03167031776097681,-0.03167031776097681
0.0033754078896636995,0.022696608835422783,1.0913081945378906,0.4058756037973941,1.3980486849801133,-1.1249360241796529,-0.5688650341299796,2.9162924930057867,-0.8059694639746,-0.9135419112057267,3.9539010272556565,4.354308211415448,-1.119295166803151,-0.3921188919620247,-0.07095947242679883,-0.11031946970293831,-0.38184998948033355,-0.6446726587031845,-0.5904647734189133,-0.7124274490013944,-0.08989331499509892,-0.10060545457319174,-0.21981657747106437,1.2591633047302777,-0.3070801941090227,-0.19621814613865227,-1.0620413220411034,2.4060581136494816,-0.20166150310667885,-0.4864967196604686,-0.21219372754742588,-0.2991983466782894,-0.6400035310637054,-0.14660958536878183,0.6743963935452368,-0.3318468896580935,-0.2931944802761775,-0.03167031776097681,-0.268264101878365,2.9477653211118273,-1.1683017204269652,-0.03167031776097681,-0.03167031776097681
-0.995579755603286,-1.0083242399725916,1.8488026848347436,0.05372167326367509,1.4911897121904039,-1.1249360241796529,1.757886212024609,-0.34290113299620106,-0.8059694639746,-0.9135419112057267,-0.2529147778628351,-0.22965760608731267,0.893419385394227,2.5502469289259504,-0.07095947242679883,-0.11031946970293831,-0.38184998948033355,-0.6446726587031845,-0.5904647734189133,-0.7124274490013944,-0.08989331499509892,-0.10060545457319174,-0.21981657747106437,-0.7941781627873975,3.256478337528241,-0.19621814613865227,-1.0620413220411034,-0.4156175589970315,-0.20166150310667885,2.055512318146587,-0.21219372754742588,-0.2991983466782894,-0.6400035310637054,-0.14660958536878183,0.6743963935452368,-0.3318468896580935,-0.2931944802761775,-0.03167031776097681,-0.268264101878365,2.9477653211118273,-1.1683017204269652,-0.03167031776097681,-0.03167031776097681
-0.995579755603286,-1.0083242399725916,0.7125609493894642,2.0026283573132995,1.4911897121904039,0.4014897435039551,1.757886212024609,-0.34290113299620106,-0.8059694639746,1.0946405279645712,-0.2529147778628351,-0.22965760608731267,0.893419385394227,2.5502469289259504,-0.07095947242679883,-0.11031946970293831,-0.38184998948033355,-0.6446726587031845,-0.5904647734189133,-0.7124274490013944,-0.08989331499509892,-0.10060545457319174,-0.21981657747106437,-0.7941781627873975,3.256478337528241,-0.19621814613865227,-1.0620413220411034,-0.4156175589970315,-0.20166150310667885,2.055512318146587,-0.21219372754742588,-0.2991983466782894,-0.6400035310637054,-0.14660958536878183,0.6743963935452368,-0.3318468896580935,-0.2931944802761775,-0.03167031776097681,-0.268264101878365,2.9477653211118273,-1.1683017204269652,-0.03167031776097681,-0.03167031776097681
-0.995579755603286,-1.0083242399725916,1.7730532358050581,-0.1681835432370247,-1.2099000769080233,-1.1249360241796529,1.757886212024609,-0.34290113299620106,-0.8059694639746,-0.9135419112057267,-0.2529147778628351,-0.22965760608731267,0.893419385394227,2.5502469289259504,-0.07095947242679883,-0.11031946970293831,-0.38184998948033355,-0.6446726587031845,-0.5904647734189133,-0.7124274490013944,-0.08989331499509892,-0.10060545457319174,-0.21981657747106437,-0.7941781627873975,3.256478337528241,-0.19621814613865227,-1.0620413220411034,-0.4156175589970315,-0.20166150310667885,2.055512318146587,-0.21219372754742588,-0.2991983466782894,1.5624913792865636,-0.14660958536878183,-1.482807455038566,-0.3318468896580935,-0.2931944802761775,-0.03167031776097681,-0.268264101878365,2.9477653211118273,-1.1683017204269652,-0.03167031776097681,-0.03167031776097681
-0.995579755603286,-1.0083242399725916,1.3185565416269465,0.6567249789720985,-0.6510539136462797,0.019883301583053115,1.757886212024609,-0.34290113299620106,-0.8059694639746,-0.9135419112057267,-0.2529147778628351,-0.22965760608731267,-1.119295166803151,-0.3921188919620247,-0.07095947242679883,-0.11031946970293831,-0.38184998948033355,-0.6446726587031845,-0.5904647734189133,-0.7124274490013944,-0.08989331499509892,-0.10060545457319174,-0.21981657747106437,1.2591633047302777,-0.3070801941090227,-0.19621814613865227,-1.0620413220411034,-0.4156175589970315,-0.20166150310667885,2.055512318146587,-0.21219372754742588,-0.2991983466782894,-0.6400035310637054,-0.14660958536878183,0.6743963935452368,-0.3318468896580935,-0.2931944802761775,-0.03167031776097681,-0.268264101878365,2.9477653211118273,-1.1683017204269652,-0.03167031776097681,-0.03167031776097681
-0.9655359912877086,-0.9770811839481063,1.8488026848347436,1.5298737656378953,-0.7441949408565703,-1.1249360241796529,1.757886212024609,-0.34290113299620106,-0.8059694639746,-0.9135419112057267,-0.2529147778628351,-0.22965760608731267,-1.119295166803151,2.5502469289259504,-0.07095947242679883,-0.11031946970293831,-0.38184998948033355,-0.6446726587031845,-0.5904647734189133,-0.7124274490013944,-0.08989331499509892,-0.10060545457319174,-0.21981657747106437,-0.7941781627873975,3.256478337528241,-0.19621814613865227,-1.0620413220411034,-0.4156175589970315,-0.20166150310667885,2.055512318146587,-0.21219372754742588,-0.2991983466782894,1.5624913792865636,-0.14660958536878183,-1.482807455038566,-0.3318468896580935,-0.2931944802761775,-0.03167031776097681,-0.268264101878365,2.9477653211118273,-1.1683017204269652,-0.03167031776097681,-0.03167031776097681
-0.9655359912877086,-0.9770811839481063,1.0155587455082054,1.5539938978662327,-1.2099000769080233,-1.1249360241796529,1.757886212024609,-0.34290113299620106,-0.8059694639746,-0.9135419112057267,-0.2529147778628351,-0.22965760608731267,0.893419385394227,-0.3921188919620247,-0.07095947242679883,-0.11031946970293831,-0.38184998948033355,-0.6446726587031845,-0.5904647734189133,-0.7124274490013944,-0.08989331499509892,-0.10060545457319174,-0.21981657747106437,1.2591633047302777,-0.3070801941090227,-0.19621814613865227,-1.0620413220411034,-0.4156175589970315,-0.20166150310667885,2.055512318146587,-0.21219372754742588,-0.2991983466782894,-0.6400035310637054,-0.14660958536878183,0.6743963935452368,-0.3318468896580935,-0.2931944802761775,-0.03167031776097681,-0.268264101878365,2.9477653211118273,-1.1683017204269652,-0.03167031776097681,-0.03167031776097681
-0.9354922269721311,-0.945838127923621,2.454798277072226,0.9413425392664743,-0.3716308320154079,-1.1249360241796529,1.757886212024609,-0.34290113299620106,-0.8059694639746,1.0946405279645712,-0.2529147778628351,-0.22965760608731267,-1.119295166803151,2.5502469289259504,-0.07095947242679883,-0.11031946970293831,-0.38184998948033355,-0.6446726587031845,-0.5904647734189133,-0.7124274490013944,-0.08989331499509892,-0.10060545457319174,-0.21981657747106437,-0.7941781627873975,3.256478337528241,-0.19621814613865227,-1.0620413220411034,-0.4156175589970315,-0.20166150310667885,2.055512318146587,-0.21219372754742588,-0.2991983466782894,-0.6400035310637054,-0.14660958536878183,0.6743963935452368,-0.3318468896580935,-0.2931944802761775,-0.03167031776097681,-0.268264101878365,2.9477653211118273,-1.1683017204269652,-0.03167031776097681,-0.03167031776097681
-0.9354922269721311,-0.945838127923621,2.000301582894114,2.243829679596669,-0.6510539136462797,0.4014897435039551,1.757886212024609,-0.34290113299620106,-0.8059694639746,1.0946405279645712,-0.2529147778628351,-0.22965760608731267,0.893419385394227,-0.3921188919620247,-0.07095947242679883,-0.11031946970293831,2.618829455412367,-0.6446726587031845,-0.5904647734189133,-0.7124274490013944,-0.08989331499509892,-0.10060545457319174,-0.21981657747106437,-0.7941781627873975,3.256478337528241,-0.19621814613865227,-1.0620413220411034,-0.4156175589970315,-0.20166150310667885,2.055512318146587,-0.21219372754742588,-0.2991983466782894,1.5624913792865636,-0.14660958536878183,-1.482807455038566,-0.3318468896580935,-0.2931944802761775,-0.03167031776097681,-0.268264101878365,2.9477653211118273,-1.1683017204269652,-0.03167031776097681,-0.03167031776097681
-0.9016929921171065,-0.9145950718991357,2.22754992998317,1.471985448289887,-1.023618022487442,0.4014897435039551,1.757886212024609,-0.34290113299620106,-0.8059694639746,1.0946405279645712,-0.2529147778628351,-0.22965760608731267,0.893419385394227,-0.3921188919620247,-0.07095947242679883,-0.11031946970293831,2.618829455412367,-0.6446726587031845,-0.5904647734189133,-0.7124274490013944,-0.08989331499509892,-0.10060545457319174,-0.21981657747106437,-0.7941781627873975,3.256478337528241,-0.19621814613865227,-1.0620413220411034,-0.4156175589970315,-0.20166150310667885,2.055512318146587,-0.21219372754742588,-0.2991983466782894,-0.6400035310637054,-0.14660958536878183,0.6743963935452368,-0.3318468896580935,3.4107054097950273,-0.03167031776097681,-0.268264101878365,-0.3392400313681768,-1.1683017204269652,-0.03167031776097681,-0.03167031776097681
-0.8716492278015291,-0.8833520158746504,1.0913081945378906,1.5684659772032346,-1.2099000769080233,0.019883301583053115,1.757886212024609,-0.34290113299620106,-0.8059694639746,1.0946405279645712,-0.2529147778628351,-0.22965760608731267,-1.119295166803151,2.5502469289259504,-0.07095947242679883,-0.11031946970293831,-0.38184998948033355,-0.6446726587031845,-0.5904647734189133,-0.7124274490013944,-0.08989331499509892,-0.10060545457319174,-0.21981657747106437,-0.7941781627873975,3.256478337528241,-0.19621814613865227,-1.0620413220411034,2.4060581136494816,-0.20166150310667885,-0.4864967196604686,-0.21219372754742588,-0.2991983466782894,-0.6400035310637054,-0.14660958536878183,0.6743963935452368,-0.3318468896580935,3.4107054097950273,-0.03167031776097681,-0.268264101878365,-0.3392400313681768,-1.1683017204269652,-0.03167031776097681,-0.03167031776097681
-0.8716492278015291,-0.8833520158746504,1.470055439686317,2.1473491506833207,-0.18534877759482676,-1.1249360241796529,1.757886212024609,-0.34290113299620106,-0.8059694639746,1.0946405279645712,-0.2529147778628351,-0.22965760608731267,0.893419385394227,-0.3921188919620247,-0.07095947242679883,-0.11031946970293831,-0.38184998948033355,-0.6446726587031845,-0.5904647734189133,-0.7124274490013944,-0.08989331499509892,-0.10060545457319174,-0.21981657747106437,1.2591633047302777,-0.3070801941090227,-0.19621814613865227,-1.0620413220411034,-0.4156175589970315,-0.20166150310667885,2.055512318146587,-0.21219372754742588,-0.2991983466782894,-0.6400035310637054,-0.14660958536878183,0.6743963935452368,-0.3318468896580935,3.4107054097950273,-0.03167031776097681,-0.268264101878365,-0.3392400313681768,-1.1683017204269652,-0.03167031776097681,-0.03167031776097681
-0.8716492278015291,-0.8833520158746504,2.3032993790128553,1.8579075639432776,0.09407430403604503,-1.1249360241796529,1.757886212024609,-0.34290113299620106,-0.8059694639746,1.0946405279645712,-0.2529147778628351,-0.22965760608731267,0.893419385394227,-0.3921188919620247,-0.07095947242679883,-0.11031946970293831,2.618829455412367,-0.6446726587031845,-0.5904647734189133,-0.7124274490013944,-0.08989331499509892,-0.10060545457319174,-0.21981657747106437,-0.7941781627873975,3.256478337528241,-0.19621814613865227,-1.0620413220411034,-0.4156175589970315,-0.20166150310667885,2.055512318146587,-0.21219372754742588,-0.2991983466782894,-0.6400035310637054,-0.14660958536878183,0.6743963935452368,-0.3318468896580935,3.4107054097950273,-0.03167031776097681,-0.268264101878365,-0.3392400313681768,-1.1683017204269652,-0.03167031776097681,-0.03167031776097681
0.0033754078896636995,0.022696608835422783,1.0155587455082054,1.3272646549198652,-0.5579128864359891,-1.1249360241796529,-0.5688650341299796,2.9162924930057867,-0.8059694639746,-0.9135419112057267,3.9539010272556565,4.354308211415448,-1.119295166803151,2.5502469289259504,-0.07095947242679883,-0.11031946970293831,-0.38184998948033355,-0.6446726587031845,-0.5904647734189133,-0.7124274490013944,-0.08989331499509892,-0.10060545457319174,-0.21981657747106437,-0.7941781627873975,3.256478337528241,-0.19621814613865227,-1.0620413220411034,-0.4156175589970315,-0.20166150310667885,2.055512318146587,-0.21219372754742588,-0.2991983466782894,1.5624913792865636,-0.14660958536878183,-1.482807455038566,-0.3318468896580935,-0.2931944802761775,-0.03167031776097681,-0.268264101878365,2.9477653211118273,-1.1683017204269652,-0.03167031776097681,-0.03167031776097681
-0.8416054634859517,-0.8521089598501651,0.25806425521135257,0.4058756037973941,1.1186256033492414,-1.1249360241796529,1.757886212024609,-0.34290113299620106,-0.8059694639746,-0.9135419112057267,-0.2529147778628351,-0.22965760608731267,0.893419385394227,-0.3921188919620247,-0.07095947242679883,-0.11031946970293831,-0.38184998948033355,-0.6446726587031845,-0.5904647734189133,-0.7124274490013944,-0.08989331499509892,-0.10060545457319174,-0.21981657747106437,1.2591633047302777,-0.3070801941090227,-0.19621814613865227,-1.0620413220411034,-0.4156175589970315,-0.20166150310667885,2.055512318146587,-0.21219372754742588,-0.2991983466782894,1.5624913792865636,-0.14660958536878183,-1.482807455038566,-0.3318468896580935,-0.2931944802761775,-0.03167031776097681,-0.268264101878365,2.9477653211118273,-1.1683017204269652,-0.03167031776097681,-0.03167031776097681
-0.8078062286309271,-0.8208659038256798,1.3943059906566317,2.099108886226647,-0.837335968066861,-1.1249360241796529,1.757886212024609,-0.34290113299620106,-0.8059694639746,1.0946405279645712,-0.2529147778628351,-0.22965760608731267,0.893419385394227,2.5502469289259504,-0.07095947242679883,-0.11031946970293831,-0.38184998948033355,-0.6446726587031845,-0.5904647734189133,-0.7124274490013944,-0.08989331499509892,-0.10060545457319174,-0.21981657747106437,-0.7941781627873975,3.256478337528241,-0.19621814613865227,-1.0620413220411034,-0.4156175589970315,-0.20166150310667885,2.055512318146587,-0.21219372754742588,-0.2991983466782894,-0.6400035310637054,-0.14660958536878183,0.6743963935452368,-0.3318468896580935,-0.2931944802761775,-0.03167031776097681,-0.268264101878365,2.9477653211118273,-1.1683017204269652,-0.03167031776097681,-0.03167031776097681
-0.7777624643153496,-0.7896228478011945,2.0760510319237993,1.216312046669515,0.8392025217183697,0.4014897435039551,1.757886212024609,-0.34290113299620106,-0.8059694639746,-0.9135419112057267,-0.2529147778628351,-0.22965760608731267,-1.119295166803151,-0.3921188919620247,-0.07095947242679883,-0.11031946970293831,-0.38184998948033355,-0.6446726587031845,-0.5904647734189133,-0.7124274490013944,-0.08989331499509892,-0.10060545457319174,-0.21981657747106437,1.2591633047302777,-0.3070801941090227,-0.19621814613865227,-1.0620413220411034,-0.4156175589970315,-0.20166150310667885,2.055512318146587,-0.21219372754742588,-0.2991983466782894,1.5624913792865636,-0.14660958536878183,-1.482807455038566,-0.3318468896580935,-0.2931944802761775,-0.03167031776097681,-0.268264101878365,2.9477653211118273,-1.1683017204269652,-0.03167031776097681,-0.03167031776097681
-0.7477186999997721,-0.7583797917767092,0.8640598474488348,-0.7229465844887744,-0.27848980480511737,-1.1249360241796529,1.757886212024609,-0.34290113299620106,-0.8059694639746,-0.9135419112057267,-0.2529147778628351,-0.22965760608731267,0.893419385394227,-0.3921188919620247,-0.07095947242679883,-0.11031946970293831,2.618829455412367,-0.6446726587031845,-0.5904647734189133,-0.7124274490013944,-0.08989331499509892,-0.10060545457319174,-0.21981657747106437,1.2591633047302777,-0.3070801941090227,-0.19621814613865227,-1.0620413220411034,-0.4156175589970315,-0.20166150310667885,2.055512318146587,-0.21219372754742588,-0.2991983466782894,-0.6400035310637054,-0.14660958536878183,0.6743963935452368,-0.3318468896580935,-0.2931944802761775,-0.03167031776097681,-0.268264101878365,2.9477653211118273,-1.1683017204269652,-0.03167031776097681,-0.03167031776097681
-0.7139194651447476,-0.727136735752224,0.7883103984191495,1.5202257127465608,-1.023618022487442,-1.1249360241796529,1.757886212024609,-0.34290113299620106,-0.8059694639746,1.0946405279645712,-0.2529147778628351,-0.22965760608731267,0.893419385394227,-0.3921188919620247,-0.07095947242679883,-0.11031946970293831,-0.38184998948033355,-0.6446726587031845,-0.5904647734189133,-0.7124274490013944,-0.08989331499509892,-0.10060545457319174,-0.21981657747106437,-0.7941781627873975,-0.3070801941090227,-0.19621814613865227,-1.0620413220411034,-0.4156175589970315,-0.20166150310667885,2.055512318146587,-0.21219372754742588,-0.2991983466782894,1.5624913792865636,-0.14660958536878183,-1.482807455038566,-0.3318468896580935,-0.2931944802761775,-0.03167031776097681,-0.268264101878365,-0.3392400313681768,0.855943274340589,-0.03167031776097681,-0.03167031776097681
-0.7139194651447476,-0.727136735752224,2.3032993790128553,1.3272646549198652,0.1872153312463356,0.4014897435039551,1.757886212024609,-0.34290113299620106,-0.8059694639746,1.0946405279645712,-0.2529147778628351,-0.22965760608731267,-1.119295166803151,-0.3921188919620247,-0.07095947242679883,-0.11031946970293831,-0.38184998948033355,-0.6446726587031845,1.6935811330619999,-0.7124274490013944,-0.08989331499509892,-0.10060545457319174,-0.21981657747106437,1.2591633047302777,-0.3070801941090227,-0.19621814613865227,-1.0620413220411034,-0.4156175589970315,-0.20166150310667885,2.055512318146587,-0.21219372754742588,-0.2991983466782894,-0.6400035310637054,-0.14660958536878183,0.6743963935452368,-0.3318468896580935,-0.2931944802761775,-0.03167031776097681,-0.268264101878365,-0.3392400313681768,0.855943274340589,-0.03167031776097681,-0.03167031776097681
-0.6838757008291702,-0.6958936797277387,2.1518004809534848,0.8931022748098001,0.46663841287720736,0.019883301583053115,1.757886212024609,-0.34290113299620106,-0.8059694639746,1.0946405279645712,-0.2529147778628351,-0.22965760608731267,0.893419385394227,-0.3921188919620247,-0.07095947242679883,-0.11031946970293831,-0.38184998948033355,-0.6446726587031845,-0.5904647734189133,-0.7124274490013944,-0.08989331499509892,-0.10060545457319174,-0.21981657747106437,1.2591633047302777,-0.3070801941090227,-0.19621814613865227,-1.0620413220411034,-0.4156175589970315,-0.20166150310667885,2.055512318146587,-0.21219372754742588,-0.2991983466782894,-0.6400035310637054,-0.14660958536878183,0.6743963935452368,-0.3318468896580935,-0.2931944802761775,-0.03167031776097681,-0.268264101878365,-0.3392400313681768,0.855943274340589,-0.03167031776097681,-0.03167031776097681
-0.6838757008291702,-0.6958936797277387,1.3943059906566317,-0.13923938456302057,-0.4647718592256985,-1.1249360241796529,-0.5688650341299796,2.9162924930057867,-0.8059694639746,-0.9135419112057267,-0.2529147778628351,-0.22965760608731267,0.893419385394227,2.5502469289259504,-0.07095947242679883,-0.11031946970293831,-0.38184998948033355,-0.6446726587031845,-0.5904647734189133,-0.7124274490013944,-0.08989331499509892,-0.10060545457319174,-0.21981657747106437,-0.7941781627873975,3.256478337528241,-0.19621814613865227,-1.0620413220411034,-0.4156175589970315,-0.20166150310667885,2.055512318146587,-0.21219372754742588,-0.2991983466782894,1.5624913792865636,-0.14660958536878183,-1.482807455038566,-0.3318468896580935,-0.2931944802761775,-0.03167031776097681,-0.268264101878365,-0.3392400313681768,0.855943274340589,-0.03167031776097681,-0.03167031776097681
-0.6838757008291702,-0.6958936797277387,-0.044933540907388575,0.05372167326367509,-0.4647718592256985,-1.1249360241796529,1.757886212024609,-0.34290113299620106,-0.8059694639746,-0.9135419112057267,-0.2529147778628351,-0.22965760608731267,-1.119295166803151,-0.3921188919620247,-0.07095947242679883,-0.11031946970293831,-0.38184998948033355,-0.6446726587031845,-0.5904647734189133,-0.7124274490013944,-0.08989331499509892,-0.10060545457319174,-0.21981657747106437,1.2591633047302777,-0.3070801941090227,-0.19621814613865227,-1.0620413220411034,-0.4156175589970315,-0.20166150310667885,2.055512318146587,-0.21219372754742588,-0.2991983466782894,-0.6400035310637054,-0.14660958536878183,0.6743963935452368,-0.3318468896580935,-0.2931944802761775,-0.03167031776097681,-0.268264101878365,-0.3392400313681768,0.855943274340589,-0.03167031776097681,-0.03167031776097681
-0.6538319365135926,-0.6646506237032535,1.5458048887160023,2.485031001880038,0.6529204672977886,0.019883301583053115,1.757886212024609,-0.34290113299620106,-0.8059694639746,1.0946405279645712,-0.2529147778628351,-0.22965760608731267,0.893419385394227,-0.3921188919620247,-0.07095947242679883,-0.11031946970293831,2.618829455412367,-0.6446726587031845,-0.5904647734189133,-0.7124274490013944,-0.08989331499509892,-0.10060545457319174,-0.21981657747106437,-0.7941781627873975,3.256478337528241,-0.19621814613865227,-1.0620413220411034,-0.4156175589970315,-0.20166150310667885,2.055512318146587,-0.21219372754742588,3.3422644580160132,-0.6400035310637054,-0.14660958536878183,0.6743963935452368,-0.3318468896580935,-0.2931944802761775,-0.03167031776097681,-0.268264101878365,-0.3392400313681768,0.855943274340589,-0.03167031776097681,-0.03167031776097681
-0.620032701658568,-0.6334075676787682,1.5458048887160023,0.9027503277011352,-1.2099000769080233,-1.1249360241796529,1.757886212024609,-0.34290113299620106,-0.8059694639746,-0.9135419112057267,-0.2529147778628351,-0.22965760608731267,0.893419385394227,2.5502469289259504,-0.07095947242679883,-0.11031946970293831,-0.38184998948033355,-0.6446726587031845,-0.5904647734189133,-0.7124274490013944,-0.08989331499509892,-0.10060545457319174,-0.21981657747106437,1.2591633047302777,-0.3070801941090227,-0.19621814613865227,-1.0620413220411034,-0.4156175589970315,-0.20166150310667885,2.055512318146587,-0.21219372754742588,-0.2991983466782894,-0.6400035310637054,-0.14660958536878183,0.6743963935452368,-0.3318468896580935,-0.2931944802761775,-0.03167031776097681,-0.268264101878365,-0.3392400313681768,0.855943274340589,-0.03167031776097681,-0.03167031776097681
-0.620032701658568,-0.6334075676787682,0.8640598474488348,0.8931022748098001,0.2803563584566262,0.019883301583053115,1.757886212024609,-0.34290113299620106,-0.8059694639746,1.0946405279645712,-0.2529147778628351,-0.22965760608731267,-1.119295166803151,-0.3921188919620247,-0.07095947242679883,-0.11031946970293831,-0.38184998948033355,-0.6446726587031845,-0.5904647734189133,-0.7124274490013944,-0.08989331499509892,-0.10060545457319174,-0.21981657747106437,-0.7941781627873975,-0.3070801941090227,-0.19621814613865227,-1.0620413220411034,-0.4156175589970315,-0.20166150310667885,2.055512318146587,-0.21219372754742588,-0.2991983466782894,-0.6400035310637054,-0.14660958536878183,0.6743963935452368,-0.3318468896580935,3.4107054097950273,-0.03167031776097681,-0.268264101878365,-0.3392400313681768,-1.1683017204269652,-0.03167031776097681,-0.03167031776097681
-0.5899889373429906,-0.6021645116542829,2.3032993790128553,2.677992059706734,-1.023618022487442,-1.1249360241796529,1.757886212024609,-0.34290113299620106,-0.8059694639746,1.0946405279645712,-0.2529147778628351,-0.22965760608731267,0.893419385394227,2.5502469289259504,-0.07095947242679883,-0.11031946970293831,-0.38184998948033355,-0.6446726587031845,-0.5904647734189133,-0.7124274490013944,-0.08989331499509892,-0.10060545457319174,-0.21981657747106437,1.2591633047302777,-0.3070801941090227,-0.19621814613865227,-1.0620413220411034,-0.4156175589970315,-0.20166150310667885,2.055512318146587,-0.21219372754742588,-0.2991983466782894,1.5624913792865636,-0.14660958536878183,-1.482807455038566,-0.3318468896580935,3.4107054097950273,-0.03167031776097681,-0.268264101878365,-0.3392400313681768,-1.1683017204269652,-0.03167031776097681,-0.03167031776097681
-0.5261459381723886,-0.5396783996053123,1.3943059906566317,2.3403102085100165,-0.7441949408565703,-1.1249360241796529,1.757886212024609,-0.34290113299620106,-0.8059694639746,1.0946405279645712,-0.2529147778628351,-0.22965760608731267,0.893419385394227,2.5502469289259504,-0.07095947242679883,-0.11031946970293831,-0.38184998948033355,-0.6446726587031845,-0.5904647734189133,-0.7124274490013944,-0.08989331499509892,-0.10060545457319174,-0.21981657747106437,-0.7941781627873975,3.256478337528241,-0.19621814613865227,-1.0620413220411034,-0.4156175589970315,-0.20166150310667885,2.055512318146587,-0.21219372754742588,-0.2991983466782894,-0.6400035310637054,-0.14660958536878183,0.6743963935452368,-0.3318468896580935,3.4107054097950273,-0.03167031776097681,-0.268264101878365,-0.3392400313681768,-1.1683017204269652,-0.03167031776097681,-0.03167031776097681
-0.5261459381723886,-0.5396783996053123,2.3790488280425404,2.1955894151399953,1.3049076577698226,-1.1249360241796529,1.757886212024609,-0.34290113299620106,-0.8059694639746,1.0946405279645712,-0.2529147778628351,-0.22965760608731267,-1.119295166803151,2.5502469289259504,-0.07095947242679883,-0.11031946970293831,-0.38184998948033355,-0.6446726587031845,-0.5904647734189133,-0.7124274490013944,-0.08989331499509892,-0.10060545457319174,-0.21981657747106437,1.2591633047302777,-0.3070801941090227,-0.19621814613865227,-1.0620413220411034,-0.4156175589970315,-0.20166150310667885,2.055512318146587,-0.21219372754742588,-0.2991983466782894,-0.6400035310637054,-0.14660958536878183,0.6743963935452368,-0.3318468896580935,3.4107054097950273,-0.03167031776097681,-0.268264101878365,-0.3392400313681768,-1.1683017204269652,-0.03167031776097681,-0.03167031776097681
-0.4660584095412337,-0.47719228755634174,2.22754992998317,0.2611548104273726,-0.27848980480511737,-1.1249360241796529,1.757886212024609,-0.34290113299620106,-0.8059694639746,-0.9135419112057267,-0.2529147778628351,-0.22965760608731267,-1.119295166803151,-0.3921188919620247,-0.07095947242679883,-0.11031946970293831,2.618829455412367,-0.6446726587031845,-0.5904647734189133,-0.7124274490013944,-0.08989331499509892,-0.10060545457319174,-0.21981657747106437,1.2591633047302777,-0.3070801941090227,-0.19621814613865227,-1.0620413220411034,-0.4156175589970315,-0.20166150310667885,2.055512318146587,-0.21219372754742588,-0.2991983466782894,1.5624913792865636,-0.14660958536878183,-1.482807455038566,-0.3318468896580935,3.4107054097950273,-0.03167031776097681,-0.268264101878365,-0.3392400313681768,-1.1683017204269652,-0.03167031776097681,-0.03167031776097681
-0.4660584095412337,-0.47719228755634174,1.924552133864429,2.533271266336712,-1.023618022487442,0.019883301583053115,1.757886212024609,-0.34290113299620106,-0.8059694639746,1.0946405279645712,-0.2529147778628351,-0.22965760608731267,-1.119295166803151,2.5502469289259504,-0.07095947242679883,-0.11031946970293831,-0.38184998948033355,-0.6446726587031845,-0.5904647734189133,-0.7124274490013944,-0.08989331499509892,-0.10060545457319174,-0.21981657747106437,-0.7941781627873975,3.256478337528241,-0.19621814613865227,-1.0620413220411034,-0.4156175589970315,-0.20166150310667885,2.055512318146587,-0.21219372754742588,-0.2991983466782894,-0.6400035310637054,-0.14660958536878183,0.6743963935452368,-0.3318468896580935,3.4107054097950273,-0.03167031776097681,-0.268264101878365,-0.3392400313681768,-1.1683017204269652,-0.03167031776097681,-0.03167031776097681
-0.4660584095412337,-0.47719228755634174,2.530547726101911,1.4333932367245479,1.4911897121904039,0.019883301583053115,1.757886212024609,-0.34290113299620106,-0.8059694639746,-0.9135419112057267,-0.2529147778628351,-0.22965760608731267,-1.119295166803151,-0.3921188919620247,-0.07095947242679883,-0.11031946970293831,-0.38184998948033355,-0.6446726587031845,-0.5904647734189133,-0.7124274490013944,-0.08989331499509892,-0.10060545457319174,-0.21981657747106437,1.2591633047302777,-0.3070801941090227,-0.19621814613865227,-1.0620413220411034,-0.4156175589970315,-0.20166150310667885,2.055512318146587,-0.21219372754742588,-0.2991983466782894,-0.6400035310637054,-0.14660958536878183,0.6743963935452368,-0.3318468896580935,-0.2931944802761775,-0.03167031776097681,-0.268264101878365,-0.3392400313681768,0.855943274340589,-0.03167031776097681,-0.03167031776097681
-0.4660584095412337,-0.47719228755634174,0.7125609493894642,0.6856691376461026,0.8392025217183697,-1.1249360241796529,1.757886212024609,-0.34290113299620106,-0.8059694639746,-0.9135419112057267,-0.2529147778628351,-0.22965760608731267,0.893419385394227,2.5502469289259504,-0.07095947242679883,-0.11031946970293831,-0.38184998948033355,-0.6446726587031845,-0.5904647734189133,-0.7124274490013944,-0.08989331499509892,-0.10060545457319174,-0.21981657747106437,-0.7941781627873975,3.256478337528241,-0.19621814613865227,-1.0620413220411034,-0.4156175589970315,-0.20166150310667885,2.055512318146587,-0.21219372754742588,3.3422644580160132,1.5624913792865636,-0.14660958536878183,-1.482807455038566,-0.3318468896580935,-0.2931944802761775,-0.03167031776097681,-0.268264101878365,-0.3392400313681768,0.855943274340589,-0.03167031776097681,-0.03167031776097681
-0.43225917468620917,-0.44594923153185645,0.8640598474488348,0.989582803723148,1.211766630559532,-1.1249360241796529,1.757886212024609,-0.34290113299620106,-0.8059694639746,1.0946405279645712,-0.2529147778628351,-0.22965760608731267,0.893419385394227,2.5502469289259504,-0.07095947242679883,-0.11031946970293831,-0.38184998948033355,-0.6446726587031845,-0.5904647734189133,-0.7124274490013944,-0.08989331499509892,-0.10060545457319174,-0.21981657747106437,-0.7941781627873975,3.256478337528241,-0.19621814613865227,-1.0620413220411034,-0.4156175589970315,-0.20166150310667885,2.055512318146587,-0.21219372754742588,-0.2991983466782894,-0.6400035310637054,-0.14660958536878183,0.6743963935452368,-0.3318468896580935,-0.2931944802761775,-0.03167031776097681,-0.268264101878365,-0.3392400313681768,0.855943274340589,-0.03167031776097681,-0.03167031776097681
-0.4022154103706317,-0.41470617550737116,1.924552133864429,-0.21642380769369882,-0.27848980480511737,-1.1249360241796529,1.757886212024609,-0.34290113299620106,-0.8059694639746,-0.9135419112057267,-0.2529147778628351,-0.22965760608731267,0.893419385394227,-0.3921188919620247,-0.07095947242679883,-0.11031946970293831,-0.38184998948033355,-0.6446726587031845,-0.5904647734189133,-0.7124274490013944,-0.08989331499509892,-0.10060545457319174,-0.21981657747106437,1.2591633047302777,-0.3070801941090227,-0.19621814613865227,-1.0620413220411034,2.4060581136494816,-0.20166150310667885,-0.4864967196604686,-0.21219372754742588,-0.2991983466782894,1.5624913792865636,-0.14660958536878183,-1.482807455038566,-0.3318468896580935,-0.2931944802761775,-0.03167031776097681,-0.268264101878365,-0.3392400313681768,0.855943274340589,-0.03167031776097681,-0.03167031776097681
-0.3721716460550542,-0.38346311948288586,2.3032993790128553,0.8931022748098001,0.2803563584566262,-1.1249360241796529,1.757886212024609,-0.34290113299620106,-0.8059694639746,-0.9135419112057267,-0.2529147778628351,-0.22965760608731267,0.893419385394227,-0.3921188919620247,-0.07095947242679883,-0.11031946970293831,-0.38184998948033355,-0.6446726587031845,-0.5904647734189133,-0.7124274490013944,-0.08989331499509892,-0.10060545457319174,-0.21981657747106437,-0.7941781627873975,-0.3070801941090227,-0.19621814613865227,-1.0620413220411034,-0.4156175589970315,-0.20166150310667885,2.055512318146587,-0.21219372754742588,-0.2991983466782894,-0.6400035310637054,-0.14660958536878183,0.6743963935452368,-0.3318468896580935,-0.2931944802761775,-0.03167031776097681,-0.268264101878365,-0.3392400313681768,0.855943274340589,-0.03167031776097681,-0.03167031776097681
-0.3721716460550542,-0.38346311948288586,0.4095631532707231,0.19361844018802934,-0.27848980480511737,-1.1249360241796529,1.757886212024609,-0.34290113299620106,-0.8059694639746,-0.9135419112057267,-0.2529147778628351,-0.22965760608731267,0.893419385394227,-0.3921188919620247,-0.07095947242679883,-0.11031946970293831,-0.38184998948033355,-0.6446726587031845,-0.5904647734189133,-0.7124274490013944,-0.08989331499509892,-0.10060545457319174,-0.21981657747106437,1.2591633047302777,-0.3070801941090227,-0.19621814613865227,-1.0620413220411034,2.4060581136494816,-0.20166150310667885,-0.4864967196604686,-0.21219372754742588,-0.2991983466782894,-0.6400035310637054,-0.14660958536878183,0.6743963935452368,-0.3318468896580935,-0.2931944802761775,-0.03167031776097681,-0.268264101878365,-0.3392400313681768,0.855943274340589,-0.03167031776097681,-0.03167031776097681
-0.3721716460550542,-0.38346311948288586,0.030815908122296707,0.8496860367987937,0.3734973856669168,-1.1249360241796529,1.757886212024609,-0.34290113299620106,-0.8059694639746,-0.9135419112057267,-0.2529147778628351,-0.22965760608731267,-1.119295166803151,2.5502469289259504,-0.07095947242679883,-0.11031946970293831,-0.38184998948033355,-0.6446726587031845,-0.5904647734189133,-0.7124274490013944,-0.08989331499509892,-0.10060545457319174,-0.21981657747106437,-0.7941781627873975,-0.3070801941090227,-0.19621814613865227,-1.0620413220411034,-0.4156175589970315,-0.20166150310667885,2.055512318146587,-0.21219372754742588,-0.2991983466782894,1.5624913792865636,-0.14660958536878183,-1.482807455038566,-0.3318468896580935,-0.2931944802761775,-0.03167031776097681,-0.268264101878365,-0.3392400313681768,0.855943274340589,-0.03167031776097681,-0.03167031776097681
-0.3721716460550542,-0.38346311948288586,-0.3479313370261297,0.34316326000371816,0.559779440087498,-1.1249360241796529,-0.5688650341299796,2.9162924930057867,-0.8059694639746,-0.9135419112057267,-0.2529147778628351,-0.22965760608731267,0.893419385394227,-0.3921188919620247,-0.07095947242679883,-0.11031946970293831,-0.38184998948033355,-0.6446726587031845,1.6935811330619999,-0.7124274490013944,-0.08989331499509892,-0.10060545457319174,-0.21981657747106437,1.2591633047302777,-0.3070801941090227,-0.19621814613865227,0.9415829490307701,-0.4156175589970315,-0.20166150310667885,-0.4864967196604686,-0.21219372754742588,-0.2991983466782894,-0.6400035310637054,-0.14660958536878183,0.6743963935452368,-0.3318468896580935,-0.2931944802761775,-0.03167031776097681,-0.268264101878365,-0.3392400313681768,0.855943274340589,-0.03167031776097681,-0.03167031776097681
-0.33837241120002964,-0.3522200634584006,1.924552133864429,1.2307841260065173,1.1186256033492414,-1.1249360241796529,-0.5688650341299796,2.9162924930057867,-0.8059694639746,1.0946405279645712,-0.2529147778628351,-0.22965760608731267,0.893419385394227,2.5502469289259504,-0.07095947242679883,-0.11031946970293831,-0.38184998948033355,-0.6446726587031845,-0.5904647734189133,-0.7124274490013944,-0.08989331499509892,-0.10060545457319174,-0.21981657747106437,-0.7941781627873975,3.256478337528241,-0.19621814613865227,-1.0620413220411034,2.4060581136494816,-0.20166150310667885,-0.4864967196604686,-0.21219372754742588,-0.2991983466782894,1.5624913792865636,-0.14660958536878183,-1.482807455038566,-0.3318468896580935,-0.2931944802761775,-0.03167031776097681,-0.268264101878365,-0.3392400313681768,0.855943274340589,-0.03167031776097681,-0.03167031776097681
-0.27828488256887474,-0.28973395140943004,0.5610620513300937,0.49753210626507466,-1.2099000769080233,-1.1249360241796529,-0.5688650341299796,2.9162924930057867,-0.8059694639746,-0.9135419112057267,-0.2529147778628351,-0.22965760608731267,0.893419385394227,-0.3921188919620247,-0.07095947242679883,-0.11031946970293831,-0.38184998948033355,-0.6446726587031845,-0.5904647734189133,-0.7124274490013944,-0.08989331499509892,-0.10060545457319174,-0.21981657747106437,-0.7941781627873975,-0.3070801941090227,-0.19621814613865227,-1.0620413220411034,-0.4156175589970315,-0.20166150310667885,2.055512318146587,-0.21219372754742588,3.3422644580160132,-0.6400035310637054,-0.14660958536878183,0.6743963935452368,-0.3318468896580935,-0.2931944802761775,-0.03167031776097681,-0.268264101878365,-0.3392400313681768,0.855943274340589,-0.03167031776097681,-0.03167031776097681
-0.27828488256887474,-0.28973395140943004,1.924552133864429,0.8882782483641328,0.3734973856669168,-1.1249360241796529,-0.5688650341299796,2.9162924930057867,-0.8059694639746,-0.9135419112057267,-0.2529147778628351,-0.22965760608731267,0.893419385394227,-0.3921188919620247,-0.07095947242679883,-0.11031946970293831,-0.38184998948033355,-0.6446726587031845,-0.5904647734189133,-0.7124274490013944,-0.08989331499509892,-0.10060545457319174,-0.21981657747106437,1.2591633047302777,-0.3070801941090227,-0.19621814613865227,-1.0620413220411034,-0.4156175589970315,-0.20166150310667885,2.055512318146587,-0.21219372754742588,-0.2991983466782894,1.5624913792865636,-0.14660958536878183,-1.482807455038566,-0.3318468896580935,-0.2931944802761775,-0.03167031776097681,-0.268264101878365,-0.3392400313681768,0.855943274340589,-0.03167031776097681,-0.03167031776097681
-0.27828488256887474,-0.28973395140943004,-0.27218188799644444,-0.09099912010634686,-1.3030411041183139,-1.1249360241796529,-0.5688650341299796,2.9162924930057867,-0.8059694639746,-0.9135419112057267,-0.2529147778628351,-0.22965760608731267,-1.119295166803151,-0.3921188919620247,-0.07095947242679883,-0.11031946970293831,-0.38184998948033355,-0.6446726587031845,1.6935811330619999,-0.7124274490013944,-0.08989331499509892,-0.10060545457319174,-0.21981657747106437,1.2591633047302777,-0.3070801941090227,-0.19621814613865227,0.9415829490307701,-0.4156175589970315,-0.20166150310667885,-0.4864967196604686,-0.21219372754742588,-0.2991983466782894,-0.6400035310637054,-0.14660958536878183,0.6743963935452368,-0.3318468896580935,-0.2931944802761775,-0.03167031776097681,-0.268264101878365,-0.3392400313681768,0.855943274340589,-0.03167031776097681,-0.03167031776097681
-0.24448564771385017,-0.25849089538494474,-0.19643243896675913,1.4285692102788807,-1.768746240169767,-1.1249360241796529,1.757886212024609,-0.34290113299620106,-0.8059694639746,-0.9135419112057267,-0.2529147778628351,-0.22965760608731267,0.893419385394227,2.5502469289259504,-0.07095947242679883,-0.11031946970293831,-0.38184998948033355,-0.6446726587031845,-0.5904647734189133,-0.7124274490013944,-0.08989331499509892,-0.10060545457319174,-0.21981657747106437,1.2591633047302777,-0.3070801941090227,-0.19621814613865227,-1.0620413220411034,-0.4156175589970315,-0.20166150310667885,2.055512318146587,-0.21219372754742588,-0.2991983466782894,-0.6400035310637054,-0.14660958536878183,0.6743963935452368,-0.3318468896580935,-0.2931944802761775,-0.03167031776097681,-0.268264101878365,-0.3392400313681768,0.855943274340589,-0.03167031776097681,-0.03167031776097681
-0.24448564771385017,-0.25849089538494474,1.167057643567576,1.0571191739624917,-0.9304769952771516,-1.1249360241796529,1.757886212024609,-0.34290113299620106,-0.8059694639746,-0.9135419112057267,-0.2529147778628351,-0.22965760608731267,-1.119295166803151,-0.3921188919620247,-0.07095947242679883,-0.11031946970293831,-0.38184998948033355,-0.6446726587031845,-0.5904647734189133,-0.7124274490013944,-0.08989331499509892,-0.10060545457319174,-0.21981657747106437,1.2591633047302777,-0.3070801941090227,-0.19621814613865227,-1.0620413220411034,-0.4156175589970315,-0.20166150310667885,2.055512318146587,-0.21219372754742588,-0.2991983466782894,1.5624913792865636,-0.14660958536878183,-1.482807455038566,-0.3318468896580935,-0.2931944802761775,-0.03167031776097681,-0.268264101878365,-0.3392400313681768,0.855943274340589,-0.03167031776097681,-0.03167031776097681
-0.21444188339827272,-0.22724783936045947,2.0760510319237993,1.6552984532252473,-1.3030411041183139,-1.1249360241796529,1.757886212024609,-0.34290113299620106,-0.8059694639746,-0.9135419112057267,-0.2529147778628351,-0.22965760608731267,0.893419385394227,-0.3921188919620247,-0.07095947242679883,-0.11031946970293831,-0.38184998948033355,-0.6446726587031845,-0.5904647734189133,-0.7124274490013944,-0.08989331499509892,-0.10060545457319174,-0.21981657747106437,-0.7941781627873975,-0.3070801941090227,-0.19621814613865227,-1.0620413220411034,-0.4156175589970315,-0.20166150310667885,2.055512318146587,-0.21219372754742588,-0.2991983466782894,1.5624913792865636,-0.14660958536878183,-1.482807455038566,-0.3318468896580935,-0.2931944802761775,-0.03167031776097681,-0.268264101878365,-0.3392400313681768,0.855943274340589,-0.03167031776097681,-0.03167031776097681
-0.21444188339827272,-0.22724783936045947,2.1518004809534848,-0.11994327878035099,0.6529204672977886,0.019883301583053115,1.757886212024609,-0.34290113299620106,-0.8059694639746,-0.9135419112057267,-0.2529147778628351,-0.22965760608731267,0.893419385394227,-0.3921188919620247,-0.07095947242679883,-0.11031946970293831,-0.38184998948033355,-0.6446726587031845,-0.5904647734189133,-0.7124274490013944,-0.08989331499509892,-0.10060545457319174,-0.21981657747106437,1.2591633047302777,-0.3070801941090227,-0.19621814613865227,-1.0620413220411034,-0.4156175589970315,-0.20166150310667885,2.055512318146587,-0.21219372754742588,-0.2991983466782894,1.5624913792865636,-0.14660958536878183,-1.482807455038566,-0.3318468896580935,-0.2931944802761775,-0.03167031776097681,-0.268264101878365,-0.3392400313681768,0.855943274340589,-0.03167031776097681,-0.03167031776097681
-0.18439811908269527,-0.19600478333597418,2.1518004809534848,2.1473491506833207,1.3980486849801133,-1.1249360241796529,1.757886212024609,-0.34290113299620106,-0.8059694639746,1.0946405279645712,-0.2529147778628351,-0.22965760608731267,0.893419385394227,-0.3921188919620247,-0.07095947242679883,-0.11031946970293831,-0.38184998948033355,-0.6446726587031845,1.6935811330619999,-0.7124274490013944,-0.08989331499509892,-0.10060545457319174,-0.21981657747106437,1.2591633047302777,-0.3070801941090227,-0.19621814613865227,0.9415829490307701,-0.4156175589970315,-0.20166150310667885,-0.4864967196604686,-0.21219372754742588,-0.2991983466782894,-0.6400035310637054,-0.14660958536878183,0.6743963935452368,-0.3318468896580935,-0.2931944802761775,-0.03167031776097681,-0.268264101878365,-0.3392400313681768,0.855943274340589,-0.03167031776097681,-0.03167031776097681
-0.18439811908269527,-0.19600478333597418,0.4853126023004084,-0.1778315961283597,0.1872153312463356,-1.1249360241796529,1.757886212024609,-0.34290113299620106,-0.8059694639746,-0.9135419112057267,-0.2529147778628351,-0.22965760608731267,0.893419385394227,-0.3921188919620247,-0.07095947242679883,-0.11031946970293831,-0.38184998948033355,-0.6446726587031845,-0.5904647734189133,-0.7124274490013944,-0.08989331499509892,-0.10060545457319174,-0.21981657747106437,1.2591633047302777,-0.3070801941090227,-0.19621814613865227,-1.0620413220411034,-0.4156175589970315,-0.20166150310667885,2.055512318146587,-0.21219372754742588,-0.2991983466782894,-0.6400035310637054,-0.14660958536878183,0.6743963935452368,-0.3318468896580935,-0.2931944802761775,-0.03167031776097681,-0.268264101878365,-0.3392400313681768,0.855943274340589,-0.03167031776097681,-0.03167031776097681
-0.18439811908269527,-0.19600478333597418,1.6215543377456876,2.4367907374233644,0.3734973856669168,-1.1249360241796529,1.757886212024609,-0.34290113299620106,-0.8059694639746,1.0946405279645712,-0.2529147778628351,-0.22965760608731267,0.893419385394227,2.5502469289259504,-0.07095947242679883,-0.11031946970293831,-0.38184998948033355,-0.6446726587031845,-0.5904647734189133,-0.7124274490013944,-0.08989331499509892,-0.10060545457319174,-0.21981657747106437,-0.7941781627873975,3.256478337528241,-0.19621814613865227,-1.0620413220411034,-0.4156175589970315,-0.20166150310667885,2.055512318146587,-0.21219372754742588,-0.2991983466782894,1.5624913792865636,-0.14660958536878183,-1.482807455038566,-0.3318468896580935,-0.2931944802761775,-0.03167031776097681,-0.268264101878365,-0.3392400313681768,0.855943274340589,-0.03167031776097681,-0.03167031776097681
-0.1505988842276707,-0.16476172731148891,0.33381370424103785,0.6615490054177657,-1.023618022487442,-1.1249360241796529,1.757886212024609,-0.34290113299620106,-0.8059694639746,-0.9135419112057267,3.9539010272556565,-0.22965760608731267,-1.119295166803151,-0.3921188919620247,-0.07095947242679883,-0.11031946970293831,-0.38184998948033355,-0.6446726587031845,-0.5904647734189133,-0.7124274490013944,-0.08989331499509892,-0.10060545457319174,-0.21981657747106437,-0.7941781627873975,-0.3070801941090227,5.0963686064660765,-1.0620413220411034,-0.4156175589970315,-0.20166150310667885,2.055512318146587,-0.21219372754742588,-0.2991983466782894,-0.6400035310637054,-0.14660958536878183,0.6743963935452368,-0.3318468896580935,-0.2931944802761775,-0.03167031776097681,-0.268264101878365,-0.3392400313681768,0.855943274340589,-0.03167031776097681,-0.03167031776097681
-0.12055511991209324,-0.13351867128700362,2.3032993790128553,-0.21642380769369882,0.2803563584566262,0.4014897435039551,1.757886212024609,-0.34290113299620106,-0.8059694639746,-0.9135419112057267,3.9539010272556565,-0.22965760608731267,0.893419385394227,-0.3921188919620247,-0.07095947242679883,-0.11031946970293831,-0.38184998948033355,-0.6446726587031845,-0.5904647734189133,-0.7124274490013944,-0.08989331499509892,-0.10060545457319174,-0.21981657747106437,1.2591633047302777,-0.3070801941090227,-0.19621814613865227,-1.0620413220411034,-0.4156175589970315,-0.20166150310667885,2.055512318146587,-0.21219372754742588,-0.2991983466782894,-0.6400035310637054,-0.14660958536878183,0.6743963935452368,-0.3318468896580935,-0.2931944802761775,-0.03167031776097681,-0.268264101878365,-0.3392400313681768,0.855943274340589,-0.03167031776097681,-0.03167031776097681
-0.09051135559651578,-0.10227561526251834,1.2428070925972612,1.0860633326364957,-0.4647718592256985,-1.1249360241796529,1.757886212024609,-0.34290113299620106,-0.8059694639746,-0.9135419112057267,3.9539010272556565,-0.22965760608731267,-1.119295166803151,-0.3921188919620247,-0.07095947242679883,-0.11031946970293831,2.618829455412367,-0.6446726587031845,-0.5904647734189133,-0.7124274490013944,-0.08989331499509892,-0.10060545457319174,-0.21981657747106437,-0.7941781627873975,3.256478337528241,-0.19621814613865227,-1.0620413220411034,-0.4156175589970315,-0.20166150310667885,2.055512318146587,-0.21219372754742588,-0.2991983466782894,-0.6400035310637054,-0.14660958536878183,0.6743963935452368,-0.3318468896580935,-0.2931944802761775,-0.03167031776097681,-0.268264101878365,-0.3392400313681768,0.855943274340589,-0.03167031776097681,-0.03167031776097681
-0.09051135559651578,-0.10227561526251834,1.167057643567576,1.6649465061165818,-0.3716308320154079,-1.1249360241796529,1.757886212024609,-0.34290113299620106,-0.8059694639746,-0.9135419112057267,3.9539010272556565,-0.22965760608731267,0.893419385394227,-0.3921188919620247,-0.07095947242679883,-0.11031946970293831,2.618829455412367,-0.6446726587031845,-0.5904647734189133,-0.7124274490013944,-0.08989331499509892,-0.10060545457319174,-0.21981657747106437,1.2591633047302777,-0.3070801941090227,-0.19621814613865227,-1.0620413220411034,-0.4156175589970315,-0.20166150310667885,2.055512318146587,-0.21219372754742588,-0.2991983466782894,1.5624913792865636,-0.14660958536878183,-1.482807455038566,-0.3318468896580935,-0.2931944802761775,-0.03167031776097681,-0.268264101878365,-0.3392400313681768,0.855943274340589,-0.03167031776097681,-0.03167031776097681
-0.05671212074149122,-0.07103255923803306,2.22754992998317,0.8448620103531265,-0.18534877759482676,-1.1249360241796529,1.757886212024609,-0.34290113299620106,-0.8059694639746,-0.9135419112057267,3.9539010272556565,-0.22965760608731267,0.893419385394227,2.5502469289259504,-0.07095947242679883,-0.11031946970293831,-0.38184998948033355,-0.6446726587031845,-0.5904647734189133,-0.7124274490013944,-0.08989331499509892,-0.10060545457319174,-0.21981657747106437,-0.7941781627873975,3.256478337528241,-0.19621814613865227,-1.0620413220411034,-0.4156175589970315,-0.20166150310667885,2.055512318146587,-0.21219372754742588,3.3422644580160132,-0.6400035310637054,-0.14660958536878183,0.6743963935452368,-0.3318468896580935,-0.2931944802761775,-0.03167031776097681,-0.268264101878365,-0.3392400313681768,0.855943274340589,-0.03167031776097681,-0.03167031776097681
-0.05671212074149122,-0.07103255923803306,0.7125609493894642,1.8096672994866039,-0.18534877759482676,-1.1249360241796529,1.757886212024609,-0.34290113299620106,-0.8059694639746,1.0946405279645712,-0.2529147778628351,-0.22965760608731267,0.893419385394227,2.5502469289259504,-0.07095947242679883,-0.11031946970293831,-0.38184998948033355,-0.6446726587031845,-0.5904647734189133,-0.7124274490013944,-0.08989331499509892,-0.10060545457319174,-0.21981657747106437,-0.7941781627873975,3.256478337528241,-0.19621814613865227,-1.0620413220411034,-0.4156175589970315,-0.20166150310667885,2.055512318146587,-0.21219372754742588,-0.2991983466782894,-0.6400035310637054,-0.14660958536878183,0.6743963935452368,-0.3318468896580935,-0.2931944802761775,-0.03167031776097681,-0.268264101878365,-0.3392400313681768,0.855943274340589,-0.03167031776097681,-0.03167031776097681
-0.02666835642591376,-0.03978950321354778,0.636811500359779,0.32386715422104856,-1.3030411041183139,-1.1249360241796529,1.757886212024609,-0.34290113299620106,-0.8059694639746,-0.9135419112057267,-0.2529147778628351,-0.22965760608731267,0.893419385394227,-0.3921188919620247,-0.07095947242679883,-0.11031946970293831,-0.38184998948033355,-0.6446726587031845,-0.5904647734189133,-0.7124274490013944,-0.08989331499509892,-0.10060545457319174,-0.21981657747106437,1.2591633047302777,-0.3070801941090227,-0.19621814613865227,-1.0620413220411034,-0.4156175589970315,-0.20166150310667885,2.055512318146587,-0.21219372754742588,-0.2991983466782894,-0.6400035310637054,-0.14660958536878183,0.6743963935452368,-0.3318468896580935,-0.2931944802761775,-0.03167031776097681,-0.268264101878365,-0.3392400313681768,0.855943274340589,-0.03167031776097681,-0.03167031776097681
-0.02666835642591376,-0.03978950321354778,0.4853126023004084,0.5120041856020765,1.025484576138951,-1.1249360241796529,1.757886212024609,-0.34290113299620106,-0.8059694639746,-0.9135419112057267,-0.2529147778628351,-0.22965760608731267,0.893419385394227,-0.3921188919620247,-0.07095947242679883,-0.11031946970293831,-0.38184998948033355,-0.6446726587031845,-0.5904647734189133,-0.7124274490013944,-0.08989331499509892,-0.10060545457319174,-0.21981657747106437,1.2591633047302777,-0.3070801941090227,-0.19621814613865227,-1.0620413220411034,2.4060581136494816,-0.20166150310667885,-0.4864967196604686,-0.21219372754742588,-0.2991983466782894,-0.6400035310637054,-0.14660958536878183,0.6743963935452368,-0.3318468896580935,-0.2931944802761775,-0.03167031776097681,-0.268264101878365,-0.3392400313681768,0.855943274340589,-0.03167031776097681,-0.03167031776097681
0.0033754078896636995,-0.008546447189062499,0.9398092964785201,0.8448620103531265,1.3049076577698226,-1.1249360241796529,1.757886212024609,-0.34290113299620106,-0.8059694639746,1.0946405279645712,-0.2529147778628351,-0.22965760608731267,-1.119295166803151,2.5502469289259504,-0.07095947242679883,-0.11031946970293831,-0.38184998948033355,-0.6446726587031845,-0.5904647734189133,-0.7124274490013944,-0.08989331499509892,-0.10060545457319174,-0.21981657747106437,-0.7941781627873975,3.256478337528241,-0.19621814613865227,-1.0620413220411034,2.4060581136494816,-0.20166150310667885,-0.4864967196604686,-0.21219372754742588,-0.2991983466782894,-0.6400035310637054,-0.14660958536878183,0.6743963935452368,-0.3318468896580935,-0.2931944802761775,-0.03167031776097681,-0.268264101878365,-0.3392400313681768,0.855943274340589,-0.03167031776097681,-0.03167031776097681
0.0033754078896636995,-0.008546447189062499,2.454798277072226,-0.14406341100868786,0.3734973856669168,-1.1249360241796529,1.757886212024609,-0.34290113299620106,-0.8059694639746,-0.9135419112057267,-0.2529147778628351,-0.22965760608731267,-1.119295166803151,-0.3921188919620247,-0.07095947242679883,-0.11031946970293831,-0.38184998948033355,-0.6446726587031845,-0.5904647734189133,-0.7124274490013944,-0.08989331499509892,-0.10060545457319174,-0.21981657747106437,-0.7941781627873975,-0.3070801941090227,5.0963686064660765,-1.0620413220411034,-0.4156175589970315,-0.20166150310667885,2.055512318146587,-0.21219372754742588,-0.2991983466782894,-0.6400035310637054,-0.14660958536878183,0.6743963935452368,-0.3318468896580935,-0.2931944802761775,-0.03167031776097681,-0.268264101878365,-0.3392400313681768,0.855943274340589,-0.03167031776097681,-0.03167031776097681
0.0033754078896636995,-0.008546447189062499,0.030815908122296707,0.45411586825406824,0.1872153312463356,-1.1249360241796529,1.757886212024609,-0.34290113299620106,-0.8059694639746,-0.9135419112057267,-0.2529147778628351,-0.22965760608731267,0.893419385394227,2.5502469289259504,-0.07095947242679883,-0.11031946970293831,-0.38184998948033355,-0.6446726587031845,-0.5904647734189133,-0.7124274490013944,-0.08989331499509892,-0.10060545457319174,-0.21981657747106437,-0.7941781627873975,3.256478337528241,-0.19621814613865227,-1.0620413220411034,-0.4156175589970315,-0.20166150310667885,2.055512318146587,-0.21219372754742588,-0.2991983466782894,1.5624913792865636,-0.14660958536878183,-1.482807455038566,-0.3318468896580935,-0.2931944802761775,-0.03167031776097681,-0.268264101878365,-0.3392400313681768,0.855943274340589,-0.03167031776097681,-0.03167031776097681
0.037174642744688256,0.022696608835422783,-0.19643243896675913,-0.34184849528105077,1.025484576138951,-1.1249360241796529,1.757886212024609,-0.34290113299620106,-0.8059694639746,-0.9135419112057267,-0.2529147778628351,-0.22965760608731267,0.893419385394227,-0.3921188919620247,-0.07095947242679883,-0.11031946970293831,-0.38184998948033355,-0.6446726587031845,1.6935811330619999,-0.7124274490013944,-0.08989331499509892,-0.10060545457319174,-0.21981657747106437,1.2591633047302777,-0.3070801941090227,-0.19621814613865227,0.9415829490307701,-0.4156175589970315,-0.20166150310667885,-0.4864967196604686,-0.21219372754742588,-0.2991983466782894,1.5624913792865636,-0.14660958536878183,-1.482807455038566,-0.3318468896580935,-0.2931944802761775,-0.03167031776097681,-0.268264101878365,-0.3392400313681768,0.855943274340589,-0.03167031776097681,-0.03167031776097681
0.037174642744688256,0.022696608835422783,1.0913081945378906,1.7566030085842628,-1.023618022487442,-1.1249360241796529,1.757886212024609,-0.34290113299620106,-0.8059694639746,-0.9135419112057267,-0.2529147778628351,-0.22965760608731267,0.893419385394227,-0.3921188919620247,-0.07095947242679883,-0.11031946970293831,-0.38184998948033355,-0.6446726587031845,-0.5904647734189133,-0.7124274490013944,-0.08989331499509892,-0.10060545457319174,-0.21981657747106437,1.2591633047302777,-0.3070801941090227,-0.19621814613865227,-1.0620413220411034,-0.4156175589970315,-0.20166150310667885,2.055512318146587,-0.21219372754742588,-0.2991983466782894,-0.6400035310637054,-0.14660958536878183,0.6743963935452368,-0.3318468896580935,-0.2931944802761775,-0.03167031776097681,-0.268264101878365,-0.3392400313681768,0.855943274340589,-0.03167031776097681,-0.03167031776097681
0.06721840706026572,0.05393966485990807,1.3185565416269465,0.2466827310903703,1.025484576138951,-1.1249360241796529,1.757886212024609,-0.34290113299620106,-0.8059694639746,-0.9135419112057267,-0.2529147778628351,-0.22965760608731267,0.893419385394227,-0.3921188919620247,-0.07095947242679883,-0.11031946970293831,-0.38184998948033355,-0.6446726587031845,-0.5904647734189133,-0.7124274490013944,-0.08989331499509892,-0.10060545457319174,-0.21981657747106437,1.2591633047302777,-0.3070801941090227,-0.19621814613865227,-1.0620413220411034,-0.4156175589970315,-0.20166150310667885,2.055512318146587,-0.21219372754742588,-0.2991983466782894,1.5624913792865636,-0.14660958536878183,-1.482807455038566,-0.3318468896580935,-0.2931944802761775,-0.03167031776097681,-0.268264101878365,-0.3392400313681768,0.855943274340589,-0.03167031776097681,-0.03167031776097681
0.06721840706026572,0.05393966485990807,0.4853126023004084,1.3755049193765387,0.7460614945080791,0.4014897435039551,1.757886212024609,-0.34290113299620106,-0.8059694639746,1.0946405279645712,-0.2529147778628351,-0.22965760608731267,-1.119295166803151,-0.3921188919620247,-0.07095947242679883,-0.11031946970293831,-0.38184998948033355,-0.6446726587031845,-0.5904647734189133,-0.7124274490013944,-0.08989331499509892,-0.10060545457319174,-0.21981657747106437,1.2591633047302777,-0.3070801941090227,-0.19621814613865227,-1.0620413220411034,-0.4156175589970315,-0.20166150310667885,2.055512318146587,-0.21219372754742588,-0.2991983466782894,-0.6400035310637054,-0.14660958536878183,0.6743963935452368,-0.3318468896580935,-0.2931944802761775,-0.03167031776097681,-0.268264101878365,-0.3392400313681768,0.855943274340589,-0.03167031776097681,-0.03167031776097681
0.06721840706026572,0.05393966485990807,2.000301582894114,-0.4913933150967396,-0.6510539136462797,0.019883301583053115,1.757886212024609,-0.34290113299620106,-0.8059694639746,-0.9135419112057267,-0.2529147778628351,-0.22965760608731267,0.893419385394227,-0.3921188919620247,-0.07095947242679883,-0.11031946970293831,-0.38184998948033355,-0.6446726587031845,-0.5904647734189133,-0.7124274490013944,-0.08989331499509892,-0.10060545457319174,-0.21981657747106437,1.2591633047302777,-0.3070801941090227,-0.19621814613865227,-1.0620413220411034,-0.4156175589970315,-0.20166150310667885,2.055512318146587,-0.21219372754742588,-0.2991983466782894,-0.6400035310637054,-0.14660958536878183,0.6743963935452368,-0.3318468896580935,-0.2931944802761775,-0.03167031776097681,-0.268264101878365,-0.3392400313681768,0.855943274340589,-0.03167031776097681,-0.03167031776097681
0.06721840706026572,0.05393966485990807,2.3032993790128553,1.3755049193765387,-1.1167590496977327,-1.1249360241796529,1.757886212024609,-0.34290113299620106,-0.8059694639746,1.0946405279645712,-0.2529147778628351,-0.22965760608731267,-1.119295166803151,2.5502469289259504,-0.07095947242679883,-0.11031946970293831,-0.38184998948033355,-0.6446726587031845,-0.5904647734189133,-0.7124274490013944,-0.08989331499509892,-0.10060545457319174,-0.21981657747106437,1.2591633047302777,-0.3070801941090227,-0.19621814613865227,-1.0620413220411034,-0.4156175589970315,-0.20166150310667885,2.055512318146587,-0.21219372754742588,-0.2991983466782894,1.5624913792865636,-0.14660958536878183,-1.482807455038566,-0.3318468896580935,-0.2931944802761775,-0.03167031776097681,-0.268264101878365,-0.3392400313681768,0.855943274340589,-0.03167031776097681,-0.03167031776097681
0.09726217137584318,0.08518272088439335,0.5610620513300937,1.4526893425072172,1.025484576138951,-1.1249360241796529,1.757886212024609,-0.34290113299620106,-0.8059694639746,-0.9135419112057267,-0.2529147778628351,-0.22965760608731267,0.893419385394227,-0.3921188919620247,-0.07095947242679883,-0.11031946970293831,-0.38184998948033355,-0.6446726587031845,-0.5904647734189133,-0.7124274490013944,-0.08989331499509892,-0.10060545457319174,-0.21981657747106437,1.2591633047302777,-0.3070801941090227,-0.19621814613865227,-1.0620413220411034,-0.4156175589970315,-0.20166150310667885,2.055512318146587,-0.21219372754742588,-0.2991983466782894,1.5624913792865636,-0.14660958536878183,-1.482807455038566,-0.3318468896580935,-0.2931944802761775,-0.03167031776097681,-0.268264101878365,-0.3392400313681768,0.855943274340589,-0.03167031776097681,-0.03167031776097681
0.13106140623086773,0.11642577690887863,2.3032993790128553,0.029601541035337818,0.09407430403604503,-1.1249360241796529,1.757886212024609,-0.34290113299620106,-0.8059694639746,-0.9135419112057267,-0.2529147778628351,-0.22965760608731267,0.893419385394227,-0.3921188919620247,-0.07095947242679883,-0.11031946970293831,-0.38184998948033355,-0.6446726587031845,-0.5904647734189133,-0.7124274490013944,-0.08989331499509892,-0.10060545457319174,-0.21981657747106437,1.2591633047302777,-0.3070801941090227,-0.19621814613865227,-1.0620413220411034,-0.4156175589970315,-0.20166150310667885,2.055512318146587,-0.21219372754742588,-0.2991983466782894,-0.6400035310637054,-0.14660958536878183,0.6743963935452368,-0.3318468896580935,-0.2931944802761775,-0.03167031776097681,-0.268264101878365,-0.3392400313681768,0.855943274340589,-0.03167031776097681,-0.03167031776097681
0.13106140623086773,0.11642577690887863,0.030815908122296707,0.41552365668872915,0.6529204672977886,-1.1249360241796529,1.757886212024609,-0.34290113299620106,-0.8059694639746,-0.9135419112057267,-0.2529147778628351,-0.22965760608731267,0.893419385394227,-0.3921188919620247,-0.07095947242679883,-0.11031946970293831,-0.38184998948033355,-0.6446726587031845,-0.5904647734189133,-0.7124274490013944,-0.08989331499509892,-0.10060545457319174,-0.21981657747106437,1.2591633047302777,-0.3070801941090227,-0.19621814613865227,-1.0620413220411034,-0.4156175589970315,-0.20166150310667885,2.055512318146587,-0.21219372754742588,-0.2991983466782894,-0.6400035310637054,-0.14660958536878183,0.6743963935452368,-0.3318468896580935,-0.2931944802761775,-0.03167031776097681,-0.268264101878365,-0.3392400313681768,0.855943274340589,-0.03167031776097681,-0.03167031776097681
0.13106140623086773,0.11642577690887863,2.000301582894114,2.1473491506833207,-1.3030411041183139,0.019883301583053115,1.757886212024609,-0.34290113299620106,-0.8059694639746,1.0946405279645712,-0.2529147778628351,-0.22965760608731267,0.893419385394227,-0.3921188919620247,-0.07095947242679883,-0.11031946970293831,2.618829455412367,-0.6446726587031845,-0.5904647734189133,-0.7124274490013944,-0.08989331499509892,-0.10060545457319174,-0.21981657747106437,1.2591633047302777,-0.3070801941090227,-0.19621814613865227,-1.0620413220411034,-0.4156175589970315,-0.20166150310667885,2.055512318146587,-0.21219372754742588,-0.2991983466782894,-0.6400035310637054,-0.14660958536878183,0.6743963935452368,-0.3318468896580935,-0.2931944802761775,-0.03167031776097681,-0.268264101878365,-0.3392400313681768,0.855943274340589,-0.03167031776097681,-0.03167031776097681
0.1611051705464452,0.1476688329333639,0.7125609493894642,1.2742003640175237,0.559779440087498,-1.1249360241796529,1.757886212024609,-0.34290113299620106,-0.8059694639746,-0.9135419112057267,-0.2529147778628351,-0.22965760608731267,0.893419385394227,-0.3921188919620247,-0.07095947242679883,-0.11031946970293831,-0.38184998948033355,-0.6446726587031845,-0.5904647734189133,-0.7124274490013944,-0.08989331499509892,-0.10060545457319174,-0.21981657747106437,1.2591633047302777,-0.3070801941090227,-0.19621814613865227,-1.0620413220411034,-0.4156175589970315,-0.20166150310667885,2.055512318146587,-0.21219372754742588,-0.2991983466782894,1.5624913792865636,-0.14660958536878183,-1.482807455038566,-0.3318468896580935,-0.2931944802761775,-0.03167031776097681,-0.268264101878365,-0.3392400313681768,0.855943274340589,-0.03167031776097681,-0.03167031776097681
0.1611051705464452,0.1476688329333639,0.8640598474488348,-0.7181225580431071,-0.4647718592256985,-1.1249360241796529,1.757886212024609,-0.34290113299620106,-0.8059694639746,-0.9135419112057267,-0.2529147778628351,-0.22965760608731267,0.893419385394227,2.5502469289259504,-0.07095947242679883,-0.11031946970293831,-0.38184998948033355,-0.6446726587031845,-0.5904647734189133,-0.7124274490013944,-0.08989331499509892,-0.10060545457319174,-0.21981657747106437,1.2591633047302777,-0.3070801941090227,-0.19621814613865227,-1.0620413220411034,-0.4156175589970315,-0.20166150310667885,2.055512318146587,-0.21219372754742588,-0.2991983466782894,-0.6400035310637054,-0.14660958536878183,0.6743963935452368,-0.3318468896580935,-0.2931944802761775,-0.03167031776097681,-0.268264101878365,-0.3392400313681768,-1.1683017204269652,-0.03167031776097681,-0.03167031776097681
0.19114893486202267,0.17891188895784918,1.6973037867753729,0.6856691376461026,0.09407430403604503,-1.1249360241796529,1.757886212024609,-0.34290113299620106,-0.8059694639746,-0.9135419112057267,-0.2529147778628351,-0.22965760608731267,-1.119295166803151,-0.3921188919620247,-0.07095947242679883,-0.11031946970293831,-0.38184998948033355,-0.6446726587031845,-0.5904647734189133,-0.7124274490013944,-0.08989331499509892,-0.10060545457319174,-0.21981657747106437,-0.7941781627873975,-0.3070801941090227,-0.19621814613865227,-1.0620413220411034,-0.4156175589970315,-0.20166150310667885,2.055512318146587,-0.21219372754742588,-0.2991983466782894,-0.6400035310637054,-0.14660958536878183,0.6743963935452368,-0.3318468896580935,-0.2931944802761775,-0.03167031776097681,-0.268264101878365,-0.3392400313681768,-1.1683017204269652,-0.03167031776097681,-0.03167031776097681
0.19114893486202267,0.17891188895784918,0.8640598474488348,0.8931022748098001,-0.4647718592256985,0.019883301583053115,1.757886212024609,-0.34290113299620106,-0.8059694639746,-0.9135419112057267,-0.2529147778628351,-0.22965760608731267,0.893419385394227,-0.3921188919620247,-0.07095947242679883,-0.11031946970293831,-0.38184998948033355,-0.6446726587031845,-0.5904647734189133,-0.7124274490013944,-0.08989331499509892,-0.10060545457319174,-0.21981657747106437,1.2591633047302777,-0.3070801941090227,-0.19621814613865227,-1.0620413220411034,-0.4156175589970315,-0.20166150310667885,2.055512318146587,-0.21219372754742588,3.3422644580160132,-0.6400035310637054,-0.14660958536878183,0.6743963935452368,-0.3318468896580935,-0.2931944802761775,-0.03167031776097681,-0.268264101878365,-0.3392400313681768,-1.1683017204269652,-0.03167031776097681,-0.03167031776097681
0.22494816971704723,0.21015494498233447,1.167057643567576,1.414097130941878,-0.837335968066861,0.019883301583053115,1.757886212024609,-0.34290113299620106,-0.8059694639746,-0.9135419112057267,-0.2529147778628351,-0.22965760608731267,0.893419385394227,2.5502469289259504,-0.07095947242679883,-0.11031946970293831,-0.38184998948033355,-0.6446726587031845,-0.5904647734189133,-0.7124274490013944,-0.08989331499509892,-0.10060545457319174,-0.21981657747106437,-0.7941781627873975,3.256478337528241,-0.19621814613865227,-1.0620413220411034,-0.4156175589970315,-0.20166150310667885,2.055512318146587,-0.21219372754742588,-0.2991983466782894,-0.6400035310637054,-0.14660958536878183,0.6743963935452368,-0.3318468896580935,-0.2931944802761775,-0.03167031776097681,-0.268264101878365,-0.3392400313681768,-1.1683017204269652,-0.03167031776097681,-0.03167031776097681
0.22494816971704723,0.21015494498233447,1.8488026848347436,1.0860633326364957,-1.2099000769080233,-1.1249360241796529,1.757886212024609,-0.34290113299620106,-0.8059694639746,1.0946405279645712,-0.2529147778628351,-0.22965760608731267,-1.119295166803151,-0.3921188919620247,-0.07095947242679883,-0.11031946970293831,2.618829455412367,-0.6446726587031845,-0.5904647734189133,-0.7124274490013944,-0.08989331499509892,-0.10060545457319174,-0.21981657747106437,-0.7941781627873975,3.256478337528241,-0.19621814613865227,-1.0620413220411034,-0.4156175589970315,-0.20166150310667885,2.055512318146587,-0.21219372754742588,-0.2991983466782894,-0.6400035310637054,-0.14660958536878183,0.6743963935452368,-0.3318468896580935,-0.2931944802761775,-0.03167031776097681,-0.268264101878365,-0.3392400313681768,-1.1683017204269652,-0.03167031776097681,-0.03167031776097681
0.22494816971704723,0.21015494498233447,0.7125609493894642,1.9061478283999513,-0.4647718592256985,-1.1249360241796529,-0.5688650341299796,2.9162924930057867,-0.8059694639746,1.0946405279645712,-0.2529147778628351,-0.22965760608731267,0.893419385394227,-0.3921188919620247,-0.07095947242679883,-0.11031946970293831,-0.38184998948033355,-0.6446726587031845,-0.5904647734189133,-0.7124274490013944,-0.08989331499509892,-0.10060545457319174,-0.21981657747106437,1.2591633047302777,-0.3070801941090227,-0.19621814613865227,-1.0620413220411034,-0.4156175589970315,-0.20166150310667885,2.055512318146587,-0.21219372754742588,-0.2991983466782894,1.5624913792865636,-0.14660958536878183,-1.482807455038566,-0.3318468896580935,-0.2931944802761775,-0.03167031776097681,-0.268264101878365,-0.3392400313681768,-1.1683017204269652,-0.03167031776097681,-0.03167031776097681
0.25499193403262466,0.24139800100681977,-0.044933540907388575,-0.11994327878035099,0.000933276825754426,-1.1249360241796529,-0.5688650341299796,2.9162924930057867,-0.8059694639746,-0.9135419112057267,3.9539010272556565,4.354308211415448,-1.119295166803151,-0.3921188919620247,-0.07095947242679883,9.064583093924764,-0.38184998948033355,-0.6446726587031845,-0.5904647734189133,-0.7124274490013944,-0.08989331499509892,-0.10060545457319174,4.5492474294011584,-0.7941781627873975,-0.3070801941090227,-0.19621814613865227,-1.0620413220411034,-0.4156175589970315,4.9588046533155135,-0.4864967196604686,4.712674646692831,-0.2991983466782894,-0.6400035310637054,6.820836424061898,-1.482807455038566,-0.3318468896580935,-0.2931944802761775,-0.03167031776097681,-0.268264101878365,-0.3392400313681768,-1.1683017204269652,-0.03167031776097681,-0.03167031776097681
0.25499193403262466,0.24139800100681977,1.167057643567576,2.2920699440533427,1.025484576138951,-1.1249360241796529,-0.5688650341299796,2.9162924930057867,-0.8059694639746,1.0946405279645712,-0.2529147778628351,-0.22965760608731267,0.893419385394227,-0.3921188919620247,-0.07095947242679883,-0.11031946970293831,-0.38184998948033355,-0.6446726587031845,-0.5904647734189133,-0.7124274490013944,-0.08989331499509892,-0.10060545457319174,-0.21981657747106437,1.2591633047302777,-0.3070801941090227,-0.19621814613865227,-1.0620413220411034,-0.4156175589970315,-0.20166150310667885,2.055512318146587,-0.21219372754742588,-0.2991983466782894,1.5624913792865636,-0.14660958536878183,-1.482807455038566,-0.3318468896580935,-0.2931944802761775,-0.03167031776097681,-0.268264101878365,-0.3392400313681768,-1.1683017204269652,-0.03167031776097681,-0.03167031776097681
0.28503569834820214,0.27264105703130503,2.000301582894114,2.3885504729666898,1.211766630559532,0.019883301583053115,-0.5688650341299796,2.9162924930057867,-0.8059694639746,1.0946405279645712,-0.2529147778628351,-0.22965760608731267,-1.119295166803151,-0.3921188919620247,-0.07095947242679883,-0.11031946970293831,2.618829455412367,-0.6446726587031845,-0.5904647734189133,-0.7124274490013944,-0.08989331499509892,-0.10060545457319174,-0.21981657747106437,-0.7941781627873975,3.256478337528241,-0.19621814613865227,-1.0620413220411034,2.4060581136494816,-0.20166150310667885,-0.4864967196604686,-0.21219372754742588,-0.2991983466782894,-0.6400035310637054,-0.14660958536878183,0.6743963935452368,-0.3318468896580935,-0.2931944802761775,-0.03167031776097681,-0.268264101878365,-0.3392400313681768,-1.1683017204269652,-0.03167031776097681,-0.03167031776097681
0.28503569834820214,0.27264105703130503,2.3790488280425404,1.1343035970931694,0.3734973856669168,-1.1249360241796529,-0.5688650341299796,2.9162924930057867,-0.8059694639746,-0.9135419112057267,-0.2529147778628351,-0.22965760608731267,0.893419385394227,-0.3921188919620247,-0.07095947242679883,-0.11031946970293831,-0.38184998948033355,-0.6446726587031845,-0.5904647734189133,-0.7124274490013944,-0.08989331499509892,-0.10060545457319174,-0.21981657747106437,1.2591633047302777,-0.3070801941090227,-0.19621814613865227,-1.0620413220411034,2.4060581136494816,-0.20166150310667885,-0.4864967196604686,-0.21219372754742588,-0.2991983466782894,-0.6400035310637054,-0.14660958536878183,0.6743963935452368,-0.3318468896580935,-0.2931944802761775,-0.03167031776097681,-0.268264101878365,-0.3392400313681768,-1.1683017204269652,-0.03167031776097681,-0.03167031776097681
0.28503569834820214,0.27264105703130503,2.3790488280425404,0.4348197624713987,1.1186256033492414,-1.1249360241796529,1.757886212024609,-0.34290113299620106,-0.8059694639746,-0.9135419112057267,-0.2529147778628351,-0.22965760608731267,0.893419385394227,-0.3921188919620247,-0.07095947242679883,-0.11031946970293831,-0.38184998948033355,-0.6446726587031845,-0.5904647734189133,-0.7124274490013944,-0.08989331499509892,-0.10060545457319174,-0.21981657747106437,1.2591633047302777,-0.3070801941090227,-0.19621814613865227,-1.0620413220411034,-0.4156175589970315,-0.20166150310667885,2.055512318146587,-0.21219372754742588,-0.2991983466782894,-0.6400035310637054,-0.14660958536878183,0.6743963935452368,-0.3318468896580935,-0.2931944802761775,-0.03167031776097681,-0.268264101878365,-0.3392400313681768,-1.1683017204269652,-0.03167031776097681,-0.03167031776097681
0.28503569834820214,0.27264105703130503,-0.19643243896675913,-0.2357199134763684,-1.2099000769080233,0.4014897435039551,1.757886212024609,-0.34290113299620106,-0.8059694639746,-0.9135419112057267,-0.2529147778628351,-0.22965760608731267,-1.119295166803151,-0.3921188919620247,-0.07095947242679883,-0.11031946970293831,-0.38184998948033355,-0.6446726587031845,1.6935811330619999,-0.7124274490013944,-0.08989331499509892,-0.10060545457319174,-0.21981657747106437,1.2591633047302777,-0.3070801941090227,-0.19621814613865227,0.9415829490307701,-0.4156175589970315,-0.20166150310667885,-0.4864967196604686,-0.21219372754742588,-0.2991983466782894,-0.6400035310637054,-0.14660958536878183,0.6743963935452368,-0.3318468896580935,-0.2931944802761775,-0.03167031776097681,-0.268264101878365,-0.3392400313681768,-1.1683017204269652,-0.03167031776097681,-0.03167031776097681
0.28503569834820214,0.27264105703130503,2.1518004809534848,-0.31290433660704664,-0.4647718592256985,-1.1249360241796529,1.757886212024609,-0.34290113299620106,-0.8059694639746,-0.9135419112057267,-0.2529147778628351,-0.22965760608731267,-1.119295166803151,-0.3921188919620247,-0.07095947242679883,-0.11031946970293831,-0.38184998948033355,-0.6446726587031845,-0.5904647734189133,-0.7124274490013944,-0.08989331499509892,-0.10060545457319174,-0.21981657747106437,-0.7941781627873975,-0.3070801941090227,5.0963686064660765,-1.0620413220411034,-0.4156175589970315,-0.20166150310667885,2.055512318146587,-0.21219372754742588,-0.2991983466782894,-0.6400035310637054,-0.14660958536878183,0.6743963935452368,-0.3318468896580935,-0.2931944802761775,-0.03167031776097681,-0.268264101878365,-0.3392400313681768,-1.1683017204269652,-0.03167031776097681,-0.03167031776097681
0.3188349332032267,0.30388411305579033,2.22754992998317,-0.02346274986700317,-0.4647718592256985,-1.1249360241796529,1.757886212024609,-0.34290113299620106,-0.8059694639746,-0.9135419112057267,-0.2529147778628351,-0.22965760608731267,0.893419385394227,-0.3921188919620247,-0.07095947242679883,-0.11031946970293831,-0.38184998948033355,-0.6446726587031845,-0.5904647734189133,-0.7124274490013944,-0.08989331499509892,-0.10060545457319174,-0.21981657747106437,1.2591633047302777,-0.3070801941090227,-0.19621814613865227,-1.0620413220411034,-0.4156175589970315,-0.20166150310667885,2.055512318146587,-0.21219372754742588,-0.2991983466782894,1.5624913792865636,-0.14660958536878183,-1.482807455038566,-0.3318468896580935,-0.2931944802761775,-0.03167031776097681,-0.268264101878365,-0.3392400313681768,-1.1683017204269652,-0.03167031776097681,-0.03167031776097681
0.3188349332032267,0.30388411305579033,1.0913081945378906,0.2659788368730399,0.7460614945080791,-1.1249360241796529,1.757886212024609,-0.34290113299620106,-0.8059694639746,-0.9135419112057267,-0.2529147778628351,-0.22965760608731267,-1.119295166803151,-0.3921188919620247,-0.07095947242679883,-0.11031946970293831,-0.38184998948033355,-0.6446726587031845,-0.5904647734189133,-0.7124274490013944,-0.08989331499509892,-0.10060545457319174,-0.21981657747106437,1.2591633047302777,-0.3070801941090227,-0.19621814613865227,-1.0620413220411034,2.4060581136494816,-0.20166150310667885,-0.4864967196604686,-0.21219372754742588,-0.2991983466782894,-0.6400035310637054,-0.14660958536878183,0.6743963935452368,-0.3318468896580935,-0.2931944802761775,-0.03167031776097681,-0.268264101878365,-0.3392400313681768,-1.1683017204269652,-0.03167031776097681,-0.03167031776097681
0.3488786975188042,0.3351271690802756,0.106565357151982,1.1584237293215067,1.211766630559532,0.019883301583053115,1.757886212024609,-0.34290113299620106,-0.8059694639746,-0.9135419112057267,-0.2529147778628351,-0.22965760608731267,0.893419385394227,2.5502469289259504,-0.07095947242679883,-0.11031946970293831,-0.38184998948033355,-0.6446726587031845,-0.5904647734189133,-0.7124274490013944,-0.08989331499509892,-0.10060545457319174,-0.21981657747106437,-0.7941781627873975,-0.3070801941090227,5.0963686064660765,-1.0620413220411034,2.4060581136494816,-0.20166150310667885,-0.4864967196604686,-0.21219372754742588,-0.2991983466782894,-0.6400035310637054,-0.14660958536878183,0.6743963935452368,-0.3318468896580935,-0.2931944802761775,-0.03167031776097681,-0.268264101878365,-0.3392400313681768,-1.1683017204269652,-0.03167031776097681,-0.03167031776097681
0.3488786975188042,0.3351271690802756,-0.19643243896675913,0.502356132710742,0.6529204672977886,-1.1249360241796529,1.757886212024609,-0.34290113299620106,-0.8059694639746,-0.9135419112057267,-0.2529147778628351,-0.22965760608731267,0.893419385394227,-0.3921188919620247,-0.07095947242679883,-0.11031946970293831,-0.38184998948033355,-0.6446726587031845,1.6935811330619999,-0.7124274490013944,-0.08989331499509892,-0.10060545457319174,-0.21981657747106437,1.2591633047302777,-0.3070801941090227,-0.19621814613865227,0.9415829490307701,-0.4156175589970315,-0.20166150310667885,-0.4864967196604686,-0.21219372754742588,-0.2991983466782894,-0.6400035310637054,-0.14660958536878183,0.6743963935452368,-0.3318468896580935,-0.2931944802761775,-0.03167031776097681,-0.268264101878365,-0.3392400313681768,-1.1683017204269652,-0.03167031776097681,-0.03167031776097681
0.3488786975188042,0.3351271690802756,0.7125609493894642,1.7614270350299301,-0.837335968066861,-1.1249360241796529,1.757886212024609,-0.34290113299620106,-0.8059694639746,1.0946405279645712,-0.2529147778628351,-0.22965760608731267,0.893419385394227,-0.3921188919620247,-0.07095947242679883,-0.11031946970293831,-0.38184998948033355,-0.6446726587031845,-0.5904647734189133,-0.7124274490013944,-0.08989331499509892,-0.10060545457319174,-0.21981657747106437,1.2591633047302777,-0.3070801941090227,-0.19621814613865227,-1.0620413220411034,-0.4156175589970315,-0.20166150310667885,2.055512318146587,-0.21219372754742588,3.3422644580160132,1.5624913792865636,-0.14660958536878183,-1.482807455038566,-0.3318468896580935,-0.2931944802761775,-0.03167031776097681,-0.268264101878365,-0.3392400313681768,0.855943274340589,-0.03167031776097681,-0.03167031776097681
0.3488786975188042,0.3351271690802756,2.000301582894114,0.15985025506835748,-0.7441949408565703,0.019883301583053115,1.757886212024609,-0.34290113299620106,-0.8059694639746,-0.9135419112057267,-0.2529147778628351,-0.22965760608731267,-1.119295166803151,-0.3921188919620247,-0.07095947242679883,-0.11031946970293831,-0.38184998948033355,-0.6446726587031845,-0.5904647734189133,-0.7124274490013944,-0.08989331499509892,-0.10060545457319174,-0.21981657747106437,-0.7941781627873975,-0.3070801941090227,5.0963686064660765,-1.0620413220411034,-0.4156175589970315,-0.20166150310667885,2.055512318146587,-0.21219372754742588,-0.2991983466782894,1.5624913792865636,-0.14660958536878183,-1.482807455038566,-0.3318468896580935,-0.2931944802761775,-0.03167031776097681,-0.268264101878365,-0.3392400313681768,0.855943274340589,-0.03167031776097681,-0.03167031776097681
0.3488786975188042,0.3351271690802756,0.7125609493894642,0.3190431277753813,-0.9304769952771516,-1.1249360241796529,1.757886212024609,-0.34290113299620106,-0.8059694639746,-0.9135419112057267,-0.2529147778628351,-0.22965760608731267,0.893419385394227,-0.3921188919620247,-0.07095947242679883,-0.11031946970293831,-0.38184998948033355,-0.6446726587031845,1.6935811330619999,-0.7124274490013944,-0.08989331499509892,-0.10060545457319174,-0.21981657747106437,1.2591633047302777,-0.3070801941090227,-0.19621814613865227,-1.0620413220411034,-0.4156175589970315,-0.20166150310667885,2.055512318146587,-0.21219372754742588,3.3422644580160132,-0.6400035310637054,-0.14660958536878183,0.6743963935452368,-0.3318468896580935,-0.2931944802761775,-0.03167031776097681,-0.268264101878365,-0.3392400313681768,0.855943274340589,-0.03167031776097681,-0.03167031776097681
0.3789224618343816,0.36637022510476086,0.7125609493894642,1.2790243904631915,-0.18534877759482676,-1.1249360241796529,1.757886212024609,-0.34290113299620106,-0.8059694639746,1.0946405279645712,-0.2529147778628351,-0.22965760608731267,0.893419385394227,-0.3921188919620247,-0.07095947242679883,-0.11031946970293831,-0.38184998948033355,-0.6446726587031845,-0.5904647734189133,-0.7124274490013944,-0.08989331499509892,-0.10060545457319174,-0.21981657747106437,1.2591633047302777,-0.3070801941090227,-0.19621814613865227,-1.0620413220411034,-0.4156175589970315,-0.20166150310667885,2.055512318146587,-0.21219372754742588,3.3422644580160132,-0.6400035310637054,-0.14660958536878183,0.6743963935452368,-0.3318468896580935,-0.2931944802761775,-0.03167031776097681,-0.268264101878365,-0.3392400313681768,0.855943274340589,-0.03167031776097681,-0.03167031776097681
0.0033754078896636995,0.022696608835422783,0.106565357151982,0.16467428151402477,-0.4647718592256985,0.019883301583053115,1.757886212024609,-0.34290113299620106,-0.8059694639746,-0.9135419112057267,-0.2529147778628351,-0.22965760608731267,0.893419385394227,-0.3921188919620247,-0.07095947242679883,-0.11031946970293831,-0.38184998948033355,-0.6446726587031845,-0.5904647734189133,-0.7124274490013944,-0.08989331499509892,-0.10060545457319174,-0.21981657747106437,1.2591633047302777,-0.3070801941090227,-0.19621814613865227,-1.0620413220411034,-0.4156175589970315,-0.20166150310667885,2.055512318146587,-0.21219372754742588,-0.2991983466782894,-0.6400035310637054,-0.14660958536878183,0.6743963935452368,-0.3318468896580935,-0.2931944802761775,-0.03167031776097681,3.72766983356355,-0.3392400313681768,-1.1683017204269652,-0.03167031776097681,-0.03167031776097681
0.0033754078896636995,0.022696608835422783,1.0913081945378906,0.8448620103531265,0.6529204672977886,0.019883301583053115,1.757886212024609,-0.34290113299620106,-0.8059694639746,1.0946405279645712,-0.2529147778628351,-0.22965760608731267,0.893419385394227,-0.3921188919620247,-0.07095947242679883,-0.11031946970293831,2.618829455412367,-0.6446726587031845,-0.5904647734189133,-0.7124274490013944,-0.08989331499509892,-0.10060545457319174,-0.21981657747106437,-0.7941781627873975,3.256478337528241,-0.19621814613865227,-1.0620413220411034,-0.4156175589970315,-0.20166150310667885,2.055512318146587,-0.21219372754742588,-0.2991983466782894,1.5624913792865636,-0.14660958536878183,-1.482807455038566,-0.3318468896580935,-0.2931944802761775,-0.03167031776097681,3.72766983356355,-0.3392400313681768,-1.1683017204269652,-0.03167031776097681,-0.03167031776097681
0.0033754078896636995,0.022696608835422783,1.3185565416269465,1.1150074913105,-0.27848980480511737,0.019883301583053115,1.757886212024609,-0.34290113299620106,-0.8059694639746,-0.9135419112057267,-0.2529147778628351,-0.22965760608731267,0.893419385394227,-0.3921188919620247,-0.07095947242679883,-0.11031946970293831,-0.38184998948033355,-0.6446726587031845,-0.5904647734189133,-0.7124274490013944,-0.08989331499509892,-0.10060545457319174,-0.21981657747106437,1.2591633047302777,-0.3070801941090227,-0.19621814613865227,-1.0620413220411034,-0.4156175589970315,-0.20166150310667885,2.055512318146587,-0.21219372754742588,-0.2991983466782894,-0.6400035310637054,-0.14660958536878183,0.6743963935452368,-0.3318468896580935,-0.2931944802761775,-0.03167031776097681,3.72766983356355,-0.3392400313681768,-1.1683017204269652,-0.03167031776097681,-0.03167031776097681
0.0033754078896636995,0.022696608835422783,2.3032993790128553,1.9543880928566257,1.1186256033492414,0.019883301583053115,1.757886212024609,-0.34290113299620106,-0.8059694639746,-0.9135419112057267,3.9539010272556565,-0.22965760608731267,-1.119295166803151,2.5502469289259504,-0.07095947242679883,-0.11031946970293831,-0.38184998948033355,-0.6446726587031845,-0.5904647734189133,-0.7124274490013944,-0.08989331499509892,-0.10060545457319174,-0.21981657747106437,-0.7941781627873975,3.256478337528241,-0.19621814613865227,-1.0620413220411034,2.4060581136494816,-0.20166150310667885,-0.4864967196604686,-0.21219372754742588,-0.2991983466782894,-0.6400035310637054,-0.14660958536878183,0.6743963935452368,-0.3318468896580935,-0.2931944802761775,-0.03167031776097681,3.72766983356355,-0.3392400313681768,-1.1683017204269652,-0.03167031776097681,-0.03167031776097681
0.0033754078896636995,0.022696608835422783,1.2428070925972612,1.8579075639432776,-0.27848980480511737,0.019883301583053115,1.757886212024609,-0.34290113299620106,-0.8059694639746,-0.9135419112057267,3.9539010272556565,-0.22965760608731267,0.893419385394227,-0.3921188919620247,-0.07095947242679883,-0.11031946970293831,-0.38184998948033355,-0.6446726587031845,-0.5904647734189133,-0.7124274490013944,-0.08989331499509892,-0.10060545457319174,-0.21981657747106437,1.2591633047302777,-0.3070801941090227,-0.19621814613865227,-1.0620413220411034,-0.4156175589970315,-0.20166150310667885,2.055512318146587,-0.21219372754742588,3.3422644580160132,-0.6400035310637054,-0.14660958536878183,0.6743963935452368,-0.3318468896580935,-0.2931944802761775,-0.03167031776097681,3.72766983356355,-0.3392400313681768,-1.1683017204269652,-0.03167031776097681,-0.03167031776097681
0.0033754078896636995,0.022696608835422783,1.0155587455082054,-0.11994327878035099,0.7460614945080791,0.019883301583053115,1.757886212024609,-0.34290113299620106,-0.8059694639746,-0.9135419112057267,3.9539010272556565,-0.22965760608731267,-1.119295166803151,-0.3921188919620247,-0.07095947242679883,-0.11031946970293831,-0.38184998948033355,-0.6446726587031845,-0.5904647734189133,-0.7124274490013944,-0.08989331499509892,-0.10060545457319174,-0.21981657747106437,1.2591633047302777,-0.3070801941090227,-0.19621814613865227,-1.0620413220411034,-0.4156175589970315,-0.20166150310667885,2.055512318146587,-0.21219372754742588,-0.2991983466782894,1.5624913792865636,-0.14660958536878183,-1.482807455038566,-0.3318468896580935,-0.2931944802761775,-0.03167031776097681,3.72766983356355,-0.3392400313681768,-1.1683017204269652,-0.03167031776097681,-0.03167031776097681
0.5066084601755857,0.49134244920270204,0.25806425521135257,-0.7711868489454483,-0.09220775038453617,0.019883301583053115,1.757886212024609,-0.34290113299620106,-0.8059694639746,-0.9135419112057267,3.9539010272556565,-0.22965760608731267,0.893419385394227,2.5502469289259504,-0.07095947242679883,-0.11031946970293831,-0.38184998948033355,-0.6446726587031845,-0.5904647734189133,-0.7124274490013944,-0.08989331499509892,-0.10060545457319174,-0.21981657747106437,1.2591633047302777,-0.3070801941090227,-0.19621814613865227,-1.0620413220411034,-0.4156175589970315,-0.20166150310667885,2.055512318146587,-0.21219372754742588,-0.2991983466782894,1.5624913792865636,-0.14660958536878183,-1.482807455038566,-0.3318468896580935,-0.2931944802761775,-0.03167031776097681,3.72766983356355,-0.3392400313681768,-1.1683017204269652,-0.03167031776097681,-0.03167031776097681
0.5366522244911631,0.5225855052271873,0.9398092964785201,-0.5396335795534137,1.211766630559532,-1.1249360241796529,1.757886212024609,-0.34290113299620106,-0.8059694639746,-0.9135419112057267,3.9539010272556565,-0.22965760608731267,-1.119295166803151,2.5502469289259504,-0.07095947242679883,-0.11031946970293831,-0.38184998948033355,-0.6446726587031845,-0.5904647734189133,-0.7124274490013944,-0.08989331499509892,-0.10060545457319174,-0.21981657747106437,-0.7941781627873975,3.256478337528241,-0.19621814613865227,-1.0620413220411034,-0.4156175589970315,-0.20166150310667885,2.055512318146587,-0.21219372754742588,-0.2991983466782894,1.5624913792865636,-0.14660958536878183,-1.482807455038566,-0.3318468896580935,-0.2931944802761775,-0.03167031776097681,-0.268264101878365,-0.3392400313681768,0.855943274340589,-0.03167031776097681,-0.03167031776097681
0.5366522244911631,0.5225855052271873,1.0913081945378906,1.4237451838332125,0.000933276825754426,-1.1249360241796529,1.757886212024609,-0.34290113299620106,-0.8059694639746,-0.9135419112057267,3.9539010272556565,-0.22965760608731267,0.893419385394227,-0.3921188919620247,-0.07095947242679883,-0.11031946970293831,2.618829455412367,-0.6446726587031845,-0.5904647734189133,-0.7124274490013944,-0.08989331499509892,-0.10060545457319174,-0.21981657747106437,-0.7941781627873975,3.256478337528241,-0.19621814613865227,-1.0620413220411034,-0.4156175589970315,-0.20166150310667885,2.055512318146587,-0.21219372754742588,-0.2991983466782894,-0.6400035310637054,-0.14660958536878183,0.6743963935452368,-0.3318468896580935,-0.2931944802761775,-0.03167031776097681,-0.268264101878365,-0.3392400313681768,0.855943274340589,-0.03167031776097681,-0.03167031776097681
0.5366522244911631,0.5225855052271873,1.3943059906566317,2.243829679596669,-1.2099000769080233,0.4014897435039551,1.757886212024609,-0.34290113299620106,-0.8059694639746,1.0946405279645712,-0.2529147778628351,-0.22965760608731267,0.893419385394227,-0.3921188919620247,-0.07095947242679883,-0.11031946970293831,2.618829455412367,-0.6446726587031845,-0.5904647734189133,-0.7124274490013944,-0.08989331499509892,-0.10060545457319174,-0.21981657747106437,-0.7941781627873975,3.256478337528241,-0.19621814613865227,-1.0620413220411034,-0.4156175589970315,-0.20166150310667885,2.055512318146587,-0.21219372754742588,-0.2991983466782894,-0.6400035310637054,-0.14660958536878183,0.6743963935452368,-0.3318468896580935,-0.2931944802761775,-0.03167031776097681,-0.268264101878365,-0.3392400313681768,0.855943274340589,-0.03167031776097681,-0.03167031776097681
0.5366522244911631,0.5225855052271873,2.3790488280425404,2.870953117533429,-0.18534877759482676,-1.1249360241796529,1.757886212024609,-0.34290113299620106,-0.8059694639746,1.0946405279645712,-0.2529147778628351,-0.22965760608731267,0.893419385394227,-0.3921188919620247,-0.07095947242679883,-0.11031946970293831,-0.38184998948033355,-0.6446726587031845,1.6935811330619999,-0.7124274490013944,-0.08989331499509892,-0.10060545457319174,-0.21981657747106437,1.2591633047302777,-0.3070801941090227,-0.19621814613865227,0.9415829490307701,-0.4156175589970315,-0.20166150310667885,-0.4864967196604686,-0.21219372754742588,-0.2991983466782894,-0.6400035310637054,-0.14660958536878183,0.6743963935452368,-0.3318468896580935,3.4107054097950273,-0.03167031776097681,-0.268264101878365,-0.3392400313681768,-1.1683017204269652,-0.03167031776097681,-0.03167031776097681
0.5666959888067405,0.5538285612516726,-0.044933540907388575,0.8062697987877873,0.3734973856669168,-1.1249360241796529,1.757886212024609,-0.34290113299620106,-0.8059694639746,-0.9135419112057267,-0.2529147778628351,-0.22965760608731267,0.893419385394227,-0.3921188919620247,-0.07095947242679883,-0.11031946970293831,-0.38184998948033355,-0.6446726587031845,-0.5904647734189133,-0.7124274490013944,-0.08989331499509892,-0.10060545457319174,-0.21981657747106437,1.2591633047302777,-0.3070801941090227,-0.19621814613865227,-1.0620413220411034,-0.4156175589970315,-0.20166150310667885,2.055512318146587,-0.21219372754742588,3.3422644580160132,-0.6400035310637054,-0.14660958536878183,0.6743963935452368,-0.3318468896580935,-0.2931944802761775,-0.03167031776097681,-0.268264101878365,-0.3392400313681768,0.855943274340589,-0.03167031776097681,-0.03167031776097681
0.5666959888067405,0.5538285612516726,0.030815908122296707,1.3899769987135415,-0.3716308320154079,0.019883301583053115,1.757886212024609,-0.34290113299620106,-0.8059694639746,-0.9135419112057267,-0.2529147778628351,-0.22965760608731267,0.893419385394227,2.5502469289259504,-0.07095947242679883,-0.11031946970293831,-0.38184998948033355,-0.6446726587031845,-0.5904647734189133,-0.7124274490013944,-0.08989331499509892,-0.10060545457319174,-0.21981657747106437,-0.7941781627873975,3.256478337528241,-0.19621814613865227,-1.0620413220411034,-0.4156175589970315,-0.20166150310667885,2.055512318146587,-0.21219372754742588,-0.2991983466782894,1.5624913792865636,-0.14660958536878183,-1.482807455038566,-0.3318468896580935,-0.2931944802761775,-0.03167031776097681,-0.268264101878365,-0.3392400313681768,0.855943274340589,-0.03167031776097681,-0.03167031776097681
0.5666959888067405,0.5538285612516726,-0.044933540907388575,-0.5058653944337419,-0.5579128864359891,-1.1249360241796529,1.757886212024609,-0.34290113299620106,-0.8059694639746,-0.9135419112057267,-0.2529147778628351,-0.22965760608731267,0.893419385394227,2.5502469289259504,-0.07095947242679883,-0.11031946970293831,-0.38184998948033355,-0.6446726587031845,-0.5904647734189133,-0.7124274490013944,-0.08989331499509892,-0.10060545457319174,-0.21981657747106437,-0.7941781627873975,3.256478337528241,-0.19621814613865227,-1.0620413220411034,2.4060581136494816,-0.20166150310667885,-0.4864967196604686,-0.21219372754742588,-0.2991983466782894,-0.6400035310637054,-0.14660958536878183,0.6743963935452368,-0.3318468896580935,-0.2931944802761775,-0.03167031776097681,-0.268264101878365,-0.3392400313681768,0.855943274340589,-0.03167031776097681,-0.03167031776097681
0.5666959888067405,0.5538285612516726,1.5458048887160023,1.4768094747355545,-1.3030411041183139,-1.1249360241796529,1.757886212024609,-0.34290113299620106,-0.8059694639746,-0.9135419112057267,-0.2529147778628351,-0.22965760608731267,-1.119295166803151,-0.3921188919620247,-0.07095947242679883,-0.11031946970293831,-0.38184998948033355,-0.6446726587031845,-0.5904647734189133,-0.7124274490013944,-0.08989331499509892,-0.10060545457319174,-0.21981657747106437,1.2591633047302777,-0.3070801941090227,-0.19621814613865227,-1.0620413220411034,-0.4156175589970315,-0.20166150310667885,2.055512318146587,-0.21219372754742588,-0.2991983466782894,1.5624913792865636,-0.14660958536878183,-1.482807455038566,-0.3318468896580935,-0.2931944802761775,-0.03167031776097681,-0.268264101878365,-0.3392400313681768,0.855943274340589,-0.03167031776097681,-0.03167031776097681
0.6004952236617651,0.5850716172761579,2.1518004809534848,1.3755049193765387,0.3734973856669168,-1.1249360241796529,1.757886212024609,-0.34290113299620106,-0.8059694639746,1.0946405279645712,-0.2529147778628351,-0.22965760608731267,-1.119295166803151,2.5502469289259504,-0.07095947242679883,-0.11031946970293831,-0.38184998948033355,-0.6446726587031845,-0.5904647734189133,-0.7124274490013944,-0.08989331499509892,-0.10060545457319174,-0.21981657747106437,-0.7941781627873975,3.256478337528241,-0.19621814613865227,-1.0620413220411034,-0.4156175589970315,-0.20166150310667885,2.055512318146587,-0.21219372754742588,-0.2991983466782894,-0.6400035310637054,-0.14660958536878183,0.6743963935452368,-0.3318468896580935,-0.2931944802761775,-0.03167031776097681,-0.268264101878365,-0.3392400313681768,0.855943274340589,-0.03167031776097681,-0.03167031776097681
0.6004952236617651,0.5850716172761579,1.8488026848347436,2.919193381990103,0.9323435489286603,-1.1249360241796529,1.757886212024609,-0.34290113299620106,-0.8059694639746,1.0946405279645712,-0.2529147778628351,-0.22965760608731267,0.893419385394227,2.5502469289259504,-0.07095947242679883,-0.11031946970293831,-0.38184998948033355,-0.6446726587031845,-0.5904647734189133,-0.7124274490013944,-0.08989331499509892,-0.10060545457319174,-0.21981657747106437,-0.7941781627873975,3.256478337528241,-0.19621814613865227,-1.0620413220411034,-0.4156175589970315,-0.20166150310667885,2.055512318146587,-0.21219372754742588,-0.2991983466782894,-0.6400035310637054,-0.14660958536878183,0.6743963935452368,-0.3318468896580935,-0.2931944802761775,-0.03167031776097681,-0.268264101878365,-0.3392400313681768,0.855943274340589,-0.03167031776097681,-0.03167031776097681
0.6004952236617651,0.5850716172761579,1.6215543377456876,0.7676775872224482,-0.9304769952771516,0.019883301583053115,1.757886212024609,-0.34290113299620106,-0.8059694639746,-0.9135419112057267,-0.2529147778628351,-0.22965760608731267,-1.119295166803151,-0.3921188919620247,-0.07095947242679883,-0.11031946970293831,-0.38184998948033355,-0.6446726587031845,-0.5904647734189133,-0.7124274490013944,-0.08989331499509892,-0.10060545457319174,-0.21981657747106437,1.2591633047302777,-0.3070801941090227,-0.19621814613865227,-1.0620413220411034,-0.4156175589970315,-0.20166150310667885,2.055512318146587,-0.21219372754742588,-0.2991983466782894,-0.6400035310637054,-0.14660958536878183,0.6743963935452368,-0.3318468896580935,-0.2931944802761775,-0.03167031776097681,-0.268264101878365,-0.3392400313681768,0.855943274340589,-0.03167031776097681,-0.03167031776097681
0.6943819871479446,0.6788007853496137,1.3185565416269465,1.5202257127465608,0.3734973856669168,0.4014897435039551,1.757886212024609,-0.34290113299620106,-0.8059694639746,1.0946405279645712,-0.2529147778628351,-0.22965760608731267,0.893419385394227,-0.3921188919620247,-0.07095947242679883,-0.11031946970293831,-0.38184998948033355,-0.6446726587031845,-0.5904647734189133,-0.7124274490013944,-0.08989331499509892,-0.10060545457319174,-0.21981657747106437,1.2591633047302777,-0.3070801941090227,-0.19621814613865227,-1.0620413220411034,2.4060581136494816,-0.20166150310667885,-0.4864967196604686,-0.21219372754742588,3.3422644580160132,1.5624913792865636,-0.14660958536878183,-1.482807455038566,-0.3318468896580935,-0.2931944802761775,-0.03167031776097681,-0.268264101878365,-0.3392400313681768,0.855943274340589,-0.03167031776097681,-0.03167031776097681
0.7244257514635221,0.710043841374099,0.7125609493894642,1.6649465061165818,-0.9304769952771516,-1.1249360241796529,1.757886212024609,-0.34290113299620106,-0.8059694639746,1.0946405279645712,-0.2529147778628351,-0.22965760608731267,0.893419385394227,-0.3921188919620247,-0.07095947242679883,-0.11031946970293831,-0.38184998948033355,-0.6446726587031845,-0.5904647734189133,-0.7124274490013944,-0.08989331499509892,-0.10060545457319174,-0.21981657747106437,1.2591633047302777,-0.3070801941090227,-0.19621814613865227,-1.0620413220411034,-0.4156175589970315,-0.20166150310667885,2.055512318146587,-0.21219372754742588,-0.2991983466782894,-0.6400035310637054,-0.14660958536878183,0.6743963935452368,-0.3318468896580935,-0.2931944802761775,-0.03167031776097681,-0.268264101878365,-0.3392400313681768,0.855943274340589,-0.03167031776097681,-0.03167031776097681
0.7244257514635221,0.710043841374099,1.0913081945378906,2.1473491506833207,-0.4647718592256985,0.4014897435039551,1.757886212024609,-0.34290113299620106,-0.8059694639746,1.0946405279645712,-0.2529147778628351,-0.22965760608731267,0.893419385394227,-0.3921188919620247,-0.07095947242679883,-0.11031946970293831,-0.38184998948033355,-0.6446726587031845,1.6935811330619999,-0.7124274490013944,-0.08989331499509892,-0.10060545457319174,-0.21981657747106437,1.2591633047302777,-0.3070801941090227,-0.19621814613865227,-1.0620413220411034,-0.4156175589970315,-0.20166150310667885,2.055512318146587,-0.21219372754742588,3.3422644580160132,-0.6400035310637054,-0.14660958536878183,0.6743963935452368,-0.3318468896580935,-0.2931944802761775,-0.03167031776097681,-0.268264101878365,-0.3392400313681768,0.855943274340589,-0.03167031776097681,-0.03167031776097681
0.7544695157790996,0.7412868973985842,1.6215543377456876,1.2404321788978523,-0.4647718592256985,0.019883301583053115,1.757886212024609,-0.34290113299620106,-0.8059694639746,-0.9135419112057267,-0.2529147778628351,-0.22965760608731267,0.893419385394227,2.5502469289259504,-0.07095947242679883,-0.11031946970293831,-0.38184998948033355,-0.6446726587031845,-0.5904647734189133,-0.7124274490013944,-0.08989331499509892,-0.10060545457319174,-0.21981657747106437,-0.7941781627873975,-0.3070801941090227,5.0963686064660765,-1.0620413220411034,-0.4156175589970315,-0.20166150310667885,2.055512318146587,-0.21219372754742588,-0.2991983466782894,-0.6400035310637054,-0.14660958536878183,0.6743963935452368,-0.3318468896580935,3.4107054097950273,-0.03167031776097681,-0.268264101878365,-0.3392400313681768,-1.1683017204269652,-0.03167031776097681,-0.03167031776097681
0.7544695157790996,0.7412868973985842,0.5610620513300937,1.5250497391922282,1.025484576138951,-1.1249360241796529,1.757886212024609,-0.34290113299620106,-0.8059694639746,-0.9135419112057267,-0.2529147778628351,-0.22965760608731267,-1.119295166803151,-0.3921188919620247,-0.07095947242679883,-0.11031946970293831,-0.38184998948033355,-0.6446726587031845,-0.5904647734189133,-0.7124274490013944,-0.08989331499509892,-0.10060545457319174,-0.21981657747106437,1.2591633047302777,-0.3070801941090227,-0.19621814613865227,-1.0620413220411034,-0.4156175589970315,-0.20166150310667885,2.055512318146587,-0.21219372754742588,-0.2991983466782894,1.5624913792865636,-0.14660958536878183,-1.482807455038566,-0.3318468896580935,3.4107054097950273,-0.03167031776097681,-0.268264101878365,-0.3392400313681768,-1.1683017204269652,-0.03167031776097681,-0.03167031776097681
0.7544695157790996,0.7412868973985842,-0.3479313370261297,0.8352139574617918,1.025484576138951,-1.1249360241796529,1.757886212024609,-0.34290113299620106,-0.8059694639746,-0.9135419112057267,-0.2529147778628351,-0.22965760608731267,0.893419385394227,-0.3921188919620247,-0.07095947242679883,-0.11031946970293831,-0.38184998948033355,-0.6446726587031845,1.6935811330619999,-0.7124274490013944,-0.08989331499509892,-0.10060545457319174,-0.21981657747106437,1.2591633047302777,-0.3070801941090227,-0.19621814613865227,-1.0620413220411034,-0.4156175589970315,-0.20166150310667885,2.055512318146587,-0.21219372754742588,-0.2991983466782894,-0.6400035310637054,-0.14660958536878183,0.6743963935452368,-0.3318468896580935,3.4107054097950273,-0.03167031776097681,-0.268264101878365,-0.3392400313681768,-1.1683017204269652,-0.03167031776097681,-0.03167031776097681
0.788268750634124,0.7725299534230695,0.4853126023004084,0.45893989469973556,0.000933276825754426,0.4014897435039551,1.757886212024609,-0.34290113299620106,-0.8059694639746,1.0946405279645712,-0.2529147778628351,-0.22965760608731267,0.893419385394227,-0.3921188919620247,-0.07095947242679883,-0.11031946970293831,2.618829455412367,-0.6446726587031845,-0.5904647734189133,-0.7124274490013944,-0.08989331499509892,-0.10060545457319174,-0.21981657747106437,-0.7941781627873975,3.256478337528241,-0.19621814613865227,-1.0620413220411034,-0.4156175589970315,-0.20166150310667885,2.055512318146587,-0.21219372754742588,-0.2991983466782894,-0.6400035310637054,-0.14660958536878183,0.6743963935452368,-0.3318468896580935,3.4107054097950273,-0.03167031776097681,-0.268264101878365,-0.3392400313681768,-1.1683017204269652,-0.03167031776097681,-0.03167031776097681
0.788268750634124,0.7725299534230695,1.3185565416269465,2.1955894151399953,1.211766630559532,0.4014897435039551,1.757886212024609,-0.34290113299620106,-0.8059694639746,-0.9135419112057267,3.9539010272556565,-0.22965760608731267,0.893419385394227,-0.3921188919620247,-0.07095947242679883,-0.11031946970293831,-0.38184998948033355,-0.6446726587031845,-0.5904647734189133,-0.7124274490013944,-0.08989331499509892,-0.10060545457319174,-0.21981657747106437,1.2591633047302777,-0.3070801941090227,-0.19621814613865227,-1.0620413220411034,-0.4156175589970315,-0.20166150310667885,2.055512318146587,-0.21219372754742588,-0.2991983466782894,-0.6400035310637054,-0.14660958536878183,0.6743963935452368,-0.3318468896580935,3.4107054097950273,-0.03167031776097681,-0.268264101878365,-0.3392400313681768,-1.1683017204269652,-0.03167031776097681,-0.03167031776097681
0.788268750634124,0.7725299534230695,2.530547726101911,1.9543880928566257,0.1872153312463356,0.019883301583053115,1.757886212024609,-0.34290113299620106,-0.8059694639746,-0.9135419112057267,3.9539010272556565,-0.22965760608731267,-1.119295166803151,-0.3921188919620247,-0.07095947242679883,-0.11031946970293831,-0.38184998948033355,-0.6446726587031845,-0.5904647734189133,-0.7124274490013944,-0.08989331499509892,-0.10060545457319174,-0.21981657747106437,1.2591633047302777,-0.3070801941090227,-0.19621814613865227,-1.0620413220411034,-0.4156175589970315,-0.20166150310667885,2.055512318146587,-0.21219372754742588,-0.2991983466782894,-0.6400035310637054,-0.14660958536878183,0.6743963935452368,-0.3318468896580935,3.4107054097950273,-0.03167031776097681,-0.268264101878365,-0.3392400313681768,-1.1683017204269652,-0.03167031776097681,-0.03167031776097681
0.8183125149497016,0.8037730094475548,0.030815908122296707,-0.607169949792757,-0.18534877759482676,-1.1249360241796529,1.757886212024609,-0.34290113299620106,-0.8059694639746,-0.9135419112057267,3.9539010272556565,-0.22965760608731267,0.893419385394227,-0.3921188919620247,-0.07095947242679883,-0.11031946970293831,-0.38184998948033355,-0.6446726587031845,-0.5904647734189133,-0.7124274490013944,-0.08989331499509892,-0.10060545457319174,-0.21981657747106437,1.2591633047302777,-0.3070801941090227,-0.19621814613865227,-1.0620413220411034,-0.4156175589970315,-0.20166150310667885,2.055512318146587,-0.21219372754742588,3.3422644580160132,-0.6400035310637054,-0.14660958536878183,0.6743963935452368,-0.3318468896580935,3.4107054097950273,-0.03167031776097681,-0.268264101878365,-0.3392400313681768,-1.1683017204269652,-0.03167031776097681,-0.03167031776097681
0.8183125149497016,0.8037730094475548,-0.044933540907388575,1.4382172631702153,0.1872153312463356,-1.1249360241796529,1.757886212024609,-0.34290113299620106,-0.8059694639746,-0.9135419112057267,3.9539010272556565,-0.22965760608731267,0.893419385394227,-0.3921188919620247,-0.07095947242679883,-0.11031946970293831,-0.38184998948033355,-0.6446726587031845,-0.5904647734189133,-0.7124274490013944,-0.08989331499509892,-0.10060545457319174,-0.21981657747106437,1.2591633047302777,-0.3070801941090227,-0.19621814613865227,-1.0620413220411034,-0.4156175589970315,-0.20166150310667885,2.055512318146587,-0.21219372754742588,-0.2991983466782894,1.5624913792865636,-0.14660958536878183,-1.482807455038566,-0.3318468896580935,-0.2931944802761775,-0.03167031776097681,-0.268264101878365,-0.3392400313681768,0.855943274340589,-0.03167031776097681,-0.03167031776097681
0.8183125149497016,0.8037730094475548,0.7883103984191495,1.3079685491371955,0.6529204672977886,-1.1249360241796529,1.757886212024609,-0.34290113299620106,-0.8059694639746,-0.9135419112057267,3.9539010272556565,-0.22965760608731267,-1.119295166803151,-0.3921188919620247,-0.07095947242679883,-0.11031946970293831,-0.38184998948033355,-0.6446726587031845,-0.5904647734189133,-0.7124274490013944,-0.08989331499509892,-0.10060545457319174,-0.21981657747106437,-0.7941781627873975,-0.3070801941090227,5.0963686064660765,-1.0620413220411034,-0.4156175589970315,-0.20166150310667885,2.055512318146587,-0.21219372754742588,-0.2991983466782894,-0.6400035310637054,-0.14660958536878183,0.6743963935452368,-0.3318468896580935,-0.2931944802761775,-0.03167031776097681,-0.268264101878365,-0.3392400313681768,0.855943274340589,-0.03167031776097681,-0.03167031776097681
0.848356279265279,0.8350160654720401,1.7730532358050581,0.7001412169831049,0.2803563584566262,0.4014897435039551,1.757886212024609,-0.34290113299620106,-0.8059694639746,-0.9135419112057267,3.9539010272556565,-0.22965760608731267,0.893419385394227,2.5502469289259504,-0.07095947242679883,-0.11031946970293831,-0.38184998948033355,-0.6446726587031845,-0.5904647734189133,-0.7124274490013944,-0.08989331499509892,-0.10060545457319174,-0.21981657747106437,1.2591633047302777,-0.3070801941090227,-0.19621814613865227,-1.0620413220411034,-0.4156175589970315,-0.20166150310667885,2.055512318146587,-0.21219372754742588,-0.2991983466782894,-0.6400035310637054,-0.14660958536878183,0.6743963935452368,-0.3318468896580935,-0.2931944802761775,-0.03167031776097681,-0.268264101878365,-0.3392400313681768,0.855943274340589,-0.03167031776097681,-0.03167031776097681
0.8821555141203036,0.8662591214965254,1.7730532358050581,1.6649465061165818,-1.1167590496977327,1.164702627345759,1.757886212024609,-0.34290113299620106,-0.8059694639746,1.0946405279645712,-0.2529147778628351,-0.22965760608731267,0.893419385394227,2.5502469289259504,-0.07095947242679883,-0.11031946970293831,-0.38184998948033355,-0.6446726587031845,-0.5904647734189133,-0.7124274490013944,-0.08989331499509892,-0.10060545457319174,-0.21981657747106437,-0.7941781627873975,3.256478337528241,-0.19621814613865227,-1.0620413220411034,-0.4156175589970315,-0.20166150310667885,2.055512318146587,-0.21219372754742588,-0.2991983466782894,-0.6400035310637054,-0.14660958536878183,0.6743963935452368,-0.3318468896580935,-0.2931944802761775,-0.03167031776097681,-0.268264101878365,-0.3392400313681768,0.855943274340589,-0.03167031776097681,-0.03167031776097681
0.8821555141203036,0.8662591214965254,1.5458048887160023,0.8448620103531265,-1.3030411041183139,0.4014897435039551,1.757886212024609,-0.34290113299620106,-0.8059694639746,1.0946405279645712,-0.2529147778628351,-0.22965760608731267,0.893419385394227,-0.3921188919620247,-0.07095947242679883,-0.11031946970293831,-0.38184998948033355,-0.6446726587031845,-0.5904647734189133,-0.7124274490013944,-0.08989331499509892,-0.10060545457319174,-0.21981657747106437,1.2591633047302777,-0.3070801941090227,-0.19621814613865227,-1.0620413220411034,-0.4156175589970315,-0.20166150310667885,2.055512318146587,-0.21219372754742588,3.3422644580160132,-0.6400035310637054,-0.14660958536878183,0.6743963935452368,-0.3318468896580935,-0.2931944802761775,-0.03167031776097681,-0.268264101878365,-0.3392400313681768,0.855943274340589,-0.03167031776097681,-0.03167031776097681
0.8821555141203036,0.8662591214965254,2.3790488280425404,1.3272646549198652,-1.3030411041183139,0.4014897435039551,1.757886212024609,-0.34290113299620106,-0.8059694639746,1.0946405279645712,-0.2529147778628351,-0.22965760608731267,0.893419385394227,-0.3921188919620247,-0.07095947242679883,-0.11031946970293831,-0.38184998948033355,-0.6446726587031845,-0.5904647734189133,-0.7124274490013944,-0.08989331499509892,-0.10060545457319174,-0.21981657747106437,1.2591633047302777,-0.3070801941090227,-0.19621814613865227,-1.0620413220411034,-0.4156175589970315,-0.20166150310667885,2.055512318146587,-0.21219372754742588,-0.2991983466782894,1.5624913792865636,-0.14660958536878183,-1.482807455038566,-0.3318468896580935,-0.2931944802761775,-0.03167031776097681,-0.268264101878365,-0.3392400313681768,0.855943274340589,-0.03167031776097681,-0.03167031776097681
0.8821555141203036,0.8662591214965254,0.4853126023004084,0.989582803723148,1.3049076577698226,1.164702627345759,1.757886212024609,-0.34290113299620106,-0.8059694639746,-0.9135419112057267,-0.2529147778628351,-0.22965760608731267,0.893419385394227,-0.3921188919620247,-0.07095947242679883,-0.11031946970293831,-0.38184998948033355,-0.6446726587031845,-0.5904647734189133,-0.7124274490013944,-0.08989331499509892,-0.10060545457319174,-0.21981657747106437,1.2591633047302777,-0.3070801941090227,-0.19621814613865227,-1.0620413220411034,-0.4156175589970315,-0.20166150310667885,2.055512318146587,-0.21219372754742588,-0.2991983466782894,1.5624913792865636,-0.14660958536878183,-1.482807455038566,-0.3318468896580935,-0.2931944802761775,-0.03167031776097681,-0.268264101878365,-0.3392400313681768,0.855943274340589,-0.03167031776097681,-0.03167031776097681
0.8821555141203036,0.8662591214965254,0.5610620513300937,0.8448620103531265,0.3734973856669168,1.164702627345759,1.757886212024609,-0.34290113299620106,-0.8059694639746,-0.9135419112057267,-0.2529147778628351,-0.22965760608731267,-1.119295166803151,-0.3921188919620247,-0.07095947242679883,-0.11031946970293831,-0.38184998948033355,-0.6446726587031845,-0.5904647734189133,-0.7124274490013944,-0.08989331499509892,-0.10060545457319174,-0.21981657747106437,1.2591633047302777,-0.3070801941090227,-0.19621814613865227,-1.0620413220411034,-0.4156175589970315,-0.20166150310667885,2.055512318146587,-0.21219372754742588,-0.2991983466782894,-0.6400035310637054,-0.14660958536878183,0.6743963935452368,-0.3318468896580935,-0.2931944802761775,-0.03167031776097681,-0.268264101878365,-0.3392400313681768,0.855943274340589,-0.03167031776097681,-0.03167031776097681
0.912199278435881,0.8975021775210107,0.5610620513300937,0.5698925029500852,1.3049076577698226,0.4014897435039551,1.757886212024609,-0.34290113299620106,-0.8059694639746,-0.9135419112057267,-0.2529147778628351,-0.22965760608731267,0.893419385394227,-0.3921188919620247,-0.07095947242679883,-0.11031946970293831,2.618829455412367,-0.6446726587031845,-0.5904647734189133,-0.7124274490013944,-0.08989331499509892,-0.10060545457319174,-0.21981657747106437,1.2591633047302777,-0.3070801941090227,-0.19621814613865227,-1.0620413220411034,-0.4156175589970315,-0.20166150310667885,2.055512318146587,-0.21219372754742588,-0.2991983466782894,1.5624913792865636,-0.14660958536878183,-1.482807455038566,-0.3318468896580935,-0.2931944802761775,-0.03167031776097681,-0.268264101878365,-0.3392400313681768,0.855943274340589,-0.03167031776097681,-0.03167031776097681
0.912199278435881,0.8975021775210107,2.3032993790128553,0.015129461698335964,0.000933276825754426,1.164702627345759,1.757886212024609,-0.34290113299620106,-0.8059694639746,-0.9135419112057267,-0.2529147778628351,-0.22965760608731267,0.893419385394227,-0.3921188919620247,-0.07095947242679883,-0.11031946970293831,-0.38184998948033355,-0.6446726587031845,-0.5904647734189133,-0.7124274490013944,-0.08989331499509892,-0.10060545457319174,-0.21981657747106437,1.2591633047302777,-0.3070801941090227,-0.19621814613865227,-1.0620413220411034,2.4060581136494816,-0.20166150310667885,-0.4864967196604686,-0.21219372754742588,3.3422644580160132,-0.6400035310637054,-0.14660958536878183,0.6743963935452368,-0.3318468896580935,-0.2931944802761775,-0.03167031776097681,-0.268264101878365,-0.3392400313681768,0.855943274340589,-0.03167031776097681,-0.03167031776097681
0.912199278435881,0.8975021775210107,2.3790488280425404,1.394801025159209,-0.5579128864359891,1.9279155111875632,1.757886212024609,-0.34290113299620106,-0.8059694639746,-0.9135419112057267,-0.2529147778628351,-0.22965760608731267,-1.119295166803151,2.5502469289259504,-0.07095947242679883,-0.11031946970293831,-0.38184998948033355,-0.6446726587031845,-0.5904647734189133,-0.7124274490013944,-0.08989331499509892,-0.10060545457319174,-0.21981657747106437,-0.7941781627873975,3.256478337528241,-0.19621814613865227,-1.0620413220411034,-0.4156175589970315,-0.20166150310667885,2.055512318146587,-0.21219372754742588,-0.2991983466782894,-0.6400035310637054,-0.14660958536878183,0.6743963935452368,-0.3318468896580935,-0.2931944802761775,-0.03167031776097681,-0.268264101878365,-0.3392400313681768,0.855943274340589,-0.03167031776097681,-0.03167031776097681
0.912199278435881,0.8975021775210107,2.0760510319237993,2.485031001880038,1.3049076577698226,1.164702627345759,1.757886212024609,-0.34290113299620106,-0.8059694639746,1.0946405279645712,-0.2529147778628351,-0.22965760608731267,0.893419385394227,-0.3921188919620247,-0.07095947242679883,-0.11031946970293831,2.618829455412367,-0.6446726587031845,-0.5904647734189133,-0.7124274490013944,-0.08989331499509892,-0.10060545457319174,-0.21981657747106437,-0.7941781627873975,3.256478337528241,-0.19621814613865227,-1.0620413220411034,-0.4156175589970315,-0.20166150310667885,2.055512318146587,-0.21219372754742588,-0.2991983466782894,-0.6400035310637054,-0.14660958536878183,0.6743963935452368,-0.3318468896580935,-0.2931944802761775,-0.03167031776097681,-0.268264101878365,-0.3392400313681768,0.855943274340589,-0.03167031776097681,-0.03167031776097681
0.912199278435881,0.8975021775210107,1.924552133864429,1.5684659772032346,-0.27848980480511737,0.4014897435039551,1.757886212024609,-0.34290113299620106,-0.8059694639746,1.0946405279645712,-0.2529147778628351,-0.22965760608731267,0.893419385394227,2.5502469289259504,-0.07095947242679883,-0.11031946970293831,-0.38184998948033355,-0.6446726587031845,-0.5904647734189133,-0.7124274490013944,-0.08989331499509892,-0.10060545457319174,-0.21981657747106437,-0.7941781627873975,3.256478337528241,-0.19621814613865227,-1.0620413220411034,-0.4156175589970315,-0.20166150310667885,2.055512318146587,-0.21219372754742588,-0.2991983466782894,1.5624913792865636,-0.14660958536878183,-1.482807455038566,-0.3318468896580935,-0.2931944802761775,-0.03167031776097681,-0.268264101878365,-0.3392400313681768,0.855943274340589,-0.03167031776097681,-0.03167031776097681
0.9760422776064831,0.9599882895699813,0.7883103984191495,1.8096672994866039,-1.3030411041183139,0.019883301583053115,1.757886212024609,-0.34290113299620106,-0.8059694639746,1.0946405279645712,-0.2529147778628351,-0.22965760608731267,0.893419385394227,-0.3921188919620247,-0.07095947242679883,-0.11031946970293831,-0.38184998948033355,-0.6446726587031845,-0.5904647734189133,-0.7124274490013944,-0.08989331499509892,-0.10060545457319174,-0.21981657747106437,1.2591633047302777,-0.3070801941090227,-0.19621814613865227,-1.0620413220411034,-0.4156175589970315,-0.20166150310667885,2.055512318146587,-0.21219372754742588,-0.2991983466782894,-0.6400035310637054,-0.14660958536878183,0.6743963935452368,-0.3318468896580935,-0.2931944802761775,-0.03167031776097681,-0.268264101878365,-0.3392400313681768,0.855943274340589,-0.03167031776097681,-0.03167031776097681
1.0060860419220605,0.9912313455944666,1.7730532358050581,1.2597282846805218,1.025484576138951,1.164702627345759,1.757886212024609,-0.34290113299620106,-0.8059694639746,-0.9135419112057267,-0.2529147778628351,-0.22965760608731267,-1.119295166803151,2.5502469289259504,-0.07095947242679883,-0.11031946970293831,-0.38184998948033355,-0.6446726587031845,-0.5904647734189133,-0.7124274490013944,-0.08989331499509892,-0.10060545457319174,-0.21981657747106437,-0.7941781627873975,3.256478337528241,-0.19621814613865227,-1.0620413220411034,-0.4156175589970315,-0.20166150310667885,2.055512318146587,-0.21219372754742588,-0.2991983466782894,-0.6400035310637054,-0.14660958536878183,0.6743963935452368,-0.3318468896580935,-0.2931944802761775,-0.03167031776097681,-0.268264101878365,-0.3392400313681768,0.855943274340589,-0.03167031776097681,-0.03167031776097681
1.0060860419220605,0.9912313455944666,0.7125609493894642,1.2597282846805218,1.211766630559532,1.9279155111875632,1.757886212024609,-0.34290113299620106,-0.8059694639746,-0.9135419112057267,-0.2529147778628351,-0.22965760608731267,0.893419385394227,-0.3921188919620247,-0.07095947242679883,-0.11031946970293831,-0.38184998948033355,-0.6446726587031845,-0.5904647734189133,-0.7124274490013944,-0.08989331499509892,-0.10060545457319174,-0.21981657747106437,1.2591633047302777,-0.3070801941090227,-0.19621814613865227,-1.0620413220411034,-0.4156175589970315,-0.20166150310667885,2.055512318146587,-0.21219372754742588,-0.2991983466782894,-0.6400035310637054,-0.14660958536878183,0.6743963935452368,-0.3318468896580935,-0.2931944802761775,-0.03167031776097681,-0.268264101878365,-0.3392400313681768,0.855943274340589,-0.03167031776097681,-0.03167031776097681
1.0060860419220605,0.9912313455944666,0.4853126023004084,1.4237451838332125,0.3734973856669168,0.019883301583053115,1.757886212024609,-0.34290113299620106,-0.8059694639746,1.0946405279645712,-0.2529147778628351,-0.22965760608731267,0.893419385394227,-0.3921188919620247,-0.07095947242679883,-0.11031946970293831,-0.38184998948033355,-0.6446726587031845,-0.5904647734189133,-0.7124274490013944,-0.08989331499509892,-0.10060545457319174,-0.21981657747106437,1.2591633047302777,-0.3070801941090227,-0.19621814613865227,-1.0620413220411034,-0.4156175589970315,-0.20166150310667885,2.055512318146587,-0.21219372754742588,3.3422644580160132,-0.6400035310637054,-0.14660958536878183,0.6743963935452368,-0.3318468896580935,-0.2931944802761775,-0.03167031776097681,-0.268264101878365,-0.3392400313681768,0.855943274340589,-0.03167031776097681,-0.03167031776097681
1.0699290410926625,1.0537174576434372,-0.5751796841151856,-0.7904829547281179,0.8392025217183697,-1.1249360241796529,1.757886212024609,-0.34290113299620106,-0.8059694639746,-0.9135419112057267,-0.2529147778628351,-0.22965760608731267,-1.119295166803151,-0.3921188919620247,-0.07095947242679883,-0.11031946970293831,-0.38184998948033355,-0.6446726587031845,-0.5904647734189133,-0.7124274490013944,-0.08989331499509892,-0.10060545457319174,-0.21981657747106437,-0.7941781627873975,-0.3070801941090227,-0.19621814613865227,-1.0620413220411034,2.4060581136494816,-0.20166150310667885,-0.4864967196604686,-0.21219372754742588,-0.2991983466782894,-0.6400035310637054,-0.14660958536878183,0.6743963935452368,-0.3318468896580935,-0.2931944802761775,-0.03167031776097681,-0.268264101878365,-0.3392400313681768,0.855943274340589,-0.03167031776097681,-0.03167031776097681
1.1300165697238174,1.1162035696924077,1.0913081945378906,2.822712853076755,-1.023618022487442,0.019883301583053115,1.757886212024609,-0.34290113299620106,-0.8059694639746,1.0946405279645712,-0.2529147778628351,-0.22965760608731267,0.893419385394227,-0.3921188919620247,-0.07095947242679883,-0.11031946970293831,-0.38184998948033355,-0.6446726587031845,-0.5904647734189133,-0.7124274490013944,-0.08989331499509892,-0.10060545457319174,-0.21981657747106437,1.2591633047302777,-0.3070801941090227,-0.19621814613865227,-1.0620413220411034,-0.4156175589970315,-0.20166150310667885,2.055512318146587,-0.21219372754742588,-0.2991983466782894,-0.6400035310637054,-0.14660958536878183,0.6743963935452368,-0.3318468896580935,-0.2931944802761775,-0.03167031776097681,-0.268264101878365,-0.3392400313681768,0.855943274340589,-0.03167031776097681,-0.03167031776097681
1.163815804578842,1.147446625716893,2.530547726101911,2.050868621769973,1.1186256033492414,1.164702627345759,1.757886212024609,-0.34290113299620106,-0.8059694639746,1.0946405279645712,-0.2529147778628351,-0.22965760608731267,-1.119295166803151,-0.3921188919620247,-0.07095947242679883,-0.11031946970293831,-0.38184998948033355,-0.6446726587031845,-0.5904647734189133,-0.7124274490013944,-0.08989331499509892,-0.10060545457319174,-0.21981657747106437,1.2591633047302777,-0.3070801941090227,-0.19621814613865227,-1.0620413220411034,-0.4156175589970315,-0.20166150310667885,2.055512318146587,-0.21219372754742588,-0.2991983466782894,-0.6400035310637054,-0.14660958536878183,0.6743963935452368,-0.3318468896580935,-0.2931944802761775,-0.03167031776097681,-0.268264101878365,-0.3392400313681768,0.855943274340589,-0.03167031776097681,-0.03167031776097681
1.2577025680650216,1.2411757937903487,-0.12068298993707387,0.09713791127468151,0.559779440087498,0.4014897435039551,1.757886212024609,-0.34290113299620106,-0.8059694639746,-0.9135419112057267,-0.2529147778628351,-0.22965760608731267,0.893419385394227,-0.3921188919620247,-0.07095947242679883,-0.11031946970293831,-0.38184998948033355,-0.6446726587031845,-0.5904647734189133,-0.7124274490013944,-0.08989331499509892,-0.10060545457319174,-0.21981657747106437,1.2591633047302777,-0.3070801941090227,-0.19621814613865227,-1.0620413220411034,-0.4156175589970315,-0.20166150310667885,2.055512318146587,-0.21219372754742588,-0.2991983466782894,-0.6400035310637054,-0.14660958536878183,0.6743963935452368,-0.3318468896580935,-0.2931944802761775,-0.03167031776097681,-0.268264101878365,-0.3392400313681768,0.855943274340589,-0.03167031776097681,-0.03167031776097681
-0.3083286468844522,-0.32097700743391533,2.454798277072226,0.02477751458967053,-1.1167590496977327,-1.1249360241796529,1.757886212024609,-0.34290113299620106,-0.8059694639746,-0.9135419112057267,-0.2529147778628351,-0.22965760608731267,-1.119295166803151,-0.3921188919620247,-0.07095947242679883,-0.11031946970293831,-0.38184998948033355,-0.6446726587031845,-0.5904647734189133,-0.7124274490013944,-0.08989331499509892,-0.10060545457319174,-0.21981657747106437,-0.7941781627873975,-0.3070801941090227,5.0963686064660765,-1.0620413220411034,-0.4156175589970315,-0.20166150310667885,2.055512318146587,-0.21219372754742588,-0.2991983466782894,-0.6400035310637054,-0.14660958536878183,0.6743963935452368,-0.3318468896580935,-0.2931944802761775,-0.03167031776097681,-0.268264101878365,-0.3392400313681768,0.855943274340589,-0.03167031776097681,-0.03167031776097681
1.3177900966961764,1.3036619058393193,1.5458048887160023,0.11643401705735108,-1.2099000769080233,0.7830961854248571,1.757886212024609,-0.34290113299620106,-0.8059694639746,-0.9135419112057267,-0.2529147778628351,-0.22965760608731267,-1.119295166803151,-0.3921188919620247,-0.07095947242679883,-0.11031946970293831,-0.38184998948033355,-0.6446726587031845,-0.5904647734189133,-0.7124274490013944,-0.08989331499509892,-0.10060545457319174,-0.21981657747106437,1.2591633047302777,-0.3070801941090227,-0.19621814613865227,-1.0620413220411034,-0.4156175589970315,-0.20166150310667885,2.055512318146587,-0.21219372754742588,-0.2991983466782894,-0.6400035310637054,-0.14660958536878183,0.6743963935452368,-0.3318468896580935,-0.2931944802761775,-0.03167031776097681,-0.268264101878365,-0.3392400313681768,0.855943274340589,-0.03167031776097681,-0.03167031776097681
1.0699290410926625,1.0537174576434372,-0.19643243896675913,1.3176166020285305,1.3049076577698226,1.9279155111875632,1.757886212024609,-0.34290113299620106,-0.8059694639746,-0.9135419112057267,-0.2529147778628351,-0.22965760608731267,0.893419385394227,-0.3921188919620247,-0.07095947242679883,-0.11031946970293831,-0.38184998948033355,-0.6446726587031845,1.6935811330619999,-0.7124274490013944,-0.08989331499509892,-0.10060545457319174,-0.21981657747106437,1.2591633047302777,-0.3070801941090227,-0.19621814613865227,0.9415829490307701,-0.4156175589970315,-0.20166150310667885,-0.4864967196604686,-0.21219372754742588,-0.2991983466782894,-0.6400035310637054,-0.14660958536878183,0.6743963935452368,-0.3318468896580935,-0.2931944802761775,-0.03167031776097681,-0.268264101878365,-0.3392400313681768,0.855943274340589,-0.03167031776097681,-0.03167031776097681
1.3177900966961764,1.3036619058393193,1.167057643567576,1.471985448289887,-1.1167590496977327,0.7830961854248571,1.757886212024609,-0.34290113299620106,-0.8059694639746,-0.9135419112057267,-0.2529147778628351,-0.22965760608731267,-1.119295166803151,2.5502469289259504,-0.07095947242679883,-0.11031946970293831,-0.38184998948033355,-0.6446726587031845,-0.5904647734189133,-0.7124274490013944,-0.08989331499509892,-0.10060545457319174,-0.21981657747106437,-0.7941781627873975,3.256478337528241,-0.19621814613865227,-1.0620413220411034,-0.4156175589970315,-0.20166150310667885,2.055512318146587,-0.21219372754742588,-0.2991983466782894,-0.6400035310637054,-0.14660958536878183,0.6743963935452368,-0.3318468896580935,-0.2931944802761775,-0.03167031776097681,-0.268264101878365,-0.3392400313681768,0.855943274340589,-0.03167031776097681,-0.03167031776097681
1.351589331551201,1.3349049618638047,1.7730532358050581,1.22596009956085,-0.7441949408565703,1.164702627345759,1.757886212024609,-0.34290113299620106,-0.8059694639746,-0.9135419112057267,-0.2529147778628351,-0.22965760608731267,0.893419385394227,-0.3921188919620247,-0.07095947242679883,-0.11031946970293831,2.618829455412367,-0.6446726587031845,-0.5904647734189133,-0.7124274490013944,-0.08989331499509892,-0.10060545457319174,-0.21981657747106437,-0.7941781627873975,-0.3070801941090227,-0.19621814613865227,-1.0620413220411034,-0.4156175589970315,-0.20166150310667885,2.055512318146587,-0.21219372754742588,-0.2991983466782894,-0.6400035310637054,-0.14660958536878183,0.6743963935452368,-0.3318468896580935,-0.2931944802761775,-0.03167031776097681,-0.268264101878365,-0.3392400313681768,0.855943274340589,-0.03167031776097681,-0.03167031776097681
1.3816330958667784,1.3661480178882899,1.924552133864429,2.7262323241634077,-0.27848980480511737,1.5463090692666612,1.757886212024609,-0.34290113299620106,-0.8059694639746,1.0946405279645712,-0.2529147778628351,-0.22965760608731267,0.893419385394227,-0.3921188919620247,-0.07095947242679883,-0.11031946970293831,-0.38184998948033355,-0.6446726587031845,-0.5904647734189133,-0.7124274490013944,-0.08989331499509892,-0.10060545457319174,-0.21981657747106437,1.2591633047302777,-0.3070801941090227,-0.19621814613865227,-1.0620413220411034,2.4060581136494816,-0.20166150310667885,-0.4864967196604686,-0.21219372754742588,-0.2991983466782894,1.5624913792865636,-0.14660958536878183,-1.482807455038566,-0.3318468896580935,-0.2931944802761775,-0.03167031776097681,-0.268264101878365,-0.3392400313681768,0.855943274340589,-0.03167031776097681,-0.03167031776097681
0.5066084601755857,0.49134244920270204,1.0913081945378906,-0.6505861878037636,0.3734973856669168,-1.1249360241796529,1.757886212024609,-0.34290113299620106,-0.8059694639746,-0.9135419112057267,-0.2529147778628351,-0.22965760608731267,0.893419385394227,-0.3921188919620247,-0.07095947242679883,-0.11031946970293831,-0.38184998948033355,-0.6446726587031845,-0.5904647734189133,-0.7124274490013944,-0.08989331499509892,-0.10060545457319174,-0.21981657747106437,1.2591633047302777,-0.3070801941090227,-0.19621814613865227,-1.0620413220411034,-0.4156175589970315,-0.20166150310667885,2.055512318146587,-0.21219372754742588,3.3422644580160132,-0.6400035310637054,-0.14660958536878183,0.6743963935452368,-0.3318468896580935,-0.2931944802761775,-0.03167031776097681,-0.268264101878365,-0.3392400313681768,0.855943274340589,-0.03167031776097681,-0.03167031776097681
1.411676860182356,1.3973910739127753,2.22754992998317,0.8689821425814633,0.559779440087498,0.7830961854248571,1.757886212024609,-0.34290113299620106,-0.8059694639746,-0.9135419112057267,-0.2529147778628351,-0.22965760608731267,0.893419385394227,-0.3921188919620247,-0.07095947242679883,-0.11031946970293831,-0.38184998948033355,-0.6446726587031845,-0.5904647734189133,-0.7124274490013944,-0.08989331499509892,-0.10060545457319174,-0.21981657747106437,1.2591633047302777,-0.3070801941090227,-0.19621814613865227,-1.0620413220411034,2.4060581136494816,-0.20166150310667885,-0.4864967196604686,-0.21219372754742588,-0.2991983466782894,-0.6400035310637054,-0.14660958536878183,0.6743963935452368,-0.3318468896580935,-0.2931944802761775,-0.03167031776097681,-0.268264101878365,-0.3392400313681768,0.855943274340589,-0.03167031776097681,-0.03167031776097681
0.6004952236617651,0.5850716172761579,-0.27218188799644444,1.2404321788978523,-0.5579128864359891,0.019883301583053115,1.757886212024609,-0.34290113299620106,-0.8059694639746,-0.9135419112057267,-0.2529147778628351,-0.22965760608731267,0.893419385394227,-0.3921188919620247,-0.07095947242679883,-0.11031946970293831,2.618829455412367,-0.6446726587031845,-0.5904647734189133,-0.7124274490013944,-0.08989331499509892,-0.10060545457319174,-0.21981657747106437,1.2591633047302777,-0.3070801941090227,-0.19621814613865227,-1.0620413220411034,-0.4156175589970315,-0.20166150310667885,2.055512318146587,-0.21219372754742588,-0.2991983466782894,1.5624913792865636,-0.14660958536878183,-1.482807455038566,-0.3318468896580935,-0.2931944802761775,-0.03167031776097681,-0.268264101878365,-0.3392400313681768,0.855943274340589,-0.03167031776097681,-0.03167031776097681
1.1300165697238174,1.1162035696924077,2.000301582894114,3.0639141753601242,0.2803563584566262,1.9279155111875632,1.757886212024609,-0.34290113299620106,-0.8059694639746,1.0946405279645712,-0.2529147778628351,-0.22965760608731267,0.893419385394227,-0.3921188919620247,-0.07095947242679883,-0.11031946970293831,-0.38184998948033355,-0.6446726587031845,-0.5904647734189133,-0.7124274490013944,-0.08989331499509892,-0.10060545457319174,-0.21981657747106437,1.2591633047302777,-0.3070801941090227,-0.19621814613865227,-1.0620413220411034,-0.4156175589970315,-0.20166150310667885,2.055512318146587,-0.21219372754742588,-0.2991983466782894,1.5624913792865636,-0.14660958536878183,-1.482807455038566,-0.3318468896580935,-0.2931944802761775,-0.03167031776097681,-0.268264101878365,-0.3392400313681768,0.855943274340589,-0.03167031776097681,-0.03167031776097681
0.22494816971704723,0.21015494498233447,0.4853126023004084,-0.5299855266620788,1.211766630559532,-1.1249360241796529,1.757886212024609,-0.34290113299620106,-0.8059694639746,-0.9135419112057267,-0.2529147778628351,-0.22965760608731267,0.893419385394227,2.5502469289259504,-0.07095947242679883,-0.11031946970293831,-0.38184998948033355,-0.6446726587031845,-0.5904647734189133,-0.7124274490013944,-0.08989331499509892,-0.10060545457319174,-0.21981657747106437,-0.7941781627873975,-0.3070801941090227,-0.19621814613865227,-1.0620413220411034,-0.4156175589970315,-0.20166150310667885,2.055512318146587,-0.21219372754742588,-0.2991983466782894,-0.6400035310637054,-0.14660958536878183,0.6743963935452368,-0.3318468896580935,-0.2931944802761775,-0.03167031776097681,-0.268264101878365,-0.3392400313681768,0.855943274340589,-0.03167031776097681,-0.03167031776097681
1.4454760950373804,1.4286341299372605,0.9398092964785201,1.3224406284741979,0.3734973856669168,1.9279155111875632,1.757886212024609,-0.34290113299620106,-0.8059694639746,-0.9135419112057267,-0.2529147778628351,-0.22965760608731267,-1.119295166803151,-0.3921188919620247,-0.07095947242679883,-0.11031946970293831,-0.38184998948033355,-0.6446726587031845,-0.5904647734189133,-0.7124274490013944,-0.08989331499509892,-0.10060545457319174,-0.21981657747106437,1.2591633047302777,-0.3070801941090227,-0.19621814613865227,-1.0620413220411034,-0.4156175589970315,-0.20166150310667885,2.055512318146587,-0.21219372754742588,-0.2991983466782894,1.5624913792865636,-0.14660958536878183,-1.482807455038566,-0.3318468896580935,-0.2931944802761775,-0.03167031776097681,-0.268264101878365,-0.3392400313681768,0.855943274340589,-0.03167031776097681,-0.03167031776097681
0.28503569834820214,0.27264105703130503,1.7730532358050581,-0.04275885564967273,-0.9304769952771516,-1.1249360241796529,1.757886212024609,-0.34290113299620106,-0.8059694639746,-0.9135419112057267,-0.2529147778628351,-0.22965760608731267,0.893419385394227,-0.3921188919620247,-0.07095947242679883,-0.11031946970293831,-0.38184998948033355,-0.6446726587031845,-0.5904647734189133,-0.7124274490013944,-0.08989331499509892,-0.10060545457319174,-0.21981657747106437,1.2591633047302777,-0.3070801941090227,-0.19621814613865227,-1.0620413220411034,-0.4156175589970315,-0.20166150310667885,2.055512318146587,-0.21219372754742588,-0.2991983466782894,-0.6400035310637054,-0.14660958536878183,0.6743963935452368,-0.3318468896580935,-0.2931944802761775,-0.03167031776097681,-0.268264101878365,-0.3392400313681768,0.855943274340589,-0.03167031776097681,-0.03167031776097681
0.6004952236617651,0.5850716172761579,1.8488026848347436,-0.11994327878035099,-1.2099000769080233,-1.1249360241796529,1.757886212024609,-0.34290113299620106,-0.8059694639746,-0.9135419112057267,-0.2529147778628351,-0.22965760608731267,-1.119295166803151,-0.3921188919620247,-0.07095947242679883,-0.11031946970293831,-0.38184998948033355,-0.6446726587031845,-0.5904647734189133,-0.7124274490013944,-0.08989331499509892,-0.10060545457319174,-0.21981657747106437,1.2591633047302777,-0.3070801941090227,-0.19621814613865227,-1.0620413220411034,2.4060581136494816,-0.20166150310667885,-0.4864967196604686,-0.21219372754742588,-0.2991983466782894,-0.6400035310637054,-0.14660958536878183,0.6743963935452368,-0.3318468896580935,-0.2931944802761775,-0.03167031776097681,-0.268264101878365,-0.3392400313681768,0.855943274340589,-0.03167031776097681,-0.03167031776097681
1.475519859352958,1.4598771859617456,1.0155587455082054,1.0137029359514849,-0.9304769952771516,0.4014897435039551,1.757886212024609,-0.34290113299620106,-0.8059694639746,-0.9135419112057267,-0.2529147778628351,-0.22965760608731267,-1.119295166803151,-0.3921188919620247,-0.07095947242679883,-0.11031946970293831,-0.38184998948033355,-0.6446726587031845,-0.5904647734189133,-0.7124274490013944,-0.08989331499509892,-0.10060545457319174,-0.21981657747106437,1.2591633047302777,-0.3070801941090227,-0.19621814613865227,-1.0620413220411034,-0.4156175589970315,-0.20166150310667885,2.055512318146587,-0.21219372754742588,-0.2991983466782894,-0.6400035310637054,-0.14660958536878183,0.6743963935452368,-0.3318468896580935,-0.2931944802761775,-0.03167031776097681,-0.268264101878365,-0.3392400313681768,0.855943274340589,-0.03167031776097681,-0.03167031776097681
0.06721840706026572,0.05393966485990807,1.6973037867753729,-0.008990670530000886,1.3049076577698226,-1.1249360241796529,1.757886212024609,-0.34290113299620106,-0.8059694639746,-0.9135419112057267,-0.2529147778628351,-0.22965760608731267,0.893419385394227,-0.3921188919620247,-0.07095947242679883,-0.11031946970293831,-0.38184998948033355,-0.6446726587031845,-0.5904647734189133,-0.7124274490013944,-0.08989331499509892,-0.10060545457319174,-0.21981657747106437,1.2591633047302777,-0.3070801941090227,-0.19621814613865227,-1.0620413220411034,-0.4156175589970315,-0.20166150310667885,2.055512318146587,-0.21219372754742588,3.3422644580160132,1.5624913792865636,-0.14660958536878183,-1.482807455038566,-0.3318468896580935,-0.2931944802761775,-0.03167031776097681,-0.268264101878365,-0.3392400313681768,0.855943274340589,-0.03167031776097681,-0.03167031776097681
0.9760422776064831,0.9599882895699813,0.030815908122296707,0.9751107243861457,-1.023618022487442,0.4014897435039551,1.757886212024609,-0.34290113299620106,-0.8059694639746,-0.9135419112057267,-0.2529147778628351,-0.22965760608731267,0.893419385394227,-0.3921188919620247,-0.07095947242679883,-0.11031946970293831,-0.38184998948033355,-0.6446726587031845,-0.5904647734189133,-0.7124274490013944,-0.08989331499509892,-0.10060545457319174,-0.21981657747106437,1.2591633047302777,-0.3070801941090227,-0.19621814613865227,-1.0620413220411034,-0.4156175589970315,-0.20166150310667885,2.055512318146587,-0.21219372754742588,-0.2991983466782894,1.5624913792865636,-0.14660958536878183,-1.482807455038566,-0.3318468896580935,-0.2931944802761775,-0.03167031776097681,-0.268264101878365,-0.3392400313681768,0.855943274340589,-0.03167031776097681,-0.03167031776097681
1.53936285852356,1.5223632980107162,1.3185565416269465,1.2066639937781805,-0.4647718592256985,1.5463090692666612,1.757886212024609,-0.34290113299620106,-0.8059694639746,-0.9135419112057267,-0.2529147778628351,-0.22965760608731267,0.893419385394227,-0.3921188919620247,-0.07095947242679883,-0.11031946970293831,-0.38184998948033355,-0.6446726587031845,-0.5904647734189133,-0.7124274490013944,-0.08989331499509892,-0.10060545457319174,-0.21981657747106437,1.2591633047302777,-0.3070801941090227,-0.19621814613865227,-1.0620413220411034,-0.4156175589970315,-0.20166150310667885,2.055512318146587,-0.21219372754742588,-0.2991983466782894,-0.6400035310637054,-0.14660958536878183,0.6743963935452368,-0.3318468896580935,-0.2931944802761775,-0.03167031776097681,-0.268264101878365,-0.3392400313681768,0.855943274340589,-0.03167031776097681,-0.03167031776097681
1.53936285852356,1.5223632980107162,2.530547726101911,0.3624593657863877,0.3734973856669168,0.019883301583053115,1.757886212024609,-0.34290113299620106,-0.8059694639746,-0.9135419112057267,-0.2529147778628351,-0.22965760608731267,-1.119295166803151,-0.3921188919620247,-0.07095947242679883,-0.11031946970293831,-0.38184998948033355,-0.6446726587031845,-0.5904647734189133,-0.7124274490013944,-0.08989331499509892,-0.10060545457319174,-0.21981657747106437,1.2591633047302777,-0.3070801941090227,-0.19621814613865227,-1.0620413220411034,-0.4156175589970315,-0.20166150310667885,2.055512318146587,-0.21219372754742588,-0.2991983466782894,1.5624913792865636,-0.14660958536878183,-1.482807455038566,-0.3318468896580935,-0.2931944802761775,-0.03167031776097681,-0.268264101878365,-0.3392400313681768,0.855943274340589,-0.03167031776097681,-0.03167031776097681
0.0033754078896636995,-0.008546447189062499,0.030815908122296707,-0.0620549614323423,1.211766630559532,-1.1249360241796529,1.757886212024609,-0.34290113299620106,-0.8059694639746,-0.9135419112057267,-0.2529147778628351,-0.22965760608731267,0.893419385394227,2.5502469289259504,-0.07095947242679883,-0.11031946970293831,-0.38184998948033355,-0.6446726587031845,-0.5904647734189133,-0.7124274490013944,-0.08989331499509892,-0.10060545457319174,-0.21981657747106437,-0.7941781627873975,-0.3070801941090227,5.0963686064660765,-1.0620413220411034,-0.4156175589970315,-0.20166150310667885,2.055512318146587,-0.21219372754742588,-0.2991983466782894,-0.6400035310637054,-0.14660958536878183,0.6743963935452368,-0.3318468896580935,-0.2931944802761775,-0.03167031776097681,-0.268264101878365,-0.3392400313681768,0.855943274340589,-0.03167031776097681,-0.03167031776097681
1.53936285852356,1.5223632980107162,-0.423680786055815,0.25150675753603763,-1.6756052129594763,0.019883301583053115,1.757886212024609,-0.34290113299620106,-0.8059694639746,-0.9135419112057267,-0.2529147778628351,-0.22965760608731267,0.893419385394227,2.5502469289259504,-0.07095947242679883,-0.11031946970293831,-0.38184998948033355,-0.6446726587031845,-0.5904647734189133,-0.7124274490013944,-0.08989331499509892,-0.10060545457319174,-0.21981657747106437,-0.7941781627873975,3.256478337528241,-0.19621814613865227,-1.0620413220411034,-0.4156175589970315,-0.20166150310667885,2.055512318146587,-0.21219372754742588,-0.2991983466782894,-0.6400035310637054,-0.14660958536878183,0.6743963935452368,-0.3318468896580935,-0.2931944802761775,-0.03167031776097681,-0.268264101878365,-0.3392400313681768,0.855943274340589,-0.03167031776097681,-0.03167031776097681
1.53936285852356,1.5223632980107162,0.33381370424103785,1.361032840039537,-0.6510539136462797,1.5463090692666612,1.757886212024609,-0.34290113299620106,-0.8059694639746,-0.9135419112057267,-0.2529147778628351,-0.22965760608731267,0.893419385394227,-0.3921188919620247,-0.07095947242679883,-0.11031946970293831,-0.38184998948033355,-0.6446726587031845,-0.5904647734189133,-0.7124274490013944,-0.08989331499509892,-0.10060545457319174,-0.21981657747106437,1.2591633047302777,-0.3070801941090227,-0.19621814613865227,-1.0620413220411034,-0.4156175589970315,-0.20166150310667885,2.055512318146587,-0.21219372754742588,3.3422644580160132,-0.6400035310637054,-0.14660958536878183,0.6743963935452368,-0.3318468896580935,-0.2931944802761775,-0.03167031776097681,-0.268264101878365,-0.3392400313681768,0.855943274340589,-0.03167031776097681,-0.03167031776097681
1.53936285852356,1.5223632980107162,-0.423680786055815,0.8207418781247896,0.2803563584566262,1.164702627345759,-0.5688650341299796,2.9162924930057867,-0.8059694639746,-0.9135419112057267,-0.2529147778628351,-0.22965760608731267,0.893419385394227,-0.3921188919620247,-0.07095947242679883,-0.11031946970293831,-0.38184998948033355,-0.6446726587031845,1.6935811330619999,-0.7124274490013944,-0.08989331499509892,-0.10060545457319174,-0.21981657747106437,1.2591633047302777,-0.3070801941090227,-0.19621814613865227,-1.0620413220411034,-0.4156175589970315,-0.20166150310667885,2.055512318146587,-0.21219372754742588,-0.2991983466782894,-0.6400035310637054,-0.14660958536878183,0.6743963935452368,-0.3318468896580935,-0.2931944802761775,-0.03167031776097681,-0.268264101878365,-0.3392400313681768,0.855943274340589,-0.03167031776097681,-0.03167031776097681
1.036129806237638,1.0224744016189518,1.7730532358050581,2.1473491506833207,1.4911897121904039,1.5463090692666612,-0.5688650341299796,2.9162924930057867,-0.8059694639746,1.0946405279645712,-0.2529147778628351,-0.22965760608731267,-1.119295166803151,2.5502469289259504,-0.07095947242679883,-0.11031946970293831,-0.38184998948033355,-0.6446726587031845,-0.5904647734189133,-0.7124274490013944,-0.08989331499509892,-0.10060545457319174,-0.21981657747106437,-0.7941781627873975,3.256478337528241,-0.19621814613865227,-1.0620413220411034,-0.4156175589970315,-0.20166150310667885,2.055512318146587,-0.21219372754742588,-0.2991983466782894,-0.6400035310637054,-0.14660958536878183,0.6743963935452368,-0.3318468896580935,-0.2931944802761775,-0.03167031776097681,-0.268264101878365,-0.3392400313681768,0.855943274340589,-0.03167031776097681,-0.03167031776097681
1.5694066228391375,1.5536063540352016,1.6973037867753729,0.8110938252334546,1.025484576138951,1.5463090692666612,-0.5688650341299796,2.9162924930057867,-0.8059694639746,-0.9135419112057267,-0.2529147778628351,-0.22965760608731267,0.893419385394227,2.5502469289259504,-0.07095947242679883,-0.11031946970293831,-0.38184998948033355,-0.6446726587031845,-0.5904647734189133,-0.7124274490013944,-0.08989331499509892,-0.10060545457319174,-0.21981657747106437,-0.7941781627873975,3.256478337528241,-0.19621814613865227,-1.0620413220411034,-0.4156175589970315,-0.20166150310667885,2.055512318146587,-0.21219372754742588,-0.2991983466782894,1.5624913792865636,-0.14660958536878183,-1.482807455038566,-0.3318468896580935,-0.2931944802761775,-0.03167031776097681,-0.268264101878365,-0.3392400313681768,0.855943274340589,-0.03167031776097681,-0.03167031776097681
1.5694066228391375,1.5536063540352016,2.530547726101911,2.1473491506833207,-1.023618022487442,1.164702627345759,-0.5688650341299796,2.9162924930057867,-0.8059694639746,1.0946405279645712,-0.2529147778628351,-0.22965760608731267,0.893419385394227,-0.3921188919620247,-0.07095947242679883,-0.11031946970293831,2.618829455412367,-0.6446726587031845,-0.5904647734189133,-0.7124274490013944,-0.08989331499509892,-0.10060545457319174,-0.21981657747106437,1.2591633047302777,-0.3070801941090227,-0.19621814613865227,-1.0620413220411034,-0.4156175589970315,-0.20166150310667885,2.055512318146587,-0.21219372754742588,3.3422644580160132,1.5624913792865636,-0.14660958536878183,-1.482807455038566,-0.3318468896580935,-0.2931944802761775,-0.03167031776097681,-0.268264101878365,-0.3392400313681768,0.855943274340589,-0.03167031776097681,-0.03167031776097681
1.5994503871547148,1.5848494100596868,1.3943059906566317,1.471985448289887,-0.9304769952771516,1.5463090692666612,1.757886212024609,-0.34290113299620106,-0.8059694639746,1.0946405279645712,-0.2529147778628351,-0.22965760608731267,-1.119295166803151,-0.3921188919620247,-0.07095947242679883,-0.11031946970293831,-0.38184998948033355,-0.6446726587031845,-0.5904647734189133,-0.7124274490013944,-0.08989331499509892,-0.10060545457319174,-0.21981657747106437,1.2591633047302777,-0.3070801941090227,-0.19621814613865227,-1.0620413220411034,-0.4156175589970315,-0.20166150310667885,2.055512318146587,-0.21219372754742588,-0.2991983466782894,-0.6400035310637054,-0.14660958536878183,0.6743963935452368,-0.3318468896580935,-0.2931944802761775,-0.03167031776097681,-0.268264101878365,-0.3392400313681768,0.855943274340589,-0.03167031776097681,-0.03167031776097681
1.5994503871547148,1.5848494100596868,1.470055439686317,1.2790243904631915,-0.4647718592256985,1.164702627345759,1.757886212024609,-0.34290113299620106,-0.8059694639746,1.0946405279645712,-0.2529147778628351,-0.22965760608731267,-1.119295166803151,-0.3921188919620247,-0.07095947242679883,-0.11031946970293831,-0.38184998948033355,-0.6446726587031845,-0.5904647734189133,-0.7124274490013944,-0.08989331499509892,-0.10060545457319174,-0.21981657747106437,1.2591633047302777,-0.3070801941090227,-0.19621814613865227,-1.0620413220411034,-0.4156175589970315,-0.20166150310667885,2.055512318146587,-0.21219372754742588,-0.2991983466782894,1.5624913792865636,-0.14660958536878183,-1.482807455038566,-0.3318468896580935,-0.2931944802761775,-0.03167031776097681,-0.268264101878365,-0.3392400313681768,0.855943274340589,-0.03167031776097681,-0.03167031776097681
1.3816330958667784,1.3661480178882899,2.1518004809534848,0.36728339223205503,1.3049076577698226,1.9279155111875632,1.757886212024609,-0.34290113299620106,-0.8059694639746,-0.9135419112057267,-0.2529147778628351,-0.22965760608731267,-1.119295166803151,-0.3921188919620247,-0.07095947242679883,-0.11031946970293831,-0.38184998948033355,-0.6446726587031845,-0.5904647734189133,-0.7124274490013944,-0.08989331499509892,-0.10060545457319174,-0.21981657747106437,1.2591633047302777,-0.3070801941090227,-0.19621814613865227,-1.0620413220411034,-0.4156175589970315,-0.20166150310667885,2.055512318146587,-0.21219372754742588,-0.2991983466782894,-0.6400035310637054,-0.14660958536878183,0.6743963935452368,-0.3318468896580935,-0.2931944802761775,-0.03167031776097681,-0.268264101878365,-0.3392400313681768,0.855943274340589,-0.03167031776097681,-0.03167031776097681
1.663293386325317,1.6473355221086574,1.8488026848347436,2.919193381990103,-1.023618022487442,1.164702627345759,1.757886212024609,-0.34290113299620106,-0.8059694639746,1.0946405279645712,-0.2529147778628351,-0.22965760608731267,0.893419385394227,-0.3921188919620247,-0.07095947242679883,-0.11031946970293831,2.618829455412367,-0.6446726587031845,-0.5904647734189133,-0.7124274490013944,-0.08989331499509892,-0.10060545457319174,-0.21981657747106437,1.2591633047302777,-0.3070801941090227,-0.19621814613865227,-1.0620413220411034,-0.4156175589970315,-0.20166150310667885,2.055512318146587,-0.21219372754742588,-0.2991983466782894,-0.6400035310637054,-0.14660958536878183,0.6743963935452368,-0.3318468896580935,-0.2931944802761775,-0.03167031776097681,-0.268264101878365,-0.3392400313681768,0.855943274340589,-0.03167031776097681,-0.03167031776097681
1.663293386325317,1.6473355221086574,2.0760510319237993,2.050868621769973,0.1872153312463356,1.164702627345759,1.757886212024609,-0.34290113299620106,-0.8059694639746,1.0946405279645712,-0.2529147778628351,-0.22965760608731267,0.893419385394227,-0.3921188919620247,-0.07095947242679883,-0.11031946970293831,-0.38184998948033355,-0.6446726587031845,-0.5904647734189133,-0.7124274490013944,-0.08989331499509892,-0.10060545457319174,-0.21981657747106437,1.2591633047302777,-0.3070801941090227,-0.19621814613865227,-1.0620413220411034,-0.4156175589970315,-0.20166150310667885,2.055512318146587,-0.21219372754742588,-0.2991983466782894,-0.6400035310637054,-0.14660958536878183,0.6743963935452368,-0.3318468896580935,-0.2931944802761775,-0.03167031776097681,-0.268264101878365,-0.3392400313681768,0.855943274340589,-0.03167031776097681,-0.03167031776097681
1.2577025680650216,1.2411757937903487,0.7883103984191495,1.6649465061165818,0.000933276825754426,1.5463090692666612,1.757886212024609,-0.34290113299620106,-0.8059694639746,1.0946405279645712,-0.2529147778628351,-0.22965760608731267,0.893419385394227,-0.3921188919620247,-0.07095947242679883,-0.11031946970293831,-0.38184998948033355,-0.6446726587031845,-0.5904647734189133,-0.7124274490013944,-0.08989331499509892,-0.10060545457319174,-0.21981657747106437,1.2591633047302777,-0.3070801941090227,-0.19621814613865227,-1.0620413220411034,-0.4156175589970315,-0.20166150310667885,2.055512318146587,-0.21219372754742588,-0.2991983466782894,-0.6400035310637054,-0.14660958536878183,0.6743963935452368,-0.3318468896580935,-0.2931944802761775,-0.03167031776097681,-0.268264101878365,-0.3392400313681768,0.855943274340589,-0.03167031776097681,-0.03167031776097681
1.6933371506408943,1.6785785781331428,1.7730532358050581,0.45893989469973556,-0.18534877759482676,1.9279155111875632,1.757886212024609,-0.34290113299620106,-0.8059694639746,1.0946405279645712,-0.2529147778628351,-0.22965760608731267,0.893419385394227,-0.3921188919620247,-0.07095947242679883,-0.11031946970293831,-0.38184998948033355,-0.6446726587031845,-0.5904647734189133,-0.7124274490013944,-0.08989331499509892,-0.10060545457319174,-0.21981657747106437,1.2591633047302777,-0.3070801941090227,-0.19621814613865227,-1.0620413220411034,-0.4156175589970315,-0.20166150310667885,2.055512318146587,-0.21219372754742588,-0.2991983466782894,-0.6400035310637054,-0.14660958536878183,0.6743963935452368,-0.3318468896580935,-0.2931944802761775,-0.03167031776097681,-0.268264101878365,-0.3392400313681768,0.855943274340589,-0.03167031776097681,-0.03167031776097681
1.6933371506408943,1.6785785781331428,1.6973037867753729,-0.033110802758338165,2.0500358754521475,0.7830961854248571,1.757886212024609,-0.34290113299620106,-0.8059694639746,-0.9135419112057267,-0.2529147778628351,-0.22965760608731267,0.893419385394227,-0.3921188919620247,-0.07095947242679883,-0.11031946970293831,-0.38184998948033355,-0.6446726587031845,-0.5904647734189133,-0.7124274490013944,-0.08989331499509892,-0.10060545457319174,-0.21981657747106437,1.2591633047302777,-0.3070801941090227,-0.19621814613865227,-1.0620413220411034,-0.4156175589970315,-0.20166150310667885,2.055512318146587,-0.21219372754742588,-0.2991983466782894,-0.6400035310637054,-0.14660958536878183,0.6743963935452368,-0.3318468896580935,-0.2931944802761775,-0.03167031776097681,-0.268264101878365,-0.3392400313681768,0.855943274340589,-0.03167031776097681,-0.03167031776097681
1.727136385495919,1.709821634157628,0.5610620513300937,0.5795405558414202,0.000933276825754426,0.019883301583053115,1.757886212024609,-0.34290113299620106,-0.8059694639746,-0.9135419112057267,-0.2529147778628351,-0.22965760608731267,0.893419385394227,2.5502469289259504,-0.07095947242679883,-0.11031946970293831,-0.38184998948033355,-0.6446726587031845,-0.5904647734189133,-0.7124274490013944,-0.08989331499509892,-0.10060545457319174,-0.21981657747106437,-0.7941781627873975,3.256478337528241,-0.19621814613865227,-1.0620413220411034,-0.4156175589970315,-0.20166150310667885,2.055512318146587,-0.21219372754742588,3.3422644580160132,-0.6400035310637054,-0.14660958536878183,0.6743963935452368,-0.3318468896580935,-0.2931944802761775,-0.03167031776097681,-0.268264101878365,-0.3392400313681768,0.855943274340589,-0.03167031776097681,-0.03167031776097681
1.727136385495919,1.709821634157628,2.0760510319237993,1.6649465061165818,0.7460614945080791,1.164702627345759,1.757886212024609,-0.34290113299620106,-0.8059694639746,1.0946405279645712,-0.2529147778628351,-0.22965760608731267,-1.119295166803151,-0.3921188919620247,-0.07095947242679883,-0.11031946970293831,-0.38184998948033355,-0.6446726587031845,-0.5904647734189133,-0.7124274490013944,-0.08989331499509892,-0.10060545457319174,-0.21981657747106437,-0.7941781627873975,-0.3070801941090227,-0.19621814613865227,-1.0620413220411034,-0.4156175589970315,-0.20166150310667885,2.055512318146587,-0.21219372754742588,-0.2991983466782894,-0.6400035310637054,-0.14660958536878183,0.6743963935452368,-0.3318468896580935,-0.2931944802761775,-0.03167031776097681,-0.268264101878365,-0.3392400313681768,0.855943274340589,-0.03167031776097681,-0.03167031776097681
1.2577025680650216,1.2411757937903487,1.924552133864429,0.8448620103531265,-0.09220775038453617,1.5463090692666612,1.757886212024609,-0.34290113299620106,-0.8059694639746,1.0946405279645712,-0.2529147778628351,-0.22965760608731267,-1.119295166803151,-0.3921188919620247,-0.07095947242679883,-0.11031946970293831,-0.38184998948033355,-0.6446726587031845,-0.5904647734189133,-0.7124274490013944,-0.08989331499509892,-0.10060545457319174,-0.21981657747106437,1.2591633047302777,-0.3070801941090227,-0.19621814613865227,-1.0620413220411034,-0.4156175589970315,-0.20166150310667885,2.055512318146587,-0.21219372754742588,-0.2991983466782894,1.5624913792865636,-0.14660958536878183,-1.482807455038566,-0.3318468896580935,-0.2931944802761775,-0.03167031776097681,3.72766983356355,-0.3392400313681768,-1.1683017204269652,-0.03167031776097681,-0.03167031776097681
0.6305389879773426,0.6163146733006432,0.7125609493894642,0.02477751458967053,-1.1167590496977327,-1.1249360241796529,1.757886212024609,-0.34290113299620106,-0.8059694639746,-0.9135419112057267,-0.2529147778628351,-0.22965760608731267,-1.119295166803151,-0.3921188919620247,-0.07095947242679883,-0.11031946970293831,-0.38184998948033355,-0.6446726587031845,-0.5904647734189133,-0.7124274490013944,-0.08989331499509892,-0.10060545457319174,-0.21981657747106437,-0.7941781627873975,-0.3070801941090227,5.0963686064660765,-1.0620413220411034,-0.4156175589970315,-0.20166150310667885,2.055512318146587,-0.21219372754742588,-0.2991983466782894,-0.6400035310637054,-0.14660958536878183,0.6743963935452368,-0.3318468896580935,-0.2931944802761775,-0.03167031776097681,3.72766983356355,-0.3392400313681768,-1.1683017204269652,-0.03167031776097681,-0.03167031776097681
1.7571801498114963,1.7410646901821134,0.33381370424103785,1.4912815540725561,0.09407430403604503,0.4014897435039551,1.757886212024609,-0.34290113299620106,-0.8059694639746,-0.9135419112057267,-0.2529147778628351,-0.22965760608731267,0.893419385394227,-0.3921188919620247,-0.07095947242679883,-0.11031946970293831,-0.38184998948033355,-0.6446726587031845,-0.5904647734189133,-0.7124274490013944,-0.08989331499509892,-0.10060545457319174,-0.21981657747106437,1.2591633047302777,-0.3070801941090227,-0.19621814613865227,-1.0620413220411034,-0.4156175589970315,-0.20166150310667885,2.055512318146587,-0.21219372754742588,-0.2991983466782894,-0.6400035310637054,-0.14660958536878183,0.6743963935452368,-0.3318468896580935,-0.2931944802761775,-0.03167031776097681,3.72766983356355,-0.3392400313681768,-1.1683017204269652,-0.03167031776097681,-0.03167031776097681
1.0699290410926625,1.0537174576434372,1.0155587455082054,1.5202257127465608,-0.4647718592256985,1.9279155111875632,1.757886212024609,-0.34290113299620106,-0.8059694639746,1.0946405279645712,-0.2529147778628351,-0.22965760608731267,0.893419385394227,-0.3921188919620247,-0.07095947242679883,-0.11031946970293831,2.618829455412367,-0.6446726587031845,-0.5904647734189133,-0.7124274490013944,-0.08989331499509892,-0.10060545457319174,-0.21981657747106437,-0.7941781627873975,3.256478337528241,-0.19621814613865227,-1.0620413220411034,-0.4156175589970315,-0.20166150310667885,2.055512318146587,-0.21219372754742588,-0.2991983466782894,1.5624913792865636,-0.14660958536878183,-1.482807455038566,-0.3318468896580935,-0.2931944802761775,-0.03167031776097681,3.72766983356355,-0.3392400313681768,-1.1683017204269652,-0.03167031776097681,-0.03167031776097681
0.037174642744688256,0.022696608835422783,0.4853126023004084,-0.18747964901969427,-0.6510539136462797,0.019883301583053115,1.757886212024609,-0.34290113299620106,-0.8059694639746,-0.9135419112057267,-0.2529147778628351,-0.22965760608731267,-1.119295166803151,-0.3921188919620247,-0.07095947242679883,-0.11031946970293831,-0.38184998948033355,-0.6446726587031845,-0.5904647734189133,-0.7124274490013944,-0.08989331499509892,-0.10060545457319174,-0.21981657747106437,1.2591633047302777,-0.3070801941090227,-0.19621814613865227,-1.0620413220411034,-0.4156175589970315,-0.20166150310667885,2.055512318146587,-0.21219372754742588,-0.2991983466782894,-0.6400035310637054,-0.14660958536878183,0.6743963935452368,-0.3318468896580935,-0.2931944802761775,-0.03167031776097681,3.72766983356355,-0.3392400313681768,-1.1683017204269652,-0.03167031776097681,-0.03167031776097681
1.8210231489820985,1.8035508022310838,1.7730532358050581,0.6567249789720985,0.000933276825754426,1.9279155111875632,1.757886212024609,-0.34290113299620106,-0.8059694639746,-0.9135419112057267,-0.2529147778628351,-0.22965760608731267,-1.119295166803151,2.5502469289259504,-0.07095947242679883,-0.11031946970293831,-0.38184998948033355,-0.6446726587031845,-0.5904647734189133,-0.7124274490013944,-0.08989331499509892,-0.10060545457319174,-0.21981657747106437,-0.7941781627873975,3.256478337528241,-0.19621814613865227,-1.0620413220411034,-0.4156175589970315,-0.20166150310667885,2.055512318146587,-0.21219372754742588,-0.2991983466782894,1.5624913792865636,-0.14660958536878183,-1.482807455038566,-0.3318468896580935,-0.2931944802761775,-0.03167031776097681,3.72766983356355,-0.3392400313681768,-1.1683017204269652,-0.03167031776097681,-0.03167031776097681
1.036129806237638,1.0224744016189518,1.3185565416269465,1.3755049193765387,1.3980486849801133,0.7830961854248571,1.757886212024609,-0.34290113299620106,-0.8059694639746,1.0946405279645712,-0.2529147778628351,-0.22965760608731267,0.893419385394227,-0.3921188919620247,-0.07095947242679883,-0.11031946970293831,-0.38184998948033355,-0.6446726587031845,-0.5904647734189133,-0.7124274490013944,-0.08989331499509892,-0.10060545457319174,-0.21981657747106437,1.2591633047302777,-0.3070801941090227,-0.19621814613865227,-1.0620413220411034,-0.4156175589970315,-0.20166150310667885,2.055512318146587,-0.21219372754742588,-0.2991983466782894,-0.6400035310637054,-0.14660958536878183,0.6743963935452368,-0.3318468896580935,-0.2931944802761775,-0.03167031776097681,3.72766983356355,-0.3392400313681768,-1.1683017204269652,-0.03167031776097681,-0.03167031776097681
1.8210231489820985,1.8035508022310838,0.9398092964785201,1.3899769987135415,-1.1167590496977327,1.9279155111875632,1.757886212024609,-0.34290113299620106,-0.8059694639746,-0.9135419112057267,-0.2529147778628351,-0.22965760608731267,-1.119295166803151,-0.3921188919620247,-0.07095947242679883,-0.11031946970293831,-0.38184998948033355,-0.6446726587031845,-0.5904647734189133,-0.7124274490013944,-0.08989331499509892,-0.10060545457319174,-0.21981657747106437,1.2591633047302777,-0.3070801941090227,-0.19621814613865227,-1.0620413220411034,-0.4156175589970315,-0.20166150310667885,2.055512318146587,-0.21219372754742588,-0.2991983466782894,1.5624913792865636,-0.14660958536878183,-1.482807455038566,-0.3318468896580935,-0.2931944802761775,-0.03167031776097681,3.72766983356355,-0.3392400313681768,-1.1683017204269652,-0.03167031776097681,-0.03167031776097681
1.8510669132976758,1.8347938582555692,2.454798277072226,1.0378230681798222,-0.6510539136462797,0.7830961854248571,1.757886212024609,-0.34290113299620106,-0.8059694639746,1.0946405279645712,-0.2529147778628351,-0.22965760608731267,0.893419385394227,2.5502469289259504,-0.07095947242679883,-0.11031946970293831,-0.38184998948033355,-0.6446726587031845,-0.5904647734189133,-0.7124274490013944,-0.08989331499509892,-0.10060545457319174,-0.21981657747106437,-0.7941781627873975,3.256478337528241,-0.19621814613865227,-1.0620413220411034,-0.4156175589970315,-0.20166150310667885,2.055512318146587,-0.21219372754742588,3.3422644580160132,1.5624913792865636,-0.14660958536878183,-1.482807455038566,-0.3318468896580935,-0.2931944802761775,-0.03167031776097681,3.72766983356355,-0.3392400313681768,-1.1683017204269652,-0.03167031776097681,-0.03167031776097681
0.8183125149497016,0.8037730094475548,1.6215543377456876,1.7614270350299301,-0.5579128864359891,0.019883301583053115,1.757886212024609,-0.34290113299620106,-0.8059694639746,1.0946405279645712,-0.2529147778628351,-0.22965760608731267,0.893419385394227,-0.3921188919620247,-0.07095947242679883,-0.11031946970293831,-0.38184998948033355,-0.6446726587031845,-0.5904647734189133,-0.7124274490013944,-0.08989331499509892,-0.10060545457319174,-0.21981657747106437,1.2591633047302777,-0.3070801941090227,-0.19621814613865227,-1.0620413220411034,-0.4156175589970315,-0.20166150310667885,2.055512318146587,-0.21219372754742588,-0.2991983466782894,1.5624913792865636,-0.14660958536878183,-1.482807455038566,-0.3318468896580935,-0.2931944802761775,-0.03167031776097681,3.72766983356355,-0.3392400313681768,-1.1683017204269652,-0.03167031776097681,-0.03167031776097681
-0.27828488256887474,-0.28973395140943004,-0.3479313370261297,-0.8387232191847918,-0.5579128864359891,0.019883301583053115,1.757886212024609,-0.34290113299620106,-0.8059694639746,-0.9135419112057267,-0.2529147778628351,-0.22965760608731267,-1.119295166803151,-0.3921188919620247,-0.07095947242679883,-0.11031946970293831,-0.38184998948033355,-0.6446726587031845,1.6935811330619999,-0.7124274490013944,-0.08989331499509892,-0.10060545457319174,-0.21981657747106437,1.2591633047302777,-0.3070801941090227,-0.19621814613865227,0.9415829490307701,-0.4156175589970315,-0.20166150310667885,-0.4864967196604686,-0.21219372754742588,-0.2991983466782894,1.5624913792865636,-0.14660958536878183,-1.482807455038566,-0.3318468896580935,-0.2931944802761775,-0.03167031776097681,3.72766983356355,-0.3392400313681768,-1.1683017204269652,-0.03167031776097681,-0.03167031776097681
0.6305389879773426,0.6163146733006432,2.1518004809534848,2.7262323241634077,-0.3716308320154079,-1.1249360241796529,1.757886212024609,-0.34290113299620106,-0.8059694639746,1.0946405279645712,-0.2529147778628351,-0.22965760608731267,0.893419385394227,-0.3921188919620247,-0.07095947242679883,-0.11031946970293831,-0.38184998948033355,-0.6446726587031845,-0.5904647734189133,-0.7124274490013944,-0.08989331499509892,-0.10060545457319174,-0.21981657747106437,1.2591633047302777,-0.3070801941090227,-0.19621814613865227,-1.0620413220411034,-0.4156175589970315,-0.20166150310667885,2.055512318146587,-0.21219372754742588,-0.2991983466782894,-0.6400035310637054,-0.14660958536878183,0.6743963935452368,-0.3318468896580935,-0.2931944802761775,-0.03167031776097681,3.72766983356355,-0.3392400313681768,-1.1683017204269652,-0.03167031776097681,-0.03167031776097681
1.8811106776132533,1.8660369142800544,2.3032993790128553,1.1198315177561677,-0.5579128864359891,1.164702627345759,1.757886212024609,-0.34290113299620106,-0.8059694639746,-0.9135419112057267,-0.2529147778628351,-0.22965760608731267,-1.119295166803151,2.5502469289259504,-0.07095947242679883,-0.11031946970293831,-0.38184998948033355,-0.6446726587031845,-0.5904647734189133,-0.7124274490013944,-0.08989331499509892,-0.10060545457319174,-0.21981657747106437,-0.7941781627873975,3.256478337528241,-0.19621814613865227,-1.0620413220411034,2.4060581136494816,-0.20166150310667885,-0.4864967196604686,-0.21219372754742588,-0.2991983466782894,-0.6400035310637054,-0.14660958536878183,0.6743963935452368,-0.3318468896580935,-0.2931944802761775,-0.03167031776097681,3.72766983356355,-0.3392400313681768,-1.1683017204269652,-0.03167031776097681,-0.03167031776097681
0.8821555141203036,0.8662591214965254,0.4853126023004084,1.2307841260065173,0.3734973856669168,0.4014897435039551,1.757886212024609,-0.34290113299620106,-0.8059694639746,1.0946405279645712,-0.2529147778628351,-0.22965760608731267,0.893419385394227,-0.3921188919620247,-0.07095947242679883,-0.11031946970293831,2.618829455412367,-0.6446726587031845,-0.5904647734189133,-0.7124274490013944,-0.08989331499509892,-0.10060545457319174,-0.21981657747106437,-0.7941781627873975,3.256478337528241,-0.19621814613865227,-1.0620413220411034,-0.4156175589970315,-0.20166150310667885,2.055512318146587,-0.21219372754742588,-0.2991983466782894,-0.6400035310637054,-0.14660958536878183,0.6743963935452368,-0.3318468896580935,-0.2931944802761775,-0.03167031776097681,3.72766983356355,-0.3392400313681768,-1.1683017204269652,-0.03167031776097681,-0.03167031776097681
2.0388404402700346,2.0222521944024807,1.3943059906566317,1.4333932367245479,-1.3030411041183139,1.9279155111875632,1.757886212024609,-0.34290113299620106,-0.8059694639746,-0.9135419112057267,-0.2529147778628351,-0.22965760608731267,0.893419385394227,-0.3921188919620247,-0.07095947242679883,-0.11031946970293831,-0.38184998948033355,-0.6446726587031845,-0.5904647734189133,-0.7124274490013944,-0.08989331499509892,-0.10060545457319174,-0.21981657747106437,1.2591633047302777,-0.3070801941090227,-0.19621814613865227,-1.0620413220411034,-0.4156175589970315,-0.20166150310667885,2.055512318146587,-0.21219372754742588,-0.2991983466782894,1.5624913792865636,-0.14660958536878183,-1.482807455038566,-0.3318468896580935,-0.2931944802761775,-0.03167031776097681,3.72766983356355,-0.3392400313681768,-1.1683017204269652,-0.03167031776097681,-0.03167031776097681
0.5666959888067405,0.5538285612516726,1.7730532358050581,0.07301777904634466,0.1872153312463356,-1.1249360241796529,1.757886212024609,-0.34290113299620106,-0.8059694639746,-0.9135419112057267,-0.2529147778628351,-0.22965760608731267,0.893419385394227,-0.3921188919620247,-0.07095947242679883,-0.11031946970293831,-0.38184998948033355,-0.6446726587031845,-0.5904647734189133,-0.7124274490013944,-0.08989331499509892,-0.10060545457319174,-0.21981657747106437,1.2591633047302777,-0.3070801941090227,-0.19621814613865227,-1.0620413220411034,-0.4156175589970315,-0.20166150310667885,2.055512318146587,-0.21219372754742588,-0.2991983466782894,-0.6400035310637054,-0.14660958536878183,0.6743963935452368,-0.3318468896580935,-0.2931944802761775,-0.03167031776097681,3.72766983356355,-0.3392400313681768,-1.1683017204269652,-0.03167031776097681,-0.03167031776097681
1.9449536767838553,1.928523026329025,0.8640598474488348,0.603660688069757,-0.837335968066861,0.4014897435039551,1.757886212024609,-0.34290113299620106,-0.8059694639746,-0.9135419112057267,-0.2529147778628351,-0.22965760608731267,-1.119295166803151,-0.3921188919620247,-0.07095947242679883,-0.11031946970293831,-0.38184998948033355,-0.6446726587031845,-0.5904647734189133,-0.7124274490013944,-0.08989331499509892,-0.10060545457319174,-0.21981657747106437,-0.7941781627873975,-0.3070801941090227,5.0963686064660765,-1.0620413220411034,-0.4156175589970315,-0.20166150310667885,2.055512318146587,-0.21219372754742588,-0.2991983466782894,1.5624913792865636,-0.14660958536878183,-1.482807455038566,-0.3318468896580935,-0.2931944802761775,-0.03167031776097681,3.72766983356355,-0.3392400313681768,-1.1683017204269652,-0.03167031776097681,-0.03167031776097681
-1.7166300991771444,-1.726914528535753,-1.5599225215010943,-1.0365083034571545,3.4471512836065066,-2.269755349942359,-0.5688650341299796,-0.34290113299620106,1.240741795686089,-0.9135419112057267,-0.2529147778628351,-0.22965760608731267,0.893419385394227,-0.3921188919620247,-0.07095947242679883,-0.11031946970293831,2.618829455412367,-0.6446726587031845,-0.5904647734189133,-0.7124274490013944,-0.08989331499509892,-0.10060545457319174,-0.21981657747106437,-0.7941781627873975,-0.3070801941090227,-0.19621814613865227,0.9415829490307701,-0.4156175589970315,-0.20166150310667885,-0.4864967196604686,-0.21219372754742588,-0.2991983466782894,-0.6400035310637054,-0.14660958536878183,0.6743963935452368,-0.3318468896580935,-0.2931944802761775,-0.03167031776097681,3.72766983356355,-0.3392400313681768,-1.1683017204269652,-0.03167031776097681,-0.03167031776097681
-1.6865863348615668,-1.6956714725112678,-1.5599225215010943,-1.0847485679138285,-0.18534877759482676,0.019883301583053115,-0.5688650341299796,-0.34290113299620106,1.240741795686089,1.0946405279645712,-0.2529147778628351,-0.22965760608731267,-1.119295166803151,-0.3921188919620247,-0.07095947242679883,-0.11031946970293831,2.618829455412367,-0.6446726587031845,-0.5904647734189133,1.4036517001158426,-0.08989331499509892,-0.10060545457319174,-0.21981657747106437,-0.7941781627873975,-0.3070801941090227,-0.19621814613865227,0.9415829490307701,-0.4156175589970315,-0.20166150310667885,-0.4864967196604686,-0.21219372754742588,-0.2991983466782894,1.5624913792865636,-0.14660958536878183,-1.482807455038566,-0.3318468896580935,-0.2931944802761775,-0.03167031776097681,3.72766983356355,-0.3392400313681768,-1.1683017204269652,-0.03167031776097681,-0.03167031776097681
-1.6865863348615668,-1.6956714725112678,-1.5599225215010943,-1.0847485679138285,0.7460614945080791,0.019883301583053115,-0.5688650341299796,-0.34290113299620106,1.240741795686089,-0.9135419112057267,-0.2529147778628351,-0.22965760608731267,-1.119295166803151,-0.3921188919620247,-0.07095947242679883,-0.11031946970293831,-0.38184998948033355,1.5511748272551025,-0.5904647734189133,-0.7124274490013944,-0.08989331499509892,-0.10060545457319174,-0.21981657747106437,-0.7941781627873975,-0.3070801941090227,5.0963686064660765,-1.0620413220411034,2.4060581136494816,-0.20166150310667885,-0.4864967196604686,-0.21219372754742588,-0.2991983466782894,-0.6400035310637054,-0.14660958536878183,0.6743963935452368,-0.3318468896580935,-0.2931944802761775,-0.03167031776097681,3.72766983356355,-0.3392400313681768,-1.1683017204269652,-0.03167031776097681,-0.03167031776097681
-1.6865863348615668,-1.6956714725112678,-1.5599225215010943,-1.0847485679138285,-0.6510539136462797,0.4014897435039551,-0.5688650341299796,-0.34290113299620106,1.240741795686089,1.0946405279645712,-0.2529147778628351,-0.22965760608731267,-1.119295166803151,-0.3921188919620247,-0.07095947242679883,-0.11031946970293831,-0.38184998948033355,1.5511748272551025,-0.5904647734189133,1.4036517001158426,-0.08989331499509892,-0.10060545457319174,-0.21981657747106437,-0.7941781627873975,-0.3070801941090227,-0.19621814613865227,0.9415829490307701,-0.4156175589970315,-0.20166150310667885,-0.4864967196604686,-0.21219372754742588,-0.2991983466782894,-0.6400035310637054,-0.14660958536878183,0.6743963935452368,-0.3318468896580935,-0.2931944802761775,-0.03167031776097681,3.72766983356355,-0.3392400313681768,-1.1683017204269652,-0.03167031776097681,-0.03167031776097681
-1.6865863348615668,-1.6956714725112678,-1.5599225215010943,-0.9400277745438069,-0.837335968066861,0.019883301583053115,-0.5688650341299796,-0.34290113299620106,1.240741795686089,-0.9135419112057267,-0.2529147778628351,-0.22965760608731267,-1.119295166803151,-0.3921188919620247,-0.07095947242679883,-0.11031946970293831,2.618829455412367,-0.6446726587031845,-0.5904647734189133,-0.7124274490013944,-0.08989331499509892,-0.10060545457319174,-0.21981657747106437,-0.7941781627873975,-0.3070801941090227,-0.19621814613865227,0.9415829490307701,-0.4156175589970315,-0.20166150310667885,-0.4864967196604686,-0.21219372754742588,-0.2991983466782894,1.5624913792865636,-0.14660958536878183,-1.482807455038566,-0.3318468896580935,-0.2931944802761775,-0.03167031776097681,3.72766983356355,-0.3392400313681768,-1.1683017204269652,-0.03167031776097681,-0.03167031776097681
-1.6865863348615668,-1.6956714725112678,-1.484173072471409,-0.9882680390004805,-0.6510539136462797,1.5463090692666612,-0.5688650341299796,-0.34290113299620106,1.240741795686089,-0.9135419112057267,-0.2529147778628351,-0.22965760608731267,0.893419385394227,-0.3921188919620247,-0.07095947242679883,-0.11031946970293831,-0.38184998948033355,1.5511748272551025,-0.5904647734189133,1.4036517001158426,-0.08989331499509892,-0.10060545457319174,-0.21981657747106437,-0.7941781627873975,-0.3070801941090227,-0.19621814613865227,-1.0620413220411034,2.4060581136494816,-0.20166150310667885,-0.4864967196604686,-0.21219372754742588,-0.2991983466782894,1.5624913792865636,-0.14660958536878183,-1.482807455038566,-0.3318468896580935,-0.2931944802761775,-0.03167031776097681,3.72766983356355,-0.3392400313681768,-1.1683017204269652,-0.03167031776097681,-0.03167031776097681
-1.6865863348615668,-1.6956714725112678,-1.484173072471409,-0.9882680390004805,2.143176902662438,-0.3617231403378489,-0.5688650341299796,-0.34290113299620106,1.240741795686089,-0.9135419112057267,-0.2529147778628351,-0.22965760608731267,-1.119295166803151,-0.3921188919620247,-0.07095947242679883,-0.11031946970293831,-0.38184998948033355,1.5511748272551025,-0.5904647734189133,1.4036517001158426,-0.08989331499509892,-0.10060545457319174,-0.21981657747106437,-0.7941781627873975,-0.3070801941090227,-0.19621814613865227,0.9415829490307701,-0.4156175589970315,-0.20166150310667885,-0.4864967196604686,-0.21219372754742588,-0.2991983466782894,-0.6400035310637054,-0.14660958536878183,0.6743963935452368,-0.3318468896580935,-0.2931944802761775,-0.03167031776097681,3.72766983356355,-0.3392400313681768,-1.1683017204269652,-0.03167031776097681,-0.03167031776097681
-1.6865863348615668,-1.6956714725112678,-1.484173072471409,-0.9882680390004805,2.3294589570830193,1.9279155111875632,-0.5688650341299796,-0.34290113299620106,1.240741795686089,1.0946405279645712,-0.2529147778628351,-0.22965760608731267,-1.119295166803151,-0.3921188919620247,-0.07095947242679883,-0.11031946970293831,-0.38184998948033355,1.5511748272551025,-0.5904647734189133,1.4036517001158426,-0.08989331499509892,-0.10060545457319174,-0.21981657747106437,-0.7941781627873975,-0.3070801941090227,-0.19621814613865227,0.9415829490307701,-0.4156175589970315,-0.20166150310667885,-0.4864967196604686,-0.21219372754742588,-0.2991983466782894,-0.6400035310637054,-0.14660958536878183,0.6743963935452368,-0.3318468896580935,-0.2931944802761775,-0.03167031776097681,3.72766983356355,-0.3392400313681768,-1.1683017204269652,-0.03167031776097681,-0.03167031776097681
-1.6527871000065424,-1.6644284164867824,-1.484173072471409,-0.9882680390004805,0.3734973856669168,-1.1249360241796529,-0.5688650341299796,-0.34290113299620106,1.240741795686089,-0.9135419112057267,-0.2529147778628351,-0.22965760608731267,-1.119295166803151,-0.3921188919620247,-0.07095947242679883,-0.11031946970293831,-0.38184998948033355,1.5511748272551025,-0.5904647734189133,-0.7124274490013944,-0.08989331499509892,-0.10060545457319174,-0.21981657747106437,-0.7941781627873975,-0.3070801941090227,-0.19621814613865227,-1.0620413220411034,2.4060581136494816,-0.20166150310667885,-0.4864967196604686,-0.21219372754742588,-0.2991983466782894,-0.6400035310637054,-0.14660958536878183,0.6743963935452368,-0.3318468896580935,-0.2931944802761775,-0.03167031776097681,3.72766983356355,-0.3392400313681768,-1.1683017204269652,-0.03167031776097681,-0.03167031776097681
-1.6527871000065424,-1.6644284164867824,-1.484173072471409,-0.9882680390004805,0.559779440087498,-1.1249360241796529,-0.5688650341299796,-0.34290113299620106,1.240741795686089,1.0946405279645712,-0.2529147778628351,-0.22965760608731267,-1.119295166803151,-0.3921188919620247,-0.07095947242679883,-0.11031946970293831,2.618829455412367,-0.6446726587031845,-0.5904647734189133,-0.7124274490013944,-0.08989331499509892,-0.10060545457319174,-0.21981657747106437,-0.7941781627873975,-0.3070801941090227,-0.19621814613865227,0.9415829490307701,-0.4156175589970315,-0.20166150310667885,-0.4864967196604686,-0.21219372754742588,-0.2991983466782894,-0.6400035310637054,-0.14660958536878183,0.6743963935452368,-0.3318468896580935,-0.2931944802761775,-0.03167031776097681,-0.268264101878365,2.9477653211118273,-1.1683017204269652,-0.03167031776097681,-0.03167031776097681
-1.6527871000065424,-1.6644284164867824,-1.4084236234417238,-0.843547245630459,2.42259998429331,-1.8881489080214569,-0.5688650341299796,-0.34290113299620106,1.240741795686089,1.0946405279645712,-0.2529147778628351,-0.22965760608731267,-1.119295166803151,-0.3921188919620247,-0.07095947242679883,-0.11031946970293831,2.618829455412367,-0.6446726587031845,-0.5904647734189133,1.4036517001158426,-0.08989331499509892,-0.10060545457319174,-0.21981657747106437,-0.7941781627873975,-0.3070801941090227,-0.19621814613865227,0.9415829490307701,-0.4156175589970315,-0.20166150310667885,-0.4864967196604686,-0.21219372754742588,-0.2991983466782894,-0.6400035310637054,-0.14660958536878183,0.6743963935452368,-0.3318468896580935,-0.2931944802761775,-0.03167031776097681,-0.268264101878365,2.9477653211118273,-1.1683017204269652,-0.03167031776097681,-0.03167031776097681
0.6305389879773426,0.6163146733006432,-1.181175276352668,-0.5058653944337419,1.7706127938212757,-1.1249360241796529,-0.5688650341299796,-0.34290113299620106,1.240741795686089,1.0946405279645712,-0.2529147778628351,-0.22965760608731267,-1.119295166803151,-0.3921188919620247,-0.07095947242679883,-0.11031946970293831,2.618829455412367,-0.6446726587031845,-0.5904647734189133,-0.7124274490013944,-0.08989331499509892,-0.10060545457319174,-0.21981657747106437,-0.7941781627873975,-0.3070801941090227,-0.19621814613865227,0.9415829490307701,-0.4156175589970315,-0.20166150310667885,-0.4864967196604686,-0.21219372754742588,-0.2991983466782894,-0.6400035310637054,-0.14660958536878183,0.6743963935452368,-0.3318468896580935,-0.2931944802761775,-0.03167031776097681,-0.268264101878365,2.9477653211118273,-1.1683017204269652,-0.03167031776097681,-0.03167031776097681
-1.6527871000065424,-1.6644284164867824,-1.181175276352668,-0.7470667167171112,0.46663841287720736,-1.5065424661005549,-0.5688650341299796,2.9162924930057867,-0.8059694639746,-0.9135419112057267,-0.2529147778628351,-0.22965760608731267,-1.119295166803151,-0.3921188919620247,-0.07095947242679883,-0.11031946970293831,2.618829455412367,-0.6446726587031845,-0.5904647734189133,-0.7124274490013944,-0.08989331499509892,-0.10060545457319174,-0.21981657747106437,-0.7941781627873975,-0.3070801941090227,-0.19621814613865227,0.9415829490307701,-0.4156175589970315,-0.20166150310667885,-0.4864967196604686,-0.21219372754742588,-0.2991983466782894,-0.6400035310637054,-0.14660958536878183,0.6743963935452368,-0.3318468896580935,-0.2931944802761775,-0.03167031776097681,-0.268264101878365,2.9477653211118273,-1.1683017204269652,-0.03167031776097681,-0.03167031776097681
0.6943819871479446,0.6788007853496137,-1.181175276352668,-0.6023459233470897,0.3734973856669168,0.019883301583053115,-0.5688650341299796,2.9162924930057867,-0.8059694639746,-0.9135419112057267,-0.2529147778628351,-0.22965760608731267,-1.119295166803151,-0.3921188919620247,-0.07095947242679883,-0.11031946970293831,-0.38184998948033355,1.5511748272551025,-0.5904647734189133,1.4036517001158426,-0.08989331499509892,-0.10060545457319174,-0.21981657747106437,-0.7941781627873975,-0.3070801941090227,-0.19621814613865227,0.9415829490307701,-0.4156175589970315,-0.20166150310667885,-0.4864967196604686,-0.21219372754742588,-0.2991983466782894,-0.6400035310637054,-0.14660958536878183,0.6743963935452368,-0.3318468896580935,-0.2931944802761775,-0.03167031776097681,-0.268264101878365,2.9477653211118273,-1.1683017204269652,-0.03167031776097681,-0.03167031776097681
-0.5899889373429906,-0.6021645116542829,-1.2569247253823532,-0.45762512997706817,-0.4647718592256985,-1.1249360241796529,-0.5688650341299796,2.9162924930057867,-0.8059694639746,1.0946405279645712,-0.2529147778628351,-0.22965760608731267,-1.119295166803151,-0.3921188919620247,-0.07095947242679883,-0.11031946970293831,-0.38184998948033355,1.5511748272551025,-0.5904647734189133,1.4036517001158426,-0.08989331499509892,-0.10060545457319174,-0.21981657747106437,-0.7941781627873975,-0.3070801941090227,-0.19621814613865227,0.9415829490307701,-0.4156175589970315,-0.20166150310667885,-0.4864967196604686,-0.21219372754742588,-0.2991983466782894,-0.6400035310637054,-0.14660958536878183,0.6743963935452368,-0.3318468896580935,-0.2931944802761775,-0.03167031776097681,-0.268264101878365,2.9477653211118273,-1.1683017204269652,-0.03167031776097681,-0.03167031776097681
-1.6527871000065424,-1.6644284164867824,-1.5599225215010943,-0.6505861878037636,0.000933276825754426,0.019883301583053115,-0.5688650341299796,2.9162924930057867,-0.8059694639746,-0.9135419112057267,-0.2529147778628351,-0.22965760608731267,0.893419385394227,-0.3921188919620247,-0.07095947242679883,-0.11031946970293831,-0.38184998948033355,1.5511748272551025,-0.5904647734189133,1.4036517001158426,-0.08989331499509892,-0.10060545457319174,-0.21981657747106437,-0.7941781627873975,-0.3070801941090227,-0.19621814613865227,-1.0620413220411034,2.4060581136494816,-0.20166150310667885,-0.4864967196604686,4.712674646692831,-0.2991983466782894,-0.6400035310637054,6.820836424061898,-1.482807455038566,-0.3318468896580935,-0.2931944802761775,-0.03167031776097681,3.72766983356355,-0.3392400313681768,-1.1683017204269652,-0.03167031776097681,-0.03167031776097681
-0.3083286468844522,-0.32097700743391533,-1.1054258273229824,-0.40938486552039405,0.000933276825754426,0.019883301583053115,-0.5688650341299796,2.9162924930057867,-0.8059694639746,-0.9135419112057267,-0.2529147778628351,-0.22965760608731267,-1.119295166803151,-0.3921188919620247,-0.07095947242679883,-0.11031946970293831,-0.38184998948033355,1.5511748272551025,-0.5904647734189133,1.4036517001158426,-0.08989331499509892,-0.10060545457319174,-0.21981657747106437,-0.7941781627873975,-0.3070801941090227,-0.19621814613865227,-1.0620413220411034,2.4060581136494816,-0.20166150310667885,-0.4864967196604686,4.712674646692831,-0.2991983466782894,-0.6400035310637054,6.820836424061898,-1.482807455038566,-0.3318468896580935,-0.2931944802761775,-0.03167031776097681,3.72766983356355,-0.3392400313681768,-1.1683017204269652,-0.03167031776097681,-0.03167031776097681
-1.6227433356909648,-1.6331853604622972,-1.2569247253823532,-0.6988264522604375,-0.4647718592256985,-0.3617231403378489,-0.5688650341299796,2.9162924930057867,-0.8059694639746,-0.9135419112057267,-0.2529147778628351,-0.22965760608731267,-1.119295166803151,-0.3921188919620247,-0.07095947242679883,-0.11031946970293831,-0.38184998948033355,1.5511748272551025,-0.5904647734189133,1.4036517001158426,-0.08989331499509892,-0.10060545457319174,-0.21981657747106437,-0.7941781627873975,-0.3070801941090227,-0.19621814613865227,0.9415829490307701,-0.4156175589970315,-0.20166150310667885,-0.4864967196604686,-0.21219372754742588,-0.2991983466782894,-0.6400035310637054,-0.14660958536878183,0.6743963935452368,-0.3318468896580935,-0.2931944802761775,-0.03167031776097681,-0.268264101878365,2.9477653211118273,-1.1683017204269652,-0.03167031776097681,-0.03167031776097681
-0.5261459381723886,-0.5396783996053123,-0.8781774802339267,-0.21642380769369882,0.7460614945080791,-1.1249360241796529,-0.5688650341299796,2.9162924930057867,-0.8059694639746,1.0946405279645712,-0.2529147778628351,-0.22965760608731267,-1.119295166803151,-0.3921188919620247,-0.07095947242679883,-0.11031946970293831,-0.38184998948033355,1.5511748272551025,-0.5904647734189133,1.4036517001158426,-0.08989331499509892,-0.10060545457319174,-0.21981657747106437,-0.7941781627873975,-0.3070801941090227,-0.19621814613865227,0.9415829490307701,-0.4156175589970315,-0.20166150310667885,-0.4864967196604686,-0.21219372754742588,-0.2991983466782894,-0.6400035310637054,-0.14660958536878183,0.6743963935452368,-0.3318468896580935,-0.2931944802761775,-0.03167031776097681,-0.268264101878365,2.9477653211118273,-1.1683017204269652,-0.03167031776097681,-0.03167031776097681
-0.6838757008291702,-0.6958936797277387,-1.181175276352668,-0.1681835432370247,-0.27848980480511737,0.019883301583053115,-0.5688650341299796,-0.34290113299620106,1.240741795686089,1.0946405279645712,-0.2529147778628351,-0.22965760608731267,-1.119295166803151,-0.3921188919620247,-0.07095947242679883,-0.11031946970293831,2.618829455412367,-0.6446726587031845,-0.5904647734189133,-0.7124274490013944,-0.08989331499509892,-0.10060545457319174,-0.21981657747106437,-0.7941781627873975,-0.3070801941090227,-0.19621814613865227,0.9415829490307701,-0.4156175589970315,-0.20166150310667885,-0.4864967196604686,-0.21219372754742588,-0.2991983466782894,-0.6400035310637054,-0.14660958536878183,0.6743963935452368,-0.3318468896580935,-0.2931944802761775,-0.03167031776097681,-0.268264101878365,2.9477653211118273,-1.1683017204269652,-0.03167031776097681,-0.03167031776097681
-1.4049260444030285,-1.4144839682909003,-0.953926929263612,-0.6023459233470897,2.143176902662438,0.019883301583053115,-0.5688650341299796,-0.34290113299620106,1.240741795686089,1.0946405279645712,-0.2529147778628351,-0.22965760608731267,-1.119295166803151,-0.3921188919620247,-0.07095947242679883,-0.11031946970293831,2.618829455412367,-0.6446726587031845,-0.5904647734189133,1.4036517001158426,-0.08989331499509892,-0.10060545457319174,-0.21981657747106437,-0.7941781627873975,-0.3070801941090227,-0.19621814613865227,-1.0620413220411034,2.4060581136494816,-0.20166150310667885,-0.4864967196604686,-0.21219372754742588,-0.2991983466782894,-0.6400035310637054,-0.14660958536878183,0.6743963935452368,-0.3318468896580935,-0.2931944802761775,-0.03167031776097681,-0.268264101878365,2.9477653211118273,-1.1683017204269652,-0.03167031776097681,-0.03167031776097681
0.6305389879773426,0.6163146733006432,-1.181175276352668,-0.554105658890416,-0.09220775038453617,-1.1249360241796529,-0.5688650341299796,-0.34290113299620106,1.240741795686089,-0.9135419112057267,-0.2529147778628351,-0.22965760608731267,-1.119295166803151,-0.3921188919620247,-0.07095947242679883,-0.11031946970293831,-0.38184998948033355,1.5511748272551025,-0.5904647734189133,-0.7124274490013944,-0.08989331499509892,-0.10060545457319174,-0.21981657747106437,-0.7941781627873975,-0.3070801941090227,5.0963686064660765,0.9415829490307701,-0.4156175589970315,-0.20166150310667885,-0.4864967196604686,-0.21219372754742588,-0.2991983466782894,-0.6400035310637054,-0.14660958536878183,0.6743963935452368,-0.3318468896580935,-0.2931944802761775,-0.03167031776097681,-0.268264101878365,2.9477653211118273,-1.1683017204269652,-0.03167031776097681,-0.03167031776097681
-0.7139194651447476,-0.727136735752224,-0.953926929263612,-0.11994327878035099,-0.18534877759482676,0.019883301583053115,-0.5688650341299796,-0.34290113299620106,1.240741795686089,1.0946405279645712,-0.2529147778628351,-0.22965760608731267,-1.119295166803151,-0.3921188919620247,-0.07095947242679883,-0.11031946970293831,-0.38184998948033355,1.5511748272551025,-0.5904647734189133,1.4036517001158426,-0.08989331499509892,-0.10060545457319174,-0.21981657747106437,-0.7941781627873975,-0.3070801941090227,-0.19621814613865227,0.9415829490307701,-0.4156175589970315,-0.20166150310667885,-0.4864967196604686,-0.21219372754742588,-0.2991983466782894,-0.6400035310637054,-0.14660958536878183,0.6743963935452368,-0.3318468896580935,-0.2931944802761775,-0.03167031776097681,-0.268264101878365,-0.3392400313681768,0.855943274340589,-0.03167031776097681,-0.03167031776097681
-1.247196281746247,-1.2582686881684737,-0.8781774802339267,0.02477751458967053,-1.1167590496977327,0.4014897435039551,-0.5688650341299796,-0.34290113299620106,1.240741795686089,1.0946405279645712,-0.2529147778628351,-0.22965760608731267,-1.119295166803151,-0.3921188919620247,-0.07095947242679883,-0.11031946970293831,2.618829455412367,-0.6446726587031845,-0.5904647734189133,1.4036517001158426,-0.08989331499509892,-0.10060545457319174,-0.21981657747106437,-0.7941781627873975,-0.3070801941090227,-0.19621814613865227,0.9415829490307701,-0.4156175589970315,-0.20166150310667885,-0.4864967196604686,-0.21219372754742588,-0.2991983466782894,-0.6400035310637054,-0.14660958536878183,0.6743963935452368,-0.3318468896580935,-0.2931944802761775,-0.03167031776097681,-0.268264101878365,-0.3392400313681768,0.855943274340589,-0.03167031776097681,-0.03167031776097681
-1.6227433356909648,-1.6331853604622972,-0.8781774802339267,-0.5058653944337419,1.8637538210315663,-1.8881489080214569,-0.5688650341299796,-0.34290113299620106,1.240741795686089,1.0946405279645712,-0.2529147778628351,-0.22965760608731267,-1.119295166803151,-0.3921188919620247,-0.07095947242679883,-0.11031946970293831,2.618829455412367,-0.6446726587031845,-0.5904647734189133,-0.7124274490013944,-0.08989331499509892,-0.10060545457319174,-0.21981657747106437,-0.7941781627873975,-0.3070801941090227,-0.19621814613865227,-1.0620413220411034,-0.4156175589970315,-0.20166150310667885,-0.4864967196604686,-0.21219372754742588,-0.2991983466782894,-0.6400035310637054,-0.14660958536878183,0.6743963935452368,-0.3318468896580935,3.4107054097950273,-0.03167031776097681,-0.268264101878365,-0.3392400313681768,-1.1683017204269652,-0.03167031776097681,-0.03167031776097681
0.788268750634124,0.7725299534230695,-1.484173072471409,-0.6023459233470897,1.025484576138951,-1.1249360241796529,-0.5688650341299796,-0.34290113299620106,1.240741795686089,-0.9135419112057267,-0.2529147778628351,-0.22965760608731267,-1.119295166803151,-0.3921188919620247,14.09255122396225,-0.11031946970293831,-0.38184998948033355,-0.6446726587031845,-0.5904647734189133,-0.7124274490013944,-0.08989331499509892,-0.10060545457319174,-0.21981657747106437,-0.7941781627873975,-0.3070801941090227,-0.19621814613865227,-1.0620413220411034,2.4060581136494816,-0.20166150310667885,-0.4864967196604686,-0.21219372754742588,-0.2991983466782894,-0.6400035310637054,-0.14660958536878183,0.6743963935452368,-0.3318468896580935,3.4107054097950273,-0.03167031776097681,-0.268264101878365,-0.3392400313681768,-1.1683017204269652,-0.03167031776097681,-0.03167031776097681
-1.5926995713753875,-1.6019423044378118,-1.6356719705307796,-0.45762512997706817,0.46663841287720736,-0.7433295822587509,-0.5688650341299796,-0.34290113299620106,1.240741795686089,-0.9135419112057267,-0.2529147778628351,-0.22965760608731267,-1.119295166803151,2.5502469289259504,-0.07095947242679883,-0.11031946970293831,-0.38184998948033355,-0.6446726587031845,-0.5904647734189133,1.4036517001158426,-0.08989331499509892,-0.10060545457319174,-0.21981657747106437,-0.7941781627873975,-0.3070801941090227,-0.19621814613865227,-1.0620413220411034,2.4060581136494816,-0.20166150310667885,-0.4864967196604686,-0.21219372754742588,-0.2991983466782894,-0.6400035310637054,-0.14660958536878183,0.6743963935452368,-0.3318468896580935,3.4107054097950273,-0.03167031776097681,-0.268264101878365,-0.3392400313681768,-1.1683017204269652,-0.03167031776097681,-0.03167031776097681
-0.5261459381723886,-0.5396783996053123,-1.484173072471409,-0.40938486552039405,-0.837335968066861,0.019883301583053115,-0.5688650341299796,-0.34290113299620106,1.240741795686089,-0.9135419112057267,-0.2529147778628351,-0.22965760608731267,-1.119295166803151,-0.3921188919620247,-0.07095947242679883,-0.11031946970293831,-0.38184998948033355,1.5511748272551025,-0.5904647734189133,1.4036517001158426,-0.08989331499509892,-0.10060545457319174,-0.21981657747106437,-0.7941781627873975,-0.3070801941090227,-0.19621814613865227,0.9415829490307701,-0.4156175589970315,-0.20166150310667885,-0.4864967196604686,-0.21219372754742588,-0.2991983466782894,-0.6400035310637054,-0.14660958536878183,0.6743963935452368,-0.3318468896580935,3.4107054097950273,-0.03167031776097681,-0.268264101878365,-0.3392400313681768,-1.1683017204269652,-0.03167031776097681,-0.03167031776097681
-1.5926995713753875,-1.6019423044378118,-1.5599225215010943,-0.6505861878037636,-0.18534877759482676,-1.5065424661005549,-0.5688650341299796,-0.34290113299620106,1.240741795686089,-0.9135419112057267,-0.2529147778628351,-0.22965760608731267,0.893419385394227,-0.3921188919620247,-0.07095947242679883,-0.11031946970293831,-0.38184998948033355,1.5511748272551025,-0.5904647734189133,1.4036517001158426,-0.08989331499509892,-0.10060545457319174,-0.21981657747106437,-0.7941781627873975,-0.3070801941090227,-0.19621814613865227,0.9415829490307701,-0.4156175589970315,-0.20166150310667885,-0.4864967196604686,-0.21219372754742588,-0.2991983466782894,-0.6400035310637054,-0.14660958536878183,0.6743963935452368,-0.3318468896580935,3.4107054097950273,-0.03167031776097681,-0.268264101878365,-0.3392400313681768,-1.1683017204269652,-0.03167031776097681,-0.03167031776097681
-1.5926995713753875,-1.6019423044378118,-1.3326741744120385,-0.7470667167171112,-0.5579128864359891,-1.1249360241796529,-0.5688650341299796,-0.34290113299620106,1.240741795686089,-0.9135419112057267,-0.2529147778628351,-0.22965760608731267,-1.119295166803151,2.5502469289259504,-0.07095947242679883,-0.11031946970293831,-0.38184998948033355,-0.6446726587031845,-0.5904647734189133,1.4036517001158426,-0.08989331499509892,-0.10060545457319174,-0.21981657747106437,-0.7941781627873975,-0.3070801941090227,-0.19621814613865227,0.9415829490307701,-0.4156175589970315,-0.20166150310667885,-0.4864967196604686,-0.21219372754742588,-0.2991983466782894,-0.6400035310637054,-0.14660958536878183,0.6743963935452368,-0.3318468896580935,3.4107054097950273,-0.03167031776097681,-0.268264101878365,-0.3392400313681768,-1.1683017204269652,-0.03167031776097681,-0.03167031776097681
-0.05671212074149122,-0.07103255923803306,-1.181175276352668,-0.36114460106372037,1.3049076577698226,-1.1249360241796529,-0.5688650341299796,-0.34290113299620106,1.240741795686089,1.0946405279645712,-0.2529147778628351,-0.22965760608731267,-1.119295166803151,-0.3921188919620247,-0.07095947242679883,-0.11031946970293831,-0.38184998948033355,1.5511748272551025,-0.5904647734189133,-0.7124274490013944,-0.08989331499509892,-0.10060545457319174,-0.21981657747106437,-0.7941781627873975,-0.3070801941090227,-0.19621814613865227,0.9415829490307701,-0.4156175589970315,-0.20166150310667885,-0.4864967196604686,-0.21219372754742588,-0.2991983466782894,-0.6400035310637054,-0.14660958536878183,0.6743963935452368,-0.3318468896580935,3.4107054097950273,-0.03167031776097681,-0.268264101878365,-0.3392400313681768,-1.1683017204269652,-0.03167031776097681,-0.03167031776097681
-1.311039280916849,-1.3207548002174443,-1.0296763782932972,-0.40938486552039405,1.211766630559532,1.164702627345759,-0.5688650341299796,-0.34290113299620106,1.240741795686089,-0.9135419112057267,-0.2529147778628351,-0.22965760608731267,-1.119295166803151,-0.3921188919620247,-0.07095947242679883,-0.11031946970293831,-0.38184998948033355,1.5511748272551025,-0.5904647734189133,1.4036517001158426,-0.08989331499509892,-0.10060545457319174,-0.21981657747106437,-0.7941781627873975,-0.3070801941090227,-0.19621814613865227,0.9415829490307701,-0.4156175589970315,-0.20166150310667885,-0.4864967196604686,-0.21219372754742588,-0.2991983466782894,1.5624913792865636,-0.14660958536878183,-1.482807455038566,-0.3318468896580935,3.4107054097950273,-0.03167031776097681,-0.268264101878365,-0.3392400313681768,-1.1683017204269652,-0.03167031776097681,-0.03167031776097681
-1.5589003365203629,-1.5706992484133266,-1.4084236234417238,-0.6988264522604375,0.2803563584566262,1.9279155111875632,-0.5688650341299796,-0.34290113299620106,1.240741795686089,-0.9135419112057267,-0.2529147778628351,-0.22965760608731267,0.893419385394227,-0.3921188919620247,-0.07095947242679883,-0.11031946970293831,-0.38184998948033355,1.5511748272551025,-0.5904647734189133,1.4036517001158426,-0.08989331499509892,-0.10060545457319174,-0.21981657747106437,-0.7941781627873975,-0.3070801941090227,-0.19621814613865227,-1.0620413220411034,2.4060581136494816,-0.20166150310667885,-0.4864967196604686,-0.21219372754742588,-0.2991983466782894,-0.6400035310637054,-0.14660958536878183,0.6743963935452368,-0.3318468896580935,3.4107054097950273,-0.03167031776097681,-0.268264101878365,-0.3392400313681768,-1.1683017204269652,-0.03167031776097681,-0.03167031776097681
-1.5589003365203629,-1.5706992484133266,-1.484173072471409,-0.6988264522604375,1.3980486849801133,0.4014897435039551,-0.5688650341299796,-0.34290113299620106,1.240741795686089,-0.9135419112057267,-0.2529147778628351,-0.22965760608731267,0.893419385394227,-0.3921188919620247,-0.07095947242679883,-0.11031946970293831,-0.38184998948033355,1.5511748272551025,-0.5904647734189133,1.4036517001158426,-0.08989331499509892,-0.10060545457319174,-0.21981657747106437,-0.7941781627873975,-0.3070801941090227,-0.19621814613865227,-1.0620413220411034,2.4060581136494816,-0.20166150310667885,-0.4864967196604686,-0.21219372754742588,-0.2991983466782894,-0.6400035310637054,-0.14660958536878183,0.6743963935452368,-0.3318468896580935,3.4107054097950273,-0.03167031776097681,-0.268264101878365,-0.3392400313681768,-1.1683017204269652,-0.03167031776097681,-0.03167031776097681
-1.5589003365203629,-1.5706992484133266,-1.5599225215010943,-0.7470667167171112,2.2363179298727287,0.019883301583053115,-0.5688650341299796,-0.34290113299620106,1.240741795686089,-0.9135419112057267,-0.2529147778628351,-0.22965760608731267,0.893419385394227,2.5502469289259504,-0.07095947242679883,-0.11031946970293831,-0.38184998948033355,-0.6446726587031845,-0.5904647734189133,1.4036517001158426,-0.08989331499509892,-0.10060545457319174,-0.21981657747106437,-0.7941781627873975,-0.3070801941090227,-0.19621814613865227,0.9415829490307701,-0.4156175589970315,-0.20166150310667885,-0.4864967196604686,-0.21219372754742588,-0.2991983466782894,-0.6400035310637054,-0.14660958536878183,0.6743963935452368,-0.3318468896580935,3.4107054097950273,-0.03167031776097681,-0.268264101878365,-0.3392400313681768,-1.1683017204269652,-0.03167031776097681,-0.03167031776097681
-1.5589003365203629,-1.5706992484133266,-0.8024280312042414,-0.45762512997706817,3.074587174765344,1.5463090692666612,-0.5688650341299796,-0.34290113299620106,1.240741795686089,1.0946405279645712,-0.2529147778628351,-0.22965760608731267,0.893419385394227,-0.3921188919620247,-0.07095947242679883,-0.11031946970293831,2.618829455412367,-0.6446726587031845,-0.5904647734189133,-0.7124274490013944,-0.08989331499509892,-0.10060545457319174,-0.21981657747106437,-0.7941781627873975,-0.3070801941090227,-0.19621814613865227,0.9415829490307701,-0.4156175589970315,-0.20166150310667885,-0.4864967196604686,-0.21219372754742588,-0.2991983466782894,-0.6400035310637054,-0.14660958536878183,0.6743963935452368,-0.3318468896580935,3.4107054097950273,-0.03167031776097681,-0.268264101878365,-0.3392400313681768,-1.1683017204269652,-0.03167031776097681,-0.03167031776097681
-1.5288565722047855,-1.5394561923888412,-1.2569247253823532,-0.6988264522604375,0.8392025217183697,1.164702627345759,-0.5688650341299796,-0.34290113299620106,1.240741795686089,-0.9135419112057267,-0.2529147778628351,-0.22965760608731267,0.893419385394227,-0.3921188919620247,-0.07095947242679883,-0.11031946970293831,-0.38184998948033355,1.5511748272551025,-0.5904647734189133,1.4036517001158426,-0.08989331499509892,-0.10060545457319174,-0.21981657747106437,-0.7941781627873975,-0.3070801941090227,-0.19621814613865227,0.9415829490307701,-0.4156175589970315,-0.20166150310667885,-0.4864967196604686,-0.21219372754742588,-0.2991983466782894,-0.6400035310637054,-0.14660958536878183,0.6743963935452368,-0.3318468896580935,3.4107054097950273,-0.03167031776097681,-0.268264101878365,-0.3392400313681768,-1.1683017204269652,-0.03167031776097681,-0.03167031776097681
-0.6538319365135926,-0.6646506237032535,-1.2569247253823532,-0.36114460106372037,-0.3716308320154079,0.019883301583053115,-0.5688650341299796,-0.34290113299620106,1.240741795686089,1.0946405279645712,-0.2529147778628351,-0.22965760608731267,0.893419385394227,2.5502469289259504,-0.07095947242679883,-0.11031946970293831,-0.38184998948033355,-0.6446726587031845,-0.5904647734189133,1.4036517001158426,-0.08989331499509892,-0.10060545457319174,-0.21981657747106437,-0.7941781627873975,-0.3070801941090227,-0.19621814613865227,0.9415829490307701,-0.4156175589970315,-0.20166150310667885,-0.4864967196604686,-0.21219372754742588,-0.2991983466782894,-0.6400035310637054,-0.14660958536878183,0.6743963935452368,-0.3318468896580935,3.4107054097950273,-0.03167031776097681,-0.268264101878365,-0.3392400313681768,-1.1683017204269652,-0.03167031776097681,-0.03167031776097681
-1.183353282575645,-1.1957825761195031,-1.484173072471409,-0.45762512997706817,2.0500358754521475,1.164702627345759,-0.5688650341299796,-0.34290113299620106,1.240741795686089,-0.9135419112057267,-0.2529147778628351,-0.22965760608731267,0.893419385394227,-0.3921188919620247,-0.07095947242679883,-0.11031946970293831,-0.38184998948033355,1.5511748272551025,-0.5904647734189133,-0.7124274490013944,-0.08989331499509892,-0.10060545457319174,-0.21981657747106437,-0.7941781627873975,-0.3070801941090227,-0.19621814613865227,-1.0620413220411034,2.4060581136494816,-0.20166150310667885,-0.4864967196604686,-0.21219372754742588,-0.2991983466782894,1.5624913792865636,-0.14660958536878183,-1.482807455038566,-0.3318468896580935,3.4107054097950273,-0.03167031776097681,-0.268264101878365,-0.3392400313681768,-1.1683017204269652,-0.03167031776097681,-0.03167031776097681
-1.498812807889208,-1.508213136364356,-1.181175276352668,-0.843547245630459,2.7951640931344723,1.5463090692666612,-0.5688650341299796,-0.34290113299620106,1.240741795686089,-0.9135419112057267,-0.2529147778628351,-0.22965760608731267,0.893419385394227,-0.3921188919620247,-0.07095947242679883,-0.11031946970293831,-0.38184998948033355,1.5511748272551025,-0.5904647734189133,1.4036517001158426,-0.08989331499509892,-0.10060545457319174,-0.21981657747106437,-0.7941781627873975,-0.3070801941090227,-0.19621814613865227,0.9415829490307701,-0.4156175589970315,-0.20166150310667885,-0.4864967196604686,-0.21219372754742588,-0.2991983466782894,1.5624913792865636,-0.14660958536878183,-1.482807455038566,-0.3318468896580935,3.4107054097950273,-0.03167031776097681,-0.268264101878365,-0.3392400313681768,-1.1683017204269652,-0.03167031776097681,-0.03167031776097681
-1.498812807889208,-1.508213136364356,-1.3326741744120385,-0.6505861878037636,1.7706127938212757,1.5463090692666612,-0.5688650341299796,-0.34290113299620106,1.240741795686089,-0.9135419112057267,-0.2529147778628351,-0.22965760608731267,0.893419385394227,-0.3921188919620247,-0.07095947242679883,-0.11031946970293831,-0.38184998948033355,1.5511748272551025,-0.5904647734189133,-0.7124274490013944,-0.08989331499509892,-0.10060545457319174,-0.21981657747106437,-0.7941781627873975,-0.3070801941090227,5.0963686064660765,0.9415829490307701,-0.4156175589970315,-0.20166150310667885,-0.4864967196604686,-0.21219372754742588,-0.2991983466782894,-0.6400035310637054,-0.14660958536878183,0.6743963935452368,-0.3318468896580935,3.4107054097950273,-0.03167031776097681,-0.268264101878365,-0.3392400313681768,-1.1683017204269652,-0.03167031776097681,-0.03167031776097681
-1.2772400460618245,-1.289511744192959,-1.5599225215010943,-0.45762512997706817,0.6529204672977886,1.164702627345759,-0.5688650341299796,-0.34290113299620106,1.240741795686089,-0.9135419112057267,-0.2529147778628351,-0.22965760608731267,-1.119295166803151,-0.3921188919620247,-0.07095947242679883,-0.11031946970293831,-0.38184998948033355,1.5511748272551025,-0.5904647734189133,1.4036517001158426,-0.08989331499509892,-0.10060545457319174,-0.21981657747106437,-0.7941781627873975,-0.3070801941090227,-0.19621814613865227,0.9415829490307701,-0.4156175589970315,-0.20166150310667885,-0.4864967196604686,-0.21219372754742588,-0.2991983466782894,1.5624913792865636,-0.14660958536878183,-1.482807455038566,-0.3318468896580935,-0.2931944802761775,-0.03167031776097681,-0.268264101878365,-0.3392400313681768,0.855943274340589,-0.03167031776097681,-0.03167031776097681
-1.434969808718606,-1.4457270243153855,-1.0296763782932972,-0.40938486552039405,-0.6510539136462797,0.7830961854248571,-0.5688650341299796,-0.34290113299620106,1.240741795686089,-0.9135419112057267,-0.2529147778628351,-0.22965760608731267,-1.119295166803151,-0.3921188919620247,-0.07095947242679883,-0.11031946970293831,-0.38184998948033355,1.5511748272551025,-0.5904647734189133,1.4036517001158426,-0.08989331499509892,-0.10060545457319174,-0.21981657747106437,-0.7941781627873975,-0.3070801941090227,-0.19621814613865227,0.9415829490307701,-0.4156175589970315,-0.20166150310667885,-0.4864967196604686,-0.21219372754742588,-0.2991983466782894,-0.6400035310637054,-0.14660958536878183,0.6743963935452368,-0.3318468896580935,-0.2931944802761775,-0.03167031776097681,-0.268264101878365,-0.3392400313681768,0.855943274340589,-0.03167031776097681,-0.03167031776097681
-0.27828488256887474,-0.28973395140943004,-1.181175276352668,-0.45762512997706817,-1.3030411041183139,0.4014897435039551,-0.5688650341299796,-0.34290113299620106,1.240741795686089,-0.9135419112057267,-0.2529147778628351,-0.22965760608731267,-1.119295166803151,-0.3921188919620247,-0.07095947242679883,-0.11031946970293831,-0.38184998948033355,1.5511748272551025,-0.5904647734189133,-0.7124274490013944,-0.08989331499509892,-0.10060545457319174,-0.21981657747106437,-0.7941781627873975,-0.3070801941090227,5.0963686064660765,0.9415829490307701,-0.4156175589970315,-0.20166150310667885,-0.4864967196604686,-0.21219372754742588,-0.2991983466782894,-0.6400035310637054,-0.14660958536878183,0.6743963935452368,-0.3318468896580935,-0.2931944802761775,-0.03167031776097681,-0.268264101878365,-0.3392400313681768,0.855943274340589,-0.03167031776097681,-0.03167031776097681
0.0033754078896636995,0.022696608835422783,-0.8024280312042414,-0.40938486552039405,-0.5579128864359891,-0.3617231403378489,-0.5688650341299796,-0.34290113299620106,1.240741795686089,1.0946405279645712,-0.2529147778628351,-0.22965760608731267,0.893419385394227,2.5502469289259504,-0.07095947242679883,-0.11031946970293831,-0.38184998948033355,-0.6446726587031845,-0.5904647734189133,1.4036517001158426,-0.08989331499509892,-0.10060545457319174,-0.21981657747106437,-0.7941781627873975,-0.3070801941090227,-0.19621814613865227,0.9415829490307701,-0.4156175589970315,-0.20166150310667885,-0.4864967196604686,-0.21219372754742588,3.3422644580160132,1.5624913792865636,-0.14660958536878183,-1.482807455038566,-0.3318468896580935,-0.2931944802761775,-0.03167031776097681,-0.268264101878365,-0.3392400313681768,0.855943274340589,-0.03167031776097681,-0.03167031776097681
0.0033754078896636995,0.022696608835422783,-1.181175276352668,-0.6505861878037636,-1.1167590496977327,0.4014897435039551,-0.5688650341299796,-0.34290113299620106,1.240741795686089,-0.9135419112057267,-0.2529147778628351,-0.22965760608731267,-1.119295166803151,-0.3921188919620247,-0.07095947242679883,-0.11031946970293831,-0.38184998948033355,1.5511748272551025,-0.5904647734189133,1.4036517001158426,-0.08989331499509892,-0.10060545457319174,-0.21981657747106437,-0.7941781627873975,-0.3070801941090227,-0.19621814613865227,0.9415829490307701,-0.4156175589970315,-0.20166150310667885,-0.4864967196604686,-0.21219372754742588,-0.2991983466782894,1.5624913792865636,-0.14660958536878183,-1.482807455038566,-0.3318468896580935,-0.2931944802761775,-0.03167031776097681,-0.268264101878365,-0.3392400313681768,0.855943274340589,-0.03167031776097681,-0.03167031776097681
0.0033754078896636995,0.022696608835422783,-1.181175276352668,-0.6023459233470897,-0.5579128864359891,1.164702627345759,-0.5688650341299796,-0.34290113299620106,1.240741795686089,-0.9135419112057267,-0.2529147778628351,-0.22965760608731267,-1.119295166803151,-0.3921188919620247,-0.07095947242679883,-0.11031946970293831,-0.38184998948033355,1.5511748272551025,-0.5904647734189133,1.4036517001158426,-0.08989331499509892,-0.10060545457319174,-0.21981657747106437,-0.7941781627873975,-0.3070801941090227,-0.19621814613865227,0.9415829490307701,-0.4156175589970315,-0.20166150310667885,-0.4864967196604686,-0.21219372754742588,-0.2991983466782894,-0.6400035310637054,-0.14660958536878183,0.6743963935452368,-0.3318468896580935,-0.2931944802761775,-0.03167031776097681,-0.268264101878365,-0.3392400313681768,0.855943274340589,-0.03167031776097681,-0.03167031776097681
0.0033754078896636995,0.022696608835422783,-1.0296763782932972,-0.21642380769369882,-0.837335968066861,-1.1249360241796529,-0.5688650341299796,-0.34290113299620106,1.240741795686089,1.0946405279645712,-0.2529147778628351,-0.22965760608731267,0.893419385394227,-0.3921188919620247,-0.07095947242679883,-0.11031946970293831,2.618829455412367,-0.6446726587031845,-0.5904647734189133,-0.7124274490013944,-0.08989331499509892,-0.10060545457319174,-0.21981657747106437,-0.7941781627873975,-0.3070801941090227,-0.19621814613865227,-1.0620413220411034,2.4060581136494816,-0.20166150310667885,-0.4864967196604686,-0.21219372754742588,-0.2991983466782894,-0.6400035310637054,-0.14660958536878183,0.6743963935452368,-0.3318468896580935,-0.2931944802761775,-0.03167031776097681,-0.268264101878365,-0.3392400313681768,0.855943274340589,-0.03167031776097681,-0.03167031776097681
0.0033754078896636995,0.022696608835422783,-1.5599225215010943,-0.6988264522604375,-0.09220775038453617,1.5463090692666612,-0.5688650341299796,-0.34290113299620106,1.240741795686089,-0.9135419112057267,-0.2529147778628351,-0.22965760608731267,0.893419385394227,-0.3921188919620247,-0.07095947242679883,-0.11031946970293831,-0.38184998948033355,1.5511748272551025,-0.5904647734189133,-0.7124274490013944,-0.08989331499509892,-0.10060545457319174,-0.21981657747106437,-0.7941781627873975,-0.3070801941090227,-0.19621814613865227,0.9415829490307701,-0.4156175589970315,-0.20166150310667885,-0.4864967196604686,-0.21219372754742588,-0.2991983466782894,-0.6400035310637054,-0.14660958536878183,0.6743963935452368,-0.3318468896580935,-0.2931944802761775,-0.03167031776097681,-0.268264101878365,-0.3392400313681768,0.855943274340589,-0.03167031776097681,-0.03167031776097681
0.0033754078896636995,0.022696608835422783,-1.3326741744120385,-0.6505861878037636,1.025484576138951,1.9279155111875632,-0.5688650341299796,-0.34290113299620106,1.240741795686089,-0.9135419112057267,-0.2529147778628351,-0.22965760608731267,0.893419385394227,2.5502469289259504,-0.07095947242679883,-0.11031946970293831,-0.38184998948033355,-0.6446726587031845,-0.5904647734189133,1.4036517001158426,-0.08989331499509892,-0.10060545457319174,-0.21981657747106437,-0.7941781627873975,-0.3070801941090227,-0.19621814613865227,0.9415829490307701,-0.4156175589970315,-0.20166150310667885,-0.4864967196604686,-0.21219372754742588,-0.2991983466782894,-0.6400035310637054,-0.14660958536878183,0.6743963935452368,-0.3318468896580935,-0.2931944802761775,-0.03167031776097681,-0.268264101878365,-0.3392400313681768,0.855943274340589,-0.03167031776097681,-0.03167031776097681
-0.02666835642591376,-0.03978950321354778,-1.1054258273229824,-0.2646640721503725,-0.6510539136462797,-1.1249360241796529,-0.5688650341299796,-0.34290113299620106,1.240741795686089,1.0946405279645712,-0.2529147778628351,-0.22965760608731267,0.893419385394227,2.5502469289259504,-0.07095947242679883,-0.11031946970293831,-0.38184998948033355,-0.6446726587031845,-0.5904647734189133,1.4036517001158426,-0.08989331499509892,-0.10060545457319174,-0.21981657747106437,-0.7941781627873975,-0.3070801941090227,-0.19621814613865227,0.9415829490307701,-0.4156175589970315,-0.20166150310667885,-0.4864967196604686,-0.21219372754742588,-0.2991983466782894,1.5624913792865636,-0.14660958536878183,-1.482807455038566,-0.3318468896580935,-0.2931944802761775,-0.03167031776097681,-0.268264101878365,-0.3392400313681768,0.855943274340589,-0.03167031776097681,-0.03167031776097681
-1.371126809548004,-1.3832409122664149,-1.181175276352668,-0.554105658890416,1.3980486849801133,0.7830961854248571,-0.5688650341299796,-0.34290113299620106,1.240741795686089,-0.9135419112057267,-0.2529147778628351,-0.22965760608731267,0.893419385394227,-0.3921188919620247,-0.07095947242679883,-0.11031946970293831,-0.38184998948033355,1.5511748272551025,-0.5904647734189133,1.4036517001158426,-0.08989331499509892,-0.10060545457319174,-0.21981657747106437,-0.7941781627873975,-0.3070801941090227,-0.19621814613865227,0.9415829490307701,-0.4156175589970315,-0.20166150310667885,-0.4864967196604686,-0.21219372754742588,-0.2991983466782894,-0.6400035310637054,-0.14660958536878183,0.6743963935452368,-0.3318468896580935,-0.2931944802761775,-0.03167031776097681,-0.268264101878365,-0.3392400313681768,0.855943274340589,-0.03167031776097681,-0.03167031776097681
-1.371126809548004,-1.3832409122664149,-1.484173072471409,-0.6988264522604375,-1.768746240169767,1.5463090692666612,-0.5688650341299796,-0.34290113299620106,1.240741795686089,-0.9135419112057267,-0.2529147778628351,-0.22965760608731267,-1.119295166803151,2.5502469289259504,-0.07095947242679883,-0.11031946970293831,-0.38184998948033355,-0.6446726587031845,-0.5904647734189133,1.4036517001158426,-0.08989331499509892,-0.10060545457319174,-0.21981657747106437,-0.7941781627873975,-0.3070801941090227,-0.19621814613865227,0.9415829490307701,-0.4156175589970315,-0.20166150310667885,-0.4864967196604686,-0.21219372754742588,-0.2991983466782894,1.5624913792865636,-0.14660958536878183,-1.482807455038566,-0.3318468896580935,-0.2931944802761775,-0.03167031776097681,-0.268264101878365,-0.3392400313681768,-1.1683017204269652,-0.03167031776097681,-0.03167031776097681
-1.371126809548004,-1.3832409122664149,-1.6356719705307796,-0.45762512997706817,0.6529204672977886,-0.3617231403378489,-0.5688650341299796,-0.34290113299620106,1.240741795686089,-0.9135419112057267,-0.2529147778628351,-0.22965760608731267,0.893419385394227,-0.3921188919620247,-0.07095947242679883,-0.11031946970293831,-0.38184998948033355,1.5511748272551025,-0.5904647734189133,1.4036517001158426,-0.08989331499509892,-0.10060545457319174,-0.21981657747106437,-0.7941781627873975,-0.3070801941090227,-0.19621814613865227,-1.0620413220411034,2.4060581136494816,-0.20166150310667885,-0.4864967196604686,-0.21219372754742588,-0.2991983466782894,1.5624913792865636,-0.14660958536878183,-1.482807455038566,-0.3318468896580935,-0.2931944802761775,-0.03167031776097681,-0.268264101878365,-0.3392400313681768,-1.1683017204269652,-0.03167031776097681,-0.03167031776097681
-1.3410830452324265,-1.3519978562419297,-1.181175276352668,-0.6988264522604375,0.3734973856669168,0.7830961854248571,-0.5688650341299796,-0.34290113299620106,1.240741795686089,-0.9135419112057267,-0.2529147778628351,-0.22965760608731267,0.893419385394227,-0.3921188919620247,-0.07095947242679883,-0.11031946970293831,-0.38184998948033355,1.5511748272551025,-0.5904647734189133,-0.7124274490013944,-0.08989331499509892,-0.10060545457319174,-0.21981657747106437,-0.7941781627873975,-0.3070801941090227,5.0963686064660765,0.9415829490307701,-0.4156175589970315,-0.20166150310667885,-0.4864967196604686,-0.21219372754742588,-0.2991983466782894,1.5624913792865636,-0.14660958536878183,-1.482807455038566,-0.3318468896580935,-0.2931944802761775,-0.03167031776097681,-0.268264101878365,-0.3392400313681768,-1.1683017204269652,-0.03167031776097681,-0.03167031776097681
-1.3410830452324265,-1.3519978562419297,-1.5599225215010943,-0.843547245630459,1.025484576138951,0.4014897435039551,-0.5688650341299796,-0.34290113299620106,1.240741795686089,-0.9135419112057267,-0.2529147778628351,-0.22965760608731267,0.893419385394227,-0.3921188919620247,-0.07095947242679883,-0.11031946970293831,-0.38184998948033355,1.5511748272551025,-0.5904647734189133,1.4036517001158426,-0.08989331499509892,-0.10060545457319174,-0.21981657747106437,-0.7941781627873975,-0.3070801941090227,-0.19621814613865227,0.9415829490307701,-0.4156175589970315,-0.20166150310667885,-0.4864967196604686,-0.21219372754742588,-0.2991983466782894,-0.6400035310637054,-0.14660958536878183,0.6743963935452368,-0.3318468896580935,-0.2931944802761775,-0.03167031776097681,-0.268264101878365,-0.3392400313681768,-1.1683017204269652,-0.03167031776097681,-0.03167031776097681
-1.3410830452324265,-1.3519978562419297,-1.1054258273229824,-0.6988264522604375,-0.3716308320154079,1.5463090692666612,-0.5688650341299796,-0.34290113299620106,1.240741795686089,-0.9135419112057267,-0.2529147778628351,-0.22965760608731267,0.893419385394227,-0.3921188919620247,-0.07095947242679883,-0.11031946970293831,-0.38184998948033355,1.5511748272551025,-0.5904647734189133,1.4036517001158426,-0.08989331499509892,-0.10060545457319174,-0.21981657747106437,-0.7941781627873975,-0.3070801941090227,-0.19621814613865227,0.9415829490307701,-0.4156175589970315,-0.20166150310667885,-0.4864967196604686,-0.21219372754742588,-0.2991983466782894,1.5624913792865636,-0.14660958536878183,-1.482807455038566,-0.3318468896580935,-0.2931944802761775,-0.03167031776097681,-0.268264101878365,-0.3392400313681768,-1.1683017204269652,-0.03167031776097681,-0.03167031776097681
-1.3410830452324265,-1.3519978562419297,-1.2569247253823532,-0.2646640721503725,-0.09220775038453617,0.7830961854248571,-0.5688650341299796,-0.34290113299620106,1.240741795686089,1.0946405279645712,-0.2529147778628351,-0.22965760608731267,0.893419385394227,2.5502469289259504,-0.07095947242679883,-0.11031946970293831,-0.38184998948033355,-0.6446726587031845,-0.5904647734189133,1.4036517001158426,-0.08989331499509892,-0.10060545457319174,-0.21981657747106437,-0.7941781627873975,-0.3070801941090227,-0.19621814613865227,0.9415829490307701,-0.4156175589970315,-0.20166150310667885,-0.4864967196604686,-0.21219372754742588,-0.2991983466782894,1.5624913792865636,-0.14660958536878183,-1.482807455038566,-0.3318468896580935,-0.2931944802761775,-0.03167031776097681,-0.268264101878365,-0.3392400313681768,-1.1683017204269652,-0.03167031776097681,-0.03167031776097681
-1.311039280916849,-1.3207548002174443,-1.1054258273229824,-0.7953069811737852,1.3980486849801133,0.019883301583053115,-0.5688650341299796,-0.34290113299620106,1.240741795686089,-0.9135419112057267,-0.2529147778628351,-0.22965760608731267,0.893419385394227,-0.3921188919620247,-0.07095947242679883,-0.11031946970293831,-0.38184998948033355,1.5511748272551025,-0.5904647734189133,1.4036517001158426,-0.08989331499509892,-0.10060545457319174,-0.21981657747106437,-0.7941781627873975,-0.3070801941090227,-0.19621814613865227,0.9415829490307701,-0.4156175589970315,-0.20166150310667885,-0.4864967196604686,-0.21219372754742588,3.3422644580160132,-0.6400035310637054,-0.14660958536878183,0.6743963935452368,-0.3318468896580935,-0.2931944802761775,-0.03167031776097681,-0.268264101878365,-0.3392400313681768,-1.1683017204269652,-0.03167031776097681,-0.03167031776097681
-1.2772400460618245,-1.289511744192959,-1.5599225215010943,-0.6988264522604375,0.559779440087498,1.9279155111875632,-0.5688650341299796,-0.34290113299620106,1.240741795686089,-0.9135419112057267,-0.2529147778628351,-0.22965760608731267,0.893419385394227,2.5502469289259504,-0.07095947242679883,-0.11031946970293831,-0.38184998948033355,-0.6446726587031845,-0.5904647734189133,1.4036517001158426,-0.08989331499509892,-0.10060545457319174,-0.21981657747106437,-0.7941781627873975,-0.3070801941090227,-0.19621814613865227,0.9415829490307701,-0.4156175589970315,-0.20166150310667885,-0.4864967196604686,-0.21219372754742588,-0.2991983466782894,1.5624913792865636,-0.14660958536878183,-1.482807455038566,-0.3318468896580935,-0.2931944802761775,-0.03167031776097681,-0.268264101878365,-0.3392400313681768,-1.1683017204269652,-0.03167031776097681,-0.03167031776097681
-1.2772400460618245,-1.289511744192959,-1.0296763782932972,-0.5058653944337419,-0.3716308320154079,1.9279155111875632,-0.5688650341299796,-0.34290113299620106,1.240741795686089,-0.9135419112057267,-0.2529147778628351,-0.22965760608731267,0.893419385394227,-0.3921188919620247,-0.07095947242679883,-0.11031946970293831,-0.38184998948033355,1.5511748272551025,-0.5904647734189133,-0.7124274490013944,-0.08989331499509892,-0.10060545457319174,-0.21981657747106437,-0.7941781627873975,-0.3070801941090227,-0.19621814613865227,0.9415829490307701,-0.4156175589970315,-0.20166150310667885,-0.4864967196604686,-0.21219372754742588,-0.2991983466782894,-0.6400035310637054,-0.14660958536878183,0.6743963935452368,-0.3318468896580935,-0.2931944802761775,-0.03167031776097681,-0.268264101878365,-0.3392400313681768,-1.1683017204269652,-0.03167031776097681,-0.03167031776097681
-1.2772400460618245,-1.289511744192959,-1.1054258273229824,-0.554105658890416,1.211766630559532,1.164702627345759,-0.5688650341299796,-0.34290113299620106,1.240741795686089,-0.9135419112057267,-0.2529147778628351,-0.22965760608731267,0.893419385394227,-0.3921188919620247,-0.07095947242679883,-0.11031946970293831,-0.38184998948033355,1.5511748272551025,-0.5904647734189133,-0.7124274490013944,-0.08989331499509892,-0.10060545457319174,-0.21981657747106437,-0.7941781627873975,-0.3070801941090227,-0.19621814613865227,0.9415829490307701,-0.4156175589970315,-0.20166150310667885,-0.4864967196604686,-0.21219372754742588,-0.2991983466782894,1.5624913792865636,-0.14660958536878183,-1.482807455038566,-0.3318468896580935,-0.2931944802761775,-0.03167031776097681,-0.268264101878365,-0.3392400313681768,-1.1683017204269652,-0.03167031776097681,-0.03167031776097681
-1.247196281746247,-1.2582686881684737,-0.953926929263612,-0.07170301432367729,-1.8618872673800575,0.7830961854248571,-0.5688650341299796,-0.34290113299620106,1.240741795686089,1.0946405279645712,-0.2529147778628351,-0.22965760608731267,-1.119295166803151,2.5502469289259504,-0.07095947242679883,-0.11031946970293831,-0.38184998948033355,-0.6446726587031845,-0.5904647734189133,1.4036517001158426,-0.08989331499509892,-0.10060545457319174,-0.21981657747106437,-0.7941781627873975,-0.3070801941090227,-0.19621814613865227,0.9415829490307701,-0.4156175589970315,-0.20166150310667885,-0.4864967196604686,-0.21219372754742588,-0.2991983466782894,1.5624913792865636,-0.14660958536878183,-1.482807455038566,-0.3318468896580935,-0.2931944802761775,-0.03167031776097681,-0.268264101878365,2.9477653211118273,-1.1683017204269652,-0.03167031776097681,-0.03167031776097681
-1.247196281746247,-1.2582686881684737,-1.4084236234417238,-0.6505861878037636,-1.768746240169767,1.5463090692666612,-0.5688650341299796,-0.34290113299620106,1.240741795686089,-0.9135419112057267,-0.2529147778628351,-0.22965760608731267,0.893419385394227,-0.3921188919620247,-0.07095947242679883,-0.11031946970293831,-0.38184998948033355,1.5511748272551025,-0.5904647734189133,1.4036517001158426,-0.08989331499509892,-0.10060545457319174,-0.21981657747106437,-0.7941781627873975,-0.3070801941090227,-0.19621814613865227,0.9415829490307701,-0.4156175589970315,-0.20166150310667885,-0.4864967196604686,-0.21219372754742588,-0.2991983466782894,1.5624913792865636,-0.14660958536878183,-1.482807455038566,-0.3318468896580935,-0.2931944802761775,-0.03167031776097681,-0.268264101878365,2.9477653211118273,-1.1683017204269652,-0.03167031776097681,-0.03167031776097681
-1.247196281746247,-1.2582686881684737,-1.0296763782932972,-0.554105658890416,1.3049076577698226,0.4014897435039551,-0.5688650341299796,2.9162924930057867,-0.8059694639746,1.0946405279645712,-0.2529147778628351,-0.22965760608731267,0.893419385394227,2.5502469289259504,-0.07095947242679883,-0.11031946970293831,-0.38184998948033355,-0.6446726587031845,-0.5904647734189133,1.4036517001158426,-0.08989331499509892,-0.10060545457319174,-0.21981657747106437,-0.7941781627873975,-0.3070801941090227,-0.19621814613865227,0.9415829490307701,-0.4156175589970315,-0.20166150310667885,-0.4864967196604686,-0.21219372754742588,-0.2991983466782894,1.5624913792865636,-0.14660958536878183,-1.482807455038566,-0.3318468896580935,-0.2931944802761775,-0.03167031776097681,-0.268264101878365,2.9477653211118273,-1.1683017204269652,-0.03167031776097681,-0.03167031776097681
-1.247196281746247,-1.2582686881684737,-1.0296763782932972,-0.40938486552039405,-1.2099000769080233,1.9279155111875632,-0.5688650341299796,2.9162924930057867,-0.8059694639746,1.0946405279645712,-0.2529147778628351,-0.22965760608731267,-1.119295166803151,-0.3921188919620247,-0.07095947242679883,-0.11031946970293831,-0.38184998948033355,1.5511748272551025,-0.5904647734189133,1.4036517001158426,-0.08989331499509892,-0.10060545457319174,-0.21981657747106437,-0.7941781627873975,-0.3070801941090227,-0.19621814613865227,0.9415829490307701,-0.4156175589970315,-0.20166150310667885,-0.4864967196604686,-0.21219372754742588,-0.2991983466782894,-0.6400035310637054,-0.14660958536878183,0.6743963935452368,-0.3318468896580935,-0.2931944802761775,-0.03167031776097681,-0.268264101878365,2.9477653211118273,-1.1683017204269652,-0.03167031776097681,-0.03167031776097681
-0.3083286468844522,-0.32097700743391533,-1.1054258273229824,-0.36114460106372037,0.000933276825754426,-0.3617231403378489,-0.5688650341299796,2.9162924930057867,-0.8059694639746,-0.9135419112057267,-0.2529147778628351,-0.22965760608731267,0.893419385394227,-0.3921188919620247,-0.07095947242679883,-0.11031946970293831,-0.38184998948033355,1.5511748272551025,-0.5904647734189133,1.4036517001158426,-0.08989331499509892,-0.10060545457319174,-0.21981657747106437,-0.7941781627873975,-0.3070801941090227,-0.19621814613865227,0.9415829490307701,-0.4156175589970315,-0.20166150310667885,-0.4864967196604686,-0.21219372754742588,-0.2991983466782894,-0.6400035310637054,-0.14660958536878183,0.6743963935452368,-0.3318468896580935,-0.2931944802761775,-0.03167031776097681,-0.268264101878365,2.9477653211118273,-1.1683017204269652,-0.03167031776097681,-0.03167031776097681
-0.5261459381723886,-0.5396783996053123,-1.0296763782932972,-0.1681835432370247,-1.2099000769080233,-0.3617231403378489,-0.5688650341299796,2.9162924930057867,-0.8059694639746,1.0946405279645712,-0.2529147778628351,-0.22965760608731267,0.893419385394227,2.5502469289259504,-0.07095947242679883,-0.11031946970293831,-0.38184998948033355,-0.6446726587031845,-0.5904647734189133,1.4036517001158426,-0.08989331499509892,-0.10060545457319174,-0.21981657747106437,-0.7941781627873975,-0.3070801941090227,-0.19621814613865227,0.9415829490307701,-0.4156175589970315,-0.20166150310667885,-0.4864967196604686,-0.21219372754742588,3.3422644580160132,-0.6400035310637054,-0.14660958536878183,0.6743963935452368,-0.3318468896580935,-0.2931944802761775,-0.03167031776097681,-0.268264101878365,2.9477653211118273,-1.1683017204269652,-0.03167031776097681,-0.03167031776097681
-1.2171525174306697,-1.2270256321439885,-1.0296763782932972,-0.40938486552039405,1.1186256033492414,1.164702627345759,-0.5688650341299796,2.9162924930057867,-0.8059694639746,1.0946405279645712,-0.2529147778628351,-0.22965760608731267,-1.119295166803151,-0.3921188919620247,-0.07095947242679883,-0.11031946970293831,2.618829455412367,-0.6446726587031845,-0.5904647734189133,-0.7124274490013944,-0.08989331499509892,-0.10060545457319174,-0.21981657747106437,-0.7941781627873975,-0.3070801941090227,-0.19621814613865227,0.9415829490307701,-0.4156175589970315,-0.20166150310667885,-0.4864967196604686,-0.21219372754742588,-0.2991983466782894,-0.6400035310637054,-0.14660958536878183,0.6743963935452368,-0.3318468896580935,-0.2931944802761775,-0.03167031776097681,-0.268264101878365,2.9477653211118273,-1.1683017204269652,-0.03167031776097681,-0.03167031776097681
-1.2171525174306697,-1.2270256321439885,-1.484173072471409,-0.5058653944337419,0.6529204672977886,0.7830961854248571,-0.5688650341299796,2.9162924930057867,-0.8059694639746,-0.9135419112057267,-0.2529147778628351,-0.22965760608731267,0.893419385394227,-0.3921188919620247,-0.07095947242679883,-0.11031946970293831,-0.38184998948033355,1.5511748272551025,-0.5904647734189133,1.4036517001158426,-0.08989331499509892,-0.10060545457319174,-0.21981657747106437,-0.7941781627873975,-0.3070801941090227,-0.19621814613865227,0.9415829490307701,-0.4156175589970315,-0.20166150310667885,-0.4864967196604686,-0.21219372754742588,-0.2991983466782894,-0.6400035310637054,-0.14660958536878183,0.6743963935452368,-0.3318468896580935,-0.2931944802761775,-0.03167031776097681,-0.268264101878365,2.9477653211118273,-1.1683017204269652,-0.03167031776097681,-0.03167031776097681
-1.2171525174306697,-1.2270256321439885,-1.181175276352668,-0.554105658890416,-0.27848980480511737,1.5463090692666612,-0.5688650341299796,2.9162924930057867,-0.8059694639746,-0.9135419112057267,-0.2529147778628351,-0.22965760608731267,-1.119295166803151,-0.3921188919620247,-0.07095947242679883,-0.11031946970293831,-0.38184998948033355,1.5511748272551025,-0.5904647734189133,1.4036517001158426,-0.08989331499509892,-0.10060545457319174,-0.21981657747106437,-0.7941781627873975,-0.3070801941090227,-0.19621814613865227,0.9415829490307701,-0.4156175589970315,-0.20166150310667885,-0.4864967196604686,-0.21219372754742588,-0.2991983466782894,-0.6400035310637054,-0.14660958536878183,0.6743963935452368,-0.3318468896580935,-0.2931944802761775,-0.03167031776097681,-0.268264101878365,2.9477653211118273,-1.1683017204269652,-0.03167031776097681,-0.03167031776097681
0.3188349332032267,0.30388411305579033,-1.181175276352668,-0.2646640721503725,-0.4647718592256985,-0.3617231403378489,-0.5688650341299796,2.9162924930057867,-0.8059694639746,1.0946405279645712,-0.2529147778628351,-0.22965760608731267,0.893419385394227,-0.3921188919620247,-0.07095947242679883,-0.11031946970293831,-0.38184998948033355,1.5511748272551025,-0.5904647734189133,1.4036517001158426,-0.08989331499509892,-0.10060545457319174,-0.21981657747106437,-0.7941781627873975,-0.3070801941090227,-0.19621814613865227,0.9415829490307701,-0.4156175589970315,-0.20166150310667885,-0.4864967196604686,-0.21219372754742588,-0.2991983466782894,1.5624913792865636,-0.14660958536878183,-1.482807455038566,-0.3318468896580935,-0.2931944802761775,-0.03167031776097681,-0.268264101878365,2.9477653211118273,-1.1683017204269652,-0.03167031776097681,-0.03167031776097681
0.3188349332032267,0.30388411305579033,-1.1054258273229824,-0.1681835432370247,-1.023618022487442,0.019883301583053115,-0.5688650341299796,-0.34290113299620106,1.240741795686089,-0.9135419112057267,-0.2529147778628351,-0.22965760608731267,0.893419385394227,-0.3921188919620247,-0.07095947242679883,-0.11031946970293831,-0.38184998948033355,1.5511748272551025,-0.5904647734189133,1.4036517001158426,-0.08989331499509892,-0.10060545457319174,-0.21981657747106437,-0.7941781627873975,-0.3070801941090227,-0.19621814613865227,-1.0620413220411034,2.4060581136494816,-0.20166150310667885,-0.4864967196604686,-0.21219372754742588,-0.2991983466782894,1.5624913792865636,-0.14660958536878183,-1.482807455038566,-0.3318468896580935,-0.2931944802761775,-0.03167031776097681,-0.268264101878365,2.9477653211118273,-1.1683017204269652,-0.03167031776097681,-0.03167031776097681
-1.183353282575645,-1.1957825761195031,-0.8024280312042414,-0.2646640721503725,0.6529204672977886,1.164702627345759,-0.5688650341299796,-0.34290113299620106,1.240741795686089,1.0946405279645712,-0.2529147778628351,-0.22965760608731267,-1.119295166803151,-0.3921188919620247,-0.07095947242679883,-0.11031946970293831,-0.38184998948033355,1.5511748272551025,-0.5904647734189133,1.4036517001158426,-0.08989331499509892,-0.10060545457319174,-0.21981657747106437,-0.7941781627873975,-0.3070801941090227,-0.19621814613865227,0.9415829490307701,-0.4156175589970315,-0.20166150310667885,-0.4864967196604686,-0.21219372754742588,-0.2991983466782894,-0.6400035310637054,-0.14660958536878183,0.6743963935452368,-0.3318468896580935,-0.2931944802761775,-0.03167031776097681,-0.268264101878365,2.9477653211118273,-1.1683017204269652,-0.03167031776097681,-0.03167031776097681
-1.183353282575645,-1.1957825761195031,-1.6356719705307796,-0.843547245630459,0.8392025217183697,1.5463090692666612,-0.5688650341299796,-0.34290113299620106,1.240741795686089,-0.9135419112057267,-0.2529147778628351,-0.22965760608731267,0.893419385394227,-0.3921188919620247,-0.07095947242679883,-0.11031946970293831,-0.38184998948033355,1.5511748272551025,-0.5904647734189133,-0.7124274490013944,-0.08989331499509892,-0.10060545457319174,-0.21981657747106437,-0.7941781627873975,-0.3070801941090227,5.0963686064660765,0.9415829490307701,-0.4156175589970315,-0.20166150310667885,-0.4864967196604686,-0.21219372754742588,-0.2991983466782894,-0.6400035310637054,-0.14660958536878183,0.6743963935452368,-0.3318468896580935,-0.2931944802761775,-0.03167031776097681,-0.268264101878365,2.9477653211118273,-1.1683017204269652,-0.03167031776097681,-0.03167031776097681
-0.33837241120002964,-0.3522200634584006,-1.0296763782932972,-0.11994327878035099,-1.955028294590348,-0.3617231403378489,-0.5688650341299796,-0.34290113299620106,1.240741795686089,1.0946405279645712,-0.2529147778628351,-0.22965760608731267,0.893419385394227,-0.3921188919620247,-0.07095947242679883,-0.11031946970293831,-0.38184998948033355,1.5511748272551025,-0.5904647734189133,1.4036517001158426,-0.08989331499509892,-0.10060545457319174,-0.21981657747106437,-0.7941781627873975,-0.3070801941090227,-0.19621814613865227,0.9415829490307701,-0.4156175589970315,-0.20166150310667885,-0.4864967196604686,-0.21219372754742588,-0.2991983466782894,-0.6400035310637054,-0.14660958536878183,0.6743963935452368,-0.3318468896580935,-0.2931944802761775,-0.03167031776097681,-0.268264101878365,2.9477653211118273,-1.1683017204269652,-0.03167031776097681,-0.03167031776097681
-1.1533095182600674,-1.164539520095018,-0.953926929263612,-0.554105658890416,-1.1167590496977327,0.4014897435039551,-0.5688650341299796,-0.34290113299620106,1.240741795686089,1.0946405279645712,-0.2529147778628351,-0.22965760608731267,-1.119295166803151,-0.3921188919620247,-0.07095947242679883,-0.11031946970293831,-0.38184998948033355,1.5511748272551025,-0.5904647734189133,1.4036517001158426,-0.08989331499509892,-0.10060545457319174,-0.21981657747106437,-0.7941781627873975,-0.3070801941090227,-0.19621814613865227,0.9415829490307701,-0.4156175589970315,-0.20166150310667885,-0.4864967196604686,-0.21219372754742588,3.3422644580160132,-0.6400035310637054,-0.14660958536878183,0.6743963935452368,-0.3318468896580935,-0.2931944802761775,-0.03167031776097681,-0.268264101878365,-0.3392400313681768,-1.1683017204269652,-0.03167031776097681,-0.03167031776097681
-1.1232657539444901,-1.1332964640705327,-1.0296763782932972,-0.6023459233470897,0.1872153312463356,0.019883301583053115,-0.5688650341299796,-0.34290113299620106,1.240741795686089,-0.9135419112057267,-0.2529147778628351,-0.22965760608731267,0.893419385394227,-0.3921188919620247,-0.07095947242679883,-0.11031946970293831,-0.38184998948033355,1.5511748272551025,-0.5904647734189133,1.4036517001158426,-0.08989331499509892,-0.10060545457319174,-0.21981657747106437,-0.7941781627873975,-0.3070801941090227,-0.19621814613865227,0.9415829490307701,-0.4156175589970315,-0.20166150310667885,-0.4864967196604686,-0.21219372754742588,-0.2991983466782894,-0.6400035310637054,-0.14660958536878183,0.6743963935452368,-0.3318468896580935,-0.2931944802761775,-0.03167031776097681,-0.268264101878365,-0.3392400313681768,-1.1683017204269652,-0.03167031776097681,-0.03167031776097681
-1.1232657539444901,-1.1332964640705327,-1.181175276352668,-0.1681835432370247,0.8392025217183697,1.9279155111875632,-0.5688650341299796,-0.34290113299620106,1.240741795686089,1.0946405279645712,-0.2529147778628351,-0.22965760608731267,0.893419385394227,-0.3921188919620247,-0.07095947242679883,-0.11031946970293831,-0.38184998948033355,1.5511748272551025,-0.5904647734189133,1.4036517001158426,-0.08989331499509892,-0.10060545457319174,-0.21981657747106437,-0.7941781627873975,-0.3070801941090227,-0.19621814613865227,0.9415829490307701,-0.4156175589970315,-0.20166150310667885,-0.4864967196604686,-0.21219372754742588,-0.2991983466782894,1.5624913792865636,-0.14660958536878183,-1.482807455038566,-0.3318468896580935,-0.2931944802761775,-0.03167031776097681,-0.268264101878365,-0.3392400313681768,-1.1683017204269652,-0.03167031776097681,-0.03167031776097681
-1.1232657539444901,-1.1332964640705327,-1.3326741744120385,-0.6988264522604375,-1.768746240169767,0.4014897435039551,-0.5688650341299796,-0.34290113299620106,1.240741795686089,-0.9135419112057267,-0.2529147778628351,-0.22965760608731267,0.893419385394227,-0.3921188919620247,-0.07095947242679883,-0.11031946970293831,-0.38184998948033355,1.5511748272551025,-0.5904647734189133,1.4036517001158426,-0.08989331499509892,-0.10060545457319174,-0.21981657747106437,-0.7941781627873975,-0.3070801941090227,-0.19621814613865227,0.9415829490307701,-0.4156175589970315,-0.20166150310667885,-0.4864967196604686,-0.21219372754742588,-0.2991983466782894,-0.6400035310637054,-0.14660958536878183,0.6743963935452368,-0.3318468896580935,-0.2931944802761775,-0.03167031776097681,-0.268264101878365,-0.3392400313681768,-1.1683017204269652,-0.03167031776097681,-0.03167031776097681
-1.0894665190894655,-1.1020534080460473,-0.8024280312042414,-0.21642380769369882,1.1186256033492414,1.164702627345759,-0.5688650341299796,-0.34290113299620106,1.240741795686089,1.0946405279645712,-0.2529147778628351,-0.22965760608731267,0.893419385394227,-0.3921188919620247,-0.07095947242679883,-0.11031946970293831,-0.38184998948033355,1.5511748272551025,-0.5904647734189133,-0.7124274490013944,-0.08989331499509892,9.939818911831344,-0.21981657747106437,-0.7941781627873975,-0.3070801941090227,-0.19621814613865227,0.9415829490307701,-0.4156175589970315,-0.20166150310667885,-0.4864967196604686,-0.21219372754742588,-0.2991983466782894,1.5624913792865636,-0.14660958536878183,-1.482807455038566,-0.3318468896580935,-0.2931944802761775,-0.03167031776097681,-0.268264101878365,-0.3392400313681768,-1.1683017204269652,-0.03167031776097681,-0.03167031776097681
-0.12055511991209324,-0.13351867128700362,-1.181175276352668,-0.07170301432367729,-1.023618022487442,-0.3617231403378489,-0.5688650341299796,-0.34290113299620106,1.240741795686089,1.0946405279645712,-0.2529147778628351,-0.22965760608731267,0.893419385394227,-0.3921188919620247,-0.07095947242679883,-0.11031946970293831,-0.38184998948033355,1.5511748272551025,-0.5904647734189133,1.4036517001158426,-0.08989331499509892,-0.10060545457319174,-0.21981657747106437,-0.7941781627873975,-0.3070801941090227,-0.19621814613865227,0.9415829490307701,-0.4156175589970315,-0.20166150310667885,-0.4864967196604686,-0.21219372754742588,-0.2991983466782894,-0.6400035310637054,-0.14660958536878183,0.6743963935452368,-0.3318468896580935,-0.2931944802761775,-0.03167031776097681,-0.268264101878365,-0.3392400313681768,-1.1683017204269652,-0.03167031776097681,-0.03167031776097681
-0.3083286468844522,-0.32097700743391533,-0.8781774802339267,-0.11994327878035099,-0.9304769952771516,-0.3617231403378489,-0.5688650341299796,-0.34290113299620106,1.240741795686089,1.0946405279645712,-0.2529147778628351,-0.22965760608731267,0.893419385394227,-0.3921188919620247,-0.07095947242679883,-0.11031946970293831,2.618829455412367,-0.6446726587031845,-0.5904647734189133,-0.7124274490013944,-0.08989331499509892,-0.10060545457319174,-0.21981657747106437,-0.7941781627873975,-0.3070801941090227,-0.19621814613865227,-1.0620413220411034,2.4060581136494816,-0.20166150310667885,-0.4864967196604686,-0.21219372754742588,-0.2991983466782894,-0.6400035310637054,-0.14660958536878183,0.6743963935452368,-0.3318468896580935,-0.2931944802761775,-0.03167031776097681,-0.268264101878365,-0.3392400313681768,-1.1683017204269652,-0.03167031776097681,-0.03167031776097681
-0.21444188339827272,-0.22724783936045947,-0.8781774802339267,-0.02346274986700317,-1.489323158538895,-0.3617231403378489,-0.5688650341299796,-0.34290113299620106,1.240741795686089,1.0946405279645712,-0.2529147778628351,-0.22965760608731267,-1.119295166803151,-0.3921188919620247,-0.07095947242679883,-0.11031946970293831,-0.38184998948033355,1.5511748272551025,-0.5904647734189133,1.4036517001158426,-0.08989331499509892,-0.10060545457319174,-0.21981657747106437,-0.7941781627873975,-0.3070801941090227,-0.19621814613865227,0.9415829490307701,-0.4156175589970315,-0.20166150310667885,-0.4864967196604686,-0.21219372754742588,-0.2991983466782894,1.5624913792865636,-0.14660958536878183,-1.482807455038566,-0.3318468896580935,-0.2931944802761775,-0.03167031776097681,-0.268264101878365,-0.3392400313681768,-1.1683017204269652,-0.03167031776097681,-0.03167031776097681
-1.0594227547738881,-1.0708103520215622,-1.5599225215010943,-0.6023459233470897,-0.09220775038453617,0.4014897435039551,-0.5688650341299796,-0.34290113299620106,1.240741795686089,-0.9135419112057267,-0.2529147778628351,-0.22965760608731267,0.893419385394227,2.5502469289259504,-0.07095947242679883,-0.11031946970293831,-0.38184998948033355,-0.6446726587031845,-0.5904647734189133,1.4036517001158426,-0.08989331499509892,-0.10060545457319174,-0.21981657747106437,-0.7941781627873975,-0.3070801941090227,-0.19621814613865227,0.9415829490307701,-0.4156175589970315,-0.20166150310667885,-0.4864967196604686,-0.21219372754742588,-0.2991983466782894,1.5624913792865636,-0.14660958536878183,-1.482807455038566,-0.3318468896580935,-0.2931944802761775,-0.03167031776097681,-0.268264101878365,-0.3392400313681768,-1.1683017204269652,-0.03167031776097681,-0.03167031776097681
-1.0594227547738881,-1.0708103520215622,-1.1054258273229824,-0.1681835432370247,0.559779440087498,-0.3617231403378489,-0.5688650341299796,-0.34290113299620106,1.240741795686089,1.0946405279645712,-0.2529147778628351,-0.22965760608731267,0.893419385394227,-0.3921188919620247,-0.07095947242679883,-0.11031946970293831,2.618829455412367,-0.6446726587031845,-0.5904647734189133,1.4036517001158426,-0.08989331499509892,-0.10060545457319174,-0.21981657747106437,-0.7941781627873975,-0.3070801941090227,-0.19621814613865227,-1.0620413220411034,2.4060581136494816,-0.20166150310667885,-0.4864967196604686,-0.21219372754742588,-0.2991983466782894,1.5624913792865636,-0.14660958536878183,-1.482807455038566,-0.3318468896580935,-0.2931944802761775,-0.03167031776097681,-0.268264101878365,-0.3392400313681768,-1.1683017204269652,-0.03167031776097681,-0.03167031776097681
-1.0594227547738881,-1.0708103520215622,-1.6356719705307796,-0.843547245630459,-0.27848980480511737,-0.3617231403378489,-0.5688650341299796,-0.34290113299620106,1.240741795686089,-0.9135419112057267,-0.2529147778628351,-0.22965760608731267,0.893419385394227,-0.3921188919620247,-0.07095947242679883,-0.11031946970293831,-0.38184998948033355,1.5511748272551025,-0.5904647734189133,1.4036517001158426,-0.08989331499509892,-0.10060545457319174,-0.21981657747106437,-0.7941781627873975,-0.3070801941090227,-0.19621814613865227,0.9415829490307701,-0.4156175589970315,-0.20166150310667885,-0.4864967196604686,-0.21219372754742588,-0.2991983466782894,-0.6400035310637054,-0.14660958536878183,0.6743963935452368,-0.3318468896580935,-0.2931944802761775,-0.03167031776097681,-0.268264101878365,-0.3392400313681768,-1.1683017204269652,-0.03167031776097681,-0.03167031776097681
-1.0594227547738881,-1.0708103520215622,-1.4084236234417238,-0.6505861878037636,-0.09220775038453617,-0.3617231403378489,-0.5688650341299796,-0.34290113299620106,1.240741795686089,-0.9135419112057267,-0.2529147778628351,-0.22965760608731267,0.893419385394227,2.5502469289259504,-0.07095947242679883,-0.11031946970293831,-0.38184998948033355,-0.6446726587031845,-0.5904647734189133,1.4036517001158426,-0.08989331499509892,-0.10060545457319174,-0.21981657747106437,-0.7941781627873975,-0.3070801941090227,-0.19621814613865227,0.9415829490307701,-0.4156175589970315,-0.20166150310667885,-0.4864967196604686,-0.21219372754742588,-0.2991983466782894,-0.6400035310637054,-0.14660958536878183,0.6743963935452368,-0.3318468896580935,-0.2931944802761775,-0.03167031776097681,-0.268264101878365,-0.3392400313681768,0.855943274340589,-0.03167031776097681,-0.03167031776097681
0.13106140623086773,0.11642577690887863,-1.181175276352668,-0.2646640721503725,-0.9304769952771516,-0.3617231403378489,-0.5688650341299796,-0.34290113299620106,1.240741795686089,-0.9135419112057267,-0.2529147778628351,-0.22965760608731267,0.893419385394227,-0.3921188919620247,-0.07095947242679883,-0.11031946970293831,-0.38184998948033355,1.5511748272551025,-0.5904647734189133,1.4036517001158426,-0.08989331499509892,-0.10060545457319174,-0.21981657747106437,-0.7941781627873975,-0.3070801941090227,-0.19621814613865227,0.9415829490307701,-0.4156175589970315,-0.20166150310667885,-0.4864967196604686,-0.21219372754742588,-0.2991983466782894,-0.6400035310637054,-0.14660958536878183,0.6743963935452368,-0.3318468896580935,-0.2931944802761775,-0.03167031776097681,-0.268264101878365,-0.3392400313681768,0.855943274340589,-0.03167031776097681,-0.03167031776097681
-1.0293789904583106,-1.0395672959970768,-1.4084236234417238,-0.4431530506400659,-1.3961821313286045,0.4014897435039551,-0.5688650341299796,-0.34290113299620106,1.240741795686089,-0.9135419112057267,-0.2529147778628351,4.354308211415448,-1.119295166803151,-0.3921188919620247,-0.07095947242679883,-0.11031946970293831,-0.38184998948033355,1.5511748272551025,-0.5904647734189133,-0.7124274490013944,-0.08989331499509892,9.939818911831344,-0.21981657747106437,-0.7941781627873975,-0.3070801941090227,-0.19621814613865227,-1.0620413220411034,2.4060581136494816,-0.20166150310667885,-0.4864967196604686,-0.21219372754742588,-0.2991983466782894,-0.6400035310637054,-0.14660958536878183,0.6743963935452368,-0.3318468896580935,-0.2931944802761775,-0.03167031776097681,-0.268264101878365,-0.3392400313681768,0.855943274340589,-0.03167031776097681,-0.03167031776097681
-1.0293789904583106,-1.0395672959970768,-1.5599225215010943,-0.25501601925903794,1.025484576138951,-0.3617231403378489,-0.5688650341299796,-0.34290113299620106,1.240741795686089,-0.9135419112057267,-0.2529147778628351,4.354308211415448,-1.119295166803151,-0.3921188919620247,-0.07095947242679883,-0.11031946970293831,-0.38184998948033355,1.5511748272551025,-0.5904647734189133,1.4036517001158426,-0.08989331499509892,-0.10060545457319174,-0.21981657747106437,-0.7941781627873975,-0.3070801941090227,-0.19621814613865227,-1.0620413220411034,2.4060581136494816,-0.20166150310667885,-0.4864967196604686,-0.21219372754742588,-0.2991983466782894,1.5624913792865636,-0.14660958536878183,-1.482807455038566,-0.3318468896580935,-0.2931944802761775,-0.03167031776097681,-0.268264101878365,-0.3392400313681768,0.855943274340589,-0.03167031776097681,-0.03167031776097681
-1.0293789904583106,-1.0395672959970768,-1.2569247253823532,0.3865794980147246,-1.6756052129594763,-0.3617231403378489,-0.5688650341299796,-0.34290113299620106,1.240741795686089,1.0946405279645712,-0.2529147778628351,4.354308211415448,-1.119295166803151,-0.3921188919620247,-0.07095947242679883,-0.11031946970293831,-0.38184998948033355,1.5511748272551025,-0.5904647734189133,1.4036517001158426,-0.08989331499509892,-0.10060545457319174,-0.21981657747106437,-0.7941781627873975,-0.3070801941090227,-0.19621814613865227,0.9415829490307701,-0.4156175589970315,-0.20166150310667885,-0.4864967196604686,-0.21219372754742588,-0.2991983466782894,-0.6400035310637054,-0.14660958536878183,0.6743963935452368,-0.3318468896580935,-0.2931944802761775,-0.03167031776097681,-0.268264101878365,-0.3392400313681768,0.855943274340589,-0.03167031776097681,-0.03167031776097681
-1.0293789904583106,-1.0395672959970768,-0.044933540907388575,-0.11994327878035099,-1.023618022487442,0.019883301583053115,-0.5688650341299796,-0.34290113299620106,1.240741795686089,-0.9135419112057267,-0.2529147778628351,4.354308211415448,-1.119295166803151,-0.3921188919620247,-0.07095947242679883,-0.11031946970293831,-0.38184998948033355,1.5511748272551025,-0.5904647734189133,1.4036517001158426,-0.08989331499509892,-0.10060545457319174,-0.21981657747106437,-0.7941781627873975,-0.3070801941090227,-0.19621814613865227,0.9415829490307701,-0.4156175589970315,-0.20166150310667885,-0.4864967196604686,-0.21219372754742588,-0.2991983466782894,-0.6400035310637054,-0.14660958536878183,0.6743963935452368,-0.3318468896580935,-0.2931944802761775,-0.03167031776097681,-0.268264101878365,-0.3392400313681768,0.855943274340589,-0.03167031776097681,-0.03167031776097681
-0.995579755603286,-1.0083242399725916,-0.044933540907388575,-0.11994327878035099,0.000933276825754426,0.019883301583053115,-0.5688650341299796,-0.34290113299620106,1.240741795686089,1.0946405279645712,-0.2529147778628351,4.354308211415448,-1.119295166803151,-0.3921188919620247,-0.07095947242679883,-0.11031946970293831,-0.38184998948033355,1.5511748272551025,-0.5904647734189133,1.4036517001158426,-0.08989331499509892,-0.10060545457319174,-0.21981657747106437,-0.7941781627873975,-0.3070801941090227,-0.19621814613865227,0.9415829490307701,-0.4156175589970315,-0.20166150310667885,-0.4864967196604686,-0.21219372754742588,-0.2991983466782894,1.5624913792865636,-0.14660958536878183,-1.482807455038566,-0.3318468896580935,-0.2931944802761775,-0.03167031776097681,-0.268264101878365,-0.3392400313681768,0.855943274340589,-0.03167031776097681,-0.03167031776097681
-0.995579755603286,-1.0083242399725916,-0.044933540907388575,-0.11994327878035099,0.559779440087498,-0.3617231403378489,-0.5688650341299796,-0.34290113299620106,1.240741795686089,1.0946405279645712,-0.2529147778628351,4.354308211415448,-1.119295166803151,-0.3921188919620247,-0.07095947242679883,-0.11031946970293831,2.618829455412367,-0.6446726587031845,-0.5904647734189133,1.4036517001158426,-0.08989331499509892,-0.10060545457319174,-0.21981657747106437,-0.7941781627873975,-0.3070801941090227,-0.19621814613865227,0.9415829490307701,-0.4156175589970315,-0.20166150310667885,-0.4864967196604686,-0.21219372754742588,-0.2991983466782894,-0.6400035310637054,-0.14660958536878183,0.6743963935452368,-0.3318468896580935,-0.2931944802761775,-0.03167031776097681,-0.268264101878365,-0.3392400313681768,0.855943274340589,-0.03167031776097681,-0.03167031776097681
-0.995579755603286,-1.0083242399725916,-0.044933540907388575,-0.11994327878035099,-1.5824641857491857,-0.3617231403378489,-0.5688650341299796,-0.34290113299620106,1.240741795686089,-0.9135419112057267,-0.2529147778628351,4.354308211415448,-1.119295166803151,-0.3921188919620247,-0.07095947242679883,-0.11031946970293831,-0.38184998948033355,1.5511748272551025,-0.5904647734189133,1.4036517001158426,-0.08989331499509892,-0.10060545457319174,-0.21981657747106437,-0.7941781627873975,-0.3070801941090227,-0.19621814613865227,-1.0620413220411034,2.4060581136494816,-0.20166150310667885,-0.4864967196604686,-0.21219372754742588,-0.2991983466782894,1.5624913792865636,-0.14660958536878183,-1.482807455038566,-0.3318468896580935,-0.2931944802761775,-0.03167031776097681,-0.268264101878365,-0.3392400313681768,0.855943274340589,-0.03167031776097681,-0.03167031776097681
-0.995579755603286,-1.0083242399725916,-0.044933540907388575,-0.11994327878035099,0.46663841287720736,-0.3617231403378489,-0.5688650341299796,-0.34290113299620106,1.240741795686089,-0.9135419112057267,-0.2529147778628351,4.354308211415448,-1.119295166803151,-0.3921188919620247,-0.07095947242679883,-0.11031946970293831,-0.38184998948033355,1.5511748272551025,-0.5904647734189133,-0.7124274490013944,-0.08989331499509892,-0.10060545457319174,-0.21981657747106437,-0.7941781627873975,-0.3070801941090227,-0.19621814613865227,0.9415829490307701,-0.4156175589970315,-0.20166150310667885,-0.4864967196604686,-0.21219372754742588,-0.2991983466782894,-0.6400035310637054,-0.14660958536878183,0.6743963935452368,-0.3318468896580935,-0.2931944802761775,-0.03167031776097681,-0.268264101878365,-0.3392400313681768,0.855943274340589,-0.03167031776097681,-0.03167031776097681
0.41272169668940617,0.39761328112924615,-1.1054258273229824,1.6263542945512428,0.559779440087498,-0.3617231403378489,-0.5688650341299796,-0.34290113299620106,1.240741795686089,1.0946405279645712,-0.2529147778628351,-0.22965760608731267,0.893419385394227,2.5502469289259504,-0.07095947242679883,-0.11031946970293831,-0.38184998948033355,-0.6446726587031845,-0.5904647734189133,1.4036517001158426,-0.08989331499509892,-0.10060545457319174,-0.21981657747106437,-0.7941781627873975,-0.3070801941090227,-0.19621814613865227,-1.0620413220411034,2.4060581136494816,-0.20166150310667885,-0.4864967196604686,-0.21219372754742588,-0.2991983466782894,1.5624913792865636,-0.14660958536878183,-1.482807455038566,-0.3318468896580935,-0.2931944802761775,-0.03167031776097681,-0.268264101878365,-0.3392400313681768,0.855943274340589,-0.03167031776097681,-0.03167031776097681
-0.9655359912877086,-0.9770811839481063,-1.2569247253823532,0.738733428548444,-0.6510539136462797,0.019883301583053115,-0.5688650341299796,-0.34290113299620106,1.240741795686089,-0.9135419112057267,-0.2529147778628351,-0.22965760608731267,0.893419385394227,2.5502469289259504,-0.07095947242679883,-0.11031946970293831,-0.38184998948033355,-0.6446726587031845,-0.5904647734189133,1.4036517001158426,-0.08989331499509892,-0.10060545457319174,-0.21981657747106437,-0.7941781627873975,-0.3070801941090227,-0.19621814613865227,0.9415829490307701,-0.4156175589970315,-0.20166150310667885,-0.4864967196604686,-0.21219372754742588,-0.2991983466782894,-0.6400035310637054,-0.14660958536878183,0.6743963935452368,-0.3318468896580935,-0.2931944802761775,-0.03167031776097681,-0.268264101878365,-0.3392400313681768,0.855943274340589,-0.03167031776097681,-0.03167031776097681
-0.9354922269721311,-0.945838127923621,-0.423680786055815,0.02477751458967053,-1.023618022487442,-0.3617231403378489,-0.5688650341299796,-0.34290113299620106,1.240741795686089,-0.9135419112057267,-0.2529147778628351,-0.22965760608731267,0.893419385394227,-0.3921188919620247,-0.07095947242679883,-0.11031946970293831,-0.38184998948033355,1.5511748272551025,-0.5904647734189133,1.4036517001158426,-0.08989331499509892,-0.10060545457319174,-0.21981657747106437,-0.7941781627873975,-0.3070801941090227,-0.19621814613865227,0.9415829490307701,-0.4156175589970315,-0.20166150310667885,-0.4864967196604686,-0.21219372754742588,-0.2991983466782894,-0.6400035310637054,-0.14660958536878183,0.6743963935452368,-0.3318468896580935,-0.2931944802761775,-0.03167031776097681,-0.268264101878365,-0.3392400313681768,0.855943274340589,-0.03167031776097681,-0.03167031776097681
-0.9354922269721311,-0.945838127923621,-0.8024280312042414,0.7821496665594504,0.7460614945080791,-0.3617231403378489,-0.5688650341299796,-0.34290113299620106,1.240741795686089,1.0946405279645712,-0.2529147778628351,-0.22965760608731267,0.893419385394227,-0.3921188919620247,-0.07095947242679883,-0.11031946970293831,-0.38184998948033355,1.5511748272551025,-0.5904647734189133,1.4036517001158426,-0.08989331499509892,-0.10060545457319174,-0.21981657747106437,-0.7941781627873975,-0.3070801941090227,-0.19621814613865227,0.9415829490307701,-0.4156175589970315,-0.20166150310667885,-0.4864967196604686,-0.21219372754742588,-0.2991983466782894,-0.6400035310637054,-0.14660958536878183,0.6743963935452368,-0.3318468896580935,-0.2931944802761775,-0.03167031776097681,-0.268264101878365,-0.3392400313681768,0.855943274340589,-0.03167031776097681,-0.03167031776097681
-0.9354922269721311,-0.945838127923621,-1.6356719705307796,-0.2646640721503725,0.09407430403604503,-0.3617231403378489,-0.5688650341299796,-0.34290113299620106,1.240741795686089,-0.9135419112057267,-0.2529147778628351,-0.22965760608731267,0.893419385394227,2.5502469289259504,-0.07095947242679883,-0.11031946970293831,-0.38184998948033355,-0.6446726587031845,-0.5904647734189133,1.4036517001158426,-0.08989331499509892,-0.10060545457319174,-0.21981657747106437,-0.7941781627873975,-0.3070801941090227,-0.19621814613865227,-1.0620413220411034,2.4060581136494816,-0.20166150310667885,-0.4864967196604686,-0.21219372754742588,-0.2991983466782894,-0.6400035310637054,-0.14660958536878183,0.6743963935452368,-0.3318468896580935,-0.2931944802761775,-0.03167031776097681,-0.268264101878365,-0.3392400313681768,0.855943274340589,-0.03167031776097681,-0.03167031776097681
-0.9354922269721311,-0.945838127923621,-1.0296763782932972,0.5071801591564092,-1.489323158538895,-0.3617231403378489,-0.5688650341299796,-0.34290113299620106,1.240741795686089,1.0946405279645712,-0.2529147778628351,-0.22965760608731267,0.893419385394227,-0.3921188919620247,-0.07095947242679883,-0.11031946970293831,-0.38184998948033355,1.5511748272551025,-0.5904647734189133,1.4036517001158426,-0.08989331499509892,-0.10060545457319174,-0.21981657747106437,-0.7941781627873975,-0.3070801941090227,-0.19621814613865227,0.9415829490307701,-0.4156175589970315,-0.20166150310667885,-0.4864967196604686,-0.21219372754742588,-0.2991983466782894,1.5624913792865636,-0.14660958536878183,-1.482807455038566,-0.3318468896580935,-0.2931944802761775,-0.03167031776097681,-0.268264101878365,-0.3392400313681768,0.855943274340589,-0.03167031776097681,-0.03167031776097681
-0.9016929921171065,-0.9145950718991357,-1.484173072471409,0.02477751458967053,-2.0481693218006387,-0.3617231403378489,-0.5688650341299796,-0.34290113299620106,1.240741795686089,-0.9135419112057267,-0.2529147778628351,-0.22965760608731267,0.893419385394227,2.5502469289259504,-0.07095947242679883,-0.11031946970293831,-0.38184998948033355,-0.6446726587031845,-0.5904647734189133,-0.7124274490013944,-0.08989331499509892,-0.10060545457319174,-0.21981657747106437,-0.7941781627873975,-0.3070801941090227,5.0963686064660765,0.9415829490307701,-0.4156175589970315,-0.20166150310667885,-0.4864967196604686,-0.21219372754742588,-0.2991983466782894,1.5624913792865636,-0.14660958536878183,-1.482807455038566,-0.3318468896580935,-0.2931944802761775,-0.03167031776097681,-0.268264101878365,-0.3392400313681768,0.855943274340589,-0.03167031776097681,-0.03167031776097681
-0.9016929921171065,-0.9145950718991357,-1.0296763782932972,-0.41420889196606175,-1.6756052129594763,-0.3617231403378489,-0.5688650341299796,-0.34290113299620106,1.240741795686089,-0.9135419112057267,-0.2529147778628351,-0.22965760608731267,-1.119295166803151,-0.3921188919620247,-0.07095947242679883,-0.11031946970293831,-0.38184998948033355,1.5511748272551025,-0.5904647734189133,1.4036517001158426,-0.08989331499509892,-0.10060545457319174,-0.21981657747106437,-0.7941781627873975,-0.3070801941090227,-0.19621814613865227,0.9415829490307701,-0.4156175589970315,-0.20166150310667885,-0.4864967196604686,-0.21219372754742588,-0.2991983466782894,-0.6400035310637054,-0.14660958536878183,0.6743963935452368,-0.3318468896580935,-0.2931944802761775,-0.03167031776097681,-0.268264101878365,-0.3392400313681768,0.855943274340589,-0.03167031776097681,-0.03167031776097681
-0.8716492278015291,-0.8833520158746504,-1.1054258273229824,0.7483814814397786,-0.18534877759482676,-0.3617231403378489,-0.5688650341299796,-0.34290113299620106,1.240741795686089,1.0946405279645712,-0.2529147778628351,-0.22965760608731267,0.893419385394227,-0.3921188919620247,-0.07095947242679883,-0.11031946970293831,2.618829455412367,-0.6446726587031845,-0.5904647734189133,-0.7124274490013944,-0.08989331499509892,-0.10060545457319174,-0.21981657747106437,-0.7941781627873975,-0.3070801941090227,-0.19621814613865227,0.9415829490307701,-0.4156175589970315,-0.20166150310667885,-0.4864967196604686,-0.21219372754742588,-0.2991983466782894,-0.6400035310637054,-0.14660958536878183,0.6743963935452368,-0.3318468896580935,-0.2931944802761775,-0.03167031776097681,-0.268264101878365,-0.3392400313681768,0.855943274340589,-0.03167031776097681,-0.03167031776097681
-0.8716492278015291,-0.8833520158746504,-0.953926929263612,0.7339094021027763,-1.8618872673800575,-0.3617231403378489,-0.5688650341299796,-0.34290113299620106,1.240741795686089,1.0946405279645712,-0.2529147778628351,-0.22965760608731267,-1.119295166803151,-0.3921188919620247,-0.07095947242679883,-0.11031946970293831,-0.38184998948033355,1.5511748272551025,-0.5904647734189133,1.4036517001158426,-0.08989331499509892,-0.10060545457319174,-0.21981657747106437,-0.7941781627873975,-0.3070801941090227,-0.19621814613865227,0.9415829490307701,-0.4156175589970315,-0.20166150310667885,-0.4864967196604686,-0.21219372754742588,-0.2991983466782894,-0.6400035310637054,-0.14660958536878183,0.6743963935452368,-0.3318468896580935,-0.2931944802761775,-0.03167031776097681,-0.268264101878365,-0.3392400313681768,0.855943274340589,-0.03167031776097681,-0.03167031776097681
-0.8716492278015291,-0.8833520158746504,-1.3326741744120385,-0.1778315961283597,-0.18534877759482676,0.4014897435039551,-0.5688650341299796,-0.34290113299620106,1.240741795686089,-0.9135419112057267,-0.2529147778628351,-0.22965760608731267,0.893419385394227,-0.3921188919620247,-0.07095947242679883,-0.11031946970293831,-0.38184998948033355,1.5511748272551025,-0.5904647734189133,1.4036517001158426,-0.08989331499509892,-0.10060545457319174,-0.21981657747106437,-0.7941781627873975,-0.3070801941090227,-0.19621814613865227,0.9415829490307701,-0.4156175589970315,-0.20166150310667885,-0.4864967196604686,-0.21219372754742588,-0.2991983466782894,-0.6400035310637054,-0.14660958536878183,0.6743963935452368,-0.3318468896580935,-0.2931944802761775,-0.03167031776097681,-0.268264101878365,-0.3392400313681768,0.855943274340589,-0.03167031776097681,-0.03167031776097681
-0.8716492278015291,-0.8833520158746504,-1.1054258273229824,0.7097892698744395,-1.3961821313286045,-0.3617231403378489,-0.5688650341299796,-0.34290113299620106,1.240741795686089,1.0946405279645712,-0.2529147778628351,-0.22965760608731267,-1.119295166803151,-0.3921188919620247,-0.07095947242679883,-0.11031946970293831,-0.38184998948033355,1.5511748272551025,-0.5904647734189133,1.4036517001158426,-0.08989331499509892,-0.10060545457319174,-0.21981657747106437,-0.7941781627873975,-0.3070801941090227,-0.19621814613865227,0.9415829490307701,-0.4156175589970315,-0.20166150310667885,-0.4864967196604686,-0.21219372754742588,-0.2991983466782894,-0.6400035310637054,-0.14660958536878183,0.6743963935452368,-0.3318468896580935,-0.2931944802761775,-0.03167031776097681,-0.268264101878365,-0.3392400313681768,0.855943274340589,-0.03167031776097681,-0.03167031776097681
-0.8416054634859517,-0.8521089598501651,-1.0296763782932972,-0.11994327878035099,-0.837335968066861,-0.3617231403378489,-0.5688650341299796,-0.34290113299620106,1.240741795686089,1.0946405279645712,-0.2529147778628351,-0.22965760608731267,0.893419385394227,-0.3921188919620247,-0.07095947242679883,-0.11031946970293831,-0.38184998948033355,1.5511748272551025,-0.5904647734189133,1.4036517001158426,-0.08989331499509892,-0.10060545457319174,-0.21981657747106437,-0.7941781627873975,-0.3070801941090227,-0.19621814613865227,-1.0620413220411034,2.4060581136494816,-0.20166150310667885,-0.4864967196604686,-0.21219372754742588,-0.2991983466782894,1.5624913792865636,-0.14660958536878183,-1.482807455038566,-0.3318468896580935,-0.2931944802761775,-0.03167031776097681,-0.268264101878365,-0.3392400313681768,0.855943274340589,-0.03167031776097681,-0.03167031776097681
-0.8078062286309271,-0.8208659038256798,0.8640598474488348,0.4348197624713987,0.8392025217183697,-0.3617231403378489,-0.5688650341299796,-0.34290113299620106,1.240741795686089,1.0946405279645712,-0.2529147778628351,-0.22965760608731267,0.893419385394227,-0.3921188919620247,-0.07095947242679883,-0.11031946970293831,-0.38184998948033355,1.5511748272551025,-0.5904647734189133,-0.7124274490013944,-0.08989331499509892,-0.10060545457319174,-0.21981657747106437,-0.7941781627873975,-0.3070801941090227,-0.19621814613865227,-1.0620413220411034,2.4060581136494816,-0.20166150310667885,-0.4864967196604686,-0.21219372754742588,-0.2991983466782894,1.5624913792865636,-0.14660958536878183,-1.482807455038566,-0.3318468896580935,-0.2931944802761775,-0.03167031776097681,-0.268264101878365,-0.3392400313681768,0.855943274340589,-0.03167031776097681,-0.03167031776097681
-0.8078062286309271,-0.8208659038256798,-0.12068298993707387,-0.30808031016137893,-0.09220775038453617,-0.3617231403378489,-0.5688650341299796,-0.34290113299620106,1.240741795686089,-0.9135419112057267,-0.2529147778628351,-0.22965760608731267,0.893419385394227,-0.3921188919620247,-0.07095947242679883,-0.11031946970293831,-0.38184998948033355,1.5511748272551025,-0.5904647734189133,-0.7124274490013944,-0.08989331499509892,-0.10060545457319174,-0.21981657747106437,-0.7941781627873975,-0.3070801941090227,5.0963686064660765,0.9415829490307701,-0.4156175589970315,-0.20166150310667885,-0.4864967196604686,-0.21219372754742588,3.3422644580160132,-0.6400035310637054,-0.14660958536878183,0.6743963935452368,-0.3318468896580935,-0.2931944802761775,-0.03167031776097681,-0.268264101878365,-0.3392400313681768,0.855943274340589,-0.03167031776097681,-0.03167031776097681
-0.8078062286309271,-0.8208659038256798,0.25806425521135257,0.029601541035337818,-0.09220775038453617,-0.3617231403378489,-0.5688650341299796,2.9162924930057867,-0.8059694639746,-0.9135419112057267,-0.2529147778628351,-0.22965760608731267,-1.119295166803151,-0.3921188919620247,-0.07095947242679883,-0.11031946970293831,-0.38184998948033355,1.5511748272551025,-0.5904647734189133,1.4036517001158426,-0.08989331499509892,-0.10060545457319174,-0.21981657747106437,-0.7941781627873975,-0.3070801941090227,-0.19621814613865227,0.9415829490307701,-0.4156175589970315,-0.20166150310667885,-0.4864967196604686,-0.21219372754742588,-0.2991983466782894,1.5624913792865636,-0.14660958536878183,-1.482807455038566,-0.3318468896580935,-0.2931944802761775,-0.03167031776097681,-0.268264101878365,-0.3392400313681768,0.855943274340589,-0.03167031776097681,-0.03167031776097681
-0.8078062286309271,-0.8208659038256798,0.7125609493894642,0.13573012284002064,0.1872153312463356,-0.3617231403378489,-0.5688650341299796,-0.34290113299620106,1.240741795686089,1.0946405279645712,-0.2529147778628351,-0.22965760608731267,-1.119295166803151,-0.3921188919620247,-0.07095947242679883,-0.11031946970293831,2.618829455412367,-0.6446726587031845,-0.5904647734189133,-0.7124274490013944,-0.08989331499509892,-0.10060545457319174,-0.21981657747106437,-0.7941781627873975,-0.3070801941090227,-0.19621814613865227,0.9415829490307701,-0.4156175589970315,-0.20166150310667885,-0.4864967196604686,-0.21219372754742588,-0.2991983466782894,-0.6400035310637054,-0.14660958536878183,0.6743963935452368,-0.3318468896580935,-0.2931944802761775,-0.03167031776097681,-0.268264101878365,-0.3392400313681768,0.855943274340589,-0.03167031776097681,-0.03167031776097681
-0.8078062286309271,-0.8208659038256798,0.7883103984191495,1.0426470946254893,-1.6756052129594763,-0.3617231403378489,-0.5688650341299796,-0.34290113299620106,1.240741795686089,1.0946405279645712,-0.2529147778628351,-0.22965760608731267,0.893419385394227,-0.3921188919620247,-0.07095947242679883,-0.11031946970293831,-0.38184998948033355,1.5511748272551025,-0.5904647734189133,1.4036517001158426,-0.08989331499509892,-0.10060545457319174,-0.21981657747106437,-0.7941781627873975,-0.3070801941090227,-0.19621814613865227,0.9415829490307701,-0.4156175589970315,-0.20166150310667885,-0.4864967196604686,-0.21219372754742588,-0.2991983466782894,-0.6400035310637054,-0.14660958536878183,0.6743963935452368,-0.3318468896580935,-0.2931944802761775,-0.03167031776097681,-0.268264101878365,-0.3392400313681768,0.855943274340589,-0.03167031776097681,-0.03167031776097681
-0.7777624643153496,-0.7896228478011945,0.106565357151982,-0.2887842043787094,-0.18534877759482676,0.4014897435039551,-0.5688650341299796,-0.34290113299620106,1.240741795686089,-0.9135419112057267,-0.2529147778628351,-0.22965760608731267,-1.119295166803151,2.5502469289259504,-0.07095947242679883,-0.11031946970293831,-0.38184998948033355,-0.6446726587031845,-0.5904647734189133,-0.7124274490013944,-0.08989331499509892,9.939818911831344,-0.21981657747106437,-0.7941781627873975,-0.3070801941090227,-0.19621814613865227,-1.0620413220411034,2.4060581136494816,-0.20166150310667885,-0.4864967196604686,-0.21219372754742588,-0.2991983466782894,-0.6400035310637054,-0.14660958536878183,0.6743963935452368,-0.3318468896580935,-0.2931944802761775,-0.03167031776097681,-0.268264101878365,-0.3392400313681768,0.855943274340589,-0.03167031776097681,-0.03167031776097681
-0.7777624643153496,-0.7896228478011945,0.4095631532707231,-0.29843225727004435,1.025484576138951,0.4014897435039551,-0.5688650341299796,-0.34290113299620106,1.240741795686089,-0.9135419112057267,-0.2529147778628351,-0.22965760608731267,0.893419385394227,-0.3921188919620247,-0.07095947242679883,-0.11031946970293831,-0.38184998948033355,1.5511748272551025,-0.5904647734189133,1.4036517001158426,-0.08989331499509892,-0.10060545457319174,-0.21981657747106437,-0.7941781627873975,-0.3070801941090227,-0.19621814613865227,0.9415829490307701,-0.4156175589970315,-0.20166150310667885,-0.4864967196604686,-0.21219372754742588,-0.2991983466782894,1.5624913792865636,-0.14660958536878183,-1.482807455038566,-0.3318468896580935,-0.2931944802761775,-0.03167031776097681,-0.268264101878365,-0.3392400313681768,0.855943274340589,-0.03167031776097681,-0.03167031776097681
-0.7777624643153496,-0.7896228478011945,0.4853126023004084,0.3624593657863877,-0.7441949408565703,0.4014897435039551,-0.5688650341299796,-0.34290113299620106,1.240741795686089,-0.9135419112057267,-0.2529147778628351,-0.22965760608731267,-1.119295166803151,2.5502469289259504,-0.07095947242679883,-0.11031946970293831,-0.38184998948033355,-0.6446726587031845,-0.5904647734189133,-0.7124274490013944,-0.08989331499509892,-0.10060545457319174,-0.21981657747106437,-0.7941781627873975,-0.3070801941090227,-0.19621814613865227,-1.0620413220411034,2.4060581136494816,-0.20166150310667885,-0.4864967196604686,-0.21219372754742588,-0.2991983466782894,-0.6400035310637054,-0.14660958536878183,0.6743963935452368,-0.3318468896580935,-0.2931944802761775,-0.03167031776097681,-0.268264101878365,-0.3392400313681768,0.855943274340589,-0.03167031776097681,-0.03167031776097681
-0.7477186999997721,-0.7583797917767092,-0.27218188799644444,0.02477751458967053,0.7460614945080791,0.4014897435039551,-0.5688650341299796,2.9162924930057867,-0.8059694639746,-0.9135419112057267,-0.2529147778628351,-0.22965760608731267,-1.119295166803151,-0.3921188919620247,-0.07095947242679883,-0.11031946970293831,-0.38184998948033355,1.5511748272551025,-0.5904647734189133,1.4036517001158426,-0.08989331499509892,-0.10060545457319174,-0.21981657747106437,-0.7941781627873975,-0.3070801941090227,-0.19621814613865227,0.9415829490307701,-0.4156175589970315,-0.20166150310667885,-0.4864967196604686,-0.21219372754742588,-0.2991983466782894,-0.6400035310637054,-0.14660958536878183,0.6743963935452368,-0.3318468896580935,-0.2931944802761775,-0.03167031776097681,-0.268264101878365,-0.3392400313681768,0.855943274340589,-0.03167031776097681,-0.03167031776097681
-0.7477186999997721,-0.7583797917767092,0.106565357151982,0.3479872864493854,0.559779440087498,-0.3617231403378489,-0.5688650341299796,-0.34290113299620106,1.240741795686089,1.0946405279645712,-0.2529147778628351,-0.22965760608731267,0.893419385394227,-0.3921188919620247,-0.07095947242679883,-0.11031946970293831,-0.38184998948033355,1.5511748272551025,-0.5904647734189133,1.4036517001158426,-0.08989331499509892,-0.10060545457319174,-0.21981657747106437,-0.7941781627873975,-0.3070801941090227,-0.19621814613865227,0.9415829490307701,-0.4156175589970315,-0.20166150310667885,-0.4864967196604686,-0.21219372754742588,-0.2991983466782894,-0.6400035310637054,-0.14660958536878183,0.6743963935452368,-0.3318468896580935,-0.2931944802761775,-0.03167031776097681,-0.268264101878365,-0.3392400313681768,0.855943274340589,-0.03167031776097681,-0.03167031776097681
-0.7477186999997721,-0.7583797917767092,0.7125609493894642,0.2032664930793639,0.09407430403604503,0.4014897435039551,-0.5688650341299796,-0.34290113299620106,1.240741795686089,1.0946405279645712,-0.2529147778628351,-0.22965760608731267,0.893419385394227,-0.3921188919620247,-0.07095947242679883,-0.11031946970293831,-0.38184998948033355,1.5511748272551025,-0.5904647734189133,1.4036517001158426,-0.08989331499509892,-0.10060545457319174,-0.21981657747106437,-0.7941781627873975,-0.3070801941090227,-0.19621814613865227,-1.0620413220411034,2.4060581136494816,-0.20166150310667885,-0.4864967196604686,-0.21219372754742588,-0.2991983466782894,-0.6400035310637054,-0.14660958536878183,0.6743963935452368,-0.3318468896580935,-0.2931944802761775,-0.03167031776097681,-0.268264101878365,-0.3392400313681768,0.855943274340589,-0.03167031776097681,-0.03167031776097681
-0.7477186999997721,-0.7583797917767092,0.5610620513300937,1.7710750879212647,1.677471766610985,-0.3617231403378489,-0.5688650341299796,-0.34290113299620106,1.240741795686089,1.0946405279645712,-0.2529147778628351,-0.22965760608731267,0.893419385394227,-0.3921188919620247,-0.07095947242679883,-0.11031946970293831,-0.38184998948033355,1.5511748272551025,-0.5904647734189133,1.4036517001158426,-0.08989331499509892,-0.10060545457319174,-0.21981657747106437,-0.7941781627873975,-0.3070801941090227,-0.19621814613865227,0.9415829490307701,-0.4156175589970315,-0.20166150310667885,-0.4864967196604686,-0.21219372754742588,-0.2991983466782894,-0.6400035310637054,-0.14660958536878183,0.6743963935452368,-0.3318468896580935,-0.2931944802761775,-0.03167031776097681,-0.268264101878365,-0.3392400313681768,0.855943274340589,-0.03167031776097681,-0.03167031776097681
-0.7139194651447476,-0.727136735752224,0.106565357151982,0.8255659045704569,-1.6756052129594763,-0.3617231403378489,-0.5688650341299796,-0.34290113299620106,1.240741795686089,1.0946405279645712,-0.2529147778628351,-0.22965760608731267,-1.119295166803151,-0.3921188919620247,-0.07095947242679883,-0.11031946970293831,-0.38184998948033355,1.5511748272551025,-0.5904647734189133,1.4036517001158426,-0.08989331499509892,-0.10060545457319174,-0.21981657747106437,-0.7941781627873975,-0.3070801941090227,-0.19621814613865227,0.9415829490307701,-0.4156175589970315,-0.20166150310667885,-0.4864967196604686,-0.21219372754742588,3.3422644580160132,-0.6400035310637054,-0.14660958536878183,0.6743963935452368,-0.3318468896580935,-0.2931944802761775,-0.03167031776097681,-0.268264101878365,-0.3392400313681768,0.855943274340589,-0.03167031776097681,-0.03167031776097681
-0.7139194651447476,-0.727136735752224,0.1823148061816673,0.7001412169831049,-0.5579128864359891,-0.3617231403378489,-0.5688650341299796,2.9162924930057867,-0.8059694639746,1.0946405279645712,-0.2529147778628351,-0.22965760608731267,0.893419385394227,-0.3921188919620247,-0.07095947242679883,-0.11031946970293831,2.618829455412367,-0.6446726587031845,-0.5904647734189133,-0.7124274490013944,-0.08989331499509892,-0.10060545457319174,-0.21981657747106437,-0.7941781627873975,-0.3070801941090227,-0.19621814613865227,-1.0620413220411034,2.4060581136494816,-0.20166150310667885,-0.4864967196604686,-0.21219372754742588,-0.2991983466782894,1.5624913792865636,-0.14660958536878183,-1.482807455038566,-0.3318468896580935,-0.2931944802761775,-0.03167031776097681,-0.268264101878365,-0.3392400313681768,0.855943274340589,-0.03167031776097681,-0.03167031776097681
-0.6838757008291702,-0.6958936797277387,0.25806425521135257,0.41069963024306144,1.3980486849801133,-0.3617231403378489,-0.5688650341299796,-0.34290113299620106,1.240741795686089,-0.9135419112057267,-0.2529147778628351,-0.22965760608731267,0.893419385394227,-0.3921188919620247,-0.07095947242679883,-0.11031946970293831,-0.38184998948033355,1.5511748272551025,-0.5904647734189133,1.4036517001158426,-0.08989331499509892,-0.10060545457319174,-0.21981657747106437,-0.7941781627873975,-0.3070801941090227,-0.19621814613865227,0.9415829490307701,-0.4156175589970315,-0.20166150310667885,-0.4864967196604686,-0.21219372754742588,-0.2991983466782894,-0.6400035310637054,-0.14660958536878183,0.6743963935452368,-0.3318468896580935,-0.2931944802761775,-0.03167031776097681,-0.268264101878365,-0.3392400313681768,0.855943274340589,-0.03167031776097681,-0.03167031776097681
-0.6838757008291702,-0.6958936797277387,1.0155587455082054,1.8096672994866039,-1.023618022487442,0.019883301583053115,-0.5688650341299796,-0.34290113299620106,1.240741795686089,1.0946405279645712,-0.2529147778628351,-0.22965760608731267,0.893419385394227,-0.3921188919620247,-0.07095947242679883,-0.11031946970293831,-0.38184998948033355,1.5511748272551025,-0.5904647734189133,1.4036517001158426,-0.08989331499509892,-0.10060545457319174,-0.21981657747106437,-0.7941781627873975,-0.3070801941090227,-0.19621814613865227,0.9415829490307701,-0.4156175589970315,-0.20166150310667885,-0.4864967196604686,-0.21219372754742588,-0.2991983466782894,-0.6400035310637054,-0.14660958536878183,0.6743963935452368,-0.3318468896580935,-0.2931944802761775,-0.03167031776097681,-0.268264101878365,-0.3392400313681768,0.855943274340589,-0.03167031776097681,-0.03167031776097681
-0.6838757008291702,-0.6958936797277387,0.7125609493894642,1.1584237293215067,0.6529204672977886,0.4014897435039551,-0.5688650341299796,-0.34290113299620106,1.240741795686089,1.0946405279645712,-0.2529147778628351,-0.22965760608731267,0.893419385394227,-0.3921188919620247,-0.07095947242679883,-0.11031946970293831,-0.38184998948033355,1.5511748272551025,-0.5904647734189133,1.4036517001158426,-0.08989331499509892,-0.10060545457319174,-0.21981657747106437,-0.7941781627873975,-0.3070801941090227,-0.19621814613865227,0.9415829490307701,-0.4156175589970315,-0.20166150310667885,-0.4864967196604686,-0.21219372754742588,-0.2991983466782894,1.5624913792865636,-0.14660958536878183,-1.482807455038566,-0.3318468896580935,-0.2931944802761775,-0.03167031776097681,-0.268264101878365,-0.3392400313681768,0.855943274340589,-0.03167031776097681,-0.03167031776097681
-0.6838757008291702,-0.6958936797277387,0.1823148061816673,0.18879441374236164,0.09407430403604503,-0.3617231403378489,-0.5688650341299796,-0.34290113299620106,1.240741795686089,-0.9135419112057267,-0.2529147778628351,-0.22965760608731267,-1.119295166803151,-0.3921188919620247,-0.07095947242679883,-0.11031946970293831,-0.38184998948033355,1.5511748272551025,-0.5904647734189133,1.4036517001158426,-0.08989331499509892,-0.10060545457319174,-0.21981657747106437,-0.7941781627873975,-0.3070801941090227,-0.19621814613865227,0.9415829490307701,-0.4156175589970315,-0.20166150310667885,-0.4864967196604686,-0.21219372754742588,-0.2991983466782894,-0.6400035310637054,-0.14660958536878183,0.6743963935452368,-0.3318468896580935,-0.2931944802761775,-0.03167031776097681,-0.268264101878365,-0.3392400313681768,0.855943274340589,-0.03167031776097681,-0.03167031776097681
-0.6838757008291702,-0.6958936797277387,0.636811500359779,1.0764152797451612,0.3734973856669168,0.4014897435039551,-0.5688650341299796,-0.34290113299620106,1.240741795686089,1.0946405279645712,-0.2529147778628351,-0.22965760608731267,-1.119295166803151,-0.3921188919620247,-0.07095947242679883,-0.11031946970293831,-0.38184998948033355,1.5511748272551025,-0.5904647734189133,1.4036517001158426,-0.08989331499509892,-0.10060545457319174,-0.21981657747106437,-0.7941781627873975,-0.3070801941090227,-0.19621814613865227,0.9415829490307701,-0.4156175589970315,-0.20166150310667885,-0.4864967196604686,-0.21219372754742588,-0.2991983466782894,-0.6400035310637054,-0.14660958536878183,0.6743963935452368,-0.3318468896580935,-0.2931944802761775,-0.03167031776097681,-0.268264101878365,-0.3392400313681768,0.855943274340589,-0.03167031776097681,-0.03167031776097681
-0.6838757008291702,-0.6958936797277387,-1.484173072471409,0.12125804350301836,-0.9304769952771516,0.4014897435039551,-0.5688650341299796,-0.34290113299620106,1.240741795686089,1.0946405279645712,-0.2529147778628351,-0.22965760608731267,0.893419385394227,2.5502469289259504,-0.07095947242679883,-0.11031946970293831,-0.38184998948033355,-0.6446726587031845,-0.5904647734189133,1.4036517001158426,-0.08989331499509892,-0.10060545457319174,-0.21981657747106437,-0.7941781627873975,-0.3070801941090227,-0.19621814613865227,0.9415829490307701,-0.4156175589970315,-0.20166150310667885,-0.4864967196604686,-0.21219372754742588,-0.2991983466782894,-0.6400035310637054,-0.14660958536878183,0.6743963935452368,-0.3318468896580935,-0.2931944802761775,-0.03167031776097681,-0.268264101878365,-0.3392400313681768,0.855943274340589,-0.03167031776097681,-0.03167031776097681
0.0033754078896636995,0.022696608835422783,-0.044933540907388575,0.04889764681800738,0.09407430403604503,-0.3617231403378489,-0.5688650341299796,-0.34290113299620106,1.240741795686089,-0.9135419112057267,-0.2529147778628351,-0.22965760608731267,0.893419385394227,2.5502469289259504,-0.07095947242679883,-0.11031946970293831,-0.38184998948033355,-0.6446726587031845,-0.5904647734189133,-0.7124274490013944,-0.08989331499509892,-0.10060545457319174,-0.21981657747106437,-0.7941781627873975,-0.3070801941090227,5.0963686064660765,-1.0620413220411034,2.4060581136494816,-0.20166150310667885,-0.4864967196604686,-0.21219372754742588,-0.2991983466782894,-0.6400035310637054,-0.14660958536878183,0.6743963935452368,-0.3318468896580935,-0.2931944802761775,-0.03167031776097681,-0.268264101878365,-0.3392400313681768,0.855943274340589,-0.03167031776097681,-0.03167031776097681
0.0033754078896636995,0.022696608835422783,0.25806425521135257,-0.40938486552039405,0.1872153312463356,-0.3617231403378489,-0.5688650341299796,-0.34290113299620106,1.240741795686089,-0.9135419112057267,-0.2529147778628351,-0.22965760608731267,-1.119295166803151,-0.3921188919620247,-0.07095947242679883,-0.11031946970293831,-0.38184998948033355,1.5511748272551025,-0.5904647734189133,1.4036517001158426,-0.08989331499509892,-0.10060545457319174,-0.21981657747106437,-0.7941781627873975,-0.3070801941090227,-0.19621814613865227,0.9415829490307701,-0.4156175589970315,-0.20166150310667885,-0.4864967196604686,-0.21219372754742588,-0.2991983466782894,-0.6400035310637054,-0.14660958536878183,0.6743963935452368,-0.3318468896580935,-0.2931944802761775,-0.03167031776097681,-0.268264101878365,-0.3392400313681768,0.855943274340589,-0.03167031776097681,-0.03167031776097681
0.0033754078896636995,0.022696608835422783,-0.19643243896675913,0.7242613492114417,-1.023618022487442,-0.3617231403378489,-0.5688650341299796,-0.34290113299620106,1.240741795686089,-0.9135419112057267,-0.2529147778628351,4.354308211415448,-1.119295166803151,-0.3921188919620247,-0.07095947242679883,-0.11031946970293831,-0.38184998948033355,1.5511748272551025,-0.5904647734189133,1.4036517001158426,-0.08989331499509892,-0.10060545457319174,-0.21981657747106437,-0.7941781627873975,-0.3070801941090227,-0.19621814613865227,0.9415829490307701,-0.4156175589970315,-0.20166150310667885,-0.4864967196604686,-0.21219372754742588,-0.2991983466782894,1.5624913792865636,-0.14660958536878183,-1.482807455038566,-0.3318468896580935,-0.2931944802761775,-0.03167031776097681,-0.268264101878365,-0.3392400313681768,0.855943274340589,-0.03167031776097681,-0.03167031776097681
0.0033754078896636995,0.022696608835422783,-0.27218188799644444,0.23221065175336847,-1.955028294590348,-0.3617231403378489,-0.5688650341299796,-0.34290113299620106,1.240741795686089,-0.9135419112057267,-0.2529147778628351,4.354308211415448,-1.119295166803151,-0.3921188919620247,-0.07095947242679883,-0.11031946970293831,-0.38184998948033355,1.5511748272551025,-0.5904647734189133,1.4036517001158426,-0.08989331499509892,-0.10060545457319174,-0.21981657747106437,-0.7941781627873975,-0.3070801941090227,-0.19621814613865227,0.9415829490307701,-0.4156175589970315,-0.20166150310667885,-0.4864967196604686,-0.21219372754742588,-0.2991983466782894,-0.6400035310637054,-0.14660958536878183,0.6743963935452368,-0.3318468896580935,-0.2931944802761775,-0.03167031776097681,-0.268264101878365,-0.3392400313681768,0.855943274340589,-0.03167031776097681,-0.03167031776097681
0.0033754078896636995,0.022696608835422783,0.106565357151982,0.6326048467437612,0.1872153312463356,-0.3617231403378489,-0.5688650341299796,-0.34290113299620106,1.240741795686089,1.0946405279645712,-0.2529147778628351,4.354308211415448,-1.119295166803151,2.5502469289259504,-0.07095947242679883,-0.11031946970293831,-0.38184998948033355,-0.6446726587031845,-0.5904647734189133,1.4036517001158426,-0.08989331499509892,-0.10060545457319174,-0.21981657747106437,-0.7941781627873975,-0.3070801941090227,-0.19621814613865227,-1.0620413220411034,2.4060581136494816,-0.20166150310667885,-0.4864967196604686,-0.21219372754742588,-0.2991983466782894,-0.6400035310637054,-0.14660958536878183,0.6743963935452368,-0.3318468896580935,-0.2931944802761775,-0.03167031776097681,-0.268264101878365,-0.3392400313681768,0.855943274340589,-0.03167031776097681,-0.03167031776097681
0.0033754078896636995,0.022696608835422783,0.4853126023004084,0.5505963971674157,0.8392025217183697,0.019883301583053115,-0.5688650341299796,-0.34290113299620106,1.240741795686089,-0.9135419112057267,-0.2529147778628351,4.354308211415448,-1.119295166803151,-0.3921188919620247,-0.07095947242679883,-0.11031946970293831,-0.38184998948033355,1.5511748272551025,-0.5904647734189133,1.4036517001158426,-0.08989331499509892,-0.10060545457319174,-0.21981657747106437,-0.7941781627873975,-0.3070801941090227,-0.19621814613865227,0.9415829490307701,-0.4156175589970315,-0.20166150310667885,-0.4864967196604686,-0.21219372754742588,-0.2991983466782894,-0.6400035310637054,-0.14660958536878183,0.6743963935452368,-0.3318468896580935,-0.2931944802761775,-0.03167031776097681,-0.268264101878365,-0.3392400313681768,0.855943274340589,-0.03167031776097681,-0.03167031776097681
0.0033754078896636995,0.022696608835422783,0.4095631532707231,-0.41903291841172907,-0.837335968066861,0.019883301583053115,-0.5688650341299796,-0.34290113299620106,1.240741795686089,-0.9135419112057267,-0.2529147778628351,4.354308211415448,-1.119295166803151,-0.3921188919620247,-0.07095947242679883,-0.11031946970293831,-0.38184998948033355,1.5511748272551025,-0.5904647734189133,1.4036517001158426,-0.08989331499509892,-0.10060545457319174,-0.21981657747106437,-0.7941781627873975,-0.3070801941090227,-0.19621814613865227,0.9415829490307701,-0.4156175589970315,-0.20166150310667885,-0.4864967196604686,-0.21219372754742588,-0.2991983466782894,-0.6400035310637054,-0.14660958536878183,0.6743963935452368,-0.3318468896580935,-0.2931944802761775,-0.03167031776097681,-0.268264101878365,-0.3392400313681768,0.855943274340589,-0.03167031776097681,-0.03167031776097681
-0.620032701658568,-0.6334075676787682,0.33381370424103785,1.22596009956085,-0.9304769952771516,-0.3617231403378489,-0.5688650341299796,-0.34290113299620106,1.240741795686089,1.0946405279645712,-0.2529147778628351,4.354308211415448,-1.119295166803151,-0.3921188919620247,-0.07095947242679883,-0.11031946970293831,-0.38184998948033355,1.5511748272551025,-0.5904647734189133,1.4036517001158426,-0.08989331499509892,-0.10060545457319174,-0.21981657747106437,-0.7941781627873975,-0.3070801941090227,-0.19621814613865227,0.9415829490307701,-0.4156175589970315,-0.20166150310667885,-0.4864967196604686,-0.21219372754742588,-0.2991983466782894,1.5624913792865636,-0.14660958536878183,-1.482807455038566,-0.3318468896580935,-0.2931944802761775,-0.03167031776097681,-0.268264101878365,-0.3392400313681768,0.855943274340589,-0.03167031776097681,-0.03167031776097681
-0.620032701658568,-0.6334075676787682,-0.19643243896675913,0.0440736203723401,0.559779440087498,0.4014897435039551,-0.5688650341299796,-0.34290113299620106,1.240741795686089,-0.9135419112057267,-0.2529147778628351,4.354308211415448,-1.119295166803151,-0.3921188919620247,-0.07095947242679883,-0.11031946970293831,-0.38184998948033355,1.5511748272551025,-0.5904647734189133,1.4036517001158426,-0.08989331499509892,-0.10060545457319174,-0.21981657747106437,-0.7941781627873975,-0.3070801941090227,-0.19621814613865227,0.9415829490307701,-0.4156175589970315,-0.20166150310667885,-0.4864967196604686,-0.21219372754742588,-0.2991983466782894,-0.6400035310637054,-0.14660958536878183,0.6743963935452368,-0.3318468896580935,-0.2931944802761775,-0.03167031776097681,-0.268264101878365,-0.3392400313681768,0.855943274340589,-0.03167031776097681,-0.03167031776097681
-0.620032701658568,-0.6334075676787682,0.4095631532707231,0.5650684765044179,0.2803563584566262,-0.3617231403378489,-0.5688650341299796,-0.34290113299620106,1.240741795686089,-0.9135419112057267,-0.2529147778628351,4.354308211415448,-1.119295166803151,-0.3921188919620247,-0.07095947242679883,-0.11031946970293831,-0.38184998948033355,1.5511748272551025,-0.5904647734189133,1.4036517001158426,-0.08989331499509892,-0.10060545457319174,-0.21981657747106437,-0.7941781627873975,-0.3070801941090227,-0.19621814613865227,0.9415829490307701,-0.4156175589970315,-0.20166150310667885,-0.4864967196604686,-0.21219372754742588,-0.2991983466782894,-0.6400035310637054,-0.14660958536878183,0.6743963935452368,-0.3318468896580935,-0.2931944802761775,-0.03167031776097681,-0.268264101878365,-0.3392400313681768,0.855943274340589,-0.03167031776097681,-0.03167031776097681
-0.620032701658568,-0.6334075676787682,-0.044933540907388575,0.7339094021027763,-0.6510539136462797,-0.3617231403378489,-0.5688650341299796,-0.34290113299620106,1.240741795686089,-0.9135419112057267,-0.2529147778628351,4.354308211415448,-1.119295166803151,-0.3921188919620247,-0.07095947242679883,-0.11031946970293831,2.618829455412367,-0.6446726587031845,-0.5904647734189133,1.4036517001158426,-0.08989331499509892,-0.10060545457319174,-0.21981657747106437,-0.7941781627873975,-0.3070801941090227,-0.19621814613865227,-1.0620413220411034,2.4060581136494816,-0.20166150310667885,-0.4864967196604686,-0.21219372754742588,-0.2991983466782894,-0.6400035310637054,-0.14660958536878183,0.6743963935452368,-0.3318468896580935,-0.2931944802761775,-0.03167031776097681,-0.268264101878365,-0.3392400313681768,0.855943274340589,-0.03167031776097681,-0.03167031776097681
-0.620032701658568,-0.6334075676787682,-0.27218188799644444,-0.6119939762384244,-0.09220775038453617,-0.3617231403378489,-0.5688650341299796,-0.34290113299620106,1.240741795686089,-0.9135419112057267,-0.2529147778628351,4.354308211415448,-1.119295166803151,-0.3921188919620247,-0.07095947242679883,-0.11031946970293831,-0.38184998948033355,1.5511748272551025,-0.5904647734189133,1.4036517001158426,-0.08989331499509892,-0.10060545457319174,-0.21981657747106437,-0.7941781627873975,-0.3070801941090227,-0.19621814613865227,0.9415829490307701,-0.4156175589970315,-0.20166150310667885,-0.4864967196604686,-0.21219372754742588,3.3422644580160132,1.5624913792865636,-0.14660958536878183,-1.482807455038566,-0.3318468896580935,-0.2931944802761775,-0.03167031776097681,-0.268264101878365,-0.3392400313681768,0.855943274340589,-0.03167031776097681,-0.03167031776097681
-0.5899889373429906,-0.6021645116542829,0.7883103984191495,0.7483814814397786,-2.0481693218006387,-0.3617231403378489,-0.5688650341299796,-0.34290113299620106,1.240741795686089,1.0946405279645712,-0.2529147778628351,-0.22965760608731267,0.893419385394227,-0.3921188919620247,-0.07095947242679883,-0.11031946970293831,2.618829455412367,-0.6446726587031845,-0.5904647734189133,1.4036517001158426,-0.08989331499509892,-0.10060545457319174,-0.21981657747106437,-0.7941781627873975,-0.3070801941090227,-0.19621814613865227,0.9415829490307701,-0.4156175589970315,-0.20166150310667885,-0.4864967196604686,-0.21219372754742588,-0.2991983466782894,1.5624913792865636,-0.14660958536878183,-1.482807455038566,-0.3318468896580935,-0.2931944802761775,-0.03167031776097681,-0.268264101878365,-0.3392400313681768,0.855943274340589,-0.03167031776097681,-0.03167031776097681
-0.5899889373429906,-0.6021645116542829,-0.19643243896675913,-0.4962173415424073,0.7460614945080791,-0.3617231403378489,-0.5688650341299796,-0.34290113299620106,1.240741795686089,-0.9135419112057267,-0.2529147778628351,-0.22965760608731267,-1.119295166803151,2.5502469289259504,-0.07095947242679883,-0.11031946970293831,-0.38184998948033355,-0.6446726587031845,-0.5904647734189133,1.4036517001158426,-0.08989331499509892,-0.10060545457319174,-0.21981657747106437,-0.7941781627873975,-0.3070801941090227,-0.19621814613865227,0.9415829490307701,-0.4156175589970315,-0.20166150310667885,-0.4864967196604686,-0.21219372754742588,-0.2991983466782894,-0.6400035310637054,-0.14660958536878183,0.6743963935452368,-0.3318468896580935,-0.2931944802761775,-0.03167031776097681,-0.268264101878365,-0.3392400313681768,0.855943274340589,-0.03167031776097681,-0.03167031776097681
-0.5899889373429906,-0.6021645116542829,-0.8024280312042414,0.07301777904634466,-1.955028294590348,-0.3617231403378489,-0.5688650341299796,-0.34290113299620106,1.240741795686089,1.0946405279645712,-0.2529147778628351,-0.22965760608731267,0.893419385394227,-0.3921188919620247,-0.07095947242679883,-0.11031946970293831,-0.38184998948033355,1.5511748272551025,-0.5904647734189133,1.4036517001158426,-0.08989331499509892,-0.10060545457319174,-0.21981657747106437,-0.7941781627873975,-0.3070801941090227,-0.19621814613865227,0.9415829490307701,-0.4156175589970315,-0.20166150310667885,-0.4864967196604686,-0.21219372754742588,-0.2991983466782894,-0.6400035310637054,-0.14660958536878183,0.6743963935452368,-0.3318468896580935,-0.2931944802761775,-0.03167031776097681,-0.268264101878365,-0.3392400313681768,0.855943274340589,-0.03167031776097681,-0.03167031776097681
-0.5899889373429906,-0.6021645116542829,0.4853126023004084,1.2211360731151828,-0.6510539136462797,0.019883301583053115,-0.5688650341299796,-0.34290113299620106,1.240741795686089,1.0946405279645712,-0.2529147778628351,-0.22965760608731267,0.893419385394227,-0.3921188919620247,-0.07095947242679883,-0.11031946970293831,2.618829455412367,-0.6446726587031845,-0.5904647734189133,-0.7124274490013944,-0.08989331499509892,-0.10060545457319174,-0.21981657747106437,-0.7941781627873975,-0.3070801941090227,-0.19621814613865227,0.9415829490307701,-0.4156175589970315,-0.20166150310667885,-0.4864967196604686,-0.21219372754742588,-0.2991983466782894,-0.6400035310637054,-0.14660958536878183,0.6743963935452368,-0.3318468896580935,-0.2931944802761775,-0.03167031776097681,-0.268264101878365,-0.3392400313681768,0.855943274340589,-0.03167031776097681,-0.03167031776097681
-0.5899889373429906,-0.6021645116542829,0.5610620513300937,1.2645523111261892,-0.27848980480511737,-0.3617231403378489,-0.5688650341299796,-0.34290113299620106,1.240741795686089,1.0946405279645712,-0.2529147778628351,-0.22965760608731267,0.893419385394227,-0.3921188919620247,-0.07095947242679883,-0.11031946970293831,-0.38184998948033355,1.5511748272551025,-0.5904647734189133,1.4036517001158426,-0.08989331499509892,-0.10060545457319174,-0.21981657747106437,-0.7941781627873975,-0.3070801941090227,-0.19621814613865227,-1.0620413220411034,2.4060581136494816,-0.20166150310667885,-0.4864967196604686,-0.21219372754742588,-0.2991983466782894,-0.6400035310637054,-0.14660958536878183,0.6743963935452368,-0.3318468896580935,-0.2931944802761775,-0.03167031776097681,-0.268264101878365,-0.3392400313681768,0.855943274340589,-0.03167031776097681,-0.03167031776097681
-0.5899889373429906,-0.6021645116542829,0.4095631532707231,-0.3900887597377245,0.6529204672977886,-0.3617231403378489,-0.5688650341299796,-0.34290113299620106,1.240741795686089,-0.9135419112057267,-0.2529147778628351,-0.22965760608731267,0.893419385394227,-0.3921188919620247,-0.07095947242679883,-0.11031946970293831,-0.38184998948033355,1.5511748272551025,-0.5904647734189133,1.4036517001158426,-0.08989331499509892,-0.10060545457319174,-0.21981657747106437,-0.7941781627873975,-0.3070801941090227,-0.19621814613865227,0.9415829490307701,-0.4156175589970315,-0.20166150310667885,-0.4864967196604686,-0.21219372754742588,-0.2991983466782894,1.5624913792865636,-0.14660958536878183,-1.482807455038566,-0.3318468896580935,-0.2931944802761775,-0.03167031776097681,-0.268264101878365,-0.3392400313681768,0.855943274340589,-0.03167031776097681,-0.03167031776097681
-0.5899889373429906,-0.6021645116542829,-0.8781774802339267,-0.1681835432370247,0.559779440087498,-0.3617231403378489,-0.5688650341299796,-0.34290113299620106,1.240741795686089,1.0946405279645712,-0.2529147778628351,-0.22965760608731267,0.893419385394227,2.5502469289259504,-0.07095947242679883,-0.11031946970293831,-0.38184998948033355,-0.6446726587031845,-0.5904647734189133,1.4036517001158426,-0.08989331499509892,-0.10060545457319174,-0.21981657747106437,-0.7941781627873975,-0.3070801941090227,-0.19621814613865227,0.9415829490307701,-0.4156175589970315,-0.20166150310667885,-0.4864967196604686,-0.21219372754742588,-0.2991983466782894,1.5624913792865636,-0.14660958536878183,-1.482807455038566,-0.3318468896580935,-0.2931944802761775,-0.03167031776097681,-0.268264101878365,-0.3392400313681768,0.855943274340589,-0.03167031776097681,-0.03167031776097681
-0.5599451730274132,-0.5709214556297976,0.636811500359779,0.5071801591564092,-1.955028294590348,-0.3617231403378489,-0.5688650341299796,-0.34290113299620106,1.240741795686089,1.0946405279645712,-0.2529147778628351,-0.22965760608731267,-1.119295166803151,2.5502469289259504,-0.07095947242679883,-0.11031946970293831,-0.38184998948033355,-0.6446726587031845,-0.5904647734189133,1.4036517001158426,-0.08989331499509892,-0.10060545457319174,-0.21981657747106437,-0.7941781627873975,-0.3070801941090227,-0.19621814613865227,0.9415829490307701,-0.4156175589970315,-0.20166150310667885,-0.4864967196604686,-0.21219372754742588,-0.2991983466782894,-0.6400035310637054,-0.14660958536878183,0.6743963935452368,-0.3318468896580935,-0.2931944802761775,-0.03167031776097681,-0.268264101878365,-0.3392400313681768,0.855943274340589,-0.03167031776097681,-0.03167031776097681
-0.5599451730274132,-0.5709214556297976,0.106565357151982,0.5313002913847461,-0.09220775038453617,-0.3617231403378489,-0.5688650341299796,-0.34290113299620106,1.240741795686089,1.0946405279645712,-0.2529147778628351,-0.22965760608731267,0.893419385394227,-0.3921188919620247,-0.07095947242679883,-0.11031946970293831,2.618829455412367,-0.6446726587031845,-0.5904647734189133,1.4036517001158426,-0.08989331499509892,-0.10060545457319174,-0.21981657747106437,-0.7941781627873975,-0.3070801941090227,-0.19621814613865227,0.9415829490307701,-0.4156175589970315,-0.20166150310667885,-0.4864967196604686,-0.21219372754742588,-0.2991983466782894,1.5624913792865636,-0.14660958536878183,-1.482807455038566,-0.3318468896580935,-0.2931944802761775,-0.03167031776097681,-0.268264101878365,-0.3392400313681768,0.855943274340589,-0.03167031776097681,-0.03167031776097681
-0.5599451730274132,-0.5709214556297976,0.4095631532707231,-0.31772836305271396,0.3734973856669168,0.4014897435039551,-0.5688650341299796,-0.34290113299620106,1.240741795686089,-0.9135419112057267,-0.2529147778628351,-0.22965760608731267,-1.119295166803151,-0.3921188919620247,-0.07095947242679883,-0.11031946970293831,-0.38184998948033355,1.5511748272551025,-0.5904647734189133,1.4036517001158426,-0.08989331499509892,-0.10060545457319174,-0.21981657747106437,-0.7941781627873975,-0.3070801941090227,-0.19621814613865227,0.9415829490307701,-0.4156175589970315,-0.20166150310667885,-0.4864967196604686,-0.21219372754742588,-0.2991983466782894,1.5624913792865636,-0.14660958536878183,-1.482807455038566,-0.3318468896580935,-0.2931944802761775,-0.03167031776097681,-0.268264101878365,-0.3392400313681768,0.855943274340589,-0.03167031776097681,-0.03167031776097681
-0.5599451730274132,-0.5709214556297976,0.8640598474488348,0.6856691376461026,0.09407430403604503,-0.3617231403378489,-0.5688650341299796,-0.34290113299620106,1.240741795686089,1.0946405279645712,-0.2529147778628351,-0.22965760608731267,0.893419385394227,-0.3921188919620247,-0.07095947242679883,-0.11031946970293831,-0.38184998948033355,1.5511748272551025,-0.5904647734189133,1.4036517001158426,-0.08989331499509892,-0.10060545457319174,-0.21981657747106437,-0.7941781627873975,-0.3070801941090227,-0.19621814613865227,0.9415829490307701,-0.4156175589970315,-0.20166150310667885,-0.4864967196604686,-0.21219372754742588,-0.2991983466782894,1.5624913792865636,-0.14660958536878183,-1.482807455038566,-0.3318468896580935,-0.2931944802761775,-0.03167031776097681,-0.268264101878365,-0.3392400313681768,0.855943274340589,-0.03167031776097681,-0.03167031776097681
-0.5599451730274132,-0.5709214556297976,0.636811500359779,-0.1778315961283597,0.3734973856669168,-0.3617231403378489,-0.5688650341299796,-0.34290113299620106,1.240741795686089,-0.9135419112057267,-0.2529147778628351,-0.22965760608731267,-1.119295166803151,-0.3921188919620247,-0.07095947242679883,-0.11031946970293831,-0.38184998948033355,1.5511748272551025,-0.5904647734189133,1.4036517001158426,-0.08989331499509892,-0.10060545457319174,-0.21981657747106437,-0.7941781627873975,-0.3070801941090227,-0.19621814613865227,-1.0620413220411034,2.4060581136494816,-0.20166150310667885,-0.4864967196604686,-0.21219372754742588,3.3422644580160132,1.5624913792865636,-0.14660958536878183,-1.482807455038566,-0.3318468896580935,-0.2931944802761775,-0.03167031776097681,-0.268264101878365,-0.3392400313681768,0.855943274340589,-0.03167031776097681,-0.03167031776097681
-0.5599451730274132,-0.5709214556297976,-0.19643243896675913,-0.25501601925903794,0.7460614945080791,0.019883301583053115,-0.5688650341299796,-0.34290113299620106,1.240741795686089,-0.9135419112057267,-0.2529147778628351,-0.22965760608731267,-1.119295166803151,-0.3921188919620247,-0.07095947242679883,-0.11031946970293831,-0.38184998948033355,1.5511748272551025,-0.5904647734189133,-0.7124274490013944,-0.08989331499509892,-0.10060545457319174,-0.21981657747106437,-0.7941781627873975,-0.3070801941090227,5.0963686064660765,0.9415829490307701,-0.4156175589970315,-0.20166150310667885,-0.4864967196604686,-0.21219372754742588,-0.2991983466782894,-0.6400035310637054,-0.14660958536878183,0.6743963935452368,-0.3318468896580935,-0.2931944802761775,-0.03167031776097681,-0.268264101878365,-0.3392400313681768,0.855943274340589,-0.03167031776097681,-0.03167031776097681
-0.5599451730274132,-0.5709214556297976,0.030815908122296707,0.39622755090605954,0.6529204672977886,-0.3617231403378489,-0.5688650341299796,-0.34290113299620106,1.240741795686089,-0.9135419112057267,-0.2529147778628351,-0.22965760608731267,0.893419385394227,-0.3921188919620247,-0.07095947242679883,-0.11031946970293831,-0.38184998948033355,1.5511748272551025,-0.5904647734189133,-0.7124274490013944,-0.08989331499509892,-0.10060545457319174,-0.21981657747106437,-0.7941781627873975,-0.3070801941090227,-0.19621814613865227,0.9415829490307701,-0.4156175589970315,-0.20166150310667885,-0.4864967196604686,-0.21219372754742588,-0.2991983466782894,-0.6400035310637054,-0.14660958536878183,0.6743963935452368,-0.3318468896580935,-0.2931944802761775,-0.03167031776097681,-0.268264101878365,-0.3392400313681768,0.855943274340589,-0.03167031776097681,-0.03167031776097681
-0.5599451730274132,-0.5709214556297976,0.106565357151982,1.1584237293215067,1.1186256033492414,-0.3617231403378489,-0.5688650341299796,-0.34290113299620106,1.240741795686089,1.0946405279645712,-0.2529147778628351,-0.22965760608731267,0.893419385394227,-0.3921188919620247,-0.07095947242679883,-0.11031946970293831,-0.38184998948033355,1.5511748272551025,-0.5904647734189133,1.4036517001158426,-0.08989331499509892,-0.10060545457319174,-0.21981657747106437,-0.7941781627873975,-0.3070801941090227,-0.19621814613865227,0.9415829490307701,-0.4156175589970315,-0.20166150310667885,-0.4864967196604686,-0.21219372754742588,-0.2991983466782894,1.5624913792865636,-0.14660958536878183,-1.482807455038566,-0.3318468896580935,-0.2931944802761775,-0.03167031776097681,-0.268264101878365,-0.3392400313681768,0.855943274340589,-0.03167031776097681,-0.03167031776097681
-0.5261459381723886,-0.5396783996053123,0.636811500359779,0.7628535607767809,-1.489323158538895,-0.3617231403378489,-0.5688650341299796,-0.34290113299620106,1.240741795686089,1.0946405279645712,-0.2529147778628351,-0.22965760608731267,-1.119295166803151,-0.3921188919620247,-0.07095947242679883,-0.11031946970293831,-0.38184998948033355,1.5511748272551025,-0.5904647734189133,1.4036517001158426,-0.08989331499509892,-0.10060545457319174,-0.21981657747106437,-0.7941781627873975,-0.3070801941090227,-0.19621814613865227,0.9415829490307701,-0.4156175589970315,-0.20166150310667885,-0.4864967196604686,-0.21219372754742588,-0.2991983466782894,1.5624913792865636,-0.14660958536878183,-1.482807455038566,-0.3318468896580935,-0.2931944802761775,-0.03167031776097681,-0.268264101878365,-0.3392400313681768,0.855943274340589,-0.03167031776097681,-0.03167031776097681
-0.5261459381723886,-0.5396783996053123,-0.953926929263612,1.5684659772032346,-0.09220775038453617,-0.3617231403378489,-0.5688650341299796,-0.34290113299620106,1.240741795686089,1.0946405279645712,-0.2529147778628351,-0.22965760608731267,0.893419385394227,-0.3921188919620247,-0.07095947242679883,-0.11031946970293831,2.618829455412367,-0.6446726587031845,-0.5904647734189133,1.4036517001158426,-0.08989331499509892,-0.10060545457319174,-0.21981657747106437,-0.7941781627873975,-0.3070801941090227,-0.19621814613865227,0.9415829490307701,-0.4156175589970315,-0.20166150310667885,-0.4864967196604686,-0.21219372754742588,-0.2991983466782894,-0.6400035310637054,-0.14660958536878183,0.6743963935452368,-0.3318468896580935,-0.2931944802761775,-0.03167031776097681,-0.268264101878365,-0.3392400313681768,0.855943274340589,-0.03167031776097681,-0.03167031776097681
-0.49610217385681116,-0.508435343580827,0.4095631532707231,0.05372167326367509,-1.3030411041183139,-0.3617231403378489,-0.5688650341299796,-0.34290113299620106,1.240741795686089,-0.9135419112057267,-0.2529147778628351,-0.22965760608731267,-1.119295166803151,-0.3921188919620247,-0.07095947242679883,-0.11031946970293831,-0.38184998948033355,1.5511748272551025,-0.5904647734189133,1.4036517001158426,-0.08989331499509892,-0.10060545457319174,-0.21981657747106437,-0.7941781627873975,-0.3070801941090227,-0.19621814613865227,-1.0620413220411034,2.4060581136494816,-0.20166150310667885,-0.4864967196604686,-0.21219372754742588,-0.2991983466782894,-0.6400035310637054,-0.14660958536878183,0.6743963935452368,-0.3318468896580935,-0.2931944802761775,-0.03167031776097681,-0.268264101878365,-0.3392400313681768,0.855943274340589,-0.03167031776097681,-0.03167031776097681
-0.49610217385681116,-0.508435343580827,0.33381370424103785,0.7435574549941113,-1.768746240169767,-0.3617231403378489,-0.5688650341299796,-0.34290113299620106,1.240741795686089,1.0946405279645712,-0.2529147778628351,-0.22965760608731267,-1.119295166803151,2.5502469289259504,-0.07095947242679883,-0.11031946970293831,-0.38184998948033355,-0.6446726587031845,-0.5904647734189133,1.4036517001158426,-0.08989331499509892,-0.10060545457319174,-0.21981657747106437,-0.7941781627873975,-0.3070801941090227,-0.19621814613865227,0.9415829490307701,-0.4156175589970315,-0.20166150310667885,-0.4864967196604686,-0.21219372754742588,-0.2991983466782894,-0.6400035310637054,-0.14660958536878183,0.6743963935452368,-0.3318468896580935,-0.2931944802761775,-0.03167031776097681,-0.268264101878365,-0.3392400313681768,0.855943274340589,-0.03167031776097681,-0.03167031776097681
-0.49610217385681116,-0.508435343580827,0.7125609493894642,0.999230856614483,-0.09220775038453617,-0.3617231403378489,-0.5688650341299796,-0.34290113299620106,1.240741795686089,1.0946405279645712,-0.2529147778628351,-0.22965760608731267,0.893419385394227,-0.3921188919620247,-0.07095947242679883,-0.11031946970293831,2.618829455412367,-0.6446726587031845,-0.5904647734189133,1.4036517001158426,-0.08989331499509892,-0.10060545457319174,-0.21981657747106437,-0.7941781627873975,-0.3070801941090227,-0.19621814613865227,0.9415829490307701,-0.4156175589970315,-0.20166150310667885,-0.4864967196604686,-0.21219372754742588,-0.2991983466782894,-0.6400035310637054,-0.14660958536878183,0.6743963935452368,-0.3318468896580935,-0.2931944802761775,-0.03167031776097681,-0.268264101878365,-0.3392400313681768,0.855943274340589,-0.03167031776097681,-0.03167031776097681
-0.49610217385681116,-0.508435343580827,-0.12068298993707387,-0.2694880985960398,-0.5579128864359891,-0.3617231403378489,-0.5688650341299796,2.9162924930057867,-0.8059694639746,-0.9135419112057267,-0.2529147778628351,-0.22965760608731267,-1.119295166803151,-0.3921188919620247,-0.07095947242679883,-0.11031946970293831,-0.38184998948033355,1.5511748272551025,-0.5904647734189133,1.4036517001158426,-0.08989331499509892,-0.10060545457319174,-0.21981657747106437,-0.7941781627873975,-0.3070801941090227,-0.19621814613865227,-1.0620413220411034,2.4060581136494816,-0.20166150310667885,-0.4864967196604686,-0.21219372754742588,-0.2991983466782894,1.5624913792865636,-0.14660958536878183,-1.482807455038566,3.013437917198243,-0.2931944802761775,-0.03167031776097681,-0.268264101878365,-0.3392400313681768,-1.1683017204269652,-0.03167031776097681,-0.03167031776097681
-0.4660584095412337,-0.47719228755634174,0.106565357151982,0.6904931640917699,0.1872153312463356,0.4014897435039551,-0.5688650341299796,-0.34290113299620106,1.240741795686089,1.0946405279645712,-0.2529147778628351,-0.22965760608731267,0.893419385394227,-0.3921188919620247,-0.07095947242679883,-0.11031946970293831,-0.38184998948033355,1.5511748272551025,-0.5904647734189133,1.4036517001158426,-0.08989331499509892,-0.10060545457319174,-0.21981657747106437,-0.7941781627873975,-0.3070801941090227,-0.19621814613865227,0.9415829490307701,-0.4156175589970315,-0.20166150310667885,-0.4864967196604686,-0.21219372754742588,3.3422644580160132,1.5624913792865636,-0.14660958536878183,-1.482807455038566,3.013437917198243,-0.2931944802761775,-0.03167031776097681,-0.268264101878365,-0.3392400313681768,-1.1683017204269652,-0.03167031776097681,-0.03167031776097681
-0.4660584095412337,-0.47719228755634174,0.4853126023004084,-0.6119939762384244,0.7460614945080791,-0.3617231403378489,-0.5688650341299796,-0.34290113299620106,1.240741795686089,-0.9135419112057267,-0.2529147778628351,-0.22965760608731267,0.893419385394227,-0.3921188919620247,-0.07095947242679883,-0.11031946970293831,-0.38184998948033355,1.5511748272551025,-0.5904647734189133,1.4036517001158426,-0.08989331499509892,-0.10060545457319174,-0.21981657747106437,-0.7941781627873975,-0.3070801941090227,-0.19621814613865227,0.9415829490307701,-0.4156175589970315,-0.20166150310667885,-0.4864967196604686,-0.21219372754742588,-0.2991983466782894,1.5624913792865636,-0.14660958536878183,-1.482807455038566,3.013437917198243,-0.2931944802761775,-0.03167031776097681,-0.268264101878365,-0.3392400313681768,-1.1683017204269652,-0.03167031776097681,-0.03167031776097681
-0.4660584095412337,-0.47719228755634174,0.636811500359779,1.3369127078111998,-0.9304769952771516,-0.3617231403378489,-0.5688650341299796,-0.34290113299620106,1.240741795686089,1.0946405279645712,-0.2529147778628351,-0.22965760608731267,-1.119295166803151,2.5502469289259504,-0.07095947242679883,-0.11031946970293831,-0.38184998948033355,-0.6446726587031845,-0.5904647734189133,1.4036517001158426,-0.08989331499509892,-0.10060545457319174,-0.21981657747106437,-0.7941781627873975,-0.3070801941090227,-0.19621814613865227,0.9415829490307701,-0.4156175589970315,-0.20166150310667885,-0.4864967196604686,-0.21219372754742588,-0.2991983466782894,-0.6400035310637054,-0.14660958536878183,0.6743963935452368,3.013437917198243,-0.2931944802761775,-0.03167031776097681,-0.268264101878365,-0.3392400313681768,-1.1683017204269652,-0.03167031776097681,-0.03167031776097681
-0.4660584095412337,-0.47719228755634174,0.7125609493894642,1.486457527626889,-0.4647718592256985,0.019883301583053115,-0.5688650341299796,-0.34290113299620106,1.240741795686089,1.0946405279645712,-0.2529147778628351,-0.22965760608731267,0.893419385394227,-0.3921188919620247,-0.07095947242679883,-0.11031946970293831,-0.38184998948033355,1.5511748272551025,-0.5904647734189133,1.4036517001158426,-0.08989331499509892,-0.10060545457319174,-0.21981657747106437,-0.7941781627873975,-0.3070801941090227,-0.19621814613865227,-1.0620413220411034,2.4060581136494816,-0.20166150310667885,-0.4864967196604686,-0.21219372754742588,-0.2991983466782894,-0.6400035310637054,-0.14660958536878183,0.6743963935452368,3.013437917198243,-0.2931944802761775,-0.03167031776097681,-0.268264101878365,-0.3392400313681768,-1.1683017204269652,-0.03167031776097681,-0.03167031776097681
-0.4660584095412337,-0.47719228755634174,0.25806425521135257,0.7435574549941113,-1.8618872673800575,-0.3617231403378489,-0.5688650341299796,-0.34290113299620106,1.240741795686089,1.0946405279645712,-0.2529147778628351,-0.22965760608731267,0.893419385394227,-0.3921188919620247,-0.07095947242679883,-0.11031946970293831,2.618829455412367,-0.6446726587031845,-0.5904647734189133,1.4036517001158426,-0.08989331499509892,-0.10060545457319174,-0.21981657747106437,-0.7941781627873975,-0.3070801941090227,-0.19621814613865227,0.9415829490307701,-0.4156175589970315,-0.20166150310667885,-0.4864967196604686,-0.21219372754742588,-0.2991983466782894,-0.6400035310637054,-0.14660958536878183,0.6743963935452368,3.013437917198243,-0.2931944802761775,-0.03167031776097681,-0.268264101878365,-0.3392400313681768,-1.1683017204269652,-0.03167031776097681,-0.03167031776097681
-0.43225917468620917,-0.44594923153185645,-0.044933540907388575,0.5168282120477442,-1.3030411041183139,0.4014897435039551,-0.5688650341299796,2.9162924930057867,-0.8059694639746,-0.9135419112057267,-0.2529147778628351,-0.22965760608731267,-1.119295166803151,-0.3921188919620247,-0.07095947242679883,-0.11031946970293831,-0.38184998948033355,1.5511748272551025,-0.5904647734189133,1.4036517001158426,-0.08989331499509892,-0.10060545457319174,-0.21981657747106437,-0.7941781627873975,-0.3070801941090227,-0.19621814613865227,-1.0620413220411034,2.4060581136494816,-0.20166150310667885,-0.4864967196604686,-0.21219372754742588,-0.2991983466782894,-0.6400035310637054,-0.14660958536878183,0.6743963935452368,3.013437917198243,-0.2931944802761775,-0.03167031776097681,-0.268264101878365,-0.3392400313681768,-1.1683017204269652,-0.03167031776097681,-0.03167031776097681
-0.43225917468620917,-0.44594923153185645,-0.27218188799644444,-0.47692123575973777,0.000933276825754426,0.019883301583053115,-0.5688650341299796,-0.34290113299620106,1.240741795686089,-0.9135419112057267,-0.2529147778628351,-0.22965760608731267,0.893419385394227,-0.3921188919620247,-0.07095947242679883,-0.11031946970293831,-0.38184998948033355,1.5511748272551025,-0.5904647734189133,1.4036517001158426,-0.08989331499509892,-0.10060545457319174,-0.21981657747106437,-0.7941781627873975,-0.3070801941090227,-0.19621814613865227,0.9415829490307701,-0.4156175589970315,-0.20166150310667885,-0.4864967196604686,-0.21219372754742588,-0.2991983466782894,-0.6400035310637054,-0.14660958536878183,0.6743963935452368,3.013437917198243,-0.2931944802761775,-0.03167031776097681,-0.268264101878365,-0.3392400313681768,-1.1683017204269652,-0.03167031776097681,-0.03167031776097681
-0.43225917468620917,-0.44594923153185645,0.1823148061816673,-0.1633595167913574,-1.5824641857491857,-0.3617231403378489,-0.5688650341299796,-0.34290113299620106,1.240741795686089,-0.9135419112057267,-0.2529147778628351,-0.22965760608731267,-1.119295166803151,2.5502469289259504,-0.07095947242679883,-0.11031946970293831,-0.38184998948033355,-0.6446726587031845,-0.5904647734189133,1.4036517001158426,-0.08989331499509892,-0.10060545457319174,-0.21981657747106437,-0.7941781627873975,-0.3070801941090227,-0.19621814613865227,0.9415829490307701,-0.4156175589970315,-0.20166150310667885,-0.4864967196604686,-0.21219372754742588,-0.2991983466782894,-0.6400035310637054,-0.14660958536878183,0.6743963935452368,3.013437917198243,-0.2931944802761775,-0.03167031776097681,-0.268264101878365,-0.3392400313681768,-1.1683017204269652,-0.03167031776097681,-0.03167031776097681
-0.4022154103706317,-0.41470617550737116,0.030815908122296707,0.7290853756571091,-1.768746240169767,0.4014897435039551,-0.5688650341299796,2.9162924930057867,-0.8059694639746,1.0946405279645712,-0.2529147778628351,-0.22965760608731267,0.893419385394227,-0.3921188919620247,-0.07095947242679883,-0.11031946970293831,-0.38184998948033355,1.5511748272551025,-0.5904647734189133,1.4036517001158426,-0.08989331499509892,-0.10060545457319174,-0.21981657747106437,-0.7941781627873975,-0.3070801941090227,-0.19621814613865227,0.9415829490307701,-0.4156175589970315,-0.20166150310667885,-0.4864967196604686,-0.21219372754742588,-0.2991983466782894,-0.6400035310637054,-0.14660958536878183,0.6743963935452368,3.013437917198243,-0.2931944802761775,-0.03167031776097681,-0.268264101878365,-0.3392400313681768,-1.1683017204269652,-0.03167031776097681,-0.03167031776097681
-0.4022154103706317,-0.41470617550737116,0.5610620513300937,0.16949830795969206,0.7460614945080791,-0.3617231403378489,-0.5688650341299796,-0.34290113299620106,1.240741795686089,1.0946405279645712,-0.2529147778628351,-0.22965760608731267,0.893419385394227,-0.3921188919620247,-0.07095947242679883,-0.11031946970293831,2.618829455412367,-0.6446726587031845,-0.5904647734189133,-0.7124274490013944,-0.08989331499509892,-0.10060545457319174,-0.21981657747106437,-0.7941781627873975,-0.3070801941090227,-0.19621814613865227,0.9415829490307701,-0.4156175589970315,-0.20166150310667885,-0.4864967196604686,-0.21219372754742588,-0.2991983466782894,-0.6400035310637054,-0.14660958536878183,0.6743963935452368,3.013437917198243,-0.2931944802761775,-0.03167031776097681,-0.268264101878365,-0.3392400313681768,-1.1683017204269652,-0.03167031776097681,-0.03167031776097681
-0.3721716460550542,-0.38346311948288586,0.8640598474488348,1.1053594384191654,-1.5824641857491857,-0.3617231403378489,-0.5688650341299796,-0.34290113299620106,1.240741795686089,1.0946405279645712,-0.2529147778628351,-0.22965760608731267,-1.119295166803151,-0.3921188919620247,-0.07095947242679883,-0.11031946970293831,-0.38184998948033355,1.5511748272551025,-0.5904647734189133,1.4036517001158426,-0.08989331499509892,-0.10060545457319174,-0.21981657747106437,-0.7941781627873975,-0.3070801941090227,-0.19621814613865227,0.9415829490307701,-0.4156175589970315,-0.20166150310667885,-0.4864967196604686,-0.21219372754742588,-0.2991983466782894,1.5624913792865636,-0.14660958536878183,-1.482807455038566,-0.3318468896580935,-0.2931944802761775,-0.03167031776097681,-0.268264101878365,-0.3392400313681768,0.855943274340589,-0.03167031776097681,-0.03167031776097681
-0.3721716460550542,-0.38346311948288586,0.25806425521135257,1.2934964698001934,0.559779440087498,0.019883301583053115,-0.5688650341299796,-0.34290113299620106,1.240741795686089,1.0946405279645712,-0.2529147778628351,-0.22965760608731267,0.893419385394227,2.5502469289259504,-0.07095947242679883,-0.11031946970293831,-0.38184998948033355,-0.6446726587031845,-0.5904647734189133,1.4036517001158426,-0.08989331499509892,-0.10060545457319174,-0.21981657747106437,-0.7941781627873975,-0.3070801941090227,-0.19621814613865227,0.9415829490307701,-0.4156175589970315,-0.20166150310667885,-0.4864967196604686,-0.21219372754742588,-0.2991983466782894,-0.6400035310637054,-0.14660958536878183,0.6743963935452368,-0.3318468896580935,-0.2931944802761775,-0.03167031776097681,-0.268264101878365,-0.3392400313681768,0.855943274340589,-0.03167031776097681,-0.03167031776097681
-0.3721716460550542,-0.38346311948288586,0.25806425521135257,-0.0138146969756686,0.559779440087498,-0.3617231403378489,-0.5688650341299796,-0.34290113299620106,1.240741795686089,-0.9135419112057267,-0.2529147778628351,-0.22965760608731267,0.893419385394227,-0.3921188919620247,-0.07095947242679883,-0.11031946970293831,-0.38184998948033355,1.5511748272551025,-0.5904647734189133,1.4036517001158426,-0.08989331499509892,-0.10060545457319174,-0.21981657747106437,-0.7941781627873975,-0.3070801941090227,-0.19621814613865227,-1.0620413220411034,2.4060581136494816,-0.20166150310667885,-0.4864967196604686,-0.21219372754742588,-0.2991983466782894,1.5624913792865636,-0.14660958536878183,-1.482807455038566,-0.3318468896580935,-0.2931944802761775,-0.03167031776097681,-0.268264101878365,-0.3392400313681768,0.855943274340589,-0.03167031776097681,-0.03167031776097681
-0.3721716460550542,-0.38346311948288586,0.33381370424103785,1.6167062416599083,-0.9304769952771516,0.4014897435039551,-0.5688650341299796,-0.34290113299620106,1.240741795686089,1.0946405279645712,-0.2529147778628351,-0.22965760608731267,0.893419385394227,-0.3921188919620247,-0.07095947242679883,-0.11031946970293831,2.618829455412367,-0.6446726587031845,-0.5904647734189133,-0.7124274490013944,-0.08989331499509892,-0.10060545457319174,-0.21981657747106437,-0.7941781627873975,-0.3070801941090227,-0.19621814613865227,0.9415829490307701,-0.4156175589970315,-0.20166150310667885,-0.4864967196604686,-0.21219372754742588,3.3422644580160132,-0.6400035310637054,-0.14660958536878183,0.6743963935452368,-0.3318468896580935,-0.2931944802761775,-0.03167031776097681,-0.268264101878365,-0.3392400313681768,0.855943274340589,-0.03167031776097681,-0.03167031776097681
-0.3721716460550542,-0.38346311948288586,-0.12068298993707387,-0.7277706109344416,-0.6510539136462797,0.019883301583053115,-0.5688650341299796,-0.34290113299620106,1.240741795686089,-0.9135419112057267,-0.2529147778628351,-0.22965760608731267,-1.119295166803151,-0.3921188919620247,-0.07095947242679883,-0.11031946970293831,-0.38184998948033355,1.5511748272551025,-0.5904647734189133,-0.7124274490013944,-0.08989331499509892,-0.10060545457319174,-0.21981657747106437,-0.7941781627873975,-0.3070801941090227,5.0963686064660765,0.9415829490307701,-0.4156175589970315,-0.20166150310667885,-0.4864967196604686,-0.21219372754742588,-0.2991983466782894,-0.6400035310637054,-0.14660958536878183,0.6743963935452368,-0.3318468896580935,-0.2931944802761775,-0.03167031776097681,-0.268264101878365,-0.3392400313681768,0.855943274340589,-0.03167031776097681,-0.03167031776097681
-0.3721716460550542,-0.38346311948288586,-0.12068298993707387,0.791797719450785,-1.489323158538895,-0.3617231403378489,-0.5688650341299796,-0.34290113299620106,1.240741795686089,-0.9135419112057267,-0.2529147778628351,-0.22965760608731267,0.893419385394227,-0.3921188919620247,-0.07095947242679883,-0.11031946970293831,-0.38184998948033355,1.5511748272551025,-0.5904647734189133,1.4036517001158426,-0.08989331499509892,-0.10060545457319174,-0.21981657747106437,-0.7941781627873975,-0.3070801941090227,-0.19621814613865227,0.9415829490307701,-0.4156175589970315,-0.20166150310667885,-0.4864967196604686,-0.21219372754742588,-0.2991983466782894,1.5624913792865636,-0.14660958536878183,-1.482807455038566,-0.3318468896580935,-0.2931944802761775,-0.03167031776097681,-0.268264101878365,-0.3392400313681768,0.855943274340589,-0.03167031776097681,-0.03167031776097681
-0.33837241120002964,-0.3522200634584006,0.33381370424103785,1.3899769987135415,-0.18534877759482676,0.4014897435039551,-0.5688650341299796,-0.34290113299620106,1.240741795686089,1.0946405279645712,-0.2529147778628351,-0.22965760608731267,0.893419385394227,-0.3921188919620247,-0.07095947242679883,-0.11031946970293831,-0.38184998948033355,1.5511748272551025,-0.5904647734189133,1.4036517001158426,-0.08989331499509892,-0.10060545457319174,-0.21981657747106437,-0.7941781627873975,-0.3070801941090227,-0.19621814613865227,-1.0620413220411034,2.4060581136494816,-0.20166150310667885,-0.4864967196604686,-0.21219372754742588,-0.2991983466782894,-0.6400035310637054,-0.14660958536878183,0.6743963935452368,-0.3318468896580935,-0.2931944802761775,-0.03167031776097681,-0.268264101878365,-0.3392400313681768,0.855943274340589,-0.03167031776097681,-0.03167031776097681
-0.33837241120002964,-0.3522200634584006,0.33381370424103785,1.0040548830601503,-1.768746240169767,-0.3617231403378489,-0.5688650341299796,-0.34290113299620106,1.240741795686089,1.0946405279645712,-0.2529147778628351,-0.22965760608731267,0.893419385394227,-0.3921188919620247,-0.07095947242679883,-0.11031946970293831,-0.38184998948033355,1.5511748272551025,-0.5904647734189133,1.4036517001158426,-0.08989331499509892,-0.10060545457319174,-0.21981657747106437,-0.7941781627873975,-0.3070801941090227,-0.19621814613865227,-1.0620413220411034,2.4060581136494816,-0.20166150310667885,-0.4864967196604686,-0.21219372754742588,-0.2991983466782894,-0.6400035310637054,-0.14660958536878183,0.6743963935452368,-0.3318468896580935,-0.2931944802761775,-0.03167031776097681,-0.268264101878365,-0.3392400313681768,0.855943274340589,-0.03167031776097681,-0.03167031776097681
-0.33837241120002964,-0.3522200634584006,-0.27218188799644444,0.2708028633187072,-0.18534877759482676,-1.5065424661005549,-0.5688650341299796,-0.34290113299620106,1.240741795686089,-0.9135419112057267,-0.2529147778628351,-0.22965760608731267,-1.119295166803151,-0.3921188919620247,-0.07095947242679883,-0.11031946970293831,-0.38184998948033355,1.5511748272551025,-0.5904647734189133,1.4036517001158426,-0.08989331499509892,-0.10060545457319174,-0.21981657747106437,-0.7941781627873975,-0.3070801941090227,-0.19621814613865227,-1.0620413220411034,-0.4156175589970315,-0.20166150310667885,-0.4864967196604686,-0.21219372754742588,-0.2991983466782894,-0.6400035310637054,-0.14660958536878183,0.6743963935452368,-0.3318468896580935,-0.2931944802761775,-0.03167031776097681,-0.268264101878365,-0.3392400313681768,0.855943274340589,-0.03167031776097681,-0.03167031776097681
-0.3083286468844522,-0.32097700743391533,-0.044933540907388575,-0.11994327878035099,-0.9304769952771516,-1.5065424661005549,-0.5688650341299796,-0.34290113299620106,1.240741795686089,-0.9135419112057267,-0.2529147778628351,-0.22965760608731267,0.893419385394227,-0.3921188919620247,-0.07095947242679883,-0.11031946970293831,-0.38184998948033355,1.5511748272551025,-0.5904647734189133,1.4036517001158426,-0.08989331499509892,-0.10060545457319174,-0.21981657747106437,-0.7941781627873975,-0.3070801941090227,-0.19621814613865227,0.9415829490307701,-0.4156175589970315,-0.20166150310667885,-0.4864967196604686,-0.21219372754742588,-0.2991983466782894,-0.6400035310637054,-0.14660958536878183,0.6743963935452368,-0.3318468896580935,-0.2931944802761775,-0.03167031776097681,-0.268264101878365,-0.3392400313681768,0.855943274340589,-0.03167031776097681,-0.03167031776097681
-0.27828488256887474,-0.28973395140943004,-0.044933540907388575,-0.11994327878035099,0.559779440087498,0.019883301583053115,-0.5688650341299796,-0.34290113299620106,1.240741795686089,1.0946405279645712,-0.2529147778628351,-0.22965760608731267,0.893419385394227,-0.3921188919620247,-0.07095947242679883,-0.11031946970293831,-0.38184998948033355,1.5511748272551025,-0.5904647734189133,1.4036517001158426,-0.08989331499509892,-0.10060545457319174,-0.21981657747106437,-0.7941781627873975,-0.3070801941090227,-0.19621814613865227,0.9415829490307701,-0.4156175589970315,-0.20166150310667885,-0.4864967196604686,-0.21219372754742588,-0.2991983466782894,-0.6400035310637054,-0.14660958536878183,0.6743963935452368,-0.3318468896580935,-0.2931944802761775,-0.03167031776097681,-0.268264101878365,-0.3392400313681768,0.855943274340589,-0.03167031776097681,-0.03167031776097681
-0.27828488256887474,-0.28973395140943004,-0.044933540907388575,-0.11994327878035099,-1.6756052129594763,0.4014897435039551,-0.5688650341299796,-0.34290113299620106,1.240741795686089,1.0946405279645712,-0.2529147778628351,-0.22965760608731267,0.893419385394227,-0.3921188919620247,-0.07095947242679883,-0.11031946970293831,-0.38184998948033355,1.5511748272551025,-0.5904647734189133,1.4036517001158426,-0.08989331499509892,-0.10060545457319174,-0.21981657747106437,-0.7941781627873975,-0.3070801941090227,-0.19621814613865227,0.9415829490307701,-0.4156175589970315,-0.20166150310667885,-0.4864967196604686,-0.21219372754742588,-0.2991983466782894,-0.6400035310637054,-0.14660958536878183,0.6743963935452368,-0.3318468896580935,-0.2931944802761775,-0.03167031776097681,-0.268264101878365,-0.3392400313681768,0.855943274340589,-0.03167031776097681,-0.03167031776097681
-0.24448564771385017,-0.25849089538494474,-0.044933540907388575,-0.11994327878035099,-0.3716308320154079,-1.5065424661005549,-0.5688650341299796,-0.34290113299620106,1.240741795686089,-0.9135419112057267,-0.2529147778628351,-0.22965760608731267,0.893419385394227,-0.3921188919620247,-0.07095947242679883,-0.11031946970293831,-0.38184998948033355,1.5511748272551025,-0.5904647734189133,1.4036517001158426,-0.08989331499509892,-0.10060545457319174,-0.21981657747106437,-0.7941781627873975,-0.3070801941090227,-0.19621814613865227,0.9415829490307701,-0.4156175589970315,-0.20166150310667885,-0.4864967196604686,-0.21219372754742588,-0.2991983466782894,-0.6400035310637054,-0.14660958536878183,0.6743963935452368,-0.3318468896580935,-0.2931944802761775,-0.03167031776097681,-0.268264101878365,-0.3392400313681768,0.855943274340589,-0.03167031776097681,-0.03167031776097681
-0.21444188339827272,-0.22724783936045947,-0.044933540907388575,-0.11994327878035099,0.6529204672977886,0.019883301583053115,-0.5688650341299796,-0.34290113299620106,1.240741795686089,1.0946405279645712,-0.2529147778628351,-0.22965760608731267,0.893419385394227,-0.3921188919620247,-0.07095947242679883,-0.11031946970293831,-0.38184998948033355,1.5511748272551025,-0.5904647734189133,1.4036517001158426,-0.08989331499509892,-0.10060545457319174,-0.21981657747106437,-0.7941781627873975,-0.3070801941090227,-0.19621814613865227,0.9415829490307701,-0.4156175589970315,-0.20166150310667885,-0.4864967196604686,-0.21219372754742588,3.3422644580160132,1.5624913792865636,-0.14660958536878183,-1.482807455038566,-0.3318468896580935,-0.2931944802761775,-0.03167031776097681,-0.268264101878365,-0.3392400313681768,0.855943274340589,-0.03167031776097681,-0.03167031776097681
-0.18439811908269527,-0.19600478333597418,-0.044933540907388575,-0.11994327878035099,0.8392025217183697,0.019883301583053115,-0.5688650341299796,-0.34290113299620106,1.240741795686089,1.0946405279645712,-0.2529147778628351,-0.22965760608731267,0.893419385394227,-0.3921188919620247,-0.07095947242679883,-0.11031946970293831,-0.38184998948033355,1.5511748272551025,-0.5904647734189133,1.4036517001158426,-0.08989331499509892,-0.10060545457319174,-0.21981657747106437,-0.7941781627873975,-0.3070801941090227,-0.19621814613865227,-1.0620413220411034,2.4060581136494816,-0.20166150310667885,-0.4864967196604686,-0.21219372754742588,-0.2991983466782894,-0.6400035310637054,-0.14660958536878183,0.6743963935452368,-0.3318468896580935,-0.2931944802761775,-0.03167031776097681,-0.268264101878365,-0.3392400313681768,0.855943274340589,-0.03167031776097681,-0.03167031776097681
-0.18439811908269527,-0.19600478333597418,-0.044933540907388575,-0.11994327878035099,0.9323435489286603,-1.5065424661005549,-0.5688650341299796,-0.34290113299620106,1.240741795686089,1.0946405279645712,-0.2529147778628351,-0.22965760608731267,-1.119295166803151,-0.3921188919620247,-0.07095947242679883,-0.11031946970293831,2.618829455412367,-0.6446726587031845,-0.5904647734189133,1.4036517001158426,-0.08989331499509892,-0.10060545457319174,-0.21981657747106437,-0.7941781627873975,-0.3070801941090227,-0.19621814613865227,0.9415829490307701,-0.4156175589970315,-0.20166150310667885,-0.4864967196604686,-0.21219372754742588,-0.2991983466782894,-0.6400035310637054,-0.14660958536878183,0.6743963935452368,-0.3318468896580935,-0.2931944802761775,-0.03167031776097681,-0.268264101878365,-0.3392400313681768,0.855943274340589,-0.03167031776097681,-0.03167031776097681
-0.18439811908269527,-0.19600478333597418,-0.044933540907388575,-0.11994327878035099,-0.4647718592256985,-0.3617231403378489,-0.5688650341299796,-0.34290113299620106,1.240741795686089,1.0946405279645712,-0.2529147778628351,-0.22965760608731267,-1.119295166803151,-0.3921188919620247,-0.07095947242679883,-0.11031946970293831,-0.38184998948033355,1.5511748272551025,-0.5904647734189133,1.4036517001158426,-0.08989331499509892,-0.10060545457319174,-0.21981657747106437,-0.7941781627873975,-0.3070801941090227,-0.19621814613865227,0.9415829490307701,-0.4156175589970315,-0.20166150310667885,-0.4864967196604686,-0.21219372754742588,-0.2991983466782894,1.5624913792865636,-0.14660958536878183,-1.482807455038566,-0.3318468896580935,-0.2931944802761775,-0.03167031776097681,-0.268264101878365,-0.3392400313681768,0.855943274340589,-0.03167031776097681,-0.03167031776097681
-0.1505988842276707,-0.16476172731148891,0.8640598474488348,0.21773857241636618,-0.5579128864359891,0.019883301583053115,-0.5688650341299796,-0.34290113299620106,1.240741795686089,1.0946405279645712,-0.2529147778628351,-0.22965760608731267,0.893419385394227,-0.3921188919620247,-0.07095947242679883,-0.11031946970293831,2.618829455412367,-0.6446726587031845,-0.5904647734189133,-0.7124274490013944,-0.08989331499509892,-0.10060545457319174,-0.21981657747106437,-0.7941781627873975,-0.3070801941090227,-0.19621814613865227,0.9415829490307701,-0.4156175589970315,-0.20166150310667885,-0.4864967196604686,-0.21219372754742588,-0.2991983466782894,1.5624913792865636,-0.14660958536878183,-1.482807455038566,-0.3318468896580935,-0.2931944802761775,-0.03167031776097681,-0.268264101878365,-0.3392400313681768,0.855943274340589,-0.03167031776097681,-0.03167031776097681
-0.1505988842276707,-0.16476172731148891,0.33381370424103785,-0.24054393992203568,-1.3961821313286045,-1.5065424661005549,-0.5688650341299796,-0.34290113299620106,1.240741795686089,-0.9135419112057267,-0.2529147778628351,-0.22965760608731267,-1.119295166803151,2.5502469289259504,-0.07095947242679883,-0.11031946970293831,-0.38184998948033355,-0.6446726587031845,-0.5904647734189133,1.4036517001158426,-0.08989331499509892,-0.10060545457319174,-0.21981657747106437,-0.7941781627873975,-0.3070801941090227,-0.19621814613865227,0.9415829490307701,-0.4156175589970315,-0.20166150310667885,-0.4864967196604686,-0.21219372754742588,-0.2991983466782894,1.5624913792865636,-0.14660958536878183,-1.482807455038566,-0.3318468896580935,-0.2931944802761775,-0.03167031776097681,-0.268264101878365,-0.3392400313681768,0.855943274340589,-0.03167031776097681,-0.03167031776097681
-0.1505988842276707,-0.16476172731148891,0.1823148061816673,0.1502022021770225,-1.489323158538895,-1.5065424661005549,-0.5688650341299796,-0.34290113299620106,1.240741795686089,-0.9135419112057267,-0.2529147778628351,-0.22965760608731267,-1.119295166803151,-0.3921188919620247,-0.07095947242679883,-0.11031946970293831,-0.38184998948033355,1.5511748272551025,-0.5904647734189133,1.4036517001158426,-0.08989331499509892,-0.10060545457319174,-0.21981657747106437,-0.7941781627873975,-0.3070801941090227,-0.19621814613865227,0.9415829490307701,-0.4156175589970315,-0.20166150310667885,-0.4864967196604686,-0.21219372754742588,-0.2991983466782894,-0.6400035310637054,-0.14660958536878183,0.6743963935452368,-0.3318468896580935,-0.2931944802761775,-0.03167031776097681,-0.268264101878365,-0.3392400313681768,0.855943274340589,-0.03167031776097681,-0.03167031776097681
-0.1505988842276707,-0.16476172731148891,0.636811500359779,-0.07652704076934458,-0.9304769952771516,-1.5065424661005549,-0.5688650341299796,-0.34290113299620106,1.240741795686089,-0.9135419112057267,-0.2529147778628351,-0.22965760608731267,-1.119295166803151,-0.3921188919620247,-0.07095947242679883,-0.11031946970293831,-0.38184998948033355,1.5511748272551025,-0.5904647734189133,-0.7124274490013944,-0.08989331499509892,-0.10060545457319174,-0.21981657747106437,-0.7941781627873975,-0.3070801941090227,-0.19621814613865227,-1.0620413220411034,2.4060581136494816,-0.20166150310667885,-0.4864967196604686,-0.21219372754742588,-0.2991983466782894,-0.6400035310637054,-0.14660958536878183,0.6743963935452368,-0.3318468896580935,-0.2931944802761775,-0.03167031776097681,-0.268264101878365,-0.3392400313681768,0.855943274340589,-0.03167031776097681,-0.03167031776097681
-0.12055511991209324,-0.13351867128700362,-0.12068298993707387,0.8110938252334546,-1.8618872673800575,-1.5065424661005549,-0.5688650341299796,-0.34290113299620106,1.240741795686089,-0.9135419112057267,-0.2529147778628351,-0.22965760608731267,0.893419385394227,-0.3921188919620247,-0.07095947242679883,-0.11031946970293831,-0.38184998948033355,1.5511748272551025,-0.5904647734189133,1.4036517001158426,-0.08989331499509892,-0.10060545457319174,-0.21981657747106437,-0.7941781627873975,-0.3070801941090227,-0.19621814613865227,0.9415829490307701,-0.4156175589970315,-0.20166150310667885,-0.4864967196604686,-0.21219372754742588,-0.2991983466782894,-0.6400035310637054,-0.14660958536878183,0.6743963935452368,-0.3318468896580935,-0.2931944802761775,-0.03167031776097681,-0.268264101878365,-0.3392400313681768,0.855943274340589,-0.03167031776097681,-0.03167031776097681
-0.12055511991209324,-0.13351867128700362,0.25806425521135257,0.5891886087327548,-0.27848980480511737,0.019883301583053115,-0.5688650341299796,-0.34290113299620106,1.240741795686089,-0.9135419112057267,-0.2529147778628351,-0.22965760608731267,-1.119295166803151,-0.3921188919620247,-0.07095947242679883,-0.11031946970293831,-0.38184998948033355,1.5511748272551025,-0.5904647734189133,1.4036517001158426,-0.08989331499509892,-0.10060545457319174,-0.21981657747106437,-0.7941781627873975,-0.3070801941090227,-0.19621814613865227,0.9415829490307701,-0.4156175589970315,-0.20166150310667885,-0.4864967196604686,-0.21219372754742588,-0.2991983466782894,-0.6400035310637054,-0.14660958536878183,0.6743963935452368,-0.3318468896580935,-0.2931944802761775,-0.03167031776097681,-0.268264101878365,-0.3392400313681768,0.855943274340589,-0.03167031776097681,-0.03167031776097681
-0.12055511991209324,-0.13351867128700362,-0.044933540907388575,0.06336972615500966,-1.3030411041183139,0.4014897435039551,-0.5688650341299796,-0.34290113299620106,1.240741795686089,-0.9135419112057267,-0.2529147778628351,-0.22965760608731267,-1.119295166803151,-0.3921188919620247,-0.07095947242679883,-0.11031946970293831,-0.38184998948033355,1.5511748272551025,-0.5904647734189133,1.4036517001158426,-0.08989331499509892,-0.10060545457319174,-0.21981657747106437,-0.7941781627873975,-0.3070801941090227,-0.19621814613865227,0.9415829490307701,-0.4156175589970315,-0.20166150310667885,-0.4864967196604686,-0.21219372754742588,-0.2991983466782894,-0.6400035310637054,-0.14660958536878183,0.6743963935452368,-0.3318468896580935,-0.2931944802761775,-0.03167031776097681,-0.268264101878365,-0.3392400313681768,0.855943274340589,-0.03167031776097681,-0.03167031776097681
-0.09051135559651578,-0.10227561526251834,0.33381370424103785,0.12125804350301836,-0.837335968066861,0.019883301583053115,-0.5688650341299796,-0.34290113299620106,1.240741795686089,-0.9135419112057267,-0.2529147778628351,-0.22965760608731267,-1.119295166803151,2.5502469289259504,-0.07095947242679883,-0.11031946970293831,-0.38184998948033355,-0.6446726587031845,-0.5904647734189133,-0.7124274490013944,-0.08989331499509892,-0.10060545457319174,-0.21981657747106437,-0.7941781627873975,-0.3070801941090227,-0.19621814613865227,-1.0620413220411034,2.4060581136494816,-0.20166150310667885,-0.4864967196604686,-0.21219372754742588,-0.2991983466782894,-0.6400035310637054,-0.14660958536878183,0.6743963935452368,-0.3318468896580935,-0.2931944802761775,-0.03167031776097681,-0.268264101878365,-0.3392400313681768,0.855943274340589,-0.03167031776097681,-0.03167031776097681
-0.09051135559651578,-0.10227561526251834,0.636811500359779,1.5491698714205653,0.46663841287720736,0.4014897435039551,-0.5688650341299796,-0.34290113299620106,1.240741795686089,1.0946405279645712,-0.2529147778628351,-0.22965760608731267,0.893419385394227,-0.3921188919620247,-0.07095947242679883,-0.11031946970293831,-0.38184998948033355,1.5511748272551025,-0.5904647734189133,1.4036517001158426,-0.08989331499509892,-0.10060545457319174,-0.21981657747106437,-0.7941781627873975,-0.3070801941090227,-0.19621814613865227,-1.0620413220411034,2.4060581136494816,-0.20166150310667885,-0.4864967196604686,-0.21219372754742588,3.3422644580160132,-0.6400035310637054,-0.14660958536878183,0.6743963935452368,-0.3318468896580935,-0.2931944802761775,-0.03167031776097681,-0.268264101878365,-0.3392400313681768,0.855943274340589,-0.03167031776097681,-0.03167031776097681
-0.09051135559651578,-0.10227561526251834,0.33381370424103785,1.3513847871482023,0.1872153312463356,0.019883301583053115,-0.5688650341299796,-0.34290113299620106,1.240741795686089,1.0946405279645712,-0.2529147778628351,-0.22965760608731267,0.893419385394227,-0.3921188919620247,-0.07095947242679883,-0.11031946970293831,-0.38184998948033355,1.5511748272551025,-0.5904647734189133,-0.7124274490013944,-0.08989331499509892,9.939818911831344,-0.21981657747106437,-0.7941781627873975,-0.3070801941090227,-0.19621814613865227,0.9415829490307701,-0.4156175589970315,-0.20166150310667885,-0.4864967196604686,-0.21219372754742588,-0.2991983466782894,-0.6400035310637054,-0.14660958536878183,0.6743963935452368,-0.3318468896580935,-0.2931944802761775,-0.03167031776097681,-0.268264101878365,-0.3392400313681768,0.855943274340589,-0.03167031776097681,-0.03167031776097681
-0.09051135559651578,-0.10227561526251834,-0.27218188799644444,0.22256259886203347,0.3734973856669168,-1.5065424661005549,-0.5688650341299796,-0.34290113299620106,1.240741795686089,-0.9135419112057267,-0.2529147778628351,-0.22965760608731267,0.893419385394227,-0.3921188919620247,-0.07095947242679883,-0.11031946970293831,2.618829455412367,-0.6446726587031845,-0.5904647734189133,-0.7124274490013944,-0.08989331499509892,-0.10060545457319174,-0.21981657747106437,-0.7941781627873975,-0.3070801941090227,5.0963686064660765,0.9415829490307701,-0.4156175589970315,-0.20166150310667885,-0.4864967196604686,-0.21219372754742588,-0.2991983466782894,-0.6400035310637054,-0.14660958536878183,0.6743963935452368,-0.3318468896580935,-0.2931944802761775,-0.03167031776097681,-0.268264101878365,-0.3392400313681768,0.855943274340589,-0.03167031776097681,-0.03167031776097681
-0.09051135559651578,-0.10227561526251834,0.4095631532707231,1.5105776598552263,-0.7441949408565703,-1.5065424661005549,-0.5688650341299796,-0.34290113299620106,1.240741795686089,1.0946405279645712,-0.2529147778628351,-0.22965760608731267,0.893419385394227,-0.3921188919620247,-0.07095947242679883,-0.11031946970293831,-0.38184998948033355,1.5511748272551025,-0.5904647734189133,1.4036517001158426,-0.08989331499509892,-0.10060545457319174,-0.21981657747106437,-0.7941781627873975,-0.3070801941090227,-0.19621814613865227,0.9415829490307701,-0.4156175589970315,-0.20166150310667885,-0.4864967196604686,-0.21219372754742588,-0.2991983466782894,-0.6400035310637054,-0.14660958536878183,0.6743963935452368,-0.3318468896580935,-0.2931944802761775,-0.03167031776097681,-0.268264101878365,-0.3392400313681768,0.855943274340589,-0.03167031776097681,-0.03167031776097681
-0.09051135559651578,-0.10227561526251834,-0.19643243896675913,-0.4913933150967396,-0.4647718592256985,-1.5065424661005549,-0.5688650341299796,-0.34290113299620106,1.240741795686089,-0.9135419112057267,-0.2529147778628351,-0.22965760608731267,0.893419385394227,-0.3921188919620247,-0.07095947242679883,-0.11031946970293831,-0.38184998948033355,1.5511748272551025,-0.5904647734189133,1.4036517001158426,-0.08989331499509892,-0.10060545457319174,-0.21981657747106437,-0.7941781627873975,-0.3070801941090227,-0.19621814613865227,0.9415829490307701,-0.4156175589970315,-0.20166150310667885,-0.4864967196604686,-0.21219372754742588,-0.2991983466782894,-0.6400035310637054,-0.14660958536878183,0.6743963935452368,-0.3318468896580935,-0.2931944802761775,-0.03167031776097681,-0.268264101878365,-0.3392400313681768,0.855943274340589,-0.03167031776097681,-0.03167031776097681
-0.09051135559651578,-0.10227561526251834,0.33381370424103785,0.44929184180840054,-1.023618022487442,-1.5065424661005549,-0.5688650341299796,-0.34290113299620106,1.240741795686089,1.0946405279645712,-0.2529147778628351,-0.22965760608731267,-1.119295166803151,-0.3921188919620247,-0.07095947242679883,-0.11031946970293831,-0.38184998948033355,1.5511748272551025,-0.5904647734189133,1.4036517001158426,-0.08989331499509892,-0.10060545457319174,-0.21981657747106437,-0.7941781627873975,-0.3070801941090227,-0.19621814613865227,0.9415829490307701,-0.4156175589970315,-0.20166150310667885,-0.4864967196604686,-0.21219372754742588,-0.2991983466782894,-0.6400035310637054,-0.14660958536878183,0.6743963935452368,-0.3318468896580935,-0.2931944802761775,-0.03167031776097681,-0.268264101878365,-0.3392400313681768,0.855943274340589,-0.03167031776097681,-0.03167031776097681
-0.05671212074149122,-0.07103255923803306,1.167057643567576,1.5877620829859036,-0.09220775038453617,-1.5065424661005549,-0.5688650341299796,-0.34290113299620106,1.240741795686089,1.0946405279645712,-0.2529147778628351,-0.22965760608731267,0.893419385394227,-0.3921188919620247,-0.07095947242679883,-0.11031946970293831,-0.38184998948033355,1.5511748272551025,-0.5904647734189133,1.4036517001158426,-0.08989331499509892,-0.10060545457319174,-0.21981657747106437,-0.7941781627873975,-0.3070801941090227,-0.19621814613865227,0.9415829490307701,-0.4156175589970315,-0.20166150310667885,-0.4864967196604686,-0.21219372754742588,-0.2991983466782894,1.5624913792865636,-0.14660958536878183,-1.482807455038566,-0.3318468896580935,-0.2931944802761775,-0.03167031776097681,-0.268264101878365,-0.3392400313681768,0.855943274340589,-0.03167031776097681,-0.03167031776097681
-0.05671212074149122,-0.07103255923803306,0.1823148061816673,0.49270807981940695,-1.489323158538895,-1.5065424661005549,-0.5688650341299796,-0.34290113299620106,1.240741795686089,1.0946405279645712,-0.2529147778628351,-0.22965760608731267,0.893419385394227,-0.3921188919620247,-0.07095947242679883,-0.11031946970293831,-0.38184998948033355,1.5511748272551025,-0.5904647734189133,1.4036517001158426,-0.08989331499509892,-0.10060545457319174,-0.21981657747106437,-0.7941781627873975,-0.3070801941090227,-0.19621814613865227,-1.0620413220411034,2.4060581136494816,-0.20166150310667885,-0.4864967196604686,-0.21219372754742588,-0.2991983466782894,-0.6400035310637054,-0.14660958536878183,0.6743963935452368,-0.3318468896580935,-0.2931944802761775,-0.03167031776097681,-0.268264101878365,-0.3392400313681768,0.855943274340589,-0.03167031776097681,-0.03167031776097681
-0.05671212074149122,-0.07103255923803306,0.4853126023004084,0.2708028633187072,-0.5579128864359891,-1.5065424661005549,-0.5688650341299796,-0.34290113299620106,1.240741795686089,-0.9135419112057267,-0.2529147778628351,-0.22965760608731267,-1.119295166803151,-0.3921188919620247,-0.07095947242679883,-0.11031946970293831,-0.38184998948033355,1.5511748272551025,-0.5904647734189133,1.4036517001158426,-0.08989331499509892,-0.10060545457319174,-0.21981657747106437,-0.7941781627873975,-0.3070801941090227,-0.19621814613865227,0.9415829490307701,-0.4156175589970315,-0.20166150310667885,-0.4864967196604686,-0.21219372754742588,-0.2991983466782894,-0.6400035310637054,-0.14660958536878183,0.6743963935452368,-0.3318468896580935,-0.2931944802761775,-0.03167031776097681,-0.268264101878365,-0.3392400313681768,0.855943274340589,-0.03167031776097681,-0.03167031776097681
-0.02666835642591376,-0.03978950321354778,0.030815908122296707,0.11643401705735108,-1.1167590496977327,0.019883301583053115,-0.5688650341299796,-0.34290113299620106,1.240741795686089,-0.9135419112057267,-0.2529147778628351,-0.22965760608731267,-1.119295166803151,-0.3921188919620247,-0.07095947242679883,-0.11031946970293831,-0.38184998948033355,1.5511748272551025,-0.5904647734189133,1.4036517001158426,-0.08989331499509892,-0.10060545457319174,-0.21981657747106437,-0.7941781627873975,-0.3070801941090227,-0.19621814613865227,0.9415829490307701,-0.4156175589970315,-0.20166150310667885,-0.4864967196604686,-0.21219372754742588,-0.2991983466782894,1.5624913792865636,-0.14660958536878183,-1.482807455038566,-0.3318468896580935,-0.2931944802761775,-0.03167031776097681,-0.268264101878365,-0.3392400313681768,0.855943274340589,-0.03167031776097681,-0.03167031776097681
-0.02666835642591376,-0.03978950321354778,0.1823148061816673,0.23221065175336847,0.3734973856669168,-0.3617231403378489,-0.5688650341299796,-0.34290113299620106,1.240741795686089,1.0946405279645712,-0.2529147778628351,-0.22965760608731267,0.893419385394227,-0.3921188919620247,-0.07095947242679883,-0.11031946970293831,-0.38184998948033355,1.5511748272551025,-0.5904647734189133,1.4036517001158426,-0.08989331499509892,-0.10060545457319174,-0.21981657747106437,-0.7941781627873975,-0.3070801941090227,-0.19621814613865227,0.9415829490307701,-0.4156175589970315,-0.20166150310667885,-0.4864967196604686,-0.21219372754742588,-0.2991983466782894,-0.6400035310637054,-0.14660958536878183,0.6743963935452368,-0.3318468896580935,-0.2931944802761775,-0.03167031776097681,-0.268264101878365,-0.3392400313681768,0.855943274340589,-0.03167031776097681,-0.03167031776097681
0.0033754078896636995,-0.008546447189062499,-0.12068298993707387,-0.3900887597377245,1.211766630559532,-1.5065424661005549,-0.5688650341299796,-0.34290113299620106,1.240741795686089,-0.9135419112057267,-0.2529147778628351,-0.22965760608731267,0.893419385394227,-0.3921188919620247,-0.07095947242679883,-0.11031946970293831,-0.38184998948033355,1.5511748272551025,-0.5904647734189133,1.4036517001158426,-0.08989331499509892,-0.10060545457319174,-0.21981657747106437,-0.7941781627873975,-0.3070801941090227,-0.19621814613865227,-1.0620413220411034,2.4060581136494816,-0.20166150310667885,-0.4864967196604686,-0.21219372754742588,-0.2991983466782894,-0.6400035310637054,-0.14660958536878183,0.6743963935452368,-0.3318468896580935,-0.2931944802761775,-0.03167031776097681,-0.268264101878365,-0.3392400313681768,0.855943274340589,-0.03167031776097681,-0.03167031776097681
0.0033754078896636995,-0.008546447189062499,0.7883103984191495,1.1921919144411781,-2.1413103490109293,-1.5065424661005549,-0.5688650341299796,-0.34290113299620106,1.240741795686089,1.0946405279645712,-0.2529147778628351,-0.22965760608731267,0.893419385394227,-0.3921188919620247,-0.07095947242679883,-0.11031946970293831,2.618829455412367,-0.6446726587031845,-0.5904647734189133,1.4036517001158426,-0.08989331499509892,-0.10060545457319174,-0.21981657747106437,-0.7941781627873975,-0.3070801941090227,-0.19621814613865227,0.9415829490307701,-0.4156175589970315,-0.20166150310667885,-0.4864967196604686,-0.21219372754742588,-0.2991983466782894,-0.6400035310637054,-0.14660958536878183,0.6743963935452368,-0.3318468896580935,-0.2931944802761775,-0.03167031776097681,-0.268264101878365,-0.3392400313681768,0.855943274340589,-0.03167031776097681,-0.03167031776097681
0.0033754078896636995,-0.008546447189062499,0.106565357151982,0.8207418781247896,-1.1167590496977327,-1.5065424661005549,-0.5688650341299796,-0.34290113299620106,1.240741795686089,1.0946405279645712,-0.2529147778628351,-0.22965760608731267,-1.119295166803151,-0.3921188919620247,-0.07095947242679883,-0.11031946970293831,2.618829455412367,-0.6446726587031845,-0.5904647734189133,-0.7124274490013944,-0.08989331499509892,-0.10060545457319174,-0.21981657747106437,-0.7941781627873975,-0.3070801941090227,-0.19621814613865227,0.9415829490307701,-0.4156175589970315,-0.20166150310667885,-0.4864967196604686,-0.21219372754742588,-0.2991983466782894,-0.6400035310637054,-0.14660958536878183,0.6743963935452368,-0.3318468896580935,-0.2931944802761775,-0.03167031776097681,-0.268264101878365,-0.3392400313681768,0.855943274340589,-0.03167031776097681,-0.03167031776097681
0.0033754078896636995,-0.008546447189062499,1.167057643567576,1.3176166020285305,0.7460614945080791,-1.5065424661005549,-0.5688650341299796,-0.34290113299620106,1.240741795686089,1.0946405279645712,-0.2529147778628351,-0.22965760608731267,-1.119295166803151,-0.3921188919620247,-0.07095947242679883,-0.11031946970293831,-0.38184998948033355,1.5511748272551025,-0.5904647734189133,1.4036517001158426,-0.08989331499509892,-0.10060545457319174,-0.21981657747106437,-0.7941781627873975,-0.3070801941090227,-0.19621814613865227,0.9415829490307701,-0.4156175589970315,-0.20166150310667885,-0.4864967196604686,-0.21219372754742588,-0.2991983466782894,1.5624913792865636,-0.14660958536878183,-1.482807455038566,-0.3318468896580935,-0.2931944802761775,-0.03167031776097681,-0.268264101878365,-0.3392400313681768,0.855943274340589,-0.03167031776097681,-0.03167031776097681
0.0033754078896636995,-0.008546447189062499,0.1823148061816673,-0.5010413679880746,1.1186256033492414,-1.5065424661005549,-0.5688650341299796,2.9162924930057867,-0.8059694639746,-0.9135419112057267,-0.2529147778628351,-0.22965760608731267,0.893419385394227,2.5502469289259504,-0.07095947242679883,-0.11031946970293831,-0.38184998948033355,-0.6446726587031845,-0.5904647734189133,1.4036517001158426,-0.08989331499509892,-0.10060545457319174,-0.21981657747106437,-0.7941781627873975,-0.3070801941090227,-0.19621814613865227,-1.0620413220411034,2.4060581136494816,-0.20166150310667885,-0.4864967196604686,-0.21219372754742588,-0.2991983466782894,-0.6400035310637054,-0.14660958536878183,0.6743963935452368,-0.3318468896580935,-0.2931944802761775,-0.03167031776097681,-0.268264101878365,-0.3392400313681768,0.855943274340589,-0.03167031776097681,-0.03167031776097681
0.0033754078896636995,-0.008546447189062499,0.7125609493894642,1.394801025159209,-1.5824641857491857,-1.5065424661005549,-0.5688650341299796,2.9162924930057867,-0.8059694639746,1.0946405279645712,-0.2529147778628351,-0.22965760608731267,0.893419385394227,-0.3921188919620247,-0.07095947242679883,-0.11031946970293831,-0.38184998948033355,1.5511748272551025,-0.5904647734189133,1.4036517001158426,-0.08989331499509892,-0.10060545457319174,-0.21981657747106437,-0.7941781627873975,-0.3070801941090227,-0.19621814613865227,-1.0620413220411034,2.4060581136494816,-0.20166150310667885,-0.4864967196604686,-0.21219372754742588,-0.2991983466782894,1.5624913792865636,-0.14660958536878183,-1.482807455038566,-0.3318468896580935,-0.2931944802761775,-0.03167031776097681,-0.268264101878365,-0.3392400313681768,0.855943274340589,-0.03167031776097681,-0.03167031776097681
0.037174642744688256,0.022696608835422783,-0.27218188799644444,0.4637639211454028,0.3734973856669168,0.019883301583053115,-0.5688650341299796,2.9162924930057867,-0.8059694639746,-0.9135419112057267,-0.2529147778628351,-0.22965760608731267,0.893419385394227,-0.3921188919620247,-0.07095947242679883,-0.11031946970293831,-0.38184998948033355,1.5511748272551025,-0.5904647734189133,1.4036517001158426,-0.08989331499509892,-0.10060545457319174,-0.21981657747106437,-0.7941781627873975,-0.3070801941090227,-0.19621814613865227,0.9415829490307701,-0.4156175589970315,-0.20166150310667885,-0.4864967196604686,-0.21219372754742588,-0.2991983466782894,-0.6400035310637054,-0.14660958536878183,0.6743963935452368,-0.3318468896580935,-0.2931944802761775,-0.03167031776097681,-0.268264101878365,-0.3392400313681768,0.855943274340589,-0.03167031776097681,-0.03167031776097681
0.037174642744688256,0.022696608835422783,-0.044933540907388575,-0.11994327878035099,-0.837335968066861,-1.5065424661005549,-0.5688650341299796,2.9162924930057867,-0.8059694639746,-0.9135419112057267,3.9539010272556565,4.354308211415448,-1.119295166803151,-0.3921188919620247,-0.07095947242679883,9.064583093924764,-0.38184998948033355,-0.6446726587031845,-0.5904647734189133,-0.7124274490013944,-0.08989331499509892,-0.10060545457319174,4.5492474294011584,-0.7941781627873975,-0.3070801941090227,-0.19621814613865227,0.9415829490307701,-0.4156175589970315,-0.20166150310667885,-0.4864967196604686,-0.21219372754742588,-0.2991983466782894,-0.6400035310637054,-0.14660958536878183,0.6743963935452368,-0.3318468896580935,-0.2931944802761775,-0.03167031776097681,-0.268264101878365,-0.3392400313681768,0.855943274340589,-0.03167031776097681,-0.03167031776097681
0.037174642744688256,0.022696608835422783,-0.044933540907388575,-0.11994327878035099,1.211766630559532,-1.5065424661005549,-0.5688650341299796,2.9162924930057867,-0.8059694639746,-0.9135419112057267,3.9539010272556565,4.354308211415448,-1.119295166803151,-0.3921188919620247,-0.07095947242679883,9.064583093924764,-0.38184998948033355,-0.6446726587031845,-0.5904647734189133,-0.7124274490013944,-0.08989331499509892,-0.10060545457319174,4.5492474294011584,-0.7941781627873975,-0.3070801941090227,-0.19621814613865227,0.9415829490307701,-0.4156175589970315,-0.20166150310667885,-0.4864967196604686,-0.21219372754742588,-0.2991983466782894,1.5624913792865636,-0.14660958536878183,-1.482807455038566,-0.3318468896580935,-0.2931944802761775,-0.03167031776097681,-0.268264101878365,-0.3392400313681768,0.855943274340589,-0.03167031776097681,-0.03167031776097681
0.037174642744688256,0.022696608835422783,-0.044933540907388575,-0.11994327878035099,-0.837335968066861,-0.3617231403378489,-0.5688650341299796,2.9162924930057867,-0.8059694639746,-0.9135419112057267,3.9539010272556565,4.354308211415448,-1.119295166803151,-0.3921188919620247,-0.07095947242679883,9.064583093924764,-0.38184998948033355,-0.6446726587031845,-0.5904647734189133,-0.7124274490013944,-0.08989331499509892,-0.10060545457319174,4.5492474294011584,-0.7941781627873975,-0.3070801941090227,-0.19621814613865227,0.9415829490307701,-0.4156175589970315,-0.20166150310667885,-0.4864967196604686,-0.21219372754742588,-0.2991983466782894,-0.6400035310637054,-0.14660958536878183,0.6743963935452368,-0.3318468896580935,-0.2931944802761775,-0.03167031776097681,-0.268264101878365,-0.3392400313681768,0.855943274340589,-0.03167031776097681,-0.03167031776097681
0.09726217137584318,0.08518272088439335,-0.12068298993707387,-0.5251615002164114,0.8392025217183697,0.019883301583053115,-0.5688650341299796,-0.34290113299620106,1.240741795686089,-0.9135419112057267,-0.2529147778628351,-0.22965760608731267,-1.119295166803151,2.5502469289259504,-0.07095947242679883,-0.11031946970293831,-0.38184998948033355,-0.6446726587031845,-0.5904647734189133,1.4036517001158426,-0.08989331499509892,-0.10060545457319174,-0.21981657747106437,-0.7941781627873975,-0.3070801941090227,-0.19621814613865227,-1.0620413220411034,2.4060581136494816,-0.20166150310667885,-0.4864967196604686,-0.21219372754742588,-0.2991983466782894,-0.6400035310637054,-0.14660958536878183,0.6743963935452368,-0.3318468896580935,-0.2931944802761775,-0.03167031776097681,-0.268264101878365,-0.3392400313681768,0.855943274340589,-0.03167031776097681,-0.03167031776097681
0.09726217137584318,0.08518272088439335,0.1823148061816673,0.7242613492114417,-1.3030411041183139,-0.3617231403378489,-0.5688650341299796,-0.34290113299620106,1.240741795686089,-0.9135419112057267,-0.2529147778628351,-0.22965760608731267,-1.119295166803151,-0.3921188919620247,-0.07095947242679883,-0.11031946970293831,-0.38184998948033355,1.5511748272551025,-0.5904647734189133,1.4036517001158426,-0.08989331499509892,-0.10060545457319174,-0.21981657747106437,-0.7941781627873975,-0.3070801941090227,-0.19621814613865227,0.9415829490307701,-0.4156175589970315,-0.20166150310667885,-0.4864967196604686,-0.21219372754742588,-0.2991983466782894,1.5624913792865636,-0.14660958536878183,-1.482807455038566,-0.3318468896580935,-0.2931944802761775,-0.03167031776097681,-0.268264101878365,-0.3392400313681768,0.855943274340589,-0.03167031776097681,-0.03167031776097681
0.09726217137584318,0.08518272088439335,0.4853126023004084,0.7049652434287722,-1.489323158538895,-0.3617231403378489,-0.5688650341299796,-0.34290113299620106,1.240741795686089,-0.9135419112057267,-0.2529147778628351,-0.22965760608731267,0.893419385394227,-0.3921188919620247,-0.07095947242679883,-0.11031946970293831,-0.38184998948033355,1.5511748272551025,-0.5904647734189133,1.4036517001158426,-0.08989331499509892,-0.10060545457319174,-0.21981657747106437,-0.7941781627873975,-0.3070801941090227,-0.19621814613865227,0.9415829490307701,-0.4156175589970315,-0.20166150310667885,-0.4864967196604686,-0.21219372754742588,-0.2991983466782894,-0.6400035310637054,-0.14660958536878183,0.6743963935452368,-0.3318468896580935,-0.2931944802761775,-0.03167031776097681,-0.268264101878365,-0.3392400313681768,0.855943274340589,-0.03167031776097681,-0.03167031776097681
0.13106140623086773,0.11642577690887863,0.7125609493894642,1.2211360731151828,-1.5824641857491857,0.019883301583053115,-0.5688650341299796,-0.34290113299620106,1.240741795686089,1.0946405279645712,-0.2529147778628351,-0.22965760608731267,0.893419385394227,-0.3921188919620247,-0.07095947242679883,-0.11031946970293831,2.618829455412367,-0.6446726587031845,-0.5904647734189133,1.4036517001158426,-0.08989331499509892,-0.10060545457319174,-0.21981657747106437,-0.7941781627873975,-0.3070801941090227,-0.19621814613865227,0.9415829490307701,-0.4156175589970315,-0.20166150310667885,-0.4864967196604686,-0.21219372754742588,-0.2991983466782894,-0.6400035310637054,-0.14660958536878183,0.6743963935452368,-0.3318468896580935,-0.2931944802761775,-0.03167031776097681,-0.268264101878365,-0.3392400313681768,0.855943274340589,-0.03167031776097681,-0.03167031776097681
0.13106140623086773,0.11642577690887863,0.5610620513300937,0.8738061690271306,-1.023618022487442,-1.5065424661005549,-0.5688650341299796,-0.34290113299620106,1.240741795686089,1.0946405279645712,-0.2529147778628351,-0.22965760608731267,-1.119295166803151,-0.3921188919620247,-0.07095947242679883,-0.11031946970293831,2.618829455412367,-0.6446726587031845,-0.5904647734189133,1.4036517001158426,-0.08989331499509892,-0.10060545457319174,-0.21981657747106437,-0.7941781627873975,-0.3070801941090227,-0.19621814613865227,0.9415829490307701,-0.4156175589970315,-0.20166150310667885,-0.4864967196604686,-0.21219372754742588,-0.2991983466782894,1.5624913792865636,-0.14660958536878183,-1.482807455038566,-0.3318468896580935,-0.2931944802761775,-0.03167031776097681,-0.268264101878365,-0.3392400313681768,0.855943274340589,-0.03167031776097681,-0.03167031776097681
0.13106140623086773,0.11642577690887863,0.636811500359779,0.16467428151402477,-1.2099000769080233,0.4014897435039551,-0.5688650341299796,-0.34290113299620106,1.240741795686089,-0.9135419112057267,-0.2529147778628351,-0.22965760608731267,0.893419385394227,-0.3921188919620247,-0.07095947242679883,-0.11031946970293831,-0.38184998948033355,1.5511748272551025,-0.5904647734189133,1.4036517001158426,-0.08989331499509892,-0.10060545457319174,-0.21981657747106437,-0.7941781627873975,-0.3070801941090227,-0.19621814613865227,-1.0620413220411034,2.4060581136494816,-0.20166150310667885,-0.4864967196604686,-0.21219372754742588,-0.2991983466782894,-0.6400035310637054,-0.14660958536878183,0.6743963935452368,-0.3318468896580935,-0.2931944802761775,-0.03167031776097681,-0.268264101878365,-0.3392400313681768,0.855943274340589,-0.03167031776097681,-0.03167031776097681
0.1611051705464452,0.1476688329333639,0.636811500359779,-0.1778315961283597,0.9323435489286603,-1.5065424661005549,-0.5688650341299796,-0.34290113299620106,1.240741795686089,-0.9135419112057267,-0.2529147778628351,-0.22965760608731267,-1.119295166803151,2.5502469289259504,-0.07095947242679883,-0.11031946970293831,-0.38184998948033355,-0.6446726587031845,-0.5904647734189133,1.4036517001158426,-0.08989331499509892,-0.10060545457319174,-0.21981657747106437,-0.7941781627873975,-0.3070801941090227,-0.19621814613865227,0.9415829490307701,-0.4156175589970315,-0.20166150310667885,-0.4864967196604686,-0.21219372754742588,-0.2991983466782894,1.5624913792865636,-0.14660958536878183,-1.482807455038566,-0.3318468896580935,-0.2931944802761775,-0.03167031776097681,-0.268264101878365,-0.3392400313681768,0.855943274340589,-0.03167031776097681,-0.03167031776097681
0.1611051705464452,0.1476688329333639,0.25806425521135257,0.3479872864493854,0.6529204672977886,-1.5065424661005549,-0.5688650341299796,-0.34290113299620106,1.240741795686089,1.0946405279645712,-0.2529147778628351,-0.22965760608731267,0.893419385394227,-0.3921188919620247,-0.07095947242679883,-0.11031946970293831,-0.38184998948033355,1.5511748272551025,-0.5904647734189133,1.4036517001158426,-0.08989331499509892,-0.10060545457319174,-0.21981657747106437,-0.7941781627873975,-0.3070801941090227,-0.19621814613865227,0.9415829490307701,-0.4156175589970315,-0.20166150310667885,-0.4864967196604686,-0.21219372754742588,-0.2991983466782894,1.5624913792865636,-0.14660958536878183,-1.482807455038566,-0.3318468896580935,-0.2931944802761775,-0.03167031776097681,-0.268264101878365,-0.3392400313681768,0.855943274340589,-0.03167031776097681,-0.03167031776097681
0.22494816971704723,0.21015494498233447,1.470055439686317,1.901323801954284,-1.1167590496977327,-1.5065424661005549,-0.5688650341299796,-0.34290113299620106,1.240741795686089,1.0946405279645712,-0.2529147778628351,-0.22965760608731267,0.893419385394227,-0.3921188919620247,-0.07095947242679883,-0.11031946970293831,-0.38184998948033355,1.5511748272551025,-0.5904647734189133,1.4036517001158426,-0.08989331499509892,-0.10060545457319174,-0.21981657747106437,-0.7941781627873975,-0.3070801941090227,-0.19621814613865227,0.9415829490307701,-0.4156175589970315,-0.20166150310667885,-0.4864967196604686,-0.21219372754742588,-0.2991983466782894,1.5624913792865636,-0.14660958536878183,-1.482807455038566,-0.3318468896580935,-0.2931944802761775,-0.03167031776097681,-0.268264101878365,-0.3392400313681768,0.855943274340589,-0.03167031776097681,-0.03167031776097681
0.25499193403262466,0.24139800100681977,0.25806425521135257,0.6663730318634331,0.000933276825754426,-1.5065424661005549,-0.5688650341299796,-0.34290113299620106,1.240741795686089,1.0946405279645712,-0.2529147778628351,-0.22965760608731267,-1.119295166803151,-0.3921188919620247,-0.07095947242679883,-0.11031946970293831,-0.38184998948033355,1.5511748272551025,-0.5904647734189133,1.4036517001158426,-0.08989331499509892,-0.10060545457319174,-0.21981657747106437,-0.7941781627873975,-0.3070801941090227,-0.19621814613865227,0.9415829490307701,-0.4156175589970315,-0.20166150310667885,-0.4864967196604686,-0.21219372754742588,-0.2991983466782894,1.5624913792865636,-0.14660958536878183,-1.482807455038566,-0.3318468896580935,-0.2931944802761775,-0.03167031776097681,-0.268264101878365,-0.3392400313681768,0.855943274340589,-0.03167031776097681,-0.03167031776097681
0.25499193403262466,0.24139800100681977,0.4853126023004084,1.684242611899252,-1.2099000769080233,-1.5065424661005549,-0.5688650341299796,-0.34290113299620106,1.240741795686089,1.0946405279645712,-0.2529147778628351,-0.22965760608731267,0.893419385394227,-0.3921188919620247,-0.07095947242679883,-0.11031946970293831,-0.38184998948033355,1.5511748272551025,-0.5904647734189133,1.4036517001158426,-0.08989331499509892,-0.10060545457319174,-0.21981657747106437,-0.7941781627873975,-0.3070801941090227,-0.19621814613865227,-1.0620413220411034,2.4060581136494816,-0.20166150310667885,-0.4864967196604686,-0.21219372754742588,-0.2991983466782894,-0.6400035310637054,-0.14660958536878183,0.6743963935452368,-0.3318468896580935,-0.2931944802761775,-0.03167031776097681,-0.268264101878365,-0.3392400313681768,0.855943274340589,-0.03167031776097681,-0.03167031776097681
0.25499193403262466,0.24139800100681977,0.4095631532707231,1.0522951475168238,-0.27848980480511737,-0.3617231403378489,-0.5688650341299796,-0.34290113299620106,1.240741795686089,1.0946405279645712,-0.2529147778628351,-0.22965760608731267,0.893419385394227,-0.3921188919620247,-0.07095947242679883,-0.11031946970293831,2.618829455412367,-0.6446726587031845,-0.5904647734189133,-0.7124274490013944,-0.08989331499509892,-0.10060545457319174,-0.21981657747106437,-0.7941781627873975,-0.3070801941090227,-0.19621814613865227,0.9415829490307701,-0.4156175589970315,-0.20166150310667885,-0.4864967196604686,-0.21219372754742588,-0.2991983466782894,1.5624913792865636,-0.14660958536878183,-1.482807455038566,-0.3318468896580935,-0.2931944802761775,-0.03167031776097681,-0.268264101878365,-0.3392400313681768,0.855943274340589,-0.03167031776097681,-0.03167031776097681
0.28503569834820214,0.27264105703130503,0.7883103984191495,0.989582803723148,-2.0481693218006387,-0.3617231403378489,-0.5688650341299796,-0.34290113299620106,1.240741795686089,1.0946405279645712,-0.2529147778628351,-0.22965760608731267,-1.119295166803151,-0.3921188919620247,-0.07095947242679883,-0.11031946970293831,2.618829455412367,-0.6446726587031845,-0.5904647734189133,-0.7124274490013944,-0.08989331499509892,-0.10060545457319174,-0.21981657747106437,-0.7941781627873975,-0.3070801941090227,-0.19621814613865227,-1.0620413220411034,2.4060581136494816,-0.20166150310667885,-0.4864967196604686,-0.21219372754742588,-0.2991983466782894,-0.6400035310637054,-0.14660958536878183,0.6743963935452368,-0.3318468896580935,3.4107054097950273,-0.03167031776097681,-0.268264101878365,-0.3392400313681768,-1.1683017204269652,-0.03167031776097681,-0.03167031776097681
0.28503569834820214,0.27264105703130503,0.4853126023004084,0.4444678153627333,-0.5579128864359891,-0.3617231403378489,-0.5688650341299796,-0.34290113299620106,1.240741795686089,1.0946405279645712,-0.2529147778628351,-0.22965760608731267,0.893419385394227,-0.3921188919620247,-0.07095947242679883,-0.11031946970293831,-0.38184998948033355,1.5511748272551025,-0.5904647734189133,1.4036517001158426,-0.08989331499509892,-0.10060545457319174,-0.21981657747106437,-0.7941781627873975,-0.3070801941090227,-0.19621814613865227,0.9415829490307701,-0.4156175589970315,-0.20166150310667885,-0.4864967196604686,-0.21219372754742588,-0.2991983466782894,-0.6400035310637054,-0.14660958536878183,0.6743963935452368,-0.3318468896580935,3.4107054097950273,-0.03167031776097681,-0.268264101878365,-0.3392400313681768,-1.1683017204269652,-0.03167031776097681,-0.03167031776097681
0.28503569834820214,0.27264105703130503,0.030815908122296707,0.6133087409610917,-1.3030411041183139,0.4014897435039551,-0.5688650341299796,-0.34290113299620106,1.240741795686089,-0.9135419112057267,-0.2529147778628351,-0.22965760608731267,-1.119295166803151,-0.3921188919620247,-0.07095947242679883,-0.11031946970293831,-0.38184998948033355,1.5511748272551025,-0.5904647734189133,1.4036517001158426,-0.08989331499509892,-0.10060545457319174,-0.21981657747106437,-0.7941781627873975,-0.3070801941090227,-0.19621814613865227,0.9415829490307701,-0.4156175589970315,-0.20166150310667885,-0.4864967196604686,-0.21219372754742588,-0.2991983466782894,-0.6400035310637054,-0.14660958536878183,0.6743963935452368,-0.3318468896580935,3.4107054097950273,-0.03167031776097681,-0.268264101878365,-0.3392400313681768,-1.1683017204269652,-0.03167031776097681,-0.03167031776097681
0.28503569834820214,0.27264105703130503,0.7883103984191495,1.1101834648648325,0.2803563584566262,-1.5065424661005549,-0.5688650341299796,-0.34290113299620106,1.240741795686089,1.0946405279645712,-0.2529147778628351,-0.22965760608731267,-1.119295166803151,-0.3921188919620247,-0.07095947242679883,-0.11031946970293831,-0.38184998948033355,1.5511748272551025,-0.5904647734189133,1.4036517001158426,-0.08989331499509892,-0.10060545457319174,-0.21981657747106437,-0.7941781627873975,-0.3070801941090227,-0.19621814613865227,0.9415829490307701,-0.4156175589970315,-0.20166150310667885,-0.4864967196604686,-0.21219372754742588,-0.2991983466782894,-0.6400035310637054,-0.14660958536878183,0.6743963935452368,-0.3318468896580935,3.4107054097950273,-0.03167031776097681,-0.268264101878365,-0.3392400313681768,-1.1683017204269652,-0.03167031776097681,-0.03167031776097681
0.28503569834820214,0.27264105703130503,0.33381370424103785,0.4444678153627333,-0.7441949408565703,-1.5065424661005549,-0.5688650341299796,-0.34290113299620106,1.240741795686089,1.0946405279645712,-0.2529147778628351,-0.22965760608731267,0.893419385394227,-0.3921188919620247,-0.07095947242679883,-0.11031946970293831,-0.38184998948033355,1.5511748272551025,-0.5904647734189133,1.4036517001158426,-0.08989331499509892,-0.10060545457319174,-0.21981657747106437,-0.7941781627873975,-0.3070801941090227,-0.19621814613865227,0.9415829490307701,-0.4156175589970315,-0.20166150310667885,-0.4864967196604686,-0.21219372754742588,-0.2991983466782894,-0.6400035310637054,-0.14660958536878183,0.6743963935452368,-0.3318468896580935,3.4107054097950273,-0.03167031776097681,-0.268264101878365,-0.3392400313681768,-1.1683017204269652,-0.03167031776097681,-0.03167031776097681
0.3188349332032267,0.30388411305579033,0.106565357151982,0.15985025506835748,0.09407430403604503,-1.5065424661005549,-0.5688650341299796,-0.34290113299620106,1.240741795686089,-0.9135419112057267,-0.2529147778628351,-0.22965760608731267,-1.119295166803151,-0.3921188919620247,-0.07095947242679883,-0.11031946970293831,-0.38184998948033355,1.5511748272551025,-0.5904647734189133,1.4036517001158426,-0.08989331499509892,-0.10060545457319174,-0.21981657747106437,-0.7941781627873975,-0.3070801941090227,-0.19621814613865227,0.9415829490307701,-0.4156175589970315,-0.20166150310667885,-0.4864967196604686,-0.21219372754742588,-0.2991983466782894,-0.6400035310637054,-0.14660958536878183,0.6743963935452368,-0.3318468896580935,3.4107054097950273,-0.03167031776097681,-0.268264101878365,-0.3392400313681768,-1.1683017204269652,-0.03167031776097681,-0.03167031776097681
0.3188349332032267,0.30388411305579033,0.106565357151982,0.9461665657121415,-1.8618872673800575,-0.3617231403378489,-0.5688650341299796,-0.34290113299620106,1.240741795686089,-0.9135419112057267,-0.2529147778628351,-0.22965760608731267,0.893419385394227,-0.3921188919620247,-0.07095947242679883,-0.11031946970293831,-0.38184998948033355,1.5511748272551025,-0.5904647734189133,1.4036517001158426,-0.08989331499509892,-0.10060545457319174,-0.21981657747106437,-0.7941781627873975,-0.3070801941090227,-0.19621814613865227,-1.0620413220411034,2.4060581136494816,-0.20166150310667885,-0.4864967196604686,-0.21219372754742588,-0.2991983466782894,-0.6400035310637054,-0.14660958536878183,0.6743963935452368,-0.3318468896580935,3.4107054097950273,-0.03167031776097681,-0.268264101878365,-0.3392400313681768,-1.1683017204269652,-0.03167031776097681,-0.03167031776097681
0.3188349332032267,0.30388411305579033,0.33381370424103785,0.17914636085102706,0.8392025217183697,-1.5065424661005549,-0.5688650341299796,-0.34290113299620106,1.240741795686089,1.0946405279645712,-0.2529147778628351,-0.22965760608731267,-1.119295166803151,-0.3921188919620247,-0.07095947242679883,-0.11031946970293831,2.618829455412367,-0.6446726587031845,-0.5904647734189133,1.4036517001158426,-0.08989331499509892,-0.10060545457319174,-0.21981657747106437,-0.7941781627873975,-0.3070801941090227,-0.19621814613865227,0.9415829490307701,-0.4156175589970315,-0.20166150310667885,-0.4864967196604686,-0.21219372754742588,-0.2991983466782894,-0.6400035310637054,-0.14660958536878183,0.6743963935452368,-0.3318468896580935,3.4107054097950273,-0.03167031776097681,-0.268264101878365,-0.3392400313681768,-1.1683017204269652,-0.03167031776097681,-0.03167031776097681
0.3188349332032267,0.30388411305579033,0.7883103984191495,0.3335152071123836,0.6529204672977886,-1.5065424661005549,-0.5688650341299796,-0.34290113299620106,1.240741795686089,1.0946405279645712,-0.2529147778628351,-0.22965760608731267,-1.119295166803151,-0.3921188919620247,-0.07095947242679883,-0.11031946970293831,2.618829455412367,-0.6446726587031845,-0.5904647734189133,1.4036517001158426,-0.08989331499509892,-0.10060545457319174,-0.21981657747106437,-0.7941781627873975,-0.3070801941090227,-0.19621814613865227,0.9415829490307701,-0.4156175589970315,-0.20166150310667885,-0.4864967196604686,-0.21219372754742588,-0.2991983466782894,-0.6400035310637054,-0.14660958536878183,0.6743963935452368,-0.3318468896580935,3.4107054097950273,-0.03167031776097681,-0.268264101878365,-0.3392400313681768,-1.1683017204269652,-0.03167031776097681,-0.03167031776097681
0.3188349332032267,0.30388411305579033,0.25806425521135257,0.29974702199271175,-0.837335968066861,-1.5065424661005549,-0.5688650341299796,-0.34290113299620106,1.240741795686089,1.0946405279645712,-0.2529147778628351,-0.22965760608731267,0.893419385394227,-0.3921188919620247,-0.07095947242679883,-0.11031946970293831,-0.38184998948033355,1.5511748272551025,-0.5904647734189133,1.4036517001158426,-0.08989331499509892,-0.10060545457319174,-0.21981657747106437,-0.7941781627873975,-0.3070801941090227,-0.19621814613865227,0.9415829490307701,-0.4156175589970315,-0.20166150310667885,-0.4864967196604686,-0.21219372754742588,-0.2991983466782894,-0.6400035310637054,-0.14660958536878183,0.6743963935452368,-0.3318468896580935,3.4107054097950273,-0.03167031776097681,-0.268264101878365,-0.3392400313681768,-1.1683017204269652,-0.03167031776097681,-0.03167031776097681
0.3188349332032267,0.30388411305579033,-0.044933540907388575,-0.14406341100868786,-1.3030411041183139,-1.5065424661005549,-0.5688650341299796,-0.34290113299620106,1.240741795686089,-0.9135419112057267,-0.2529147778628351,-0.22965760608731267,0.893419385394227,-0.3921188919620247,-0.07095947242679883,-0.11031946970293831,-0.38184998948033355,1.5511748272551025,-0.5904647734189133,1.4036517001158426,-0.08989331499509892,-0.10060545457319174,-0.21981657747106437,-0.7941781627873975,-0.3070801941090227,-0.19621814613865227,0.9415829490307701,-0.4156175589970315,-0.20166150310667885,-0.4864967196604686,-0.21219372754742588,-0.2991983466782894,-0.6400035310637054,-0.14660958536878183,0.6743963935452368,-0.3318468896580935,-0.2931944802761775,-0.03167031776097681,-0.268264101878365,-0.3392400313681768,0.855943274340589,-0.03167031776097681,-0.03167031776097681
0.3188349332032267,0.30388411305579033,0.8640598474488348,0.9027503277011352,0.09407430403604503,0.4014897435039551,-0.5688650341299796,-0.34290113299620106,1.240741795686089,1.0946405279645712,-0.2529147778628351,-0.22965760608731267,0.893419385394227,-0.3921188919620247,-0.07095947242679883,-0.11031946970293831,2.618829455412367,-0.6446726587031845,-0.5904647734189133,1.4036517001158426,-0.08989331499509892,-0.10060545457319174,-0.21981657747106437,-0.7941781627873975,-0.3070801941090227,-0.19621814613865227,0.9415829490307701,-0.4156175589970315,-0.20166150310667885,-0.4864967196604686,-0.21219372754742588,3.3422644580160132,-0.6400035310637054,-0.14660958536878183,0.6743963935452368,-0.3318468896580935,-0.2931944802761775,-0.03167031776097681,-0.268264101878365,-0.3392400313681768,0.855943274340589,-0.03167031776097681,-0.03167031776097681
0.3188349332032267,0.30388411305579033,-0.12068298993707387,0.11643401705735108,0.2803563584566262,-1.5065424661005549,-0.5688650341299796,-0.34290113299620106,1.240741795686089,-0.9135419112057267,-0.2529147778628351,-0.22965760608731267,0.893419385394227,-0.3921188919620247,-0.07095947242679883,-0.11031946970293831,-0.38184998948033355,1.5511748272551025,-0.5904647734189133,1.4036517001158426,-0.08989331499509892,-0.10060545457319174,-0.21981657747106437,-0.7941781627873975,-0.3070801941090227,-0.19621814613865227,0.9415829490307701,-0.4156175589970315,-0.20166150310667885,-0.4864967196604686,-0.21219372754742588,-0.2991983466782894,1.5624913792865636,-0.14660958536878183,-1.482807455038566,-0.3318468896580935,-0.2931944802761775,-0.03167031776097681,-0.268264101878365,-0.3392400313681768,0.855943274340589,-0.03167031776097681,-0.03167031776097681
0.3488786975188042,0.3351271690802756,0.4853126023004084,0.23221065175336847,-1.2099000769080233,-1.5065424661005549,-0.5688650341299796,-0.34290113299620106,1.240741795686089,1.0946405279645712,-0.2529147778628351,-0.22965760608731267,-1.119295166803151,-0.3921188919620247,-0.07095947242679883,-0.11031946970293831,-0.38184998948033355,1.5511748272551025,-0.5904647734189133,1.4036517001158426,-0.08989331499509892,-0.10060545457319174,-0.21981657747106437,-0.7941781627873975,-0.3070801941090227,-0.19621814613865227,0.9415829490307701,-0.4156175589970315,-0.20166150310667885,-0.4864967196604686,-0.21219372754742588,-0.2991983466782894,-0.6400035310637054,-0.14660958536878183,0.6743963935452368,-0.3318468896580935,-0.2931944802761775,-0.03167031776097681,-0.268264101878365,-0.3392400313681768,0.855943274340589,-0.03167031776097681,-0.03167031776097681
0.3488786975188042,0.3351271690802756,0.106565357151982,0.9075743541468024,-1.023618022487442,-1.5065424661005549,-0.5688650341299796,-0.34290113299620106,1.240741795686089,1.0946405279645712,-0.2529147778628351,-0.22965760608731267,0.893419385394227,-0.3921188919620247,-0.07095947242679883,-0.11031946970293831,-0.38184998948033355,1.5511748272551025,-0.5904647734189133,-0.7124274490013944,-0.08989331499509892,-0.10060545457319174,-0.21981657747106437,-0.7941781627873975,-0.3070801941090227,-0.19621814613865227,-1.0620413220411034,-0.4156175589970315,-0.20166150310667885,-0.4864967196604686,-0.21219372754742588,-0.2991983466782894,-0.6400035310637054,-0.14660958536878183,0.6743963935452368,-0.3318468896580935,-0.2931944802761775,-0.03167031776097681,-0.268264101878365,-0.3392400313681768,0.855943274340589,-0.03167031776097681,-0.03167031776097681
0.3789224618343816,0.36637022510476086,-0.19643243896675913,0.7966217458964527,-1.955028294590348,0.019883301583053115,-0.5688650341299796,-0.34290113299620106,1.240741795686089,-0.9135419112057267,-0.2529147778628351,-0.22965760608731267,0.893419385394227,-0.3921188919620247,-0.07095947242679883,-0.11031946970293831,-0.38184998948033355,1.5511748272551025,-0.5904647734189133,-0.7124274490013944,-0.08989331499509892,9.939818911831344,-0.21981657747106437,-0.7941781627873975,-0.3070801941090227,-0.19621814613865227,0.9415829490307701,-0.4156175589970315,-0.20166150310667885,-0.4864967196604686,-0.21219372754742588,-0.2991983466782894,-0.6400035310637054,-0.14660958536878183,0.6743963935452368,-0.3318468896580935,-0.2931944802761775,-0.03167031776097681,-0.268264101878365,-0.3392400313681768,0.855943274340589,-0.03167031776097681,-0.03167031776097681
0.3789224618343816,0.36637022510476086,0.1823148061816673,1.611882215214241,-1.2099000769080233,-1.5065424661005549,-0.5688650341299796,-0.34290113299620106,1.240741795686089,1.0946405279645712,-0.2529147778628351,-0.22965760608731267,0.893419385394227,-0.3921188919620247,-0.07095947242679883,-0.11031946970293831,-0.38184998948033355,1.5511748272551025,-0.5904647734189133,1.4036517001158426,-0.08989331499509892,-0.10060545457319174,-0.21981657747106437,-0.7941781627873975,-0.3070801941090227,-0.19621814613865227,0.9415829490307701,-0.4156175589970315,-0.20166150310667885,-0.4864967196604686,-0.21219372754742588,-0.2991983466782894,-0.6400035310637054,-0.14660958536878183,0.6743963935452368,-0.3318468896580935,-0.2931944802761775,-0.03167031776097681,-0.268264101878365,-0.3392400313681768,0.855943274340589,-0.03167031776097681,-0.03167031776097681
0.3789224618343816,0.36637022510476086,0.25806425521135257,0.8834542219184656,-1.3030411041183139,-1.5065424661005549,-0.5688650341299796,-0.34290113299620106,1.240741795686089,-0.9135419112057267,-0.2529147778628351,-0.22965760608731267,-1.119295166803151,-0.3921188919620247,14.09255122396225,-0.11031946970293831,-0.38184998948033355,-0.6446726587031845,-0.5904647734189133,1.4036517001158426,-0.08989331499509892,-0.10060545457319174,-0.21981657747106437,-0.7941781627873975,-0.3070801941090227,-0.19621814613865227,0.9415829490307701,-0.4156175589970315,-0.20166150310667885,-0.4864967196604686,-0.21219372754742588,-0.2991983466782894,-0.6400035310637054,-0.14660958536878183,0.6743963935452368,-0.3318468896580935,-0.2931944802761775,-0.03167031776097681,-0.268264101878365,-0.3392400313681768,0.855943274340589,-0.03167031776097681,-0.03167031776097681
0.44276546100498365,0.42885633715373145,0.030815908122296707,0.6953171905374376,-1.3030411041183139,0.019883301583053115,-0.5688650341299796,-0.34290113299620106,1.240741795686089,-0.9135419112057267,-0.2529147778628351,-0.22965760608731267,0.893419385394227,2.5502469289259504,-0.07095947242679883,-0.11031946970293831,-0.38184998948033355,-0.6446726587031845,-0.5904647734189133,1.4036517001158426,-0.08989331499509892,-0.10060545457319174,-0.21981657747106437,-0.7941781627873975,-0.3070801941090227,-0.19621814613865227,0.9415829490307701,-0.4156175589970315,-0.20166150310667885,-0.4864967196604686,-0.21219372754742588,-0.2991983466782894,-0.6400035310637054,-0.14660958536878183,0.6743963935452368,-0.3318468896580935,-0.2931944802761775,-0.03167031776097681,-0.268264101878365,-0.3392400313681768,0.855943274340589,-0.03167031776097681,-0.03167031776097681
0.44276546100498365,0.42885633715373145,0.25806425521135257,-0.7325946373801092,-0.7441949408565703,0.019883301583053115,-0.5688650341299796,-0.34290113299620106,1.240741795686089,-0.9135419112057267,-0.2529147778628351,-0.22965760608731267,-1.119295166803151,-0.3921188919620247,-0.07095947242679883,-0.11031946970293831,2.618829455412367,-0.6446726587031845,-0.5904647734189133,-0.7124274490013944,-0.08989331499509892,9.939818911831344,-0.21981657747106437,-0.7941781627873975,-0.3070801941090227,-0.19621814613865227,0.9415829490307701,-0.4156175589970315,-0.20166150310667885,-0.4864967196604686,-0.21219372754742588,-0.2991983466782894,-0.6400035310637054,-0.14660958536878183,0.6743963935452368,-0.3318468896580935,-0.2931944802761775,-0.03167031776097681,-0.268264101878365,-0.3392400313681768,0.855943274340589,-0.03167031776097681,-0.03167031776097681
0.44276546100498365,0.42885633715373145,0.1823148061816673,0.22256259886203347,0.46663841287720736,-0.3617231403378489,-0.5688650341299796,-0.34290113299620106,1.240741795686089,1.0946405279645712,-0.2529147778628351,-0.22965760608731267,0.893419385394227,-0.3921188919620247,-0.07095947242679883,-0.11031946970293831,-0.38184998948033355,1.5511748272551025,-0.5904647734189133,1.4036517001158426,-0.08989331499509892,-0.10060545457319174,-0.21981657747106437,-0.7941781627873975,-0.3070801941090227,-0.19621814613865227,0.9415829490307701,-0.4156175589970315,-0.20166150310667885,-0.4864967196604686,-0.21219372754742588,-0.2991983466782894,-0.6400035310637054,-0.14660958536878183,0.6743963935452368,-0.3318468896580935,-0.2931944802761775,-0.03167031776097681,-0.268264101878365,-0.3392400313681768,0.855943274340589,-0.03167031776097681,-0.03167031776097681
0.44276546100498365,0.42885633715373145,0.4853126023004084,1.795195220149602,-0.5579128864359891,-1.5065424661005549,-0.5688650341299796,-0.34290113299620106,1.240741795686089,1.0946405279645712,-0.2529147778628351,-0.22965760608731267,0.893419385394227,-0.3921188919620247,-0.07095947242679883,-0.11031946970293831,-0.38184998948033355,1.5511748272551025,-0.5904647734189133,1.4036517001158426,-0.08989331499509892,-0.10060545457319174,-0.21981657747106437,-0.7941781627873975,-0.3070801941090227,-0.19621814613865227,0.9415829490307701,-0.4156175589970315,-0.20166150310667885,-0.4864967196604686,-0.21219372754742588,-0.2991983466782894,-0.6400035310637054,-0.14660958536878183,0.6743963935452368,-0.3318468896580935,-0.2931944802761775,-0.03167031776097681,-0.268264101878365,-0.3392400313681768,0.855943274340589,-0.03167031776097681,-0.03167031776097681
0.44276546100498365,0.42885633715373145,-0.27218188799644444,-0.6698822935864331,0.000933276825754426,0.019883301583053115,-0.5688650341299796,-0.34290113299620106,1.240741795686089,-0.9135419112057267,-0.2529147778628351,-0.22965760608731267,-1.119295166803151,-0.3921188919620247,-0.07095947242679883,-0.11031946970293831,-0.38184998948033355,1.5511748272551025,-0.5904647734189133,1.4036517001158426,-0.08989331499509892,-0.10060545457319174,-0.21981657747106437,-0.7941781627873975,-0.3070801941090227,-0.19621814613865227,-1.0620413220411034,2.4060581136494816,-0.20166150310667885,-0.4864967196604686,-0.21219372754742588,-0.2991983466782894,-0.6400035310637054,-0.14660958536878183,0.6743963935452368,-0.3318468896580935,-0.2931944802761775,-0.03167031776097681,-0.268264101878365,-0.3392400313681768,0.855943274340589,-0.03167031776097681,-0.03167031776097681
0.4728092253205611,0.46009939317821674,0.25806425521135257,0.28527494265570946,0.6529204672977886,-1.5065424661005549,-0.5688650341299796,-0.34290113299620106,1.240741795686089,-0.9135419112057267,-0.2529147778628351,-0.22965760608731267,0.893419385394227,-0.3921188919620247,-0.07095947242679883,-0.11031946970293831,-0.38184998948033355,1.5511748272551025,-0.5904647734189133,1.4036517001158426,-0.08989331499509892,-0.10060545457319174,-0.21981657747106437,-0.7941781627873975,-0.3070801941090227,-0.19621814613865227,0.9415829490307701,-0.4156175589970315,-0.20166150310667885,-0.4864967196604686,-0.21219372754742588,-0.2991983466782894,-0.6400035310637054,-0.14660958536878183,0.6743963935452368,-0.3318468896580935,-0.2931944802761775,-0.03167031776097681,-0.268264101878365,-0.3392400313681768,0.855943274340589,-0.03167031776097681,-0.03167031776097681
0.4728092253205611,0.46009939317821674,0.7125609493894642,0.9654626714948111,-0.4647718592256985,0.019883301583053115,-0.5688650341299796,-0.34290113299620106,1.240741795686089,1.0946405279645712,-0.2529147778628351,-0.22965760608731267,0.893419385394227,-0.3921188919620247,-0.07095947242679883,-0.11031946970293831,2.618829455412367,-0.6446726587031845,-0.5904647734189133,1.4036517001158426,-0.08989331499509892,-0.10060545457319174,-0.21981657747106437,-0.7941781627873975,-0.3070801941090227,-0.19621814613865227,0.9415829490307701,-0.4156175589970315,-0.20166150310667885,-0.4864967196604686,-0.21219372754742588,-0.2991983466782894,-0.6400035310637054,-0.14660958536878183,0.6743963935452368,-0.3318468896580935,-0.2931944802761775,-0.03167031776097681,-0.268264101878365,-0.3392400313681768,0.855943274340589,-0.03167031776097681,-0.03167031776097681
0.4728092253205611,0.46009939317821674,-0.423680786055815,0.08748985838334651,-1.768746240169767,-1.5065424661005549,-0.5688650341299796,-0.34290113299620106,1.240741795686089,-0.9135419112057267,-0.2529147778628351,-0.22965760608731267,-1.119295166803151,-0.3921188919620247,-0.07095947242679883,-0.11031946970293831,-0.38184998948033355,1.5511748272551025,-0.5904647734189133,1.4036517001158426,-0.08989331499509892,-0.10060545457319174,-0.21981657747106437,-0.7941781627873975,-0.3070801941090227,-0.19621814613865227,0.9415829490307701,-0.4156175589970315,-0.20166150310667885,-0.4864967196604686,-0.21219372754742588,-0.2991983466782894,-0.6400035310637054,-0.14660958536878183,0.6743963935452368,-0.3318468896580935,-0.2931944802761775,-0.03167031776097681,-0.268264101878365,-0.3392400313681768,0.855943274340589,-0.03167031776097681,-0.03167031776097681
0.4728092253205611,0.46009939317821674,0.25806425521135257,0.39140352446039184,0.7460614945080791,0.4014897435039551,-0.5688650341299796,-0.34290113299620106,1.240741795686089,-0.9135419112057267,-0.2529147778628351,-0.22965760608731267,0.893419385394227,-0.3921188919620247,-0.07095947242679883,-0.11031946970293831,-0.38184998948033355,1.5511748272551025,-0.5904647734189133,1.4036517001158426,-0.08989331499509892,-0.10060545457319174,-0.21981657747106437,-0.7941781627873975,-0.3070801941090227,-0.19621814613865227,0.9415829490307701,-0.4156175589970315,-0.20166150310667885,-0.4864967196604686,-0.21219372754742588,-0.2991983466782894,-0.6400035310637054,-0.14660958536878183,0.6743963935452368,-0.3318468896580935,-0.2931944802761775,-0.03167031776097681,-0.268264101878365,-0.3392400313681768,0.855943274340589,-0.03167031776097681,-0.03167031776097681
0.4728092253205611,0.46009939317821674,0.030815908122296707,-0.30325628371571167,-1.1167590496977327,-0.3617231403378489,-0.5688650341299796,-0.34290113299620106,1.240741795686089,-0.9135419112057267,-0.2529147778628351,-0.22965760608731267,0.893419385394227,-0.3921188919620247,-0.07095947242679883,-0.11031946970293831,-0.38184998948033355,1.5511748272551025,-0.5904647734189133,1.4036517001158426,-0.08989331499509892,-0.10060545457319174,-0.21981657747106437,-0.7941781627873975,-0.3070801941090227,-0.19621814613865227,0.9415829490307701,-0.4156175589970315,-0.20166150310667885,-0.4864967196604686,-0.21219372754742588,-0.2991983466782894,-0.6400035310637054,-0.14660958536878183,0.6743963935452368,-0.3318468896580935,-0.2931944802761775,-0.03167031776097681,-0.268264101878365,-0.3392400313681768,0.855943274340589,-0.03167031776097681,-0.03167031776097681
0.4728092253205611,0.46009939317821674,-0.12068298993707387,-0.11511925233468372,-0.7441949408565703,0.019883301583053115,-0.5688650341299796,-0.34290113299620106,1.240741795686089,-0.9135419112057267,-0.2529147778628351,-0.22965760608731267,0.893419385394227,-0.3921188919620247,-0.07095947242679883,-0.11031946970293831,-0.38184998948033355,1.5511748272551025,-0.5904647734189133,1.4036517001158426,-0.08989331499509892,-0.10060545457319174,-0.21981657747106437,-0.7941781627873975,-0.3070801941090227,-0.19621814613865227,-1.0620413220411034,2.4060581136494816,-0.20166150310667885,-0.4864967196604686,-0.21219372754742588,-0.2991983466782894,-0.6400035310637054,-0.14660958536878183,0.6743963935452368,-0.3318468896580935,-0.2931944802761775,-0.03167031776097681,-0.268264101878365,-0.3392400313681768,0.855943274340589,-0.03167031776097681,-0.03167031776097681
0.4728092253205611,0.46009939317821674,0.106565357151982,0.4685879475910701,-0.27848980480511737,-0.3617231403378489,-0.5688650341299796,-0.34290113299620106,1.240741795686089,1.0946405279645712,-0.2529147778628351,-0.22965760608731267,-1.119295166803151,-0.3921188919620247,-0.07095947242679883,-0.11031946970293831,-0.38184998948033355,1.5511748272551025,-0.5904647734189133,-0.7124274490013944,-0.08989331499509892,-0.10060545457319174,-0.21981657747106437,-0.7941781627873975,-0.3070801941090227,-0.19621814613865227,0.9415829490307701,-0.4156175589970315,-0.20166150310667885,-0.4864967196604686,-0.21219372754742588,-0.2991983466782894,-0.6400035310637054,-0.14660958536878183,0.6743963935452368,-0.3318468896580935,-0.2931944802761775,-0.03167031776097681,-0.268264101878365,-0.3392400313681768,0.855943274340589,-0.03167031776097681,-0.03167031776097681
0.0033754078896636995,0.022696608835422783,-0.044933540907388575,0.5891886087327548,-0.4647718592256985,-1.5065424661005549,-0.5688650341299796,-0.34290113299620106,1.240741795686089,-0.9135419112057267,-0.2529147778628351,-0.22965760608731267,0.893419385394227,-0.3921188919620247,-0.07095947242679883,-0.11031946970293831,-0.38184998948033355,1.5511748272551025,-0.5904647734189133,1.4036517001158426,-0.08989331499509892,-0.10060545457319174,-0.21981657747106437,-0.7941781627873975,-0.3070801941090227,-0.19621814613865227,0.9415829490307701,-0.4156175589970315,-0.20166150310667885,-0.4864967196604686,-0.21219372754742588,-0.2991983466782894,1.5624913792865636,-0.14660958536878183,-1.482807455038566,-0.3318468896580935,-0.2931944802761775,-0.03167031776097681,-0.268264101878365,-0.3392400313681768,0.855943274340589,-0.03167031776097681,-0.03167031776097681
0.0033754078896636995,0.022696608835422783,0.106565357151982,1.4575133689528843,-1.6756052129594763,0.4014897435039551,-0.5688650341299796,-0.34290113299620106,1.240741795686089,1.0946405279645712,-0.2529147778628351,-0.22965760608731267,0.893419385394227,2.5502469289259504,-0.07095947242679883,-0.11031946970293831,-0.38184998948033355,-0.6446726587031845,-0.5904647734189133,1.4036517001158426,-0.08989331499509892,-0.10060545457319174,-0.21981657747106437,-0.7941781627873975,-0.3070801941090227,-0.19621814613865227,0.9415829490307701,-0.4156175589970315,-0.20166150310667885,-0.4864967196604686,-0.21219372754742588,-0.2991983466782894,-0.6400035310637054,-0.14660958536878183,0.6743963935452368,-0.3318468896580935,-0.2931944802761775,-0.03167031776097681,-0.268264101878365,2.9477653211118273,-1.1683017204269652,-0.03167031776097681,-0.03167031776097681
0.0033754078896636995,0.022696608835422783,0.7125609493894642,0.9654626714948111,-0.7441949408565703,-1.5065424661005549,-0.5688650341299796,-0.34290113299620106,1.240741795686089,1.0946405279645712,-0.2529147778628351,-0.22965760608731267,-1.119295166803151,-0.3921188919620247,-0.07095947242679883,-0.11031946970293831,-0.38184998948033355,1.5511748272551025,-0.5904647734189133,1.4036517001158426,-0.08989331499509892,-0.10060545457319174,-0.21981657747106437,-0.7941781627873975,-0.3070801941090227,-0.19621814613865227,0.9415829490307701,-0.4156175589970315,-0.20166150310667885,-0.4864967196604686,-0.21219372754742588,-0.2991983466782894,-0.6400035310637054,-0.14660958536878183,0.6743963935452368,-0.3318468896580935,-0.2931944802761775,-0.03167031776097681,-0.268264101878365,2.9477653211118273,-1.1683017204269652,-0.03167031776097681,-0.03167031776097681
0.0033754078896636995,0.022696608835422783,-0.12068298993707387,0.7676775872224482,-1.3030411041183139,0.4014897435039551,-0.5688650341299796,-0.34290113299620106,1.240741795686089,-0.9135419112057267,-0.2529147778628351,-0.22965760608731267,0.893419385394227,-0.3921188919620247,-0.07095947242679883,-0.11031946970293831,-0.38184998948033355,1.5511748272551025,-0.5904647734189133,-0.7124274490013944,-0.08989331499509892,-0.10060545457319174,-0.21981657747106437,-0.7941781627873975,-0.3070801941090227,-0.19621814613865227,0.9415829490307701,-0.4156175589970315,-0.20166150310667885,-0.4864967196604686,-0.21219372754742588,-0.2991983466782894,1.5624913792865636,-0.14660958536878183,-1.482807455038566,-0.3318468896580935,-0.2931944802761775,-0.03167031776097681,-0.268264101878365,2.9477653211118273,-1.1683017204269652,-0.03167031776097681,-0.03167031776097681
0.5366522244911631,0.5225855052271873,0.4853126023004084,0.005481408807000967,0.3734973856669168,-1.5065424661005549,-0.5688650341299796,-0.34290113299620106,1.240741795686089,-0.9135419112057267,-0.2529147778628351,-0.22965760608731267,-1.119295166803151,-0.3921188919620247,-0.07095947242679883,-0.11031946970293831,2.618829455412367,-0.6446726587031845,-0.5904647734189133,1.4036517001158426,-0.08989331499509892,-0.10060545457319174,-0.21981657747106437,-0.7941781627873975,-0.3070801941090227,-0.19621814613865227,0.9415829490307701,-0.4156175589970315,-0.20166150310667885,-0.4864967196604686,-0.21219372754742588,-0.2991983466782894,1.5624913792865636,-0.14660958536878183,-1.482807455038566,-0.3318468896580935,-0.2931944802761775,-0.03167031776097681,-0.268264101878365,2.9477653211118273,-1.1683017204269652,-0.03167031776097681,-0.03167031776097681
0.5366522244911631,0.5225855052271873,0.636811500359779,-0.607169949792757,-1.2099000769080233,0.019883301583053115,-0.5688650341299796,-0.34290113299620106,1.240741795686089,-0.9135419112057267,-0.2529147778628351,-0.22965760608731267,-1.119295166803151,-0.3921188919620247,-0.07095947242679883,-0.11031946970293831,-0.38184998948033355,1.5511748272551025,-0.5904647734189133,1.4036517001158426,-0.08989331499509892,-0.10060545457319174,-0.21981657747106437,-0.7941781627873975,-0.3070801941090227,-0.19621814613865227,0.9415829490307701,-0.4156175589970315,-0.20166150310667885,-0.4864967196604686,-0.21219372754742588,-0.2991983466782894,-0.6400035310637054,-0.14660958536878183,0.6743963935452368,-0.3318468896580935,-0.2931944802761775,-0.03167031776097681,-0.268264101878365,2.9477653211118273,-1.1683017204269652,-0.03167031776097681,-0.03167031776097681
0.5366522244911631,0.5225855052271873,0.1823148061816673,1.4333932367245479,0.000933276825754426,0.4014897435039551,-0.5688650341299796,-0.34290113299620106,1.240741795686089,1.0946405279645712,-0.2529147778628351,-0.22965760608731267,0.893419385394227,-0.3921188919620247,-0.07095947242679883,-0.11031946970293831,-0.38184998948033355,1.5511748272551025,-0.5904647734189133,1.4036517001158426,-0.08989331499509892,-0.10060545457319174,-0.21981657747106437,-0.7941781627873975,-0.3070801941090227,-0.19621814613865227,0.9415829490307701,-0.4156175589970315,-0.20166150310667885,-0.4864967196604686,-0.21219372754742588,-0.2991983466782894,-0.6400035310637054,-0.14660958536878183,0.6743963935452368,-0.3318468896580935,-0.2931944802761775,-0.03167031776097681,-0.268264101878365,2.9477653211118273,-1.1683017204269652,-0.03167031776097681,-0.03167031776097681
0.5366522244911631,0.5225855052271873,0.1823148061816673,1.0522951475168238,-1.023618022487442,-1.5065424661005549,-0.5688650341299796,-0.34290113299620106,1.240741795686089,1.0946405279645712,-0.2529147778628351,-0.22965760608731267,-1.119295166803151,-0.3921188919620247,-0.07095947242679883,-0.11031946970293831,-0.38184998948033355,1.5511748272551025,-0.5904647734189133,-0.7124274490013944,-0.08989331499509892,-0.10060545457319174,-0.21981657747106437,-0.7941781627873975,-0.3070801941090227,-0.19621814613865227,-1.0620413220411034,2.4060581136494816,-0.20166150310667885,-0.4864967196604686,-0.21219372754742588,-0.2991983466782894,-0.6400035310637054,-0.14660958536878183,0.6743963935452368,-0.3318468896580935,-0.2931944802761775,-0.03167031776097681,-0.268264101878365,2.9477653211118273,-1.1683017204269652,-0.03167031776097681,-0.03167031776097681
0.5366522244911631,0.5225855052271873,0.4853126023004084,0.502356132710742,-1.2099000769080233,-1.5065424661005549,-0.5688650341299796,-0.34290113299620106,1.240741795686089,-0.9135419112057267,-0.2529147778628351,-0.22965760608731267,-1.119295166803151,-0.3921188919620247,-0.07095947242679883,-0.11031946970293831,-0.38184998948033355,1.5511748272551025,-0.5904647734189133,1.4036517001158426,-0.08989331499509892,-0.10060545457319174,-0.21981657747106437,-0.7941781627873975,-0.3070801941090227,-0.19621814613865227,0.9415829490307701,-0.4156175589970315,-0.20166150310667885,-0.4864967196604686,-0.21219372754742588,3.3422644580160132,1.5624913792865636,-0.14660958536878183,-1.482807455038566,-0.3318468896580935,-0.2931944802761775,-0.03167031776097681,-0.268264101878365,2.9477653211118273,-1.1683017204269652,-0.03167031776097681,-0.03167031776097681
0.5366522244911631,0.5225855052271873,0.4095631532707231,0.4637639211454028,0.3734973856669168,-1.5065424661005549,-0.5688650341299796,-0.34290113299620106,1.240741795686089,1.0946405279645712,-0.2529147778628351,-0.22965760608731267,0.893419385394227,-0.3921188919620247,-0.07095947242679883,-0.11031946970293831,-0.38184998948033355,1.5511748272551025,-0.5904647734189133,1.4036517001158426,-0.08989331499509892,-0.10060545457319174,-0.21981657747106437,-0.7941781627873975,-0.3070801941090227,-0.19621814613865227,0.9415829490307701,-0.4156175589970315,-0.20166150310667885,-0.4864967196604686,-0.21219372754742588,-0.2991983466782894,1.5624913792865636,-0.14660958536878183,-1.482807455038566,-0.3318468896580935,-0.2931944802761775,-0.03167031776097681,-0.268264101878365,2.9477653211118273,-1.1683017204269652,-0.03167031776097681,-0.03167031776097681
0.5666959888067405,0.5538285612516726,-0.27218188799644444,0.16949830795969206,-0.4647718592256985,0.4014897435039551,-0.5688650341299796,-0.34290113299620106,1.240741795686089,-0.9135419112057267,-0.2529147778628351,-0.22965760608731267,0.893419385394227,-0.3921188919620247,-0.07095947242679883,-0.11031946970293831,-0.38184998948033355,1.5511748272551025,-0.5904647734189133,-0.7124274490013944,-0.08989331499509892,-0.10060545457319174,-0.21981657747106437,-0.7941781627873975,-0.3070801941090227,5.0963686064660765,0.9415829490307701,-0.4156175589970315,-0.20166150310667885,-0.4864967196604686,-0.21219372754742588,-0.2991983466782894,-0.6400035310637054,-0.14660958536878183,0.6743963935452368,-0.3318468896580935,-0.2931944802761775,-0.03167031776097681,-0.268264101878365,2.9477653211118273,-1.1683017204269652,-0.03167031776097681,-0.03167031776097681
0.5666959888067405,0.5538285612516726,0.4095631532707231,0.791797719450785,-1.3030411041183139,-1.5065424661005549,-0.5688650341299796,-0.34290113299620106,1.240741795686089,-0.9135419112057267,-0.2529147778628351,-0.22965760608731267,-1.119295166803151,-0.3921188919620247,-0.07095947242679883,-0.11031946970293831,-0.38184998948033355,1.5511748272551025,-0.5904647734189133,1.4036517001158426,-0.08989331499509892,-0.10060545457319174,-0.21981657747106437,-0.7941781627873975,-0.3070801941090227,-0.19621814613865227,0.9415829490307701,-0.4156175589970315,-0.20166150310667885,-0.4864967196604686,-0.21219372754742588,-0.2991983466782894,1.5624913792865636,-0.14660958536878183,-1.482807455038566,-0.3318468896580935,-0.2931944802761775,-0.03167031776097681,-0.268264101878365,2.9477653211118273,-1.1683017204269652,-0.03167031776097681,-0.03167031776097681
0.6305389879773426,0.6163146733006432,0.33381370424103785,0.4637639211454028,0.3734973856669168,-1.5065424661005549,-0.5688650341299796,-0.34290113299620106,1.240741795686089,-0.9135419112057267,-0.2529147778628351,-0.22965760608731267,0.893419385394227,-0.3921188919620247,-0.07095947242679883,-0.11031946970293831,-0.38184998948033355,1.5511748272551025,-0.5904647734189133,1.4036517001158426,-0.08989331499509892,-0.10060545457319174,-0.21981657747106437,-0.7941781627873975,-0.3070801941090227,-0.19621814613865227,0.9415829490307701,-0.4156175589970315,-0.20166150310667885,-0.4864967196604686,-0.21219372754742588,-0.2991983466782894,1.5624913792865636,-0.14660958536878183,-1.482807455038566,-0.3318468896580935,-0.2931944802761775,-0.03167031776097681,-0.268264101878365,2.9477653211118273,-1.1683017204269652,-0.03167031776097681,-0.03167031776097681
0.6305389879773426,0.6163146733006432,0.33381370424103785,1.1053594384191654,-2.0481693218006387,-1.5065424661005549,-0.5688650341299796,-0.34290113299620106,1.240741795686089,1.0946405279645712,-0.2529147778628351,-0.22965760608731267,0.893419385394227,-0.3921188919620247,-0.07095947242679883,-0.11031946970293831,-0.38184998948033355,1.5511748272551025,-0.5904647734189133,-0.7124274490013944,-0.08989331499509892,9.939818911831344,-0.21981657747106437,-0.7941781627873975,-0.3070801941090227,-0.19621814613865227,-1.0620413220411034,2.4060581136494816,-0.20166150310667885,-0.4864967196604686,-0.21219372754742588,-0.2991983466782894,-0.6400035310637054,-0.14660958536878183,0.6743963935452368,-0.3318468896580935,-0.2931944802761775,-0.03167031776097681,-0.268264101878365,2.9477653211118273,-1.1683017204269652,-0.03167031776097681,-0.03167031776097681
0.6305389879773426,0.6163146733006432,-0.27218188799644444,0.8110938252334546,-1.6756052129594763,-1.5065424661005549,-0.5688650341299796,-0.34290113299620106,1.240741795686089,-0.9135419112057267,-0.2529147778628351,-0.22965760608731267,0.893419385394227,2.5502469289259504,-0.07095947242679883,-0.11031946970293831,-0.38184998948033355,-0.6446726587031845,-0.5904647734189133,-0.7124274490013944,-0.08989331499509892,-0.10060545457319174,-0.21981657747106437,-0.7941781627873975,-0.3070801941090227,5.0963686064660765,0.9415829490307701,-0.4156175589970315,-0.20166150310667885,-0.4864967196604686,-0.21219372754742588,-0.2991983466782894,-0.6400035310637054,-0.14660958536878183,0.6743963935452368,-0.3318468896580935,-0.2931944802761775,-0.03167031776097681,3.72766983356355,-0.3392400313681768,-1.1683017204269652,-0.03167031776097681,-0.03167031776097681
0.6305389879773426,0.6163146733006432,0.7125609493894642,0.9944068301688153,-0.09220775038453617,0.4014897435039551,-0.5688650341299796,-0.34290113299620106,1.240741795686089,1.0946405279645712,-0.2529147778628351,-0.22965760608731267,0.893419385394227,-0.3921188919620247,-0.07095947242679883,-0.11031946970293831,-0.38184998948033355,1.5511748272551025,-0.5904647734189133,1.4036517001158426,-0.08989331499509892,-0.10060545457319174,-0.21981657747106437,-0.7941781627873975,-0.3070801941090227,-0.19621814613865227,0.9415829490307701,-0.4156175589970315,-0.20166150310667885,-0.4864967196604686,-0.21219372754742588,-0.2991983466782894,-0.6400035310637054,-0.14660958536878183,0.6743963935452368,-0.3318468896580935,-0.2931944802761775,-0.03167031776097681,3.72766983356355,-0.3392400313681768,-1.1683017204269652,-0.03167031776097681,-0.03167031776097681
0.6605827522929201,0.6475577293251285,0.4853126023004084,0.6181327674067594,-0.3716308320154079,-1.5065424661005549,-0.5688650341299796,-0.34290113299620106,1.240741795686089,-0.9135419112057267,-0.2529147778628351,-0.22965760608731267,0.893419385394227,-0.3921188919620247,-0.07095947242679883,-0.11031946970293831,-0.38184998948033355,1.5511748272551025,-0.5904647734189133,-0.7124274490013944,-0.08989331499509892,-0.10060545457319174,-0.21981657747106437,-0.7941781627873975,-0.3070801941090227,5.0963686064660765,0.9415829490307701,-0.4156175589970315,-0.20166150310667885,-0.4864967196604686,-0.21219372754742588,-0.2991983466782894,1.5624913792865636,-0.14660958536878183,-1.482807455038566,-0.3318468896580935,-0.2931944802761775,-0.03167031776097681,-0.268264101878365,-0.3392400313681768,0.855943274340589,-0.03167031776097681,-0.03167031776097681
0.6605827522929201,0.6475577293251285,-0.27218188799644444,0.4830600269280724,-0.4647718592256985,0.4014897435039551,-0.5688650341299796,-0.34290113299620106,1.240741795686089,-0.9135419112057267,-0.2529147778628351,-0.22965760608731267,0.893419385394227,-0.3921188919620247,-0.07095947242679883,-0.11031946970293831,-0.38184998948033355,1.5511748272551025,-0.5904647734189133,1.4036517001158426,-0.08989331499509892,-0.10060545457319174,-0.21981657747106437,-0.7941781627873975,-0.3070801941090227,-0.19621814613865227,0.9415829490307701,-0.4156175589970315,-0.20166150310667885,-0.4864967196604686,-0.21219372754742588,-0.2991983466782894,-0.6400035310637054,-0.14660958536878183,0.6743963935452368,-0.3318468896580935,-0.2931944802761775,-0.03167031776097681,-0.268264101878365,-0.3392400313681768,0.855943274340589,-0.03167031776097681,-0.03167031776097681
0.6943819871479446,0.6788007853496137,0.33381370424103785,0.6519009525264308,-1.8618872673800575,-1.5065424661005549,-0.5688650341299796,-0.34290113299620106,1.240741795686089,-0.9135419112057267,-0.2529147778628351,-0.22965760608731267,-1.119295166803151,-0.3921188919620247,-0.07095947242679883,-0.11031946970293831,-0.38184998948033355,1.5511748272551025,-0.5904647734189133,-0.7124274490013944,-0.08989331499509892,-0.10060545457319174,-0.21981657747106437,-0.7941781627873975,-0.3070801941090227,-0.19621814613865227,0.9415829490307701,-0.4156175589970315,-0.20166150310667885,-0.4864967196604686,4.712674646692831,-0.2991983466782894,-0.6400035310637054,6.820836424061898,-1.482807455038566,-0.3318468896580935,3.4107054097950273,-0.03167031776097681,-0.268264101878365,-0.3392400313681768,-1.1683017204269652,-0.03167031776097681,-0.03167031776097681
0.6943819871479446,0.6788007853496137,0.1823148061816673,0.49270807981940695,-1.489323158538895,-1.5065424661005549,-0.5688650341299796,-0.34290113299620106,1.240741795686089,1.0946405279645712,-0.2529147778628351,-0.22965760608731267,0.893419385394227,2.5502469289259504,-0.07095947242679883,-0.11031946970293831,-0.38184998948033355,-0.6446726587031845,-0.5904647734189133,1.4036517001158426,-0.08989331499509892,-0.10060545457319174,-0.21981657747106437,-0.7941781627873975,-0.3070801941090227,-0.19621814613865227,0.9415829490307701,-0.4156175589970315,-0.20166150310667885,-0.4864967196604686,4.712674646692831,-0.2991983466782894,-0.6400035310637054,6.820836424061898,-1.482807455038566,-0.3318468896580935,3.4107054097950273,-0.03167031776097681,-0.268264101878365,-0.3392400313681768,-1.1683017204269652,-0.03167031776097681,-0.03167031776097681
0.7244257514635221,0.710043841374099,0.8640598474488348,1.288672443354526,-0.4647718592256985,-1.5065424661005549,-0.5688650341299796,-0.34290113299620106,1.240741795686089,1.0946405279645712,-0.2529147778628351,-0.22965760608731267,0.893419385394227,-0.3921188919620247,-0.07095947242679883,-0.11031946970293831,2.618829455412367,-0.6446726587031845,-0.5904647734189133,-0.7124274490013944,-0.08989331499509892,-0.10060545457319174,-0.21981657747106437,-0.7941781627873975,-0.3070801941090227,-0.19621814613865227,-1.0620413220411034,2.4060581136494816,-0.20166150310667885,-0.4864967196604686,4.712674646692831,-0.2991983466782894,-0.6400035310637054,6.820836424061898,-1.482807455038566,-0.3318468896580935,3.4107054097950273,-0.03167031776097681,-0.268264101878365,-0.3392400313681768,-1.1683017204269652,-0.03167031776097681,-0.03167031776097681
0.7244257514635221,0.710043841374099,0.1823148061816673,-0.4045608390747268,-1.5824641857491857,0.4014897435039551,-0.5688650341299796,-0.34290113299620106,1.240741795686089,-0.9135419112057267,-0.2529147778628351,-0.22965760608731267,0.893419385394227,-0.3921188919620247,-0.07095947242679883,-0.11031946970293831,-0.38184998948033355,1.5511748272551025,-0.5904647734189133,1.4036517001158426,-0.08989331499509892,-0.10060545457319174,-0.21981657747106437,-0.7941781627873975,-0.3070801941090227,-0.19621814613865227,0.9415829490307701,-0.4156175589970315,-0.20166150310667885,-0.4864967196604686,4.712674646692831,-0.2991983466782894,-0.6400035310637054,6.820836424061898,-1.482807455038566,-0.3318468896580935,3.4107054097950273,-0.03167031776097681,-0.268264101878365,-0.3392400313681768,-1.1683017204269652,-0.03167031776097681,-0.03167031776097681
0.7544695157790996,0.7412868973985842,0.5610620513300937,-0.5637537117817506,0.9323435489286603,-1.5065424661005549,-0.5688650341299796,-0.34290113299620106,1.240741795686089,-0.9135419112057267,-0.2529147778628351,-0.22965760608731267,-1.119295166803151,-0.3921188919620247,14.09255122396225,-0.11031946970293831,-0.38184998948033355,-0.6446726587031845,-0.5904647734189133,1.4036517001158426,-0.08989331499509892,-0.10060545457319174,-0.21981657747106437,-0.7941781627873975,-0.3070801941090227,-0.19621814613865227,0.9415829490307701,-0.4156175589970315,-0.20166150310667885,-0.4864967196604686,4.712674646692831,-0.2991983466782894,-0.6400035310637054,6.820836424061898,-1.482807455038566,-0.3318468896580935,3.4107054097950273,-0.03167031776097681,-0.268264101878365,-0.3392400313681768,-1.1683017204269652,-0.03167031776097681,-0.03167031776097681
0.788268750634124,0.7725299534230695,0.25806425521135257,1.1680717822128412,0.2803563584566262,-0.3617231403378489,-0.5688650341299796,-0.34290113299620106,1.240741795686089,1.0946405279645712,-0.2529147778628351,-0.22965760608731267,0.893419385394227,-0.3921188919620247,-0.07095947242679883,-0.11031946970293831,-0.38184998948033355,1.5511748272551025,-0.5904647734189133,1.4036517001158426,-0.08989331499509892,-0.10060545457319174,-0.21981657747106437,-0.7941781627873975,-0.3070801941090227,-0.19621814613865227,0.9415829490307701,-0.4156175589970315,-0.20166150310667885,-0.4864967196604686,4.712674646692831,-0.2991983466782894,-0.6400035310637054,6.820836424061898,-1.482807455038566,-0.3318468896580935,3.4107054097950273,-0.03167031776097681,-0.268264101878365,-0.3392400313681768,-1.1683017204269652,-0.03167031776097681,-0.03167031776097681
0.8183125149497016,0.8037730094475548,0.4853126023004084,1.4382172631702153,0.46663841287720736,-1.5065424661005549,-0.5688650341299796,-0.34290113299620106,1.240741795686089,1.0946405279645712,-0.2529147778628351,-0.22965760608731267,0.893419385394227,-0.3921188919620247,-0.07095947242679883,-0.11031946970293831,-0.38184998948033355,1.5511748272551025,-0.5904647734189133,1.4036517001158426,-0.08989331499509892,-0.10060545457319174,-0.21981657747106437,-0.7941781627873975,-0.3070801941090227,-0.19621814613865227,0.9415829490307701,-0.4156175589970315,-0.20166150310667885,-0.4864967196604686,-0.21219372754742588,-0.2991983466782894,-0.6400035310637054,-0.14660958536878183,0.6743963935452368,-0.3318468896580935,3.4107054097950273,-0.03167031776097681,-0.268264101878365,-0.3392400313681768,-1.1683017204269652,-0.03167031776097681,-0.03167031776097681
0.8183125149497016,0.8037730094475548,-0.12068298993707387,0.2611548104273726,-1.6756052129594763,-0.3617231403378489,-0.5688650341299796,-0.34290113299620106,1.240741795686089,-0.9135419112057267,-0.2529147778628351,-0.22965760608731267,-1.119295166803151,-0.3921188919620247,-0.07095947242679883,-0.11031946970293831,-0.38184998948033355,1.5511748272551025,-0.5904647734189133,-0.7124274490013944,-0.08989331499509892,-0.10060545457319174,-0.21981657747106437,-0.7941781627873975,-0.3070801941090227,5.0963686064660765,0.9415829490307701,-0.4156175589970315,-0.20166150310667885,-0.4864967196604686,-0.21219372754742588,-0.2991983466782894,-0.6400035310637054,-0.14660958536878183,0.6743963935452368,-0.3318468896580935,3.4107054097950273,-0.03167031776097681,-0.268264101878365,-0.3392400313681768,-1.1683017204269652,-0.03167031776097681,-0.03167031776097681
0.8183125149497016,0.8037730094475548,0.7883103984191495,0.9509905921578088,-0.9304769952771516,0.4014897435039551,-0.5688650341299796,-0.34290113299620106,1.240741795686089,1.0946405279645712,-0.2529147778628351,-0.22965760608731267,0.893419385394227,-0.3921188919620247,-0.07095947242679883,-0.11031946970293831,-0.38184998948033355,1.5511748272551025,-0.5904647734189133,1.4036517001158426,-0.08989331499509892,-0.10060545457319174,-0.21981657747106437,-0.7941781627873975,-0.3070801941090227,-0.19621814613865227,-1.0620413220411034,2.4060581136494816,-0.20166150310667885,-0.4864967196604686,-0.21219372754742588,-0.2991983466782894,-0.6400035310637054,-0.14660958536878183,0.6743963935452368,-0.3318468896580935,3.4107054097950273,-0.03167031776097681,-0.268264101878365,-0.3392400313681768,-1.1683017204269652,-0.03167031776097681,-0.03167031776097681
0.848356279265279,0.8350160654720401,0.4853126023004084,0.9316944863751393,-0.18534877759482676,0.4014897435039551,-0.5688650341299796,-0.34290113299620106,1.240741795686089,1.0946405279645712,-0.2529147778628351,-0.22965760608731267,0.893419385394227,2.5502469289259504,-0.07095947242679883,-0.11031946970293831,-0.38184998948033355,-0.6446726587031845,-0.5904647734189133,1.4036517001158426,-0.08989331499509892,-0.10060545457319174,-0.21981657747106437,-0.7941781627873975,-0.3070801941090227,-0.19621814613865227,0.9415829490307701,-0.4156175589970315,-0.20166150310667885,-0.4864967196604686,-0.21219372754742588,-0.2991983466782894,-0.6400035310637054,-0.14660958536878183,0.6743963935452368,-0.3318468896580935,-0.2931944802761775,-0.03167031776097681,-0.268264101878365,-0.3392400313681768,0.855943274340589,-0.03167031776097681,-0.03167031776097681
0.848356279265279,0.8350160654720401,0.25806425521135257,1.414097130941878,0.1872153312463356,1.9279155111875632,-0.5688650341299796,-0.34290113299620106,1.240741795686089,1.0946405279645712,-0.2529147778628351,-0.22965760608731267,0.893419385394227,-0.3921188919620247,-0.07095947242679883,-0.11031946970293831,-0.38184998948033355,1.5511748272551025,-0.5904647734189133,1.4036517001158426,-0.08989331499509892,-0.10060545457319174,-0.21981657747106437,-0.7941781627873975,-0.3070801941090227,-0.19621814613865227,0.9415829490307701,-0.4156175589970315,-0.20166150310667885,-0.4864967196604686,-0.21219372754742588,-0.2991983466782894,-0.6400035310637054,-0.14660958536878183,0.6743963935452368,-0.3318468896580935,-0.2931944802761775,-0.03167031776097681,-0.268264101878365,-0.3392400313681768,0.855943274340589,-0.03167031776097681,-0.03167031776097681
0.848356279265279,0.8350160654720401,0.4853126023004084,-0.6409381349124288,-1.3030411041183139,0.4014897435039551,-0.5688650341299796,-0.34290113299620106,1.240741795686089,-0.9135419112057267,-0.2529147778628351,-0.22965760608731267,-1.119295166803151,-0.3921188919620247,-0.07095947242679883,-0.11031946970293831,-0.38184998948033355,1.5511748272551025,-0.5904647734189133,-0.7124274490013944,-0.08989331499509892,9.939818911831344,-0.21981657747106437,-0.7941781627873975,-0.3070801941090227,-0.19621814613865227,0.9415829490307701,-0.4156175589970315,-0.20166150310667885,-0.4864967196604686,-0.21219372754742588,-0.2991983466782894,1.5624913792865636,-0.14660958536878183,-1.482807455038566,-0.3318468896580935,-0.2931944802761775,-0.03167031776097681,-0.268264101878365,-0.3392400313681768,0.855943274340589,-0.03167031776097681,-0.03167031776097681
0.848356279265279,0.8350160654720401,-0.8024280312042414,0.015129461698335964,-1.489323158538895,0.019883301583053115,-0.5688650341299796,-0.34290113299620106,1.240741795686089,-0.9135419112057267,-0.2529147778628351,-0.22965760608731267,0.893419385394227,2.5502469289259504,-0.07095947242679883,-0.11031946970293831,-0.38184998948033355,-0.6446726587031845,-0.5904647734189133,1.4036517001158426,-0.08989331499509892,-0.10060545457319174,-0.21981657747106437,-0.7941781627873975,-0.3070801941090227,-0.19621814613865227,0.9415829490307701,-0.4156175589970315,-0.20166150310667885,-0.4864967196604686,-0.21219372754742588,-0.2991983466782894,-0.6400035310637054,-0.14660958536878183,0.6743963935452368,-0.3318468896580935,-0.2931944802761775,-0.03167031776097681,-0.268264101878365,-0.3392400313681768,0.855943274340589,-0.03167031776097681,-0.03167031776097681
0.8821555141203036,0.8662591214965254,0.33381370424103785,-0.10064717299768143,1.025484576138951,1.164702627345759,-0.5688650341299796,-0.34290113299620106,1.240741795686089,-0.9135419112057267,-0.2529147778628351,-0.22965760608731267,-1.119295166803151,-0.3921188919620247,-0.07095947242679883,-0.11031946970293831,-0.38184998948033355,1.5511748272551025,-0.5904647734189133,1.4036517001158426,-0.08989331499509892,-0.10060545457319174,-0.21981657747106437,-0.7941781627873975,-0.3070801941090227,-0.19621814613865227,0.9415829490307701,-0.4156175589970315,-0.20166150310667885,-0.4864967196604686,-0.21219372754742588,-0.2991983466782894,-0.6400035310637054,-0.14660958536878183,0.6743963935452368,-0.3318468896580935,-0.2931944802761775,-0.03167031776097681,-0.268264101878365,-0.3392400313681768,0.855943274340589,-0.03167031776097681,-0.03167031776097681
0.8821555141203036,0.8662591214965254,0.106565357151982,1.8096672994866039,-1.6756052129594763,1.5463090692666612,-0.5688650341299796,-0.34290113299620106,1.240741795686089,1.0946405279645712,-0.2529147778628351,-0.22965760608731267,0.893419385394227,2.5502469289259504,-0.07095947242679883,-0.11031946970293831,-0.38184998948033355,-0.6446726587031845,-0.5904647734189133,-0.7124274490013944,-0.08989331499509892,-0.10060545457319174,-0.21981657747106437,-0.7941781627873975,-0.3070801941090227,-0.19621814613865227,0.9415829490307701,-0.4156175589970315,-0.20166150310667885,-0.4864967196604686,-0.21219372754742588,-0.2991983466782894,-0.6400035310637054,-0.14660958536878183,0.6743963935452368,-0.3318468896580935,-0.2931944802761775,-0.03167031776097681,-0.268264101878365,-0.3392400313681768,0.855943274340589,-0.03167031776097681,-0.03167031776097681
0.912199278435881,0.8975021775210107,0.636811500359779,0.5264762649390788,0.000933276825754426,0.019883301583053115,-0.5688650341299796,-0.34290113299620106,1.240741795686089,1.0946405279645712,-0.2529147778628351,-0.22965760608731267,-1.119295166803151,-0.3921188919620247,-0.07095947242679883,-0.11031946970293831,2.618829455412367,-0.6446726587031845,-0.5904647734189133,1.4036517001158426,-0.08989331499509892,-0.10060545457319174,-0.21981657747106437,-0.7941781627873975,-0.3070801941090227,-0.19621814613865227,0.9415829490307701,-0.4156175589970315,-0.20166150310667885,-0.4864967196604686,-0.21219372754742588,3.3422644580160132,-0.6400035310637054,-0.14660958536878183,0.6743963935452368,-0.3318468896580935,-0.2931944802761775,-0.03167031776097681,3.72766983356355,-0.3392400313681768,-1.1683017204269652,-0.03167031776097681,-0.03167031776097681
0.912199278435881,0.8975021775210107,0.106565357151982,0.28527494265570946,0.000933276825754426,0.019883301583053115,-0.5688650341299796,-0.34290113299620106,1.240741795686089,1.0946405279645712,-0.2529147778628351,-0.22965760608731267,0.893419385394227,-0.3921188919620247,-0.07095947242679883,-0.11031946970293831,-0.38184998948033355,1.5511748272551025,-0.5904647734189133,1.4036517001158426,-0.08989331499509892,-0.10060545457319174,-0.21981657747106437,-0.7941781627873975,-0.3070801941090227,-0.19621814613865227,-1.0620413220411034,2.4060581136494816,-0.20166150310667885,-0.4864967196604686,-0.21219372754742588,-0.2991983466782894,1.5624913792865636,-0.14660958536878183,-1.482807455038566,-0.3318468896580935,-0.2931944802761775,-0.03167031776097681,3.72766983356355,-0.3392400313681768,-1.1683017204269652,-0.03167031776097681,-0.03167031776097681
0.912199278435881,0.8975021775210107,0.636811500359779,-0.7663628224997808,0.000933276825754426,0.019883301583053115,-0.5688650341299796,-0.34290113299620106,1.240741795686089,-0.9135419112057267,-0.2529147778628351,-0.22965760608731267,-1.119295166803151,-0.3921188919620247,-0.07095947242679883,-0.11031946970293831,-0.38184998948033355,1.5511748272551025,-0.5904647734189133,1.4036517001158426,-0.08989331499509892,-0.10060545457319174,-0.21981657747106437,-0.7941781627873975,-0.3070801941090227,-0.19621814613865227,0.9415829490307701,-0.4156175589970315,-0.20166150310667885,-0.4864967196604686,-0.21219372754742588,-0.2991983466782894,-0.6400035310637054,-0.14660958536878183,0.6743963935452368,-0.3318468896580935,-0.2931944802761775,-0.03167031776097681,3.72766983356355,-0.3392400313681768,-1.1683017204269652,-0.03167031776097681,-0.03167031776097681
0.9422430427514585,0.928745233545496,-0.27218188799644444,0.4782360004824051,0.000933276825754426,0.019883301583053115,-0.5688650341299796,-0.34290113299620106,1.240741795686089,-0.9135419112057267,-0.2529147778628351,-0.22965760608731267,0.893419385394227,2.5502469289259504,-0.07095947242679883,-0.11031946970293831,-0.38184998948033355,-0.6446726587031845,-0.5904647734189133,-0.7124274490013944,-0.08989331499509892,9.939818911831344,-0.21981657747106437,-0.7941781627873975,-0.3070801941090227,-0.19621814613865227,0.9415829490307701,-0.4156175589970315,-0.20166150310667885,-0.4864967196604686,-0.21219372754742588,-0.2991983466782894,-0.6400035310637054,-0.14660958536878183,0.6743963935452368,-0.3318468896580935,-0.2931944802761775,-0.03167031776097681,3.72766983356355,-0.3392400313681768,-1.1683017204269652,-0.03167031776097681,-0.03167031776097681
0.9422430427514585,0.928745233545496,1.2428070925972612,1.467161421844219,0.000933276825754426,0.019883301583053115,-0.5688650341299796,-0.34290113299620106,1.240741795686089,1.0946405279645712,-0.2529147778628351,-0.22965760608731267,0.893419385394227,-0.3921188919620247,-0.07095947242679883,-0.11031946970293831,-0.38184998948033355,1.5511748272551025,-0.5904647734189133,1.4036517001158426,-0.08989331499509892,-0.10060545457319174,-0.21981657747106437,-0.7941781627873975,-0.3070801941090227,-0.19621814613865227,0.9415829490307701,-0.4156175589970315,-0.20166150310667885,-0.4864967196604686,-0.21219372754742588,-0.2991983466782894,-0.6400035310637054,-0.14660958536878183,0.6743963935452368,-0.3318468896580935,-0.2931944802761775,-0.03167031776097681,3.72766983356355,-0.3392400313681768,-1.1683017204269652,-0.03167031776097681,-0.03167031776097681
0.9422430427514585,0.928745233545496,0.4095631532707231,1.7855471672582666,-0.18534877759482676,0.7830961854248571,-0.5688650341299796,-0.34290113299620106,1.240741795686089,1.0946405279645712,-0.2529147778628351,-0.22965760608731267,0.893419385394227,-0.3921188919620247,-0.07095947242679883,-0.11031946970293831,-0.38184998948033355,1.5511748272551025,-0.5904647734189133,1.4036517001158426,-0.08989331499509892,-0.10060545457319174,-0.21981657747106437,-0.7941781627873975,-0.3070801941090227,-0.19621814613865227,0.9415829490307701,-0.4156175589970315,-0.20166150310667885,-0.4864967196604686,-0.21219372754742588,-0.2991983466782894,-0.6400035310637054,-0.14660958536878183,0.6743963935452368,-0.3318468896580935,-0.2931944802761775,-0.03167031776097681,-0.268264101878365,-0.3392400313681768,0.855943274340589,-0.03167031776097681,-0.03167031776097681
1.0060860419220605,0.9912313455944666,0.7125609493894642,0.7194373227657744,0.09407430403604503,-0.3617231403378489,-0.5688650341299796,-0.34290113299620106,1.240741795686089,1.0946405279645712,-0.2529147778628351,-0.22965760608731267,-1.119295166803151,-0.3921188919620247,-0.07095947242679883,-0.11031946970293831,-0.38184998948033355,1.5511748272551025,-0.5904647734189133,1.4036517001158426,-0.08989331499509892,-0.10060545457319174,-0.21981657747106437,-0.7941781627873975,-0.3070801941090227,-0.19621814613865227,0.9415829490307701,-0.4156175589970315,-0.20166150310667885,-0.4864967196604686,-0.21219372754742588,-0.2991983466782894,-0.6400035310637054,-0.14660958536878183,0.6743963935452368,-0.3318468896580935,-0.2931944802761775,-0.03167031776097681,-0.268264101878365,-0.3392400313681768,0.855943274340589,-0.03167031776097681,-0.03167031776097681
1.0060860419220605,0.9912313455944666,0.636811500359779,-0.41420889196606175,-1.3030411041183139,1.164702627345759,-0.5688650341299796,-0.34290113299620106,1.240741795686089,-0.9135419112057267,-0.2529147778628351,-0.22965760608731267,0.893419385394227,-0.3921188919620247,-0.07095947242679883,-0.11031946970293831,-0.38184998948033355,1.5511748272551025,-0.5904647734189133,1.4036517001158426,-0.08989331499509892,-0.10060545457319174,-0.21981657747106437,-0.7941781627873975,-0.3070801941090227,-0.19621814613865227,0.9415829490307701,-0.4156175589970315,-0.20166150310667885,-0.4864967196604686,-0.21219372754742588,-0.2991983466782894,-0.6400035310637054,-0.14660958536878183,0.6743963935452368,-0.3318468896580935,-0.2931944802761775,-0.03167031776097681,-0.268264101878365,-0.3392400313681768,0.855943274340589,-0.03167031776097681,-0.03167031776097681
1.0060860419220605,0.9912313455944666,0.5610620513300937,0.9654626714948111,-1.023618022487442,0.4014897435039551,-0.5688650341299796,-0.34290113299620106,1.240741795686089,1.0946405279645712,-0.2529147778628351,-0.22965760608731267,-1.119295166803151,-0.3921188919620247,-0.07095947242679883,-0.11031946970293831,-0.38184998948033355,1.5511748272551025,-0.5904647734189133,1.4036517001158426,-0.08989331499509892,-0.10060545457319174,-0.21981657747106437,-0.7941781627873975,-0.3070801941090227,-0.19621814613865227,0.9415829490307701,-0.4156175589970315,-0.20166150310667885,-0.4864967196604686,-0.21219372754742588,-0.2991983466782894,1.5624913792865636,-0.14660958536878183,-1.482807455038566,-0.3318468896580935,-0.2931944802761775,-0.03167031776097681,-0.268264101878365,-0.3392400313681768,0.855943274340589,-0.03167031776097681,-0.03167031776097681
1.036129806237638,1.0224744016189518,0.25806425521135257,0.5120041856020765,1.025484576138951,1.164702627345759,-0.5688650341299796,-0.34290113299620106,1.240741795686089,1.0946405279645712,-0.2529147778628351,-0.22965760608731267,0.893419385394227,-0.3921188919620247,-0.07095947242679883,-0.11031946970293831,-0.38184998948033355,1.5511748272551025,-0.5904647734189133,1.4036517001158426,-0.08989331499509892,-0.10060545457319174,-0.21981657747106437,-0.7941781627873975,-0.3070801941090227,-0.19621814613865227,0.9415829490307701,-0.4156175589970315,-0.20166150310667885,-0.4864967196604686,-0.21219372754742588,-0.2991983466782894,-0.6400035310637054,-0.14660958536878183,0.6743963935452368,-0.3318468896580935,-0.2931944802761775,-0.03167031776097681,-0.268264101878365,-0.3392400313681768,0.855943274340589,-0.03167031776097681,-0.03167031776097681
1.036129806237638,1.0224744016189518,0.4095631532707231,0.2611548104273726,-0.6510539136462797,1.9279155111875632,-0.5688650341299796,-0.34290113299620106,1.240741795686089,1.0946405279645712,-0.2529147778628351,-0.22965760608731267,0.893419385394227,-0.3921188919620247,-0.07095947242679883,-0.11031946970293831,-0.38184998948033355,1.5511748272551025,-0.5904647734189133,1.4036517001158426,-0.08989331499509892,-0.10060545457319174,-0.21981657747106437,-0.7941781627873975,-0.3070801941090227,-0.19621814613865227,0.9415829490307701,-0.4156175589970315,-0.20166150310667885,-0.4864967196604686,-0.21219372754742588,-0.2991983466782894,-0.6400035310637054,-0.14660958536878183,0.6743963935452368,-0.3318468896580935,-0.2931944802761775,-0.03167031776097681,-0.268264101878365,-0.3392400313681768,0.855943274340589,-0.03167031776097681,-0.03167031776097681
1.036129806237638,1.0224744016189518,0.4095631532707231,1.197015940886846,-1.2099000769080233,0.019883301583053115,-0.5688650341299796,-0.34290113299620106,1.240741795686089,1.0946405279645712,-0.2529147778628351,-0.22965760608731267,0.893419385394227,-0.3921188919620247,-0.07095947242679883,-0.11031946970293831,-0.38184998948033355,1.5511748272551025,-0.5904647734189133,1.4036517001158426,-0.08989331499509892,-0.10060545457319174,-0.21981657747106437,-0.7941781627873975,-0.3070801941090227,-0.19621814613865227,-1.0620413220411034,2.4060581136494816,-0.20166150310667885,-0.4864967196604686,-0.21219372754742588,-0.2991983466782894,1.5624913792865636,-0.14660958536878183,-1.482807455038566,-0.3318468896580935,-0.2931944802761775,-0.03167031776097681,-0.268264101878365,-0.3392400313681768,0.855943274340589,-0.03167031776097681,-0.03167031776097681
1.036129806237638,1.0224744016189518,0.106565357151982,0.8834542219184656,-1.8618872673800575,-0.3617231403378489,-0.5688650341299796,-0.34290113299620106,1.240741795686089,1.0946405279645712,-0.2529147778628351,-0.22965760608731267,0.893419385394227,-0.3921188919620247,-0.07095947242679883,-0.11031946970293831,-0.38184998948033355,1.5511748272551025,-0.5904647734189133,1.4036517001158426,-0.08989331499509892,-0.10060545457319174,-0.21981657747106437,-0.7941781627873975,-0.3070801941090227,-0.19621814613865227,0.9415829490307701,-0.4156175589970315,-0.20166150310667885,-0.4864967196604686,-0.21219372754742588,-0.2991983466782894,-0.6400035310637054,-0.14660958536878183,0.6743963935452368,-0.3318468896580935,-0.2931944802761775,-0.03167031776097681,-0.268264101878365,-0.3392400313681768,-1.1683017204269652,-0.03167031776097681,-0.03167031776097681
1.036129806237638,1.0224744016189518,0.5610620513300937,1.2838484169088586,0.2803563584566262,0.7830961854248571,-0.5688650341299796,-0.34290113299620106,1.240741795686089,1.0946405279645712,-0.2529147778628351,-0.22965760608731267,0.893419385394227,-0.3921188919620247,-0.07095947242679883,-0.11031946970293831,-0.38184998948033355,1.5511748272551025,-0.5904647734189133,1.4036517001158426,-0.08989331499509892,-0.10060545457319174,-0.21981657747106437,-0.7941781627873975,-0.3070801941090227,-0.19621814613865227,-1.0620413220411034,2.4060581136494816,-0.20166150310667885,-0.4864967196604686,-0.21219372754742588,-0.2991983466782894,-0.6400035310637054,-0.14660958536878183,0.6743963935452368,-0.3318468896580935,-0.2931944802761775,-0.03167031776097681,-0.268264101878365,-0.3392400313681768,-1.1683017204269652,-0.03167031776097681,-0.03167031776097681
1.0699290410926625,1.0537174576434372,0.636811500359779,-0.10064717299768143,-1.489323158538895,1.164702627345759,-0.5688650341299796,-0.34290113299620106,1.240741795686089,-0.9135419112057267,-0.2529147778628351,-0.22965760608731267,0.893419385394227,-0.3921188919620247,-0.07095947242679883,-0.11031946970293831,2.618829455412367,-0.6446726587031845,-0.5904647734189133,1.4036517001158426,-0.08989331499509892,-0.10060545457319174,-0.21981657747106437,-0.7941781627873975,-0.3070801941090227,-0.19621814613865227,0.9415829490307701,-0.4156175589970315,-0.20166150310667885,-0.4864967196604686,-0.21219372754742588,-0.2991983466782894,-0.6400035310637054,-0.14660958536878183,0.6743963935452368,-0.3318468896580935,-0.2931944802761775,-0.03167031776097681,-0.268264101878365,-0.3392400313681768,-1.1683017204269652,-0.03167031776097681,-0.03167031776097681
1.0699290410926625,1.0537174576434372,0.25806425521135257,0.8593340896901287,-0.18534877759482676,1.164702627345759,-0.5688650341299796,-0.34290113299620106,1.240741795686089,1.0946405279645712,-0.2529147778628351,-0.22965760608731267,-1.119295166803151,-0.3921188919620247,-0.07095947242679883,-0.11031946970293831,-0.38184998948033355,1.5511748272551025,-0.5904647734189133,1.4036517001158426,-0.08989331499509892,-0.10060545457319174,-0.21981657747106437,-0.7941781627873975,-0.3070801941090227,-0.19621814613865227,0.9415829490307701,-0.4156175589970315,-0.20166150310667885,-0.4864967196604686,-0.21219372754742588,-0.2991983466782894,-0.6400035310637054,-0.14660958536878183,0.6743963935452368,-0.3318468896580935,-0.2931944802761775,-0.03167031776097681,-0.268264101878365,-0.3392400313681768,-1.1683017204269652,-0.03167031776097681,-0.03167031776097681
1.0699290410926625,1.0537174576434372,0.5610620513300937,-0.18265562257402698,0.559779440087498,0.7830961854248571,-0.5688650341299796,-0.34290113299620106,1.240741795686089,-0.9135419112057267,-0.2529147778628351,-0.22965760608731267,0.893419385394227,-0.3921188919620247,-0.07095947242679883,-0.11031946970293831,-0.38184998948033355,1.5511748272551025,-0.5904647734189133,1.4036517001158426,-0.08989331499509892,-0.10060545457319174,-0.21981657747106437,-0.7941781627873975,-0.3070801941090227,-0.19621814613865227,0.9415829490307701,-0.4156175589970315,-0.20166150310667885,-0.4864967196604686,-0.21219372754742588,3.3422644580160132,-0.6400035310637054,-0.14660958536878183,0.6743963935452368,-0.3318468896580935,-0.2931944802761775,-0.03167031776097681,-0.268264101878365,-0.3392400313681768,-1.1683017204269652,-0.03167031776097681,-0.03167031776097681
1.0699290410926625,1.0537174576434372,1.5458048887160023,0.9413425392664743,-0.9304769952771516,0.4014897435039551,-0.5688650341299796,-0.34290113299620106,1.240741795686089,1.0946405279645712,-0.2529147778628351,-0.22965760608731267,0.893419385394227,2.5502469289259504,-0.07095947242679883,-0.11031946970293831,-0.38184998948033355,-0.6446726587031845,-0.5904647734189133,-0.7124274490013944,-0.08989331499509892,-0.10060545457319174,-0.21981657747106437,-0.7941781627873975,-0.3070801941090227,-0.19621814613865227,-1.0620413220411034,2.4060581136494816,-0.20166150310667885,-0.4864967196604686,-0.21219372754742588,-0.2991983466782894,-0.6400035310637054,-0.14660958536878183,0.6743963935452368,-0.3318468896580935,-0.2931944802761775,-0.03167031776097681,-0.268264101878365,-0.3392400313681768,-1.1683017204269652,-0.03167031776097681,-0.03167031776097681
1.0699290410926625,1.0537174576434372,0.4853126023004084,0.7242613492114417,0.3734973856669168,1.5463090692666612,-0.5688650341299796,-0.34290113299620106,1.240741795686089,-0.9135419112057267,-0.2529147778628351,-0.22965760608731267,0.893419385394227,2.5502469289259504,-0.07095947242679883,-0.11031946970293831,-0.38184998948033355,-0.6446726587031845,-0.5904647734189133,1.4036517001158426,-0.08989331499509892,-0.10060545457319174,-0.21981657747106437,-0.7941781627873975,-0.3070801941090227,-0.19621814613865227,0.9415829490307701,-0.4156175589970315,-0.20166150310667885,-0.4864967196604686,-0.21219372754742588,-0.2991983466782894,1.5624913792865636,-0.14660958536878183,-1.482807455038566,-0.3318468896580935,-0.2931944802761775,-0.03167031776097681,-0.268264101878365,-0.3392400313681768,-1.1683017204269652,-0.03167031776097681,-0.03167031776097681
1.0699290410926625,1.0537174576434372,0.5610620513300937,0.9606386450491439,0.000933276825754426,0.4014897435039551,-0.5688650341299796,-0.34290113299620106,1.240741795686089,1.0946405279645712,-0.2529147778628351,-0.22965760608731267,0.893419385394227,-0.3921188919620247,-0.07095947242679883,-0.11031946970293831,2.618829455412367,-0.6446726587031845,-0.5904647734189133,1.4036517001158426,-0.08989331499509892,-0.10060545457319174,-0.21981657747106437,-0.7941781627873975,-0.3070801941090227,-0.19621814613865227,0.9415829490307701,-0.4156175589970315,-0.20166150310667885,-0.4864967196604686,-0.21219372754742588,-0.2991983466782894,-0.6400035310637054,-0.14660958536878183,0.6743963935452368,-0.3318468896580935,-0.2931944802761775,-0.03167031776097681,-0.268264101878365,-0.3392400313681768,-1.1683017204269652,-0.03167031776097681,-0.03167031776097681
1.09997280540824,1.0849605136679223,0.5610620513300937,1.0185269623971525,-0.837335968066861,1.164702627345759,-0.5688650341299796,-0.34290113299620106,1.240741795686089,1.0946405279645712,-0.2529147778628351,-0.22965760608731267,0.893419385394227,-0.3921188919620247,-0.07095947242679883,-0.11031946970293831,-0.38184998948033355,1.5511748272551025,-0.5904647734189133,1.4036517001158426,-0.08989331499509892,-0.10060545457319174,-0.21981657747106437,-0.7941781627873975,-0.3070801941090227,-0.19621814613865227,0.9415829490307701,-0.4156175589970315,-0.20166150310667885,-0.4864967196604686,-0.21219372754742588,-0.2991983466782894,-0.6400035310637054,-0.14660958536878183,0.6743963935452368,-0.3318468896580935,-0.2931944802761775,-0.03167031776097681,-0.268264101878365,-0.3392400313681768,-1.1683017204269652,-0.03167031776097681,-0.03167031776097681
1.09997280540824,1.0849605136679223,0.4095631532707231,0.3190431277753813,0.46663841287720736,1.9279155111875632,-0.5688650341299796,-0.34290113299620106,1.240741795686089,-0.9135419112057267,-0.2529147778628351,-0.22965760608731267,-1.119295166803151,-0.3921188919620247,-0.07095947242679883,-0.11031946970293831,-0.38184998948033355,1.5511748272551025,-0.5904647734189133,1.4036517001158426,-0.08989331499509892,-0.10060545457319174,-0.21981657747106437,-0.7941781627873975,-0.3070801941090227,-0.19621814613865227,0.9415829490307701,-0.4156175589970315,-0.20166150310667885,-0.4864967196604686,-0.21219372754742588,-0.2991983466782894,-0.6400035310637054,-0.14660958536878183,0.6743963935452368,-0.3318468896580935,-0.2931944802761775,-0.03167031776097681,-0.268264101878365,-0.3392400313681768,-1.1683017204269652,-0.03167031776097681,-0.03167031776097681
1.09997280540824,1.0849605136679223,0.106565357151982,1.7566030085842628,0.3734973856669168,1.164702627345759,-0.5688650341299796,-0.34290113299620106,1.240741795686089,1.0946405279645712,-0.2529147778628351,-0.22965760608731267,0.893419385394227,-0.3921188919620247,-0.07095947242679883,-0.11031946970293831,-0.38184998948033355,1.5511748272551025,-0.5904647734189133,-0.7124274490013944,-0.08989331499509892,-0.10060545457319174,-0.21981657747106437,-0.7941781627873975,-0.3070801941090227,-0.19621814613865227,0.9415829490307701,-0.4156175589970315,-0.20166150310667885,-0.4864967196604686,-0.21219372754742588,-0.2991983466782894,-0.6400035310637054,-0.14660958536878183,0.6743963935452368,-0.3318468896580935,-0.2931944802761775,-0.03167031776097681,-0.268264101878365,-0.3392400313681768,-1.1683017204269652,-0.03167031776097681,-0.03167031776097681
1.09997280540824,1.0849605136679223,1.6215543377456876,1.6552984532252473,-1.6756052129594763,0.019883301583053115,-0.5688650341299796,-0.34290113299620106,1.240741795686089,1.0946405279645712,-0.2529147778628351,-0.22965760608731267,0.893419385394227,-0.3921188919620247,-0.07095947242679883,-0.11031946970293831,2.618829455412367,-0.6446726587031845,-0.5904647734189133,-0.7124274490013944,-0.08989331499509892,-0.10060545457319174,-0.21981657747106437,-0.7941781627873975,-0.3070801941090227,-0.19621814613865227,-1.0620413220411034,2.4060581136494816,-0.20166150310667885,-0.4864967196604686,-0.21219372754742588,-0.2991983466782894,-0.6400035310637054,-0.14660958536878183,0.6743963935452368,-0.3318468896580935,-0.2931944802761775,-0.03167031776097681,-0.268264101878365,-0.3392400313681768,-1.1683017204269652,-0.03167031776097681,-0.03167031776097681
1.09997280540824,1.0849605136679223,-0.27218188799644444,0.13090609639435294,-0.9304769952771516,0.019883301583053115,-0.5688650341299796,-0.34290113299620106,1.240741795686089,-0.9135419112057267,-0.2529147778628351,-0.22965760608731267,0.893419385394227,-0.3921188919620247,-0.07095947242679883,-0.11031946970293831,-0.38184998948033355,1.5511748272551025,-0.5904647734189133,1.4036517001158426,-0.08989331499509892,-0.10060545457319174,-0.21981657747106437,-0.7941781627873975,-0.3070801941090227,-0.19621814613865227,0.9415829490307701,-0.4156175589970315,-0.20166150310667885,-0.4864967196604686,-0.21219372754742588,-0.2991983466782894,-0.6400035310637054,-0.14660958536878183,0.6743963935452368,-0.3318468896580935,-0.2931944802761775,-0.03167031776097681,-0.268264101878365,-0.3392400313681768,-1.1683017204269652,-0.03167031776097681,-0.03167031776097681
1.09997280540824,1.0849605136679223,0.4853126023004084,1.1921919144411781,0.2803563584566262,0.4014897435039551,-0.5688650341299796,-0.34290113299620106,1.240741795686089,1.0946405279645712,-0.2529147778628351,-0.22965760608731267,-1.119295166803151,-0.3921188919620247,-0.07095947242679883,-0.11031946970293831,-0.38184998948033355,1.5511748272551025,-0.5904647734189133,-0.7124274490013944,-0.08989331499509892,-0.10060545457319174,-0.21981657747106437,-0.7941781627873975,-0.3070801941090227,-0.19621814613865227,0.9415829490307701,-0.4156175589970315,-0.20166150310667885,-0.4864967196604686,-0.21219372754742588,-0.2991983466782894,-0.6400035310637054,-0.14660958536878183,0.6743963935452368,-0.3318468896580935,-0.2931944802761775,-0.03167031776097681,-0.268264101878365,-0.3392400313681768,-1.1683017204269652,-0.03167031776097681,-0.03167031776097681
1.1300165697238174,1.1162035696924077,0.1823148061816673,0.8786301954727983,-1.955028294590348,-0.3617231403378489,-0.5688650341299796,-0.34290113299620106,1.240741795686089,-0.9135419112057267,-0.2529147778628351,-0.22965760608731267,-1.119295166803151,2.5502469289259504,-0.07095947242679883,-0.11031946970293831,-0.38184998948033355,-0.6446726587031845,-0.5904647734189133,1.4036517001158426,-0.08989331499509892,-0.10060545457319174,-0.21981657747106437,-0.7941781627873975,-0.3070801941090227,-0.19621814613865227,0.9415829490307701,-0.4156175589970315,-0.20166150310667885,-0.4864967196604686,-0.21219372754742588,-0.2991983466782894,1.5624913792865636,-0.14660958536878183,-1.482807455038566,-0.3318468896580935,-0.2931944802761775,-0.03167031776097681,-0.268264101878365,-0.3392400313681768,-1.1683017204269652,-0.03167031776097681,-0.03167031776097681
1.1300165697238174,1.1162035696924077,0.636811500359779,0.5650684765044179,-0.9304769952771516,0.7830961854248571,-0.5688650341299796,-0.34290113299620106,1.240741795686089,1.0946405279645712,-0.2529147778628351,-0.22965760608731267,0.893419385394227,2.5502469289259504,-0.07095947242679883,-0.11031946970293831,-0.38184998948033355,-0.6446726587031845,-0.5904647734189133,-0.7124274490013944,-0.08989331499509892,-0.10060545457319174,-0.21981657747106437,-0.7941781627873975,-0.3070801941090227,-0.19621814613865227,-1.0620413220411034,2.4060581136494816,-0.20166150310667885,-0.4864967196604686,-0.21219372754742588,-0.2991983466782894,-0.6400035310637054,-0.14660958536878183,0.6743963935452368,-0.3318468896580935,-0.2931944802761775,-0.03167031776097681,-0.268264101878365,-0.3392400313681768,0.855943274340589,-0.03167031776097681,-0.03167031776097681
1.1300165697238174,1.1162035696924077,-0.27218188799644444,0.45893989469973556,-2.1413103490109293,0.7830961854248571,-0.5688650341299796,-0.34290113299620106,1.240741795686089,-0.9135419112057267,-0.2529147778628351,-0.22965760608731267,0.893419385394227,-0.3921188919620247,-0.07095947242679883,-0.11031946970293831,-0.38184998948033355,1.5511748272551025,-0.5904647734189133,1.4036517001158426,-0.08989331499509892,-0.10060545457319174,-0.21981657747106437,-0.7941781627873975,-0.3070801941090227,-0.19621814613865227,0.9415829490307701,-0.4156175589970315,-0.20166150310667885,-0.4864967196604686,-0.21219372754742588,-0.2991983466782894,-0.6400035310637054,-0.14660958536878183,0.6743963935452368,-0.3318468896580935,-0.2931944802761775,-0.03167031776097681,-0.268264101878365,-0.3392400313681768,0.855943274340589,-0.03167031776097681,-0.03167031776097681
1.163815804578842,1.147446625716893,0.4853126023004084,-0.2887842043787094,-0.4647718592256985,0.019883301583053115,-0.5688650341299796,-0.34290113299620106,1.240741795686089,-0.9135419112057267,-0.2529147778628351,-0.22965760608731267,-1.119295166803151,2.5502469289259504,-0.07095947242679883,-0.11031946970293831,-0.38184998948033355,-0.6446726587031845,-0.5904647734189133,1.4036517001158426,-0.08989331499509892,-0.10060545457319174,-0.21981657747106437,-0.7941781627873975,-0.3070801941090227,-0.19621814613865227,0.9415829490307701,-0.4156175589970315,-0.20166150310667885,-0.4864967196604686,-0.21219372754742588,-0.2991983466782894,-0.6400035310637054,-0.14660958536878183,0.6743963935452368,-0.3318468896580935,-0.2931944802761775,-0.03167031776097681,-0.268264101878365,-0.3392400313681768,0.855943274340589,-0.03167031776097681,-0.03167031776097681
1.163815804578842,1.147446625716893,0.5610620513300937,0.49753210626507466,1.025484576138951,0.7830961854248571,-0.5688650341299796,-0.34290113299620106,1.240741795686089,1.0946405279645712,-0.2529147778628351,-0.22965760608731267,-1.119295166803151,-0.3921188919620247,-0.07095947242679883,-0.11031946970293831,-0.38184998948033355,1.5511748272551025,-0.5904647734189133,1.4036517001158426,-0.08989331499509892,-0.10060545457319174,-0.21981657747106437,-0.7941781627873975,-0.3070801941090227,-0.19621814613865227,-1.0620413220411034,2.4060581136494816,-0.20166150310667885,-0.4864967196604686,-0.21219372754742588,-0.2991983466782894,-0.6400035310637054,-0.14660958536878183,0.6743963935452368,-0.3318468896580935,-0.2931944802761775,-0.03167031776097681,-0.268264101878365,-0.3392400313681768,0.855943274340589,-0.03167031776097681,-0.03167031776097681
1.1938595688944196,1.1786896817413781,0.25806425521135257,1.1680717822128412,-0.7441949408565703,1.5463090692666612,-0.5688650341299796,-0.34290113299620106,1.240741795686089,1.0946405279645712,-0.2529147778628351,-0.22965760608731267,0.893419385394227,-0.3921188919620247,-0.07095947242679883,-0.11031946970293831,-0.38184998948033355,1.5511748272551025,-0.5904647734189133,1.4036517001158426,-0.08989331499509892,-0.10060545457319174,-0.21981657747106437,-0.7941781627873975,-0.3070801941090227,-0.19621814613865227,0.9415829490307701,-0.4156175589970315,-0.20166150310667885,-0.4864967196604686,-0.21219372754742588,-0.2991983466782894,-0.6400035310637054,-0.14660958536878183,0.6743963935452368,-0.3318468896580935,-0.2931944802761775,-0.03167031776097681,-0.268264101878365,-0.3392400313681768,0.855943274340589,-0.03167031776097681,-0.03167031776097681
1.1938595688944196,1.1786896817413781,0.33381370424103785,1.1439516499845044,-0.3716308320154079,0.7830961854248571,-0.5688650341299796,-0.34290113299620106,1.240741795686089,1.0946405279645712,-0.2529147778628351,-0.22965760608731267,0.893419385394227,2.5502469289259504,-0.07095947242679883,-0.11031946970293831,-0.38184998948033355,-0.6446726587031845,-0.5904647734189133,1.4036517001158426,-0.08989331499509892,-0.10060545457319174,-0.21981657747106437,-0.7941781627873975,-0.3070801941090227,-0.19621814613865227,0.9415829490307701,-0.4156175589970315,-0.20166150310667885,-0.4864967196604686,-0.21219372754742588,-0.2991983466782894,-0.6400035310637054,-0.14660958536878183,0.6743963935452368,-0.3318468896580935,-0.2931944802761775,-0.03167031776097681,-0.268264101878365,-0.3392400313681768,0.855943274340589,-0.03167031776097681,-0.03167031776097681
1.1938595688944196,1.1786896817413781,-0.044933540907388575,0.25150675753603763,0.6529204672977886,1.164702627345759,-0.5688650341299796,-0.34290113299620106,1.240741795686089,-0.9135419112057267,-0.2529147778628351,-0.22965760608731267,0.893419385394227,-0.3921188919620247,-0.07095947242679883,-0.11031946970293831,-0.38184998948033355,1.5511748272551025,-0.5904647734189133,1.4036517001158426,-0.08989331499509892,-0.10060545457319174,-0.21981657747106437,-0.7941781627873975,-0.3070801941090227,-0.19621814613865227,0.9415829490307701,-0.4156175589970315,-0.20166150310667885,-0.4864967196604686,-0.21219372754742588,-0.2991983466782894,-0.6400035310637054,-0.14660958536878183,0.6743963935452368,-0.3318468896580935,-0.2931944802761775,-0.03167031776097681,-0.268264101878365,-0.3392400313681768,0.855943274340589,-0.03167031776097681,-0.03167031776097681
1.1938595688944196,1.1786896817413781,0.4853126023004084,0.6422528996350962,-0.4647718592256985,0.019883301583053115,-0.5688650341299796,-0.34290113299620106,1.240741795686089,1.0946405279645712,-0.2529147778628351,-0.22965760608731267,0.893419385394227,-0.3921188919620247,-0.07095947242679883,-0.11031946970293831,-0.38184998948033355,1.5511748272551025,-0.5904647734189133,1.4036517001158426,-0.08989331499509892,-0.10060545457319174,-0.21981657747106437,-0.7941781627873975,-0.3070801941090227,-0.19621814613865227,0.9415829490307701,-0.4156175589970315,-0.20166150310667885,-0.4864967196604686,-0.21219372754742588,-0.2991983466782894,1.5624913792865636,-0.14660958536878183,-1.482807455038566,-0.3318468896580935,-0.2931944802761775,-0.03167031776097681,-0.268264101878365,-0.3392400313681768,0.855943274340589,-0.03167031776097681,-0.03167031776097681
1.1300165697238174,1.1162035696924077,0.25806425521135257,-0.6119939762384244,-0.3716308320154079,1.9279155111875632,-0.5688650341299796,-0.34290113299620106,1.240741795686089,-0.9135419112057267,-0.2529147778628351,-0.22965760608731267,0.893419385394227,-0.3921188919620247,-0.07095947242679883,-0.11031946970293831,-0.38184998948033355,1.5511748272551025,-0.5904647734189133,1.4036517001158426,-0.08989331499509892,-0.10060545457319174,-0.21981657747106437,-0.7941781627873975,-0.3070801941090227,-0.19621814613865227,0.9415829490307701,-0.4156175589970315,-0.20166150310667885,-0.4864967196604686,-0.21219372754742588,-0.2991983466782894,1.5624913792865636,-0.14660958536878183,-1.482807455038566,-0.3318468896580935,-0.2931944802761775,-0.03167031776097681,-0.268264101878365,-0.3392400313681768,0.855943274340589,-0.03167031776097681,-0.03167031776097681
1.1938595688944196,1.1786896817413781,0.4853126023004084,-0.46727318286840275,0.7460614945080791,0.019883301583053115,-0.5688650341299796,-0.34290113299620106,1.240741795686089,-0.9135419112057267,-0.2529147778628351,-0.22965760608731267,0.893419385394227,-0.3921188919620247,-0.07095947242679883,-0.11031946970293831,-0.38184998948033355,1.5511748272551025,-0.5904647734189133,-0.7124274490013944,-0.08989331499509892,-0.10060545457319174,-0.21981657747106437,-0.7941781627873975,-0.3070801941090227,-0.19621814613865227,0.9415829490307701,-0.4156175589970315,-0.20166150310667885,-0.4864967196604686,-0.21219372754742588,-0.2991983466782894,-0.6400035310637054,-0.14660958536878183,0.6743963935452368,-0.3318468896580935,-0.2931944802761775,-0.03167031776097681,-0.268264101878365,-0.3392400313681768,0.855943274340589,-0.03167031776097681,-0.03167031776097681
1.223903333209997,1.2099327377658635,0.7125609493894642,1.163247755767174,-1.2099000769080233,1.164702627345759,-0.5688650341299796,-0.34290113299620106,1.240741795686089,1.0946405279645712,-0.2529147778628351,-0.22965760608731267,-1.119295166803151,-0.3921188919620247,-0.07095947242679883,-0.11031946970293831,-0.38184998948033355,1.5511748272551025,-0.5904647734189133,1.4036517001158426,-0.08989331499509892,-0.10060545457319174,-0.21981657747106437,-0.7941781627873975,-0.3070801941090227,-0.19621814613865227,0.9415829490307701,-0.4156175589970315,-0.20166150310667885,-0.4864967196604686,-0.21219372754742588,-0.2991983466782894,-0.6400035310637054,-0.14660958536878183,0.6743963935452368,-0.3318468896580935,-0.2931944802761775,-0.03167031776097681,-0.268264101878365,-0.3392400313681768,0.855943274340589,-0.03167031776097681,-0.03167031776097681
1.163815804578842,1.147446625716893,0.4095631532707231,0.7146132963201072,0.3734973856669168,-0.3617231403378489,-0.5688650341299796,-0.34290113299620106,1.240741795686089,-0.9135419112057267,-0.2529147778628351,-0.22965760608731267,0.893419385394227,-0.3921188919620247,-0.07095947242679883,-0.11031946970293831,-0.38184998948033355,1.5511748272551025,-0.5904647734189133,1.4036517001158426,-0.08989331499509892,-0.10060545457319174,-0.21981657747106437,-0.7941781627873975,-0.3070801941090227,-0.19621814613865227,-1.0620413220411034,2.4060581136494816,-0.20166150310667885,-0.4864967196604686,-0.21219372754742588,-0.2991983466782894,-0.6400035310637054,-0.14660958536878183,0.6743963935452368,-0.3318468896580935,-0.2931944802761775,-0.03167031776097681,-0.268264101878365,-0.3392400313681768,0.855943274340589,-0.03167031776097681,-0.03167031776097681
1.223903333209997,1.2099327377658635,0.4095631532707231,1.5250497391922282,-1.2099000769080233,1.164702627345759,-0.5688650341299796,-0.34290113299620106,1.240741795686089,1.0946405279645712,-0.2529147778628351,-0.22965760608731267,0.893419385394227,-0.3921188919620247,-0.07095947242679883,-0.11031946970293831,2.618829455412367,-0.6446726587031845,-0.5904647734189133,1.4036517001158426,-0.08989331499509892,-0.10060545457319174,-0.21981657747106437,-0.7941781627873975,-0.3070801941090227,-0.19621814613865227,0.9415829490307701,-0.4156175589970315,-0.20166150310667885,-0.4864967196604686,-0.21219372754742588,-0.2991983466782894,1.5624913792865636,-0.14660958536878183,-1.482807455038566,-0.3318468896580935,-0.2931944802761775,-0.03167031776097681,-0.268264101878365,-0.3392400313681768,0.855943274340589,-0.03167031776097681,-0.03167031776097681
1.2577025680650216,1.2411757937903487,-0.27218188799644444,0.8400379839074591,-1.955028294590348,0.019883301583053115,-0.5688650341299796,-0.34290113299620106,1.240741795686089,-0.9135419112057267,-0.2529147778628351,-0.22965760608731267,0.893419385394227,-0.3921188919620247,-0.07095947242679883,-0.11031946970293831,-0.38184998948033355,1.5511748272551025,-0.5904647734189133,-0.7124274490013944,-0.08989331499509892,-0.10060545457319174,-0.21981657747106437,-0.7941781627873975,-0.3070801941090227,5.0963686064660765,0.9415829490307701,-0.4156175589970315,-0.20166150310667885,-0.4864967196604686,-0.21219372754742588,-0.2991983466782894,1.5624913792865636,-0.14660958536878183,-1.482807455038566,-0.3318468896580935,-0.2931944802761775,-0.03167031776097681,-0.268264101878365,-0.3392400313681768,0.855943274340589,-0.03167031776097681,-0.03167031776097681
1.2577025680650216,1.2411757937903487,0.8640598474488348,1.5105776598552263,0.46663841287720736,1.5463090692666612,-0.5688650341299796,-0.34290113299620106,1.240741795686089,1.0946405279645712,-0.2529147778628351,-0.22965760608731267,-1.119295166803151,-0.3921188919620247,-0.07095947242679883,-0.11031946970293831,-0.38184998948033355,1.5511748272551025,-0.5904647734189133,1.4036517001158426,-0.08989331499509892,-0.10060545457319174,-0.21981657747106437,-0.7941781627873975,-0.3070801941090227,-0.19621814613865227,0.9415829490307701,-0.4156175589970315,-0.20166150310667885,-0.4864967196604686,-0.21219372754742588,-0.2991983466782894,-0.6400035310637054,-0.14660958536878183,0.6743963935452368,-0.3318468896580935,-0.2931944802761775,-0.03167031776097681,-0.268264101878365,-0.3392400313681768,0.855943274340589,-0.03167031776097681,-0.03167031776097681
1.2577025680650216,1.2411757937903487,0.1823148061816673,1.611882215214241,1.211766630559532,1.164702627345759,-0.5688650341299796,-0.34290113299620106,1.240741795686089,1.0946405279645712,-0.2529147778628351,-0.22965760608731267,0.893419385394227,-0.3921188919620247,-0.07095947242679883,-0.11031946970293831,-0.38184998948033355,1.5511748272551025,-0.5904647734189133,1.4036517001158426,-0.08989331499509892,-0.10060545457319174,-0.21981657747106437,-0.7941781627873975,-0.3070801941090227,-0.19621814613865227,0.9415829490307701,-0.4156175589970315,-0.20166150310667885,-0.4864967196604686,-0.21219372754742588,-0.2991983466782894,-0.6400035310637054,-0.14660958536878183,0.6743963935452368,-0.3318468896580935,-0.2931944802761775,-0.03167031776097681,-0.268264101878365,-0.3392400313681768,0.855943274340589,-0.03167031776097681,-0.03167031776097681
1.2577025680650216,1.2411757937903487,0.4853126023004084,0.23703467819903576,-0.09220775038453617,1.5463090692666612,-0.5688650341299796,-0.34290113299620106,1.240741795686089,1.0946405279645712,-0.2529147778628351,-0.22965760608731267,-1.119295166803151,-0.3921188919620247,-0.07095947242679883,-0.11031946970293831,-0.38184998948033355,1.5511748272551025,-0.5904647734189133,1.4036517001158426,-0.08989331499509892,-0.10060545457319174,-0.21981657747106437,-0.7941781627873975,-0.3070801941090227,-0.19621814613865227,0.9415829490307701,-0.4156175589970315,-0.20166150310667885,-0.4864967196604686,-0.21219372754742588,-0.2991983466782894,1.5624913792865636,-0.14660958536878183,-1.482807455038566,-0.3318468896580935,-0.2931944802761775,-0.03167031776097681,-0.268264101878365,-0.3392400313681768,0.855943274340589,-0.03167031776097681,-0.03167031776097681
1.2577025680650216,1.2411757937903487,0.1823148061816673,0.43964378891706596,0.46663841287720736,1.5463090692666612,-0.5688650341299796,-0.34290113299620106,1.240741795686089,-0.9135419112057267,-0.2529147778628351,-0.22965760608731267,-1.119295166803151,2.5502469289259504,-0.07095947242679883,-0.11031946970293831,-0.38184998948033355,-0.6446726587031845,-0.5904647734189133,1.4036517001158426,-0.08989331499509892,-0.10060545457319174,-0.21981657747106437,-0.7941781627873975,-0.3070801941090227,-0.19621814613865227,0.9415829490307701,-0.4156175589970315,-0.20166150310667885,-0.4864967196604686,-0.21219372754742588,-0.2991983466782894,1.5624913792865636,-0.14660958536878183,-1.482807455038566,-0.3318468896580935,-0.2931944802761775,-0.03167031776097681,-0.268264101878365,-0.3392400313681768,0.855943274340589,-0.03167031776097681,-0.03167031776097681
1.2577025680650216,1.2411757937903487,0.636811500359779,1.6649465061165818,-1.3961821313286045,1.164702627345759,-0.5688650341299796,-0.34290113299620106,1.240741795686089,1.0946405279645712,-0.2529147778628351,-0.22965760608731267,0.893419385394227,-0.3921188919620247,-0.07095947242679883,-0.11031946970293831,2.618829455412367,-0.6446726587031845,-0.5904647734189133,1.4036517001158426,-0.08989331499509892,-0.10060545457319174,-0.21981657747106437,-0.7941781627873975,-0.3070801941090227,-0.19621814613865227,0.9415829490307701,-0.4156175589970315,-0.20166150310667885,-0.4864967196604686,-0.21219372754742588,-0.2991983466782894,-0.6400035310637054,-0.14660958536878183,0.6743963935452368,-0.3318468896580935,-0.2931944802761775,-0.03167031776097681,-0.268264101878365,-0.3392400313681768,0.855943274340589,-0.03167031776097681,-0.03167031776097681
1.2877463323805989,1.272418849814834,0.33381370424103785,1.8434354846062757,-1.489323158538895,0.019883301583053115,-0.5688650341299796,-0.34290113299620106,1.240741795686089,1.0946405279645712,-0.2529147778628351,-0.22965760608731267,0.893419385394227,-0.3921188919620247,-0.07095947242679883,-0.11031946970293831,-0.38184998948033355,1.5511748272551025,-0.5904647734189133,1.4036517001158426,-0.08989331499509892,-0.10060545457319174,-0.21981657747106437,-0.7941781627873975,-0.3070801941090227,-0.19621814613865227,0.9415829490307701,-0.4156175589970315,-0.20166150310667885,-0.4864967196604686,-0.21219372754742588,-0.2991983466782894,1.5624913792865636,-0.14660958536878183,-1.482807455038566,-0.3318468896580935,-0.2931944802761775,-0.03167031776097681,-0.268264101878365,-0.3392400313681768,0.855943274340589,-0.03167031776097681,-0.03167031776097681
1.2877463323805989,1.272418849814834,-0.19643243896675913,-0.10547119944334872,-1.2099000769080233,1.164702627345759,-0.5688650341299796,-0.34290113299620106,1.240741795686089,-0.9135419112057267,-0.2529147778628351,-0.22965760608731267,0.893419385394227,-0.3921188919620247,-0.07095947242679883,-0.11031946970293831,-0.38184998948033355,1.5511748272551025,-0.5904647734189133,-0.7124274490013944,-0.08989331499509892,-0.10060545457319174,-0.21981657747106437,-0.7941781627873975,-0.3070801941090227,-0.19621814613865227,0.9415829490307701,-0.4156175589970315,-0.20166150310667885,-0.4864967196604686,-0.21219372754742588,-0.2991983466782894,-0.6400035310637054,-0.14660958536878183,0.6743963935452368,-0.3318468896580935,-0.2931944802761775,-0.03167031776097681,-0.268264101878365,-0.3392400313681768,0.855943274340589,-0.03167031776097681,-0.03167031776097681
1.2877463323805989,1.272418849814834,0.1823148061816673,0.7290853756571091,0.2803563584566262,1.164702627345759,-0.5688650341299796,-0.34290113299620106,1.240741795686089,1.0946405279645712,-0.2529147778628351,-0.22965760608731267,0.893419385394227,-0.3921188919620247,-0.07095947242679883,-0.11031946970293831,-0.38184998948033355,1.5511748272551025,-0.5904647734189133,1.4036517001158426,-0.08989331499509892,-0.10060545457319174,-0.21981657747106437,-0.7941781627873975,-0.3070801941090227,-0.19621814613865227,-1.0620413220411034,2.4060581136494816,-0.20166150310667885,-0.4864967196604686,-0.21219372754742588,-0.2991983466782894,-0.6400035310637054,-0.14660958536878183,0.6743963935452368,-0.3318468896580935,-0.2931944802761775,-0.03167031776097681,-0.268264101878365,-0.3392400313681768,0.855943274340589,-0.03167031776097681,-0.03167031776097681
1.351589331551201,1.3349049618638047,0.8640598474488348,0.35763533934072045,-0.9304769952771516,0.4014897435039551,-0.5688650341299796,-0.34290113299620106,1.240741795686089,1.0946405279645712,-0.2529147778628351,-0.22965760608731267,-1.119295166803151,-0.3921188919620247,-0.07095947242679883,-0.11031946970293831,-0.38184998948033355,1.5511748272551025,-0.5904647734189133,1.4036517001158426,-0.08989331499509892,-0.10060545457319174,-0.21981657747106437,-0.7941781627873975,-0.3070801941090227,-0.19621814613865227,0.9415829490307701,-0.4156175589970315,-0.20166150310667885,-0.4864967196604686,-0.21219372754742588,-0.2991983466782894,1.5624913792865636,-0.14660958536878183,-1.482807455038566,-0.3318468896580935,-0.2931944802761775,-0.03167031776097681,-0.268264101878365,-0.3392400313681768,0.855943274340589,-0.03167031776097681,-0.03167031776097681
1.351589331551201,1.3349049618638047,-0.044933540907388575,0.21773857241636618,0.559779440087498,1.5463090692666612,-0.5688650341299796,-0.34290113299620106,1.240741795686089,-0.9135419112057267,-0.2529147778628351,-0.22965760608731267,0.893419385394227,2.5502469289259504,-0.07095947242679883,-0.11031946970293831,-0.38184998948033355,-0.6446726587031845,-0.5904647734189133,1.4036517001158426,-0.08989331499509892,-0.10060545457319174,-0.21981657747106437,-0.7941781627873975,-0.3070801941090227,-0.19621814613865227,0.9415829490307701,-0.4156175589970315,-0.20166150310667885,-0.4864967196604686,-0.21219372754742588,-0.2991983466782894,1.5624913792865636,-0.14660958536878183,-1.482807455038566,-0.3318468896580935,-0.2931944802761775,-0.03167031776097681,-0.268264101878365,-0.3392400313681768,0.855943274340589,-0.03167031776097681,-0.03167031776097681
1.3816330958667784,1.3661480178882899,0.4095631532707231,0.29492299554704443,-1.3030411041183139,1.5463090692666612,-0.5688650341299796,-0.34290113299620106,1.240741795686089,-0.9135419112057267,-0.2529147778628351,-0.22965760608731267,0.893419385394227,2.5502469289259504,-0.07095947242679883,-0.11031946970293831,-0.38184998948033355,-0.6446726587031845,-0.5904647734189133,1.4036517001158426,-0.08989331499509892,-0.10060545457319174,-0.21981657747106437,-0.7941781627873975,-0.3070801941090227,-0.19621814613865227,0.9415829490307701,-0.4156175589970315,-0.20166150310667885,-0.4864967196604686,-0.21219372754742588,-0.2991983466782894,1.5624913792865636,-0.14660958536878183,-1.482807455038566,-0.3318468896580935,-0.2931944802761775,-0.03167031776097681,-0.268264101878365,-0.3392400313681768,0.855943274340589,-0.03167031776097681,-0.03167031776097681
1.3816330958667784,1.3661480178882899,0.25806425521135257,1.5443458449748972,-0.18534877759482676,1.5463090692666612,-0.5688650341299796,-0.34290113299620106,1.240741795686089,1.0946405279645712,-0.2529147778628351,-0.22965760608731267,0.893419385394227,-0.3921188919620247,-0.07095947242679883,-0.11031946970293831,-0.38184998948033355,1.5511748272551025,-0.5904647734189133,1.4036517001158426,-0.08989331499509892,-0.10060545457319174,-0.21981657747106437,-0.7941781627873975,-0.3070801941090227,-0.19621814613865227,0.9415829490307701,-0.4156175589970315,-0.20166150310667885,-0.4864967196604686,-0.21219372754742588,-0.2991983466782894,-0.6400035310637054,-0.14660958536878183,0.6743963935452368,-0.3318468896580935,-0.2931944802761775,-0.03167031776097681,-0.268264101878365,-0.3392400313681768,0.855943274340589,-0.03167031776097681,-0.03167031776097681
1.3816330958667784,1.3661480178882899,0.7883103984191495,1.486457527626889,-0.09220775038453617,0.4014897435039551,-0.5688650341299796,-0.34290113299620106,1.240741795686089,1.0946405279645712,-0.2529147778628351,-0.22965760608731267,0.893419385394227,-0.3921188919620247,-0.07095947242679883,-0.11031946970293831,-0.38184998948033355,1.5511748272551025,-0.5904647734189133,1.4036517001158426,-0.08989331499509892,-0.10060545457319174,-0.21981657747106437,-0.7941781627873975,-0.3070801941090227,-0.19621814613865227,0.9415829490307701,-0.4156175589970315,-0.20166150310667885,-0.4864967196604686,-0.21219372754742588,-0.2991983466782894,-0.6400035310637054,-0.14660958536878183,0.6743963935452368,-0.3318468896580935,-0.2931944802761775,-0.03167031776097681,-0.268264101878365,-0.3392400313681768,0.855943274340589,-0.03167031776097681,-0.03167031776097681
1.411676860182356,1.3973910739127753,0.636811500359779,0.12608206994868565,0.8392025217183697,0.7830961854248571,-0.5688650341299796,-0.34290113299620106,1.240741795686089,-0.9135419112057267,-0.2529147778628351,-0.22965760608731267,-1.119295166803151,-0.3921188919620247,-0.07095947242679883,-0.11031946970293831,-0.38184998948033355,1.5511748272551025,-0.5904647734189133,1.4036517001158426,-0.08989331499509892,-0.10060545457319174,-0.21981657747106437,-0.7941781627873975,-0.3070801941090227,-0.19621814613865227,0.9415829490307701,-0.4156175589970315,-0.20166150310667885,-0.4864967196604686,-0.21219372754742588,-0.2991983466782894,-0.6400035310637054,-0.14660958536878183,0.6743963935452368,-0.3318468896580935,-0.2931944802761775,-0.03167031776097681,-0.268264101878365,-0.3392400313681768,0.855943274340589,-0.03167031776097681,-0.03167031776097681
1.411676860182356,1.3973910739127753,0.1823148061816673,0.21773857241636618,-1.023618022487442,1.5463090692666612,-0.5688650341299796,-0.34290113299620106,1.240741795686089,-0.9135419112057267,-0.2529147778628351,-0.22965760608731267,0.893419385394227,-0.3921188919620247,-0.07095947242679883,-0.11031946970293831,-0.38184998948033355,1.5511748272551025,-0.5904647734189133,1.4036517001158426,-0.08989331499509892,-0.10060545457319174,-0.21981657747106437,-0.7941781627873975,-0.3070801941090227,-0.19621814613865227,0.9415829490307701,-0.4156175589970315,-0.20166150310667885,-0.4864967196604686,-0.21219372754742588,-0.2991983466782894,-0.6400035310637054,-0.14660958536878183,0.6743963935452368,-0.3318468896580935,-0.2931944802761775,-0.03167031776097681,-0.268264101878365,-0.3392400313681768,0.855943274340589,-0.03167031776097681,-0.03167031776097681
1.411676860182356,1.3973910739127753,0.33381370424103785,0.6567249789720985,-0.837335968066861,1.164702627345759,-0.5688650341299796,-0.34290113299620106,1.240741795686089,1.0946405279645712,-0.2529147778628351,-0.22965760608731267,-1.119295166803151,2.5502469289259504,-0.07095947242679883,-0.11031946970293831,-0.38184998948033355,-0.6446726587031845,-0.5904647734189133,1.4036517001158426,-0.08989331499509892,-0.10060545457319174,-0.21981657747106437,-0.7941781627873975,-0.3070801941090227,-0.19621814613865227,0.9415829490307701,-0.4156175589970315,-0.20166150310667885,-0.4864967196604686,-0.21219372754742588,-0.2991983466782894,-0.6400035310637054,-0.14660958536878183,0.6743963935452368,-0.3318468896580935,-0.2931944802761775,-0.03167031776097681,-0.268264101878365,-0.3392400313681768,0.855943274340589,-0.03167031776097681,-0.03167031776097681
1.411676860182356,1.3973910739127753,0.8640598474488348,0.5409483442760811,1.025484576138951,0.7830961854248571,-0.5688650341299796,-0.34290113299620106,1.240741795686089,1.0946405279645712,-0.2529147778628351,-0.22965760608731267,-1.119295166803151,2.5502469289259504,-0.07095947242679883,-0.11031946970293831,-0.38184998948033355,-0.6446726587031845,-0.5904647734189133,1.4036517001158426,-0.08989331499509892,-0.10060545457319174,-0.21981657747106437,-0.7941781627873975,-0.3070801941090227,-0.19621814613865227,-1.0620413220411034,2.4060581136494816,-0.20166150310667885,-0.4864967196604686,-0.21219372754742588,-0.2991983466782894,-0.6400035310637054,-0.14660958536878183,0.6743963935452368,-0.3318468896580935,-0.2931944802761775,-0.03167031776097681,-0.268264101878365,-0.3392400313681768,0.855943274340589,-0.03167031776097681,-0.03167031776097681
-0.09051135559651578,-0.10227561526251834,0.33381370424103785,-0.42385694485739633,-0.9304769952771516,-1.5065424661005549,-0.5688650341299796,-0.34290113299620106,1.240741795686089,-0.9135419112057267,-0.2529147778628351,-0.22965760608731267,0.893419385394227,-0.3921188919620247,-0.07095947242679883,-0.11031946970293831,-0.38184998948033355,1.5511748272551025,-0.5904647734189133,-0.7124274490013944,-0.08989331499509892,-0.10060545457319174,-0.21981657747106437,-0.7941781627873975,-0.3070801941090227,5.0963686064660765,0.9415829490307701,-0.4156175589970315,-0.20166150310667885,-0.4864967196604686,-0.21219372754742588,-0.2991983466782894,-0.6400035310637054,-0.14660958536878183,0.6743963935452368,-0.3318468896580935,-0.2931944802761775,-0.03167031776097681,-0.268264101878365,-0.3392400313681768,0.855943274340589,-0.03167031776097681,-0.03167031776097681
1.4454760950373804,1.4286341299372605,0.4853126023004084,0.5843645822870875,-0.27848980480511737,0.7830961854248571,-0.5688650341299796,-0.34290113299620106,1.240741795686089,-0.9135419112057267,-0.2529147778628351,-0.22965760608731267,0.893419385394227,-0.3921188919620247,-0.07095947242679883,-0.11031946970293831,-0.38184998948033355,1.5511748272551025,-0.5904647734189133,-0.7124274490013944,-0.08989331499509892,-0.10060545457319174,-0.21981657747106437,-0.7941781627873975,-0.3070801941090227,5.0963686064660765,0.9415829490307701,-0.4156175589970315,-0.20166150310667885,-0.4864967196604686,-0.21219372754742588,-0.2991983466782894,-0.6400035310637054,-0.14660958536878183,0.6743963935452368,-0.3318468896580935,-0.2931944802761775,-0.03167031776097681,-0.268264101878365,-0.3392400313681768,0.855943274340589,-0.03167031776097681,-0.03167031776097681
1.475519859352958,1.4598771859617456,0.106565357151982,0.41069963024306144,-0.7441949408565703,1.5463090692666612,-0.5688650341299796,-0.34290113299620106,1.240741795686089,-0.9135419112057267,-0.2529147778628351,-0.22965760608731267,-1.119295166803151,-0.3921188919620247,-0.07095947242679883,-0.11031946970293831,-0.38184998948033355,1.5511748272551025,-0.5904647734189133,1.4036517001158426,-0.08989331499509892,-0.10060545457319174,-0.21981657747106437,-0.7941781627873975,-0.3070801941090227,-0.19621814613865227,0.9415829490307701,-0.4156175589970315,-0.20166150310667885,-0.4864967196604686,-0.21219372754742588,-0.2991983466782894,-0.6400035310637054,-0.14660958536878183,0.6743963935452368,-0.3318468896580935,-0.2931944802761775,-0.03167031776097681,-0.268264101878365,-0.3392400313681768,0.855943274340589,-0.03167031776097681,-0.03167031776097681
1.475519859352958,1.4598771859617456,0.636811500359779,0.7435574549941113,0.9323435489286603,1.9279155111875632,-0.5688650341299796,-0.34290113299620106,1.240741795686089,1.0946405279645712,-0.2529147778628351,-0.22965760608731267,-1.119295166803151,-0.3921188919620247,-0.07095947242679883,-0.11031946970293831,-0.38184998948033355,1.5511748272551025,-0.5904647734189133,1.4036517001158426,-0.08989331499509892,-0.10060545457319174,-0.21981657747106437,-0.7941781627873975,-0.3070801941090227,-0.19621814613865227,0.9415829490307701,-0.4156175589970315,-0.20166150310667885,-0.4864967196604686,-0.21219372754742588,-0.2991983466782894,-0.6400035310637054,-0.14660958536878183,0.6743963935452368,-0.3318468896580935,-0.2931944802761775,-0.03167031776097681,-0.268264101878365,-0.3392400313681768,0.855943274340589,-0.03167031776097681,-0.03167031776097681
-0.12055511991209324,-0.13351867128700362,0.25806425521135257,-0.4431530506400659,0.2803563584566262,-0.3617231403378489,-0.5688650341299796,-0.34290113299620106,1.240741795686089,-0.9135419112057267,-0.2529147778628351,-0.22965760608731267,0.893419385394227,-0.3921188919620247,-0.07095947242679883,-0.11031946970293831,-0.38184998948033355,1.5511748272551025,-0.5904647734189133,-0.7124274490013944,-0.08989331499509892,-0.10060545457319174,-0.21981657747106437,-0.7941781627873975,-0.3070801941090227,5.0963686064660765,0.9415829490307701,-0.4156175589970315,-0.20166150310667885,-0.4864967196604686,-0.21219372754742588,-0.2991983466782894,-0.6400035310637054,-0.14660958536878183,0.6743963935452368,-0.3318468896580935,-0.2931944802761775,-0.03167031776097681,-0.268264101878365,-0.3392400313681768,0.855943274340589,-0.03167031776097681,-0.03167031776097681
1.475519859352958,1.4598771859617456,-0.27218188799644444,0.38175547156905726,0.6529204672977886,1.164702627345759,-0.5688650341299796,-0.34290113299620106,1.240741795686089,-0.9135419112057267,-0.2529147778628351,-0.22965760608731267,0.893419385394227,-0.3921188919620247,-0.07095947242679883,-0.11031946970293831,-0.38184998948033355,1.5511748272551025,-0.5904647734189133,1.4036517001158426,-0.08989331499509892,-0.10060545457319174,-0.21981657747106437,-0.7941781627873975,-0.3070801941090227,-0.19621814613865227,0.9415829490307701,-0.4156175589970315,-0.20166150310667885,-0.4864967196604686,-0.21219372754742588,3.3422644580160132,-0.6400035310637054,-0.14660958536878183,0.6743963935452368,-0.3318468896580935,-0.2931944802761775,-0.03167031776097681,-0.268264101878365,-0.3392400313681768,0.855943274340589,-0.03167031776097681,-0.03167031776097681
1.475519859352958,1.4598771859617456,0.106565357151982,0.5554204236130834,-0.4647718592256985,0.7830961854248571,-0.5688650341299796,-0.34290113299620106,1.240741795686089,-0.9135419112057267,-0.2529147778628351,-0.22965760608731267,-1.119295166803151,-0.3921188919620247,-0.07095947242679883,-0.11031946970293831,-0.38184998948033355,1.5511748272551025,-0.5904647734189133,1.4036517001158426,-0.08989331499509892,-0.10060545457319174,-0.21981657747106437,-0.7941781627873975,-0.3070801941090227,-0.19621814613865227,0.9415829490307701,-0.4156175589970315,-0.20166150310667885,-0.4864967196604686,-0.21219372754742588,-0.2991983466782894,-0.6400035310637054,-0.14660958536878183,0.6743963935452368,-0.3318468896580935,-0.2931944802761775,-0.03167031776097681,-0.268264101878365,-0.3392400313681768,0.855943274340589,-0.03167031776097681,-0.03167031776097681
0.28503569834820214,0.27264105703130503,0.25806425521135257,-0.4528011035314009,-0.6510539136462797,-1.5065424661005549,-0.5688650341299796,-0.34290113299620106,1.240741795686089,-0.9135419112057267,-0.2529147778628351,-0.22965760608731267,-1.119295166803151,-0.3921188919620247,-0.07095947242679883,-0.11031946970293831,-0.38184998948033355,1.5511748272551025,-0.5904647734189133,1.4036517001158426,-0.08989331499509892,-0.10060545457319174,-0.21981657747106437,-0.7941781627873975,-0.3070801941090227,-0.19621814613865227,0.9415829490307701,-0.4156175589970315,-0.20166150310667885,-0.4864967196604686,-0.21219372754742588,-0.2991983466782894,1.5624913792865636,-0.14660958536878183,-1.482807455038566,-0.3318468896580935,-0.2931944802761775,-0.03167031776097681,-0.268264101878365,-0.3392400313681768,0.855943274340589,-0.03167031776097681,-0.03167031776097681
1.5055636236685355,1.491120241986231,-0.044933540907388575,0.22738662530770076,-1.1167590496977327,1.5463090692666612,-0.5688650341299796,-0.34290113299620106,1.240741795686089,-0.9135419112057267,-0.2529147778628351,-0.22965760608731267,-1.119295166803151,-0.3921188919620247,-0.07095947242679883,-0.11031946970293831,-0.38184998948033355,1.5511748272551025,-0.5904647734189133,-0.7124274490013944,-0.08989331499509892,-0.10060545457319174,-0.21981657747106437,-0.7941781627873975,-0.3070801941090227,-0.19621814613865227,0.9415829490307701,-0.4156175589970315,-0.20166150310667885,-0.4864967196604686,-0.21219372754742588,-0.2991983466782894,-0.6400035310637054,-0.14660958536878183,0.6743963935452368,-0.3318468896580935,-0.2931944802761775,-0.03167031776097681,-0.268264101878365,-0.3392400313681768,0.855943274340589,-0.03167031776097681,-0.03167031776097681
1.53936285852356,1.5223632980107162,0.1823148061816673,0.2756268897643749,0.1872153312463356,1.5463090692666612,-0.5688650341299796,-0.34290113299620106,1.240741795686089,1.0946405279645712,-0.2529147778628351,-0.22965760608731267,0.893419385394227,-0.3921188919620247,-0.07095947242679883,-0.11031946970293831,-0.38184998948033355,1.5511748272551025,-0.5904647734189133,1.4036517001158426,-0.08989331499509892,-0.10060545457319174,-0.21981657747106437,-0.7941781627873975,-0.3070801941090227,-0.19621814613865227,0.9415829490307701,-0.4156175589970315,-0.20166150310667885,-0.4864967196604686,-0.21219372754742588,-0.2991983466782894,-0.6400035310637054,-0.14660958536878183,0.6743963935452368,-0.3318468896580935,-0.2931944802761775,-0.03167031776097681,-0.268264101878365,-0.3392400313681768,0.855943274340589,-0.03167031776097681,-0.03167031776097681
1.53936285852356,1.5223632980107162,0.7883103984191495,0.9316944863751393,-0.3716308320154079,1.164702627345759,-0.5688650341299796,-0.34290113299620106,1.240741795686089,1.0946405279645712,-0.2529147778628351,-0.22965760608731267,0.893419385394227,-0.3921188919620247,-0.07095947242679883,-0.11031946970293831,2.618829455412367,-0.6446726587031845,-0.5904647734189133,1.4036517001158426,-0.08989331499509892,-0.10060545457319174,-0.21981657747106437,-0.7941781627873975,-0.3070801941090227,-0.19621814613865227,0.9415829490307701,-0.4156175589970315,-0.20166150310667885,-0.4864967196604686,-0.21219372754742588,-0.2991983466782894,-0.6400035310637054,-0.14660958536878183,0.6743963935452368,-0.3318468896580935,-0.2931944802761775,-0.03167031776097681,-0.268264101878365,-0.3392400313681768,0.855943274340589,-0.03167031776097681,-0.03167031776097681
1.53936285852356,1.5223632980107162,1.0155587455082054,1.8723796432802802,-0.7441949408565703,0.7830961854248571,-0.5688650341299796,-0.34290113299620106,1.240741795686089,1.0946405279645712,-0.2529147778628351,-0.22965760608731267,0.893419385394227,-0.3921188919620247,-0.07095947242679883,-0.11031946970293831,-0.38184998948033355,1.5511748272551025,-0.5904647734189133,1.4036517001158426,-0.08989331499509892,-0.10060545457319174,-0.21981657747106437,-0.7941781627873975,-0.3070801941090227,-0.19621814613865227,-1.0620413220411034,2.4060581136494816,-0.20166150310667885,-0.4864967196604686,-0.21219372754742588,-0.2991983466782894,-0.6400035310637054,-0.14660958536878183,0.6743963935452368,-0.3318468896580935,-0.2931944802761775,-0.03167031776097681,-0.268264101878365,-0.3392400313681768,0.855943274340589,-0.03167031776097681,-0.03167031776097681
1.53936285852356,1.5223632980107162,0.106565357151982,0.7580295343311136,-0.9304769952771516,0.7830961854248571,-0.5688650341299796,-0.34290113299620106,1.240741795686089,-0.9135419112057267,-0.2529147778628351,-0.22965760608731267,-1.119295166803151,-0.3921188919620247,-0.07095947242679883,-0.11031946970293831,-0.38184998948033355,1.5511748272551025,-0.5904647734189133,1.4036517001158426,-0.08989331499509892,-0.10060545457319174,-0.21981657747106437,-0.7941781627873975,-0.3070801941090227,-0.19621814613865227,0.9415829490307701,-0.4156175589970315,-0.20166150310667885,-0.4864967196604686,-0.21219372754742588,-0.2991983466782894,-0.6400035310637054,-0.14660958536878183,0.6743963935452368,-0.3318468896580935,-0.2931944802761775,-0.03167031776097681,-0.268264101878365,-0.3392400313681768,0.855943274340589,-0.03167031776097681,-0.03167031776097681
1.5694066228391375,1.5536063540352016,0.25806425521135257,0.6808451112004353,-1.3961821313286045,1.164702627345759,-0.5688650341299796,-0.34290113299620106,1.240741795686089,1.0946405279645712,-0.2529147778628351,-0.22965760608731267,0.893419385394227,-0.3921188919620247,-0.07095947242679883,-0.11031946970293831,-0.38184998948033355,1.5511748272551025,-0.5904647734189133,-0.7124274490013944,-0.08989331499509892,-0.10060545457319174,-0.21981657747106437,-0.7941781627873975,-0.3070801941090227,-0.19621814613865227,0.9415829490307701,-0.4156175589970315,-0.20166150310667885,-0.4864967196604686,-0.21219372754742588,-0.2991983466782894,-0.6400035310637054,-0.14660958536878183,0.6743963935452368,-0.3318468896580935,-0.2931944802761775,-0.03167031776097681,-0.268264101878365,-0.3392400313681768,0.855943274340589,-0.03167031776097681,-0.03167031776097681
1.5694066228391375,1.5536063540352016,0.7883103984191495,1.3224406284741979,0.1872153312463356,0.4014897435039551,-0.5688650341299796,-0.34290113299620106,1.240741795686089,1.0946405279645712,-0.2529147778628351,-0.22965760608731267,-1.119295166803151,-0.3921188919620247,-0.07095947242679883,-0.11031946970293831,2.618829455412367,-0.6446726587031845,-0.5904647734189133,1.4036517001158426,-0.08989331499509892,-0.10060545457319174,-0.21981657747106437,-0.7941781627873975,-0.3070801941090227,-0.19621814613865227,0.9415829490307701,-0.4156175589970315,-0.20166150310667885,-0.4864967196604686,-0.21219372754742588,-0.2991983466782894,-0.6400035310637054,-0.14660958536878183,0.6743963935452368,-0.3318468896580935,-0.2931944802761775,-0.03167031776097681,-0.268264101878365,-0.3392400313681768,0.855943274340589,-0.03167031776097681,-0.03167031776097681
1.5694066228391375,1.5536063540352016,0.4095631532707231,0.5361243178304138,0.6529204672977886,1.164702627345759,-0.5688650341299796,-0.34290113299620106,1.240741795686089,-0.9135419112057267,-0.2529147778628351,-0.22965760608731267,-1.119295166803151,-0.3921188919620247,-0.07095947242679883,-0.11031946970293831,-0.38184998948033355,1.5511748272551025,-0.5904647734189133,1.4036517001158426,-0.08989331499509892,-0.10060545457319174,-0.21981657747106437,-0.7941781627873975,-0.3070801941090227,-0.19621814613865227,0.9415829490307701,-0.4156175589970315,-0.20166150310667885,-0.4864967196604686,-0.21219372754742588,-0.2991983466782894,-0.6400035310637054,-0.14660958536878183,0.6743963935452368,-0.3318468896580935,-0.2931944802761775,-0.03167031776097681,-0.268264101878365,-0.3392400313681768,0.855943274340589,-0.03167031776097681,-0.03167031776097681
1.5694066228391375,1.5536063540352016,0.106565357151982,0.5650684765044179,-0.27848980480511737,0.4014897435039551,-0.5688650341299796,-0.34290113299620106,1.240741795686089,1.0946405279645712,-0.2529147778628351,-0.22965760608731267,0.893419385394227,-0.3921188919620247,-0.07095947242679883,-0.11031946970293831,2.618829455412367,-0.6446726587031845,-0.5904647734189133,1.4036517001158426,-0.08989331499509892,-0.10060545457319174,-0.21981657747106437,-0.7941781627873975,-0.3070801941090227,-0.19621814613865227,0.9415829490307701,-0.4156175589970315,-0.20166150310667885,-0.4864967196604686,-0.21219372754742588,-0.2991983466782894,-0.6400035310637054,-0.14660958536878183,0.6743963935452368,-0.3318468896580935,-0.2931944802761775,-0.03167031776097681,-0.268264101878365,-0.3392400313681768,0.855943274340589,-0.03167031776097681,-0.03167031776097681
1.5994503871547148,1.5848494100596868,0.33381370424103785,0.22738662530770076,-0.18534877759482676,0.7830961854248571,-0.5688650341299796,-0.34290113299620106,1.240741795686089,1.0946405279645712,-0.2529147778628351,-0.22965760608731267,-1.119295166803151,-0.3921188919620247,-0.07095947242679883,-0.11031946970293831,-0.38184998948033355,1.5511748272551025,-0.5904647734189133,1.4036517001158426,-0.08989331499509892,-0.10060545457319174,-0.21981657747106437,-0.7941781627873975,-0.3070801941090227,-0.19621814613865227,0.9415829490307701,-0.4156175589970315,-0.20166150310667885,-0.4864967196604686,-0.21219372754742588,-0.2991983466782894,-0.6400035310637054,-0.14660958536878183,0.6743963935452368,-0.3318468896580935,-0.2931944802761775,-0.03167031776097681,-0.268264101878365,-0.3392400313681768,0.855943274340589,-0.03167031776097681,-0.03167031776097681
0.09726217137584318,0.08518272088439335,-0.27218188799644444,-0.42385694485739633,-0.4647718592256985,0.4014897435039551,-0.5688650341299796,-0.34290113299620106,1.240741795686089,-0.9135419112057267,-0.2529147778628351,-0.22965760608731267,0.893419385394227,-0.3921188919620247,-0.07095947242679883,-0.11031946970293831,-0.38184998948033355,1.5511748272551025,-0.5904647734189133,-0.7124274490013944,-0.08989331499509892,-0.10060545457319174,-0.21981657747106437,-0.7941781627873975,-0.3070801941090227,5.0963686064660765,-1.0620413220411034,2.4060581136494816,-0.20166150310667885,-0.4864967196604686,-0.21219372754742588,-0.2991983466782894,-0.6400035310637054,-0.14660958536878183,0.6743963935452368,-0.3318468896580935,-0.2931944802761775,-0.03167031776097681,-0.268264101878365,-0.3392400313681768,0.855943274340589,-0.03167031776097681,-0.03167031776097681
1.5994503871547148,1.5848494100596868,0.4095631532707231,1.2838484169088586,-1.3961821313286045,1.5463090692666612,-0.5688650341299796,-0.34290113299620106,1.240741795686089,1.0946405279645712,-0.2529147778628351,-0.22965760608731267,0.893419385394227,-0.3921188919620247,-0.07095947242679883,-0.11031946970293831,-0.38184998948033355,1.5511748272551025,-0.5904647734189133,1.4036517001158426,-0.08989331499509892,-0.10060545457319174,-0.21981657747106437,-0.7941781627873975,-0.3070801941090227,-0.19621814613865227,0.9415829490307701,-0.4156175589970315,-0.20166150310667885,-0.4864967196604686,-0.21219372754742588,-0.2991983466782894,1.5624913792865636,-0.14660958536878183,-1.482807455038566,-0.3318468896580935,-0.2931944802761775,-0.03167031776097681,-0.268264101878365,-0.3392400313681768,0.855943274340589,-0.03167031776097681,-0.03167031776097681
1.5994503871547148,1.5848494100596868,0.33381370424103785,0.4348197624713987,-0.9304769952771516,1.9279155111875632,-0.5688650341299796,-0.34290113299620106,1.240741795686089,1.0946405279645712,-0.2529147778628351,-0.22965760608731267,-1.119295166803151,2.5502469289259504,-0.07095947242679883,-0.11031946970293831,-0.38184998948033355,-0.6446726587031845,-0.5904647734189133,1.4036517001158426,-0.08989331499509892,-0.10060545457319174,-0.21981657747106437,-0.7941781627873975,-0.3070801941090227,-0.19621814613865227,0.9415829490307701,-0.4156175589970315,-0.20166150310667885,-0.4864967196604686,-0.21219372754742588,-0.2991983466782894,-0.6400035310637054,-0.14660958536878183,0.6743963935452368,-0.3318468896580935,-0.2931944802761775,-0.03167031776097681,-0.268264101878365,-0.3392400313681768,0.855943274340589,-0.03167031776097681,-0.03167031776097681
1.6332496220097394,1.6160924660841722,0.5610620513300937,0.23221065175336847,0.6529204672977886,0.4014897435039551,-0.5688650341299796,-0.34290113299620106,1.240741795686089,-0.9135419112057267,-0.2529147778628351,-0.22965760608731267,0.893419385394227,-0.3921188919620247,-0.07095947242679883,-0.11031946970293831,2.618829455412367,-0.6446726587031845,-0.5904647734189133,1.4036517001158426,-0.08989331499509892,-0.10060545457319174,-0.21981657747106437,-0.7941781627873975,-0.3070801941090227,-0.19621814613865227,0.9415829490307701,-0.4156175589970315,-0.20166150310667885,-0.4864967196604686,-0.21219372754742588,-0.2991983466782894,-0.6400035310637054,-0.14660958536878183,0.6743963935452368,-0.3318468896580935,-0.2931944802761775,-0.03167031776097681,-0.268264101878365,-0.3392400313681768,0.855943274340589,-0.03167031776097681,-0.03167031776097681
1.6332496220097394,1.6160924660841722,0.33381370424103785,0.28527494265570946,0.000933276825754426,0.7830961854248571,-0.5688650341299796,-0.34290113299620106,1.240741795686089,1.0946405279645712,-0.2529147778628351,-0.22965760608731267,0.893419385394227,-0.3921188919620247,-0.07095947242679883,-0.11031946970293831,-0.38184998948033355,1.5511748272551025,-0.5904647734189133,1.4036517001158426,-0.08989331499509892,-0.10060545457319174,-0.21981657747106437,-0.7941781627873975,-0.3070801941090227,-0.19621814613865227,0.9415829490307701,-0.4156175589970315,-0.20166150310667885,-0.4864967196604686,-0.21219372754742588,-0.2991983466782894,-0.6400035310637054,-0.14660958536878183,0.6743963935452368,-0.3318468896580935,-0.2931944802761775,-0.03167031776097681,-0.268264101878365,-0.3392400313681768,0.855943274340589,-0.03167031776097681,-0.03167031776097681
1.6332496220097394,1.6160924660841722,0.636811500359779,1.0957113855278304,0.559779440087498,0.7830961854248571,-0.5688650341299796,-0.34290113299620106,1.240741795686089,1.0946405279645712,-0.2529147778628351,-0.22965760608731267,0.893419385394227,2.5502469289259504,-0.07095947242679883,-0.11031946970293831,-0.38184998948033355,-0.6446726587031845,-0.5904647734189133,1.4036517001158426,-0.08989331499509892,-0.10060545457319174,-0.21981657747106437,-0.7941781627873975,-0.3070801941090227,-0.19621814613865227,-1.0620413220411034,2.4060581136494816,-0.20166150310667885,-0.4864967196604686,-0.21219372754742588,-0.2991983466782894,-0.6400035310637054,-0.14660958536878183,0.6743963935452368,-0.3318468896580935,-0.2931944802761775,-0.03167031776097681,-0.268264101878365,-0.3392400313681768,0.855943274340589,-0.03167031776097681,-0.03167031776097681
-0.8078062286309271,-0.8208659038256798,-0.27218188799644444,-0.31772836305271396,-1.3961821313286045,-1.5065424661005549,-0.5688650341299796,-0.34290113299620106,1.240741795686089,-0.9135419112057267,-0.2529147778628351,-0.22965760608731267,-1.119295166803151,-0.3921188919620247,-0.07095947242679883,-0.11031946970293831,-0.38184998948033355,1.5511748272551025,-0.5904647734189133,1.4036517001158426,-0.08989331499509892,-0.10060545457319174,-0.21981657747106437,-0.7941781627873975,-0.3070801941090227,-0.19621814613865227,0.9415829490307701,-0.4156175589970315,-0.20166150310667885,-0.4864967196604686,-0.21219372754742588,-0.2991983466782894,-0.6400035310637054,-0.14660958536878183,0.6743963935452368,-0.3318468896580935,-0.2931944802761775,-0.03167031776097681,-0.268264101878365,-0.3392400313681768,0.855943274340589,-0.03167031776097681,-0.03167031776097681
1.663293386325317,1.6473355221086574,0.4853126023004084,-0.742242690271444,-0.7441949408565703,0.7830961854248571,-0.5688650341299796,-0.34290113299620106,1.240741795686089,-0.9135419112057267,-0.2529147778628351,-0.22965760608731267,-1.119295166803151,-0.3921188919620247,-0.07095947242679883,-0.11031946970293831,-0.38184998948033355,1.5511748272551025,-0.5904647734189133,-0.7124274490013944,-0.08989331499509892,-0.10060545457319174,-0.21981657747106437,-0.7941781627873975,-0.3070801941090227,-0.19621814613865227,0.9415829490307701,-0.4156175589970315,-0.20166150310667885,-0.4864967196604686,-0.21219372754742588,-0.2991983466782894,-0.6400035310637054,-0.14660958536878183,0.6743963935452368,-0.3318468896580935,-0.2931944802761775,-0.03167031776097681,-0.268264101878365,-0.3392400313681768,0.855943274340589,-0.03167031776097681,-0.03167031776097681
1.663293386325317,1.6473355221086574,0.4853126023004084,0.41552365668872915,-0.837335968066861,1.5463090692666612,-0.5688650341299796,-0.34290113299620106,1.240741795686089,-0.9135419112057267,-0.2529147778628351,-0.22965760608731267,-1.119295166803151,-0.3921188919620247,-0.07095947242679883,-0.11031946970293831,-0.38184998948033355,1.5511748272551025,-0.5904647734189133,1.4036517001158426,-0.08989331499509892,-0.10060545457319174,-0.21981657747106437,-0.7941781627873975,-0.3070801941090227,-0.19621814613865227,-1.0620413220411034,2.4060581136494816,-0.20166150310667885,-0.4864967196604686,-0.21219372754742588,-0.2991983466782894,1.5624913792865636,-0.14660958536878183,-1.482807455038566,-0.3318468896580935,-0.2931944802761775,-0.03167031776097681,-0.268264101878365,-0.3392400313681768,0.855943274340589,-0.03167031776097681,-0.03167031776097681
1.663293386325317,1.6473355221086574,0.4095631532707231,1.6215302681055754,-1.5824641857491857,0.4014897435039551,-0.5688650341299796,-0.34290113299620106,1.240741795686089,1.0946405279645712,-0.2529147778628351,-0.22965760608731267,0.893419385394227,-0.3921188919620247,-0.07095947242679883,-0.11031946970293831,-0.38184998948033355,1.5511748272551025,-0.5904647734189133,1.4036517001158426,-0.08989331499509892,-0.10060545457319174,-0.21981657747106437,-0.7941781627873975,-0.3070801941090227,-0.19621814613865227,0.9415829490307701,-0.4156175589970315,-0.20166150310667885,-0.4864967196604686,-0.21219372754742588,-0.2991983466782894,1.5624913792865636,-0.14660958536878183,-1.482807455038566,-0.3318468896580935,-0.2931944802761775,-0.03167031776097681,-0.268264101878365,-0.3392400313681768,0.855943274340589,-0.03167031776097681,-0.03167031776097681
1.663293386325317,1.6473355221086574,0.4853126023004084,0.11643401705735108,0.46663841287720736,1.5463090692666612,-0.5688650341299796,-0.34290113299620106,1.240741795686089,-0.9135419112057267,-0.2529147778628351,-0.22965760608731267,0.893419385394227,-0.3921188919620247,-0.07095947242679883,-0.11031946970293831,-0.38184998948033355,1.5511748272551025,-0.5904647734189133,1.4036517001158426,-0.08989331499509892,-0.10060545457319174,-0.21981657747106437,-0.7941781627873975,-0.3070801941090227,-0.19621814613865227,0.9415829490307701,-0.4156175589970315,-0.20166150310667885,-0.4864967196604686,-0.21219372754742588,-0.2991983466782894,1.5624913792865636,-0.14660958536878183,-1.482807455038566,-0.3318468896580935,-0.2931944802761775,-0.03167031776097681,-0.268264101878365,-0.3392400313681768,0.855943274340589,-0.03167031776097681,-0.03167031776097681
1.6933371506408943,1.6785785781331428,0.636811500359779,0.9220464334838047,0.3734973856669168,1.164702627345759,-0.5688650341299796,-0.34290113299620106,1.240741795686089,1.0946405279645712,-0.2529147778628351,-0.22965760608731267,-1.119295166803151,2.5502469289259504,-0.07095947242679883,-0.11031946970293831,-0.38184998948033355,-0.6446726587031845,-0.5904647734189133,1.4036517001158426,-0.08989331499509892,-0.10060545457319174,-0.21981657747106437,-0.7941781627873975,-0.3070801941090227,-0.19621814613865227,0.9415829490307701,-0.4156175589970315,-0.20166150310667885,-0.4864967196604686,-0.21219372754742588,-0.2991983466782894,-0.6400035310637054,-0.14660958536878183,0.6743963935452368,-0.3318468896580935,-0.2931944802761775,-0.03167031776097681,-0.268264101878365,-0.3392400313681768,0.855943274340589,-0.03167031776097681,-0.03167031776097681
0.28503569834820214,0.27264105703130503,0.5610620513300937,-0.3273764159440485,0.559779440087498,0.019883301583053115,-0.5688650341299796,-0.34290113299620106,1.240741795686089,-0.9135419112057267,-0.2529147778628351,-0.22965760608731267,-1.119295166803151,-0.3921188919620247,-0.07095947242679883,-0.11031946970293831,-0.38184998948033355,1.5511748272551025,-0.5904647734189133,1.4036517001158426,-0.08989331499509892,-0.10060545457319174,-0.21981657747106437,-0.7941781627873975,-0.3070801941090227,-0.19621814613865227,0.9415829490307701,-0.4156175589970315,-0.20166150310667885,-0.4864967196604686,-0.21219372754742588,-0.2991983466782894,-0.6400035310637054,-0.14660958536878183,0.6743963935452368,-0.3318468896580935,-0.2931944802761775,-0.03167031776097681,-0.268264101878365,-0.3392400313681768,0.855943274340589,-0.03167031776097681,-0.03167031776097681
1.6933371506408943,1.6785785781331428,-0.19643243896675913,0.4348197624713987,-0.9304769952771516,1.164702627345759,-0.5688650341299796,-0.34290113299620106,1.240741795686089,-0.9135419112057267,-0.2529147778628351,-0.22965760608731267,0.893419385394227,-0.3921188919620247,-0.07095947242679883,-0.11031946970293831,-0.38184998948033355,1.5511748272551025,-0.5904647734189133,1.4036517001158426,-0.08989331499509892,-0.10060545457319174,-0.21981657747106437,-0.7941781627873975,-0.3070801941090227,-0.19621814613865227,0.9415829490307701,-0.4156175589970315,-0.20166150310667885,-0.4864967196604686,-0.21219372754742588,-0.2991983466782894,-0.6400035310637054,-0.14660958536878183,0.6743963935452368,-0.3318468896580935,-0.2931944802761775,-0.03167031776097681,-0.268264101878365,-0.3392400313681768,0.855943274340589,-0.03167031776097681,-0.03167031776097681
1.6933371506408943,1.6785785781331428,0.4095631532707231,1.0088789095058175,-1.1167590496977327,0.019883301583053115,-0.5688650341299796,-0.34290113299620106,1.240741795686089,-0.9135419112057267,-0.2529147778628351,-0.22965760608731267,0.893419385394227,-0.3921188919620247,14.09255122396225,-0.11031946970293831,-0.38184998948033355,-0.6446726587031845,-0.5904647734189133,1.4036517001158426,-0.08989331499509892,-0.10060545457319174,-0.21981657747106437,-0.7941781627873975,-0.3070801941090227,-0.19621814613865227,0.9415829490307701,-0.4156175589970315,-0.20166150310667885,-0.4864967196604686,-0.21219372754742588,-0.2991983466782894,-0.6400035310637054,-0.14660958536878183,0.6743963935452368,-0.3318468896580935,-0.2931944802761775,-0.03167031776097681,-0.268264101878365,-0.3392400313681768,0.855943274340589,-0.03167031776097681,-0.03167031776097681
1.727136385495919,1.709821634157628,0.33381370424103785,1.4092731044962108,-0.09220775038453617,0.019883301583053115,-0.5688650341299796,-0.34290113299620106,1.240741795686089,1.0946405279645712,-0.2529147778628351,-0.22965760608731267,0.893419385394227,2.5502469289259504,-0.07095947242679883,-0.11031946970293831,-0.38184998948033355,-0.6446726587031845,-0.5904647734189133,1.4036517001158426,-0.08989331499509892,-0.10060545457319174,-0.21981657747106437,-0.7941781627873975,-0.3070801941090227,-0.19621814613865227,0.9415829490307701,-0.4156175589970315,-0.20166150310667885,-0.4864967196604686,-0.21219372754742588,-0.2991983466782894,-0.6400035310637054,-0.14660958536878183,0.6743963935452368,-0.3318468896580935,-0.2931944802761775,-0.03167031776097681,-0.268264101878365,-0.3392400313681768,0.855943274340589,-0.03167031776097681,-0.03167031776097681
1.727136385495919,1.709821634157628,-0.27218188799644444,0.5457723707217483,1.3980486849801133,1.9279155111875632,-0.5688650341299796,-0.34290113299620106,1.240741795686089,-0.9135419112057267,-0.2529147778628351,-0.22965760608731267,0.893419385394227,-0.3921188919620247,-0.07095947242679883,-0.11031946970293831,-0.38184998948033355,1.5511748272551025,-0.5904647734189133,1.4036517001158426,-0.08989331499509892,-0.10060545457319174,-0.21981657747106437,-0.7941781627873975,-0.3070801941090227,-0.19621814613865227,0.9415829490307701,-0.4156175589970315,-0.20166150310667885,-0.4864967196604686,-0.21219372754742588,-0.2991983466782894,-0.6400035310637054,-0.14660958536878183,0.6743963935452368,-0.3318468896580935,-0.2931944802761775,-0.03167031776097681,-0.268264101878365,-0.3392400313681768,0.855943274340589,-0.03167031776097681,-0.03167031776097681
1.727136385495919,1.709821634157628,-0.044933540907388575,-0.11994327878035099,0.3734973856669168,0.4014897435039551,-0.5688650341299796,2.9162924930057867,-0.8059694639746,-0.9135419112057267,3.9539010272556565,4.354308211415448,-1.119295166803151,-0.3921188919620247,-0.07095947242679883,9.064583093924764,-0.38184998948033355,-0.6446726587031845,-0.5904647734189133,-0.7124274490013944,-0.08989331499509892,-0.10060545457319174,4.5492474294011584,-0.7941781627873975,-0.3070801941090227,-0.19621814613865227,0.9415829490307701,-0.4156175589970315,-0.20166150310667885,-0.4864967196604686,-0.21219372754742588,-0.2991983466782894,-0.6400035310637054,-0.14660958536878183,0.6743963935452368,-0.3318468896580935,-0.2931944802761775,-0.03167031776097681,-0.268264101878365,-0.3392400313681768,0.855943274340589,-0.03167031776097681,-0.03167031776097681
1.727136385495919,1.709821634157628,0.9398092964785201,1.882027696171615,-1.5824641857491857,0.7830961854248571,-0.5688650341299796,2.9162924930057867,-0.8059694639746,1.0946405279645712,-0.2529147778628351,-0.22965760608731267,0.893419385394227,-0.3921188919620247,-0.07095947242679883,-0.11031946970293831,-0.38184998948033355,1.5511748272551025,-0.5904647734189133,1.4036517001158426,-0.08989331499509892,-0.10060545457319174,-0.21981657747106437,-0.7941781627873975,-0.3070801941090227,-0.19621814613865227,-1.0620413220411034,2.4060581136494816,-0.20166150310667885,-0.4864967196604686,-0.21219372754742588,-0.2991983466782894,-0.6400035310637054,-0.14660958536878183,0.6743963935452368,-0.3318468896580935,-0.2931944802761775,-0.03167031776097681,-0.268264101878365,-0.3392400313681768,0.855943274340589,-0.03167031776097681,-0.03167031776097681
1.7571801498114963,1.7410646901821134,0.4853126023004084,-0.2357199134763684,-0.9304769952771516,1.164702627345759,-0.5688650341299796,2.9162924930057867,-0.8059694639746,-0.9135419112057267,-0.2529147778628351,-0.22965760608731267,0.893419385394227,-0.3921188919620247,-0.07095947242679883,-0.11031946970293831,-0.38184998948033355,1.5511748272551025,-0.5904647734189133,1.4036517001158426,-0.08989331499509892,-0.10060545457319174,-0.21981657747106437,-0.7941781627873975,-0.3070801941090227,-0.19621814613865227,0.9415829490307701,-0.4156175589970315,-0.20166150310667885,-0.4864967196604686,-0.21219372754742588,-0.2991983466782894,-0.6400035310637054,-0.14660958536878183,0.6743963935452368,-0.3318468896580935,-0.2931944802761775,-0.03167031776097681,-0.268264101878365,-0.3392400313681768,0.855943274340589,-0.03167031776097681,-0.03167031776097681
0.13106140623086773,0.11642577690887863,-0.12068298993707387,-0.5685777382274179,-0.09220775038453617,-0.3617231403378489,-0.5688650341299796,2.9162924930057867,-0.8059694639746,-0.9135419112057267,-0.2529147778628351,-0.22965760608731267,-1.119295166803151,-0.3921188919620247,-0.07095947242679883,-0.11031946970293831,-0.38184998948033355,1.5511748272551025,-0.5904647734189133,1.4036517001158426,-0.08989331499509892,-0.10060545457319174,-0.21981657747106437,-0.7941781627873975,-0.3070801941090227,-0.19621814613865227,0.9415829490307701,-0.4156175589970315,-0.20166150310667885,-0.4864967196604686,-0.21219372754742588,-0.2991983466782894,-0.6400035310637054,-0.14660958536878183,0.6743963935452368,-0.3318468896580935,-0.2931944802761775,-0.03167031776097681,-0.268264101878365,-0.3392400313681768,0.855943274340589,-0.03167031776097681,-0.03167031776097681
1.7571801498114963,1.7410646901821134,1.2428070925972612,1.8386114581606083,-2.1413103490109293,0.7830961854248571,-0.5688650341299796,2.9162924930057867,-0.8059694639746,1.0946405279645712,-0.2529147778628351,-0.22965760608731267,0.893419385394227,-0.3921188919620247,-0.07095947242679883,-0.11031946970293831,2.618829455412367,-0.6446726587031845,-0.5904647734189133,1.4036517001158426,-0.08989331499509892,-0.10060545457319174,-0.21981657747106437,-0.7941781627873975,-0.3070801941090227,-0.19621814613865227,0.9415829490307701,-0.4156175589970315,-0.20166150310667885,-0.4864967196604686,-0.21219372754742588,-0.2991983466782894,-0.6400035310637054,-0.14660958536878183,0.6743963935452368,-0.3318468896580935,-0.2931944802761775,-0.03167031776097681,-0.268264101878365,-0.3392400313681768,0.855943274340589,-0.03167031776097681,-0.03167031776097681
1.7571801498114963,1.7410646901821134,0.8640598474488348,0.8882782483641328,-0.18534877759482676,1.5463090692666612,-0.5688650341299796,2.9162924930057867,-0.8059694639746,1.0946405279645712,-0.2529147778628351,-0.22965760608731267,-1.119295166803151,-0.3921188919620247,-0.07095947242679883,-0.11031946970293831,-0.38184998948033355,1.5511748272551025,-0.5904647734189133,1.4036517001158426,-0.08989331499509892,-0.10060545457319174,-0.21981657747106437,-0.7941781627873975,-0.3070801941090227,-0.19621814613865227,-1.0620413220411034,2.4060581136494816,-0.20166150310667885,-0.4864967196604686,-0.21219372754742588,-0.2991983466782894,-0.6400035310637054,-0.14660958536878183,0.6743963935452368,-0.3318468896580935,-0.2931944802761775,-0.03167031776097681,-0.268264101878365,-0.3392400313681768,0.855943274340589,-0.03167031776097681,-0.03167031776097681
1.7872239141270738,1.7723077462065986,0.7125609493894642,1.1825438615498436,0.000933276825754426,1.164702627345759,-0.5688650341299796,2.9162924930057867,-0.8059694639746,1.0946405279645712,-0.2529147778628351,-0.22965760608731267,0.893419385394227,-0.3921188919620247,-0.07095947242679883,-0.11031946970293831,2.618829455412367,-0.6446726587031845,-0.5904647734189133,1.4036517001158426,-0.08989331499509892,-0.10060545457319174,-0.21981657747106437,-0.7941781627873975,-0.3070801941090227,-0.19621814613865227,0.9415829490307701,-0.4156175589970315,-0.20166150310667885,-0.4864967196604686,-0.21219372754742588,-0.2991983466782894,-0.6400035310637054,-0.14660958536878183,0.6743963935452368,-0.3318468896580935,-0.2931944802761775,-0.03167031776097681,-0.268264101878365,-0.3392400313681768,0.855943274340589,-0.03167031776097681,-0.03167031776097681
1.7872239141270738,1.7723077462065986,0.33381370424103785,0.29974702199271175,0.559779440087498,1.164702627345759,-0.5688650341299796,2.9162924930057867,-0.8059694639746,1.0946405279645712,-0.2529147778628351,-0.22965760608731267,0.893419385394227,-0.3921188919620247,-0.07095947242679883,-0.11031946970293831,2.618829455412367,-0.6446726587031845,-0.5904647734189133,1.4036517001158426,-0.08989331499509892,-0.10060545457319174,-0.21981657747106437,-0.7941781627873975,-0.3070801941090227,-0.19621814613865227,0.9415829490307701,-0.4156175589970315,-0.20166150310667885,-0.4864967196604686,-0.21219372754742588,-0.2991983466782894,1.5624913792865636,-0.14660958536878183,-1.482807455038566,-0.3318468896580935,-0.2931944802761775,-0.03167031776097681,-0.268264101878365,-0.3392400313681768,0.855943274340589,-0.03167031776097681,-0.03167031776097681
1.7872239141270738,1.7723077462065986,0.636811500359779,0.80144577234212,0.6529204672977886,0.019883301583053115,-0.5688650341299796,2.9162924930057867,-0.8059694639746,1.0946405279645712,-0.2529147778628351,-0.22965760608731267,-1.119295166803151,-0.3921188919620247,-0.07095947242679883,-0.11031946970293831,-0.38184998948033355,1.5511748272551025,-0.5904647734189133,1.4036517001158426,-0.08989331499509892,-0.10060545457319174,-0.21981657747106437,-0.7941781627873975,-0.3070801941090227,-0.19621814613865227,0.9415829490307701,-0.4156175589970315,-0.20166150310667885,-0.4864967196604686,-0.21219372754742588,-0.2991983466782894,-0.6400035310637054,-0.14660958536878183,0.6743963935452368,-0.3318468896580935,-0.2931944802761775,-0.03167031776097681,-0.268264101878365,-0.3392400313681768,0.855943274340589,-0.03167031776097681,-0.03167031776097681
1.7872239141270738,1.7723077462065986,0.4853126023004084,1.6070581887685735,-0.4647718592256985,1.9279155111875632,-0.5688650341299796,-0.34290113299620106,1.240741795686089,1.0946405279645712,-0.2529147778628351,-0.22965760608731267,0.893419385394227,-0.3921188919620247,-0.07095947242679883,-0.11031946970293831,-0.38184998948033355,1.5511748272551025,-0.5904647734189133,1.4036517001158426,-0.08989331499509892,-0.10060545457319174,-0.21981657747106437,-0.7941781627873975,-0.3070801941090227,-0.19621814613865227,-1.0620413220411034,2.4060581136494816,-0.20166150310667885,-0.4864967196604686,-0.21219372754742588,-0.2991983466782894,1.5624913792865636,-0.14660958536878183,-1.482807455038566,-0.3318468896580935,-0.2931944802761775,-0.03167031776097681,-0.268264101878365,-0.3392400313681768,0.855943274340589,-0.03167031776097681,-0.03167031776097681
-0.3083286468844522,-0.32097700743391533,0.1823148061816673,-0.6457621613580962,1.211766630559532,0.4014897435039551,-0.5688650341299796,-0.34290113299620106,1.240741795686089,-0.9135419112057267,-0.2529147778628351,-0.22965760608731267,0.893419385394227,-0.3921188919620247,-0.07095947242679883,-0.11031946970293831,-0.38184998948033355,1.5511748272551025,-0.5904647734189133,-0.7124274490013944,-0.08989331499509892,-0.10060545457319174,-0.21981657747106437,-0.7941781627873975,-0.3070801941090227,-0.19621814613865227,0.9415829490307701,-0.4156175589970315,-0.20166150310667885,-0.4864967196604686,-0.21219372754742588,-0.2991983466782894,1.5624913792865636,-0.14660958536878183,-1.482807455038566,-0.3318468896580935,-0.2931944802761775,-0.03167031776097681,-0.268264101878365,-0.3392400313681768,0.855943274340589,-0.03167031776097681,-0.03167031776097681
1.8210231489820985,1.8035508022310838,0.106565357151982,1.9688601721936276,-0.837335968066861,0.019883301583053115,-0.5688650341299796,-0.34290113299620106,1.240741795686089,1.0946405279645712,-0.2529147778628351,-0.22965760608731267,0.893419385394227,-0.3921188919620247,-0.07095947242679883,-0.11031946970293831,-0.38184998948033355,1.5511748272551025,-0.5904647734189133,1.4036517001158426,-0.08989331499509892,-0.10060545457319174,-0.21981657747106437,-0.7941781627873975,-0.3070801941090227,-0.19621814613865227,0.9415829490307701,-0.4156175589970315,-0.20166150310667885,-0.4864967196604686,-0.21219372754742588,-0.2991983466782894,-0.6400035310637054,-0.14660958536878183,0.6743963935452368,-0.3318468896580935,-0.2931944802761775,-0.03167031776097681,-0.268264101878365,-0.3392400313681768,0.855943274340589,-0.03167031776097681,-0.03167031776097681
1.8210231489820985,1.8035508022310838,-0.27218188799644444,0.5409483442760811,0.7460614945080791,1.164702627345759,-0.5688650341299796,-0.34290113299620106,1.240741795686089,-0.9135419112057267,-0.2529147778628351,-0.22965760608731267,0.893419385394227,-0.3921188919620247,-0.07095947242679883,-0.11031946970293831,-0.38184998948033355,1.5511748272551025,-0.5904647734189133,1.4036517001158426,-0.08989331499509892,-0.10060545457319174,-0.21981657747106437,-0.7941781627873975,-0.3070801941090227,-0.19621814613865227,0.9415829490307701,-0.4156175589970315,-0.20166150310667885,-0.4864967196604686,-0.21219372754742588,-0.2991983466782894,-0.6400035310637054,-0.14660958536878183,0.6743963935452368,-0.3318468896580935,-0.2931944802761775,-0.03167031776097681,-0.268264101878365,-0.3392400313681768,0.855943274340589,-0.03167031776097681,-0.03167031776097681
1.8210231489820985,1.8035508022310838,0.030815908122296707,0.5120041856020765,-0.6510539136462797,0.4014897435039551,-0.5688650341299796,-0.34290113299620106,1.240741795686089,-0.9135419112057267,-0.2529147778628351,-0.22965760608731267,0.893419385394227,-0.3921188919620247,-0.07095947242679883,-0.11031946970293831,-0.38184998948033355,1.5511748272551025,-0.5904647734189133,1.4036517001158426,-0.08989331499509892,-0.10060545457319174,-0.21981657747106437,-0.7941781627873975,-0.3070801941090227,-0.19621814613865227,0.9415829490307701,-0.4156175589970315,-0.20166150310667885,-0.4864967196604686,-0.21219372754742588,-0.2991983466782894,-0.6400035310637054,-0.14660958536878183,0.6743963935452368,-0.3318468896580935,-0.2931944802761775,-0.03167031776097681,-0.268264101878365,-0.3392400313681768,0.855943274340589,-0.03167031776097681,-0.03167031776097681
1.8510669132976758,1.8347938582555692,0.4095631532707231,0.3624593657863877,0.09407430403604503,0.4014897435039551,-0.5688650341299796,-0.34290113299620106,1.240741795686089,1.0946405279645712,-0.2529147778628351,-0.22965760608731267,-1.119295166803151,-0.3921188919620247,-0.07095947242679883,-0.11031946970293831,-0.38184998948033355,1.5511748272551025,-0.5904647734189133,1.4036517001158426,-0.08989331499509892,-0.10060545457319174,-0.21981657747106437,-0.7941781627873975,-0.3070801941090227,-0.19621814613865227,-1.0620413220411034,2.4060581136494816,-0.20166150310667885,-0.4864967196604686,-0.21219372754742588,-0.2991983466782894,1.5624913792865636,-0.14660958536878183,-1.482807455038566,-0.3318468896580935,-0.2931944802761775,-0.03167031776097681,-0.268264101878365,-0.3392400313681768,0.855943274340589,-0.03167031776097681,-0.03167031776097681
-0.05671212074149122,-0.07103255923803306,0.4095631532707231,-0.11994327878035099,-1.3961821313286045,-1.5065424661005549,-0.5688650341299796,-0.34290113299620106,1.240741795686089,-0.9135419112057267,-0.2529147778628351,-0.22965760608731267,-1.119295166803151,-0.3921188919620247,-0.07095947242679883,-0.11031946970293831,-0.38184998948033355,1.5511748272551025,-0.5904647734189133,-0.7124274490013944,-0.08989331499509892,9.939818911831344,-0.21981657747106437,-0.7941781627873975,-0.3070801941090227,-0.19621814613865227,0.9415829490307701,-0.4156175589970315,-0.20166150310667885,-0.4864967196604686,-0.21219372754742588,-0.2991983466782894,-0.6400035310637054,-0.14660958536878183,0.6743963935452368,-0.3318468896580935,-0.2931944802761775,-0.03167031776097681,-0.268264101878365,-0.3392400313681768,0.855943274340589,-0.03167031776097681,-0.03167031776097681
0.28503569834820214,0.27264105703130503,-0.4994302350855003,0.16467428151402477,-1.1167590496977327,0.4014897435039551,-0.5688650341299796,-0.34290113299620106,1.240741795686089,-0.9135419112057267,-0.2529147778628351,-0.22965760608731267,-1.119295166803151,2.5502469289259504,-0.07095947242679883,-0.11031946970293831,-0.38184998948033355,-0.6446726587031845,-0.5904647734189133,-0.7124274490013944,-0.08989331499509892,-0.10060545457319174,-0.21981657747106437,-0.7941781627873975,-0.3070801941090227,5.0963686064660765,0.9415829490307701,-0.4156175589970315,-0.20166150310667885,-0.4864967196604686,-0.21219372754742588,-0.2991983466782894,-0.6400035310637054,-0.14660958536878183,0.6743963935452368,-0.3318468896580935,-0.2931944802761775,-0.03167031776097681,-0.268264101878365,-0.3392400313681768,0.855943274340589,-0.03167031776097681,-0.03167031776097681
1.8811106776132533,1.8660369142800544,1.0913081945378906,1.5202257127465608,-0.4647718592256985,1.164702627345759,-0.5688650341299796,-0.34290113299620106,1.240741795686089,1.0946405279645712,-0.2529147778628351,-0.22965760608731267,-1.119295166803151,-0.3921188919620247,-0.07095947242679883,-0.11031946970293831,-0.38184998948033355,1.5511748272551025,-0.5904647734189133,1.4036517001158426,-0.08989331499509892,-0.10060545457319174,-0.21981657747106437,-0.7941781627873975,-0.3070801941090227,-0.19621814613865227,0.9415829490307701,-0.4156175589970315,-0.20166150310667885,-0.4864967196604686,-0.21219372754742588,-0.2991983466782894,-0.6400035310637054,-0.14660958536878183,0.6743963935452368,-0.3318468896580935,-0.2931944802761775,-0.03167031776097681,-0.268264101878365,-0.3392400313681768,0.855943274340589,-0.03167031776097681,-0.03167031776097681
1.8811106776132533,1.8660369142800544,0.25806425521135257,1.848259511051943,0.09407430403604503,0.4014897435039551,-0.5688650341299796,-0.34290113299620106,1.240741795686089,1.0946405279645712,-0.2529147778628351,-0.22965760608731267,0.893419385394227,-0.3921188919620247,-0.07095947242679883,-0.11031946970293831,-0.38184998948033355,1.5511748272551025,-0.5904647734189133,1.4036517001158426,-0.08989331499509892,-0.10060545457319174,-0.21981657747106437,-0.7941781627873975,-0.3070801941090227,-0.19621814613865227,-1.0620413220411034,2.4060581136494816,-0.20166150310667885,-0.4864967196604686,-0.21219372754742588,-0.2991983466782894,-0.6400035310637054,-0.14660958536878183,0.6743963935452368,-0.3318468896580935,-0.2931944802761775,-0.03167031776097681,-0.268264101878365,-0.3392400313681768,0.855943274340589,-0.03167031776097681,-0.03167031776097681
1.8811106776132533,1.8660369142800544,-0.044933540907388575,0.2466827310903703,-0.3716308320154079,0.019883301583053115,-0.5688650341299796,-0.34290113299620106,1.240741795686089,-0.9135419112057267,-0.2529147778628351,-0.22965760608731267,0.893419385394227,-0.3921188919620247,14.09255122396225,-0.11031946970293831,-0.38184998948033355,-0.6446726587031845,-0.5904647734189133,1.4036517001158426,-0.08989331499509892,-0.10060545457319174,-0.21981657747106437,-0.7941781627873975,-0.3070801941090227,-0.19621814613865227,0.9415829490307701,-0.4156175589970315,-0.20166150310667885,-0.4864967196604686,-0.21219372754742588,-0.2991983466782894,-0.6400035310637054,-0.14660958536878183,0.6743963935452368,-0.3318468896580935,-0.2931944802761775,-0.03167031776097681,-0.268264101878365,-0.3392400313681768,0.855943274340589,-0.03167031776097681,-0.03167031776097681
1.8811106776132533,1.8660369142800544,0.1823148061816673,0.4830600269280724,-0.4647718592256985,1.164702627345759,-0.5688650341299796,-0.34290113299620106,1.240741795686089,-0.9135419112057267,-0.2529147778628351,-0.22965760608731267,0.893419385394227,-0.3921188919620247,-0.07095947242679883,-0.11031946970293831,-0.38184998948033355,1.5511748272551025,-0.5904647734189133,1.4036517001158426,-0.08989331499509892,-0.10060545457319174,-0.21981657747106437,-0.7941781627873975,-0.3070801941090227,-0.19621814613865227,0.9415829490307701,-0.4156175589970315,-0.20166150310667885,-0.4864967196604686,-0.21219372754742588,-0.2991983466782894,-0.6400035310637054,-0.14660958536878183,0.6743963935452368,-0.3318468896580935,-0.2931944802761775,-0.03167031776097681,-0.268264101878365,-0.3392400313681768,0.855943274340589,-0.03167031776097681,-0.03167031776097681
-0.05671212074149122,-0.07103255923803306,0.5610620513300937,-0.30325628371571167,0.09407430403604503,-1.5065424661005549,-0.5688650341299796,-0.34290113299620106,1.240741795686089,-0.9135419112057267,-0.2529147778628351,-0.22965760608731267,0.893419385394227,-0.3921188919620247,-0.07095947242679883,-0.11031946970293831,-0.38184998948033355,1.5511748272551025,-0.5904647734189133,1.4036517001158426,-0.08989331499509892,-0.10060545457319174,-0.21981657747106437,-0.7941781627873975,-0.3070801941090227,-0.19621814613865227,0.9415829490307701,-0.4156175589970315,-0.20166150310667885,-0.4864967196604686,-0.21219372754742588,3.3422644580160132,-0.6400035310637054,-0.14660958536878183,0.6743963935452368,-0.3318468896580935,-0.2931944802761775,-0.03167031776097681,-0.268264101878365,-0.3392400313681768,0.855943274340589,-0.03167031776097681,-0.03167031776097681
-0.05671212074149122,-0.07103255923803306,0.030815908122296707,-0.7277706109344416,0.09407430403604503,-1.5065424661005549,-0.5688650341299796,-0.34290113299620106,1.240741795686089,-0.9135419112057267,-0.2529147778628351,-0.22965760608731267,0.893419385394227,-0.3921188919620247,-0.07095947242679883,-0.11031946970293831,-0.38184998948033355,1.5511748272551025,-0.5904647734189133,1.4036517001158426,-0.08989331499509892,-0.10060545457319174,-0.21981657747106437,-0.7941781627873975,-0.3070801941090227,-0.19621814613865227,0.9415829490307701,-0.4156175589970315,-0.20166150310667885,-0.4864967196604686,-0.21219372754742588,-0.2991983466782894,-0.6400035310637054,-0.14660958536878183,0.6743963935452368,-0.3318468896580935,-0.2931944802761775,-0.03167031776097681,-0.268264101878365,-0.3392400313681768,0.855943274340589,-0.03167031776097681,-0.03167031776097681
2.2566577315579712,2.2409535865738777,-0.044933540907388575,0.6084847145154244,0.7460614945080791,0.7830961854248571,-0.5688650341299796,-0.34290113299620106,1.240741795686089,-0.9135419112057267,-0.2529147778628351,-0.22965760608731267,0.893419385394227,-0.3921188919620247,-0.07095947242679883,-0.11031946970293831,-0.38184998948033355,1.5511748272551025,-0.5904647734189133,1.4036517001158426,-0.08989331499509892,-0.10060545457319174,-0.21981657747106437,-0.7941781627873975,-0.3070801941090227,-0.19621814613865227,0.9415829490307701,-0.4156175589970315,-0.20166150310667885,-0.4864967196604686,-0.21219372754742588,-0.2991983466782894,1.5624913792865636,-0.14660958536878183,-1.482807455038566,-0.3318468896580935,-0.2931944802761775,-0.03167031776097681,-0.268264101878365,-0.3392400313681768,0.855943274340589,-0.03167031776097681,-0.03167031776097681
1.9149099124682778,1.8972799703045398,-0.6509291331448709,0.39622755090605954,-1.768746240169767,1.164702627345759,-0.5688650341299796,-0.34290113299620106,1.240741795686089,-0.9135419112057267,-0.2529147778628351,-0.22965760608731267,0.893419385394227,-0.3921188919620247,-0.07095947242679883,-0.11031946970293831,-0.38184998948033355,1.5511748272551025,-0.5904647734189133,1.4036517001158426,-0.08989331499509892,-0.10060545457319174,-0.21981657747106437,-0.7941781627873975,-0.3070801941090227,-0.19621814613865227,-1.0620413220411034,2.4060581136494816,-0.20166150310667885,-0.4864967196604686,-0.21219372754742588,-0.2991983466782894,1.5624913792865636,-0.14660958536878183,-1.482807455038566,-0.3318468896580935,-0.2931944802761775,-0.03167031776097681,-0.268264101878365,-0.3392400313681768,0.855943274340589,-0.03167031776097681,-0.03167031776097681
-0.6538319365135926,-0.6646506237032535,0.25806425521135257,-0.5734017646730856,-0.6510539136462797,-0.3617231403378489,-0.5688650341299796,-0.34290113299620106,1.240741795686089,-0.9135419112057267,-0.2529147778628351,-0.22965760608731267,0.893419385394227,-0.3921188919620247,-0.07095947242679883,-0.11031946970293831,2.618829455412367,-0.6446726587031845,-0.5904647734189133,-0.7124274490013944,-0.08989331499509892,-0.10060545457319174,-0.21981657747106437,-0.7941781627873975,-0.3070801941090227,-0.19621814613865227,0.9415829490307701,-0.4156175589970315,-0.20166150310667885,-0.4864967196604686,-0.21219372754742588,-0.2991983466782894,-0.6400035310637054,-0.14660958536878183,0.6743963935452368,-0.3318468896580935,-0.2931944802761775,-0.03167031776097681,-0.268264101878365,-0.3392400313681768,0.855943274340589,-0.03167031776097681,-0.03167031776097681
2.132727203756214,2.1159813624759365,0.106565357151982,0.15985025506835748,-2.1413103490109293,1.164702627345759,-0.5688650341299796,-0.34290113299620106,1.240741795686089,-0.9135419112057267,-0.2529147778628351,-0.22965760608731267,0.893419385394227,-0.3921188919620247,-0.07095947242679883,-0.11031946970293831,-0.38184998948033355,1.5511748272551025,-0.5904647734189133,-0.7124274490013944,-0.08989331499509892,-0.10060545457319174,-0.21981657747106437,-0.7941781627873975,-0.3070801941090227,-0.19621814613865227,0.9415829490307701,-0.4156175589970315,-0.20166150310667885,-0.4864967196604686,-0.21219372754742588,-0.2991983466782894,-0.6400035310637054,-0.14660958536878183,0.6743963935452368,-0.3318468896580935,-0.2931944802761775,-0.03167031776097681,-0.268264101878365,-0.3392400313681768,0.855943274340589,-0.03167031776097681,-0.03167031776097681
1.9449536767838553,1.928523026329025,0.4853126023004084,1.1294795706475023,-0.6510539136462797,0.019883301583053115,-0.5688650341299796,-0.34290113299620106,1.240741795686089,1.0946405279645712,-0.2529147778628351,-0.22965760608731267,0.893419385394227,2.5502469289259504,-0.07095947242679883,-0.11031946970293831,-0.38184998948033355,-0.6446726587031845,-0.5904647734189133,1.4036517001158426,-0.08989331499509892,-0.10060545457319174,-0.21981657747106437,-0.7941781627873975,-0.3070801941090227,-0.19621814613865227,0.9415829490307701,-0.4156175589970315,-0.20166150310667885,-0.4864967196604686,-0.21219372754742588,-0.2991983466782894,1.5624913792865636,-0.14660958536878183,-1.482807455038566,-0.3318468896580935,-0.2931944802761775,-0.03167031776097681,-0.268264101878365,-0.3392400313681768,0.855943274340589,-0.03167031776097681,-0.03167031776097681
-1.7804730983477464,-1.7894006405847236,-2.317417011797947,-2.2425149148740013,-0.27848980480511737,1.9279155111875632,-0.5688650341299796,-0.34290113299620106,1.240741795686089,1.0946405279645712,-0.2529147778628351,-0.22965760608731267,-1.119295166803151,-0.3921188919620247,-0.07095947242679883,-0.11031946970293831,-0.38184998948033355,1.5511748272551025,-0.5904647734189133,1.4036517001158426,-0.08989331499509892,-0.10060545457319174,-0.21981657747106437,-0.7941781627873975,-0.3070801941090227,-0.19621814613865227,0.9415829490307701,-0.4156175589970315,-0.20166150310667885,-0.4864967196604686,-0.21219372754742588,-0.2991983466782894,-0.6400035310637054,-0.14660958536878183,0.6743963935452368,-0.3318468896580935,-0.2931944802761775,-0.03167031776097681,-0.268264101878365,-0.3392400313681768,0.855943274340589,-0.03167031776097681,-0.03167031776097681
-1.7804730983477464,-1.7894006405847236,-2.241667562768262,-2.146034385960654,0.7460614945080791,1.5463090692666612,-0.5688650341299796,-0.34290113299620106,1.240741795686089,1.0946405279645712,-0.2529147778628351,-0.22965760608731267,-1.119295166803151,-0.3921188919620247,-0.07095947242679883,-0.11031946970293831,-0.38184998948033355,1.5511748272551025,-0.5904647734189133,1.4036517001158426,-0.08989331499509892,-0.10060545457319174,-0.21981657747106437,-0.7941781627873975,-0.3070801941090227,-0.19621814613865227,0.9415829490307701,-0.4156175589970315,-0.20166150310667885,-0.4864967196604686,-0.21219372754742588,-0.2991983466782894,-0.6400035310637054,-0.14660958536878183,0.6743963935452368,-0.3318468896580935,-0.2931944802761775,-0.03167031776097681,-0.268264101878365,-0.3392400313681768,0.855943274340589,-0.03167031776097681,-0.03167031776097681
-1.7804730983477464,-1.7894006405847236,-2.317417011797947,-2.194274650417327,1.5843307394006945,1.164702627345759,-0.5688650341299796,-0.34290113299620106,1.240741795686089,1.0946405279645712,-0.2529147778628351,-0.22965760608731267,-1.119295166803151,-0.3921188919620247,-0.07095947242679883,-0.11031946970293831,-0.38184998948033355,1.5511748272551025,-0.5904647734189133,1.4036517001158426,-0.08989331499509892,-0.10060545457319174,-0.21981657747106437,-0.7941781627873975,-0.3070801941090227,-0.19621814613865227,0.9415829490307701,-0.4156175589970315,-0.20166150310667885,-0.4864967196604686,-0.21219372754742588,-0.2991983466782894,1.5624913792865636,-0.14660958536878183,-1.482807455038566,-0.3318468896580935,-0.2931944802761775,-0.03167031776097681,-0.268264101878365,-0.3392400313681768,0.855943274340589,-0.03167031776097681,-0.03167031776097681
-1.7804730983477464,-1.7894006405847236,-2.241667562768262,-2.0977941215039797,0.559779440087498,1.5463090692666612,-0.5688650341299796,-0.34290113299620106,1.240741795686089,1.0946405279645712,-0.2529147778628351,-0.22965760608731267,-1.119295166803151,-0.3921188919620247,-0.07095947242679883,-0.11031946970293831,-0.38184998948033355,1.5511748272551025,-0.5904647734189133,1.4036517001158426,-0.08989331499509892,-0.10060545457319174,-0.21981657747106437,-0.7941781627873975,-0.3070801941090227,-0.19621814613865227,0.9415829490307701,-0.4156175589970315,-0.20166150310667885,-0.4864967196604686,-0.21219372754742588,-0.2991983466782894,-0.6400035310637054,-0.14660958536878183,0.6743963935452368,-0.3318468896580935,-0.2931944802761775,-0.03167031776097681,-0.268264101878365,-0.3392400313681768,0.855943274340589,-0.03167031776097681,-0.03167031776097681
-1.7804730983477464,-1.7894006405847236,-2.241667562768262,-2.2425149148740013,0.6529204672977886,2.309521953108465,-0.5688650341299796,-0.34290113299620106,1.240741795686089,1.0946405279645712,-0.2529147778628351,-0.22965760608731267,-1.119295166803151,-0.3921188919620247,-0.07095947242679883,-0.11031946970293831,-0.38184998948033355,1.5511748272551025,-0.5904647734189133,1.4036517001158426,-0.08989331499509892,-0.10060545457319174,-0.21981657747106437,-0.7941781627873975,-0.3070801941090227,-0.19621814613865227,0.9415829490307701,-0.4156175589970315,-0.20166150310667885,-0.4864967196604686,-0.21219372754742588,-0.2991983466782894,-0.6400035310637054,-0.14660958536878183,0.6743963935452368,-0.3318468896580935,-0.2931944802761775,-0.03167031776097681,-0.268264101878365,-0.3392400313681768,0.855943274340589,-0.03167031776097681,-0.03167031776097681
-1.746673863492722,-1.7581575845602384,-2.0901686647088913,-2.0977941215039797,-0.27848980480511737,0.7830961854248571,-0.5688650341299796,2.9162924930057867,-0.8059694639746,-0.9135419112057267,-0.2529147778628351,-0.22965760608731267,-1.119295166803151,-0.3921188919620247,-0.07095947242679883,-0.11031946970293831,-0.38184998948033355,1.5511748272551025,-0.5904647734189133,1.4036517001158426,-0.08989331499509892,-0.10060545457319174,-0.21981657747106437,-0.7941781627873975,-0.3070801941090227,-0.19621814613865227,0.9415829490307701,-0.4156175589970315,-0.20166150310667885,-0.4864967196604686,-0.21219372754742588,-0.2991983466782894,-0.6400035310637054,-0.14660958536878183,0.6743963935452368,-0.3318468896580935,-0.2931944802761775,-0.03167031776097681,-0.268264101878365,-0.3392400313681768,0.855943274340589,-0.03167031776097681,-0.03167031776097681
-1.746673863492722,-1.7581575845602384,-2.0901686647088913,-1.9048330636772843,-0.18534877759482676,1.5463090692666612,-0.5688650341299796,-0.34290113299620106,1.240741795686089,-0.9135419112057267,-0.2529147778628351,-0.22965760608731267,-1.119295166803151,-0.3921188919620247,-0.07095947242679883,-0.11031946970293831,2.618829455412367,-0.6446726587031845,-0.5904647734189133,-0.7124274490013944,-0.08989331499509892,-0.10060545457319174,-0.21981657747106437,-0.7941781627873975,-0.3070801941090227,-0.19621814613865227,0.9415829490307701,-0.4156175589970315,-0.20166150310667885,-0.4864967196604686,-0.21219372754742588,-0.2991983466782894,-0.6400035310637054,-0.14660958536878183,0.6743963935452368,-0.3318468896580935,-0.2931944802761775,-0.03167031776097681,-0.268264101878365,-0.3392400313681768,0.855943274340589,-0.03167031776097681,-0.03167031776097681
-1.7804730983477464,-1.7894006405847236,-2.317417011797947,-2.0977941215039797,0.000933276825754426,1.9279155111875632,-0.5688650341299796,-0.34290113299620106,1.240741795686089,-0.9135419112057267,-0.2529147778628351,-0.22965760608731267,-1.119295166803151,-0.3921188919620247,-0.07095947242679883,-0.11031946970293831,2.618829455412367,-0.6446726587031845,-0.5904647734189133,-0.7124274490013944,-0.08989331499509892,-0.10060545457319174,-0.21981657747106437,-0.7941781627873975,-0.3070801941090227,-0.19621814613865227,0.9415829490307701,-0.4156175589970315,-0.20166150310667885,-0.4864967196604686,-0.21219372754742588,-0.2991983466782894,-0.6400035310637054,-0.14660958536878183,0.6743963935452368,-0.3318468896580935,-0.2931944802761775,-0.03167031776097681,-0.268264101878365,-0.3392400313681768,0.855943274340589,-0.03167031776097681,-0.03167031776097681
-1.7804730983477464,-1.7894006405847236,-2.014419215679206,-2.146034385960654,1.025484576138951,1.9279155111875632,-0.5688650341299796,-0.34290113299620106,1.240741795686089,1.0946405279645712,-0.2529147778628351,-0.22965760608731267,-1.119295166803151,-0.3921188919620247,-0.07095947242679883,-0.11031946970293831,2.618829455412367,-0.6446726587031845,-0.5904647734189133,-0.7124274490013944,-0.08989331499509892,-0.10060545457319174,-0.21981657747106437,-0.7941781627873975,-0.3070801941090227,-0.19621814613865227,0.9415829490307701,-0.4156175589970315,-0.20166150310667885,-0.4864967196604686,-0.21219372754742588,-0.2991983466782894,1.5624913792865636,-0.14660958536878183,-1.482807455038566,-0.3318468896580935,-0.2931944802761775,-0.03167031776097681,-0.268264101878365,-0.3392400313681768,0.855943274340589,-0.03167031776097681,-0.03167031776097681
-1.746673863492722,-1.7581575845602384,-2.0901686647088913,-2.001313592590632,1.1186256033492414,0.7830961854248571,-0.5688650341299796,2.9162924930057867,-0.8059694639746,-0.9135419112057267,-0.2529147778628351,-0.22965760608731267,-1.119295166803151,2.5502469289259504,-0.07095947242679883,-0.11031946970293831,-0.38184998948033355,-0.6446726587031845,-0.5904647734189133,1.4036517001158426,-0.08989331499509892,-0.10060545457319174,-0.21981657747106437,-0.7941781627873975,-0.3070801941090227,-0.19621814613865227,0.9415829490307701,-0.4156175589970315,-0.20166150310667885,-0.4864967196604686,-0.21219372754742588,-0.2991983466782894,-0.6400035310637054,-0.14660958536878183,0.6743963935452368,-0.3318468896580935,-0.2931944802761775,-0.03167031776097681,-0.268264101878365,-0.3392400313681768,0.855943274340589,-0.03167031776097681,-0.03167031776097681
-1.7804730983477464,-1.7894006405847236,-2.014419215679206,-2.146034385960654,1.4911897121904039,2.309521953108465,-0.5688650341299796,-0.34290113299620106,1.240741795686089,1.0946405279645712,-0.2529147778628351,-0.22965760608731267,-1.119295166803151,2.5502469289259504,-0.07095947242679883,-0.11031946970293831,-0.38184998948033355,-0.6446726587031845,-0.5904647734189133,1.4036517001158426,-0.08989331499509892,-0.10060545457319174,-0.21981657747106437,-0.7941781627873975,-0.3070801941090227,-0.19621814613865227,0.9415829490307701,-0.4156175589970315,-0.20166150310667885,-0.4864967196604686,-0.21219372754742588,-0.2991983466782894,1.5624913792865636,-0.14660958536878183,-1.482807455038566,-0.3318468896580935,-0.2931944802761775,-0.03167031776097681,-0.268264101878365,-0.3392400313681768,0.855943274340589,-0.03167031776097681,-0.03167031776097681
-1.746673863492722,-1.7581575845602384,-2.1659181137385763,-2.146034385960654,0.6529204672977886,0.7830961854248571,-0.5688650341299796,-0.34290113299620106,1.240741795686089,-0.9135419112057267,-0.2529147778628351,-0.22965760608731267,-1.119295166803151,-0.3921188919620247,-0.07095947242679883,-0.11031946970293831,2.618829455412367,-0.6446726587031845,-0.5904647734189133,1.4036517001158426,-0.08989331499509892,-0.10060545457319174,-0.21981657747106437,-0.7941781627873975,-0.3070801941090227,-0.19621814613865227,0.9415829490307701,-0.4156175589970315,-0.20166150310667885,-0.4864967196604686,-0.21219372754742588,-0.2991983466782894,-0.6400035310637054,-0.14660958536878183,0.6743963935452368,-0.3318468896580935,-0.2931944802761775,-0.03167031776097681,-0.268264101878365,-0.3392400313681768,0.855943274340589,-0.03167031776097681,-0.03167031776097681
-1.7804730983477464,-1.7894006405847236,-2.1659181137385763,-2.194274650417327,1.3049076577698226,2.309521953108465,-0.5688650341299796,-0.34290113299620106,1.240741795686089,-0.9135419112057267,-0.2529147778628351,-0.22965760608731267,-1.119295166803151,-0.3921188919620247,-0.07095947242679883,-0.11031946970293831,2.618829455412367,-0.6446726587031845,-0.5904647734189133,1.4036517001158426,-0.08989331499509892,-0.10060545457319174,-0.21981657747106437,-0.7941781627873975,-0.3070801941090227,-0.19621814613865227,0.9415829490307701,-0.4156175589970315,-0.20166150310667885,-0.4864967196604686,-0.21219372754742588,-0.2991983466782894,-0.6400035310637054,-0.14660958536878183,0.6743963935452368,-0.3318468896580935,-0.2931944802761775,-0.03167031776097681,-0.268264101878365,-0.3392400313681768,0.855943274340589,-0.03167031776097681,-0.03167031776097681
-1.746673863492722,-1.7581575845602384,-1.9386697666495207,-2.146034385960654,1.025484576138951,0.7830961854248571,-0.5688650341299796,-0.34290113299620106,1.240741795686089,-0.9135419112057267,-0.2529147778628351,-0.22965760608731267,-1.119295166803151,-0.3921188919620247,-0.07095947242679883,-0.11031946970293831,2.618829455412367,-0.6446726587031845,-0.5904647734189133,1.4036517001158426,-0.08989331499509892,-0.10060545457319174,-0.21981657747106437,-0.7941781627873975,-0.3070801941090227,-0.19621814613865227,0.9415829490307701,-0.4156175589970315,-0.20166150310667885,-0.4864967196604686,-0.21219372754742588,3.3422644580160132,-0.6400035310637054,-0.14660958536878183,0.6743963935452368,-0.3318468896580935,-0.2931944802761775,-0.03167031776097681,-0.268264101878365,-0.3392400313681768,0.855943274340589,-0.03167031776097681,-0.03167031776097681
-1.746673863492722,-1.7581575845602384,-1.9386697666495207,-2.001313592590632,0.7460614945080791,0.7830961854248571,-0.5688650341299796,-0.34290113299620106,1.240741795686089,-0.9135419112057267,-0.2529147778628351,-0.22965760608731267,-1.119295166803151,-0.3921188919620247,-0.07095947242679883,-0.11031946970293831,2.618829455412367,-0.6446726587031845,-0.5904647734189133,-0.7124274490013944,-0.08989331499509892,-0.10060545457319174,-0.21981657747106437,-0.7941781627873975,-0.3070801941090227,5.0963686064660765,0.9415829490307701,-0.4156175589970315,-0.20166150310667885,-0.4864967196604686,-0.21219372754742588,-0.2991983466782894,1.5624913792865636,-0.14660958536878183,-1.482807455038566,-0.3318468896580935,-0.2931944802761775,-0.03167031776097681,-0.268264101878365,-0.3392400313681768,0.855943274340589,-0.03167031776097681,-0.03167031776097681
-1.746673863492722,-1.7581575845602384,-1.8629203176198355,-1.953073328133958,1.4911897121904039,0.7830961854248571,-0.5688650341299796,-0.34290113299620106,1.240741795686089,1.0946405279645712,-0.2529147778628351,-0.22965760608731267,-1.119295166803151,-0.3921188919620247,-0.07095947242679883,-0.11031946970293831,2.618829455412367,-0.6446726587031845,-0.5904647734189133,-0.7124274490013944,-0.08989331499509892,-0.10060545457319174,-0.21981657747106437,-0.7941781627873975,-0.3070801941090227,-0.19621814613865227,0.9415829490307701,-0.4156175589970315,-0.20166150310667885,-0.4864967196604686,-0.21219372754742588,-0.2991983466782894,-0.6400035310637054,-0.14660958536878183,0.6743963935452368,-0.3318468896580935,-0.2931944802761775,-0.03167031776097681,-0.268264101878365,-0.3392400313681768,0.855943274340589,-0.03167031776097681,-0.03167031776097681
-1.7804730983477464,-1.7894006405847236,-2.241667562768262,-2.146034385960654,1.211766630559532,1.164702627345759,-0.5688650341299796,-0.34290113299620106,-0.8059694639746,1.0946405279645712,-0.2529147778628351,-0.22965760608731267,-1.119295166803151,-0.3921188919620247,-0.07095947242679883,-0.11031946970293831,-0.38184998948033355,-0.6446726587031845,1.6935811330619999,-0.7124274490013944,-0.08989331499509892,-0.10060545457319174,-0.21981657747106437,1.2591633047302777,-0.3070801941090227,-0.19621814613865227,0.9415829490307701,-0.4156175589970315,-0.20166150310667885,-0.4864967196604686,-0.21219372754742588,-0.2991983466782894,-0.6400035310637054,-0.14660958536878183,0.6743963935452368,-0.3318468896580935,-0.2931944802761775,-0.03167031776097681,-0.268264101878365,-0.3392400313681768,0.855943274340589,-0.03167031776097681,-0.03167031776097681
-1.7804730983477464,-1.7894006405847236,-2.1659181137385763,-2.146034385960654,0.7460614945080791,1.5463090692666612,-0.5688650341299796,2.9162924930057867,-0.8059694639746,-0.9135419112057267,-0.2529147778628351,-0.22965760608731267,-1.119295166803151,-0.3921188919620247,-0.07095947242679883,-0.11031946970293831,-0.38184998948033355,-0.6446726587031845,1.6935811330619999,-0.7124274490013944,-0.08989331499509892,-0.10060545457319174,-0.21981657747106437,1.2591633047302777,-0.3070801941090227,-0.19621814613865227,0.9415829490307701,-0.4156175589970315,-0.20166150310667885,-0.4864967196604686,-0.21219372754742588,-0.2991983466782894,-0.6400035310637054,-0.14660958536878183,0.6743963935452368,-0.3318468896580935,-0.2931944802761775,-0.03167031776097681,-0.268264101878365,-0.3392400313681768,0.855943274340589,-0.03167031776097681,-0.03167031776097681
-1.746673863492722,-1.7581575845602384,-1.9386697666495207,-2.146034385960654,1.211766630559532,1.5463090692666612,-0.5688650341299796,-0.34290113299620106,-0.8059694639746,-0.9135419112057267,-0.2529147778628351,-0.22965760608731267,-1.119295166803151,-0.3921188919620247,-0.07095947242679883,-0.11031946970293831,-0.38184998948033355,-0.6446726587031845,1.6935811330619999,-0.7124274490013944,-0.08989331499509892,-0.10060545457319174,-0.21981657747106437,1.2591633047302777,-0.3070801941090227,-0.19621814613865227,0.9415829490307701,-0.4156175589970315,-0.20166150310667885,-0.4864967196604686,-0.21219372754742588,-0.2991983466782894,-0.6400035310637054,-0.14660958536878183,0.6743963935452368,-0.3318468896580935,-0.2931944802761775,-0.03167031776097681,-0.268264101878365,-0.3392400313681768,0.855943274340589,-0.03167031776097681,-0.03167031776097681
-1.746673863492722,-1.7581575845602384,-1.8629203176198355,-2.146034385960654,1.5843307394006945,1.5463090692666612,-0.5688650341299796,-0.34290113299620106,-0.8059694639746,1.0946405279645712,-0.2529147778628351,-0.22965760608731267,-1.119295166803151,-0.3921188919620247,-0.07095947242679883,-0.11031946970293831,-0.38184998948033355,-0.6446726587031845,-0.5904647734189133,-0.7124274490013944,-0.08989331499509892,-0.10060545457319174,-0.21981657747106437,1.2591633047302777,-0.3070801941090227,-0.19621814613865227,0.9415829490307701,-0.4156175589970315,-0.20166150310667885,-0.4864967196604686,-0.21219372754742588,-0.2991983466782894,1.5624913792865636,-0.14660958536878183,-1.482807455038566,-0.3318468896580935,-0.2931944802761775,-0.03167031776097681,-0.268264101878365,-0.3392400313681768,0.855943274340589,-0.03167031776097681,-0.03167031776097681
-1.746673863492722,-1.7581575845602384,-2.014419215679206,-2.001313592590632,-0.09220775038453617,1.5463090692666612,-0.5688650341299796,-0.34290113299620106,-0.8059694639746,1.0946405279645712,-0.2529147778628351,-0.22965760608731267,-1.119295166803151,-0.3921188919620247,-0.07095947242679883,-0.11031946970293831,-0.38184998948033355,-0.6446726587031845,1.6935811330619999,-0.7124274490013944,-0.08989331499509892,-0.10060545457319174,-0.21981657747106437,1.2591633047302777,-0.3070801941090227,-0.19621814613865227,-1.0620413220411034,2.4060581136494816,-0.20166150310667885,-0.4864967196604686,-0.21219372754742588,-0.2991983466782894,-0.6400035310637054,-0.14660958536878183,0.6743963935452368,-0.3318468896580935,-0.2931944802761775,-0.03167031776097681,-0.268264101878365,-0.3392400313681768,0.855943274340589,-0.03167031776097681,-0.03167031776097681
-1.746673863492722,-1.7581575845602384,-1.8629203176198355,-2.0977941215039797,1.3980486849801133,1.5463090692666612,-0.5688650341299796,-0.34290113299620106,-0.8059694639746,-0.9135419112057267,-0.2529147778628351,-0.22965760608731267,-1.119295166803151,-0.3921188919620247,-0.07095947242679883,-0.11031946970293831,-0.38184998948033355,-0.6446726587031845,1.6935811330619999,-0.7124274490013944,-0.08989331499509892,-0.10060545457319174,-0.21981657747106437,1.2591633047302777,-0.3070801941090227,-0.19621814613865227,0.9415829490307701,-0.4156175589970315,-0.20166150310667885,-0.4864967196604686,-0.21219372754742588,-0.2991983466782894,-0.6400035310637054,-0.14660958536878183,0.6743963935452368,-0.3318468896580935,-0.2931944802761775,-0.03167031776097681,-0.268264101878365,-0.3392400313681768,0.855943274340589,-0.03167031776097681,-0.03167031776097681
-1.7804730983477464,-1.7894006405847236,-2.014419215679206,-2.194274650417327,1.5843307394006945,2.309521953108465,-0.5688650341299796,2.9162924930057867,-0.8059694639746,-0.9135419112057267,-0.2529147778628351,-0.22965760608731267,-1.119295166803151,-0.3921188919620247,-0.07095947242679883,-0.11031946970293831,-0.38184998948033355,-0.6446726587031845,1.6935811330619999,-0.7124274490013944,-0.08989331499509892,-0.10060545457319174,-0.21981657747106437,1.2591633047302777,-0.3070801941090227,-0.19621814613865227,0.9415829490307701,-0.4156175589970315,-0.20166150310667885,-0.4864967196604686,-0.21219372754742588,-0.2991983466782894,-0.6400035310637054,-0.14660958536878183,0.6743963935452368,-0.3318468896580935,-0.2931944802761775,-0.03167031776097681,-0.268264101878365,2.9477653211118273,-1.1683017204269652,-0.03167031776097681,-0.03167031776097681
-1.746673863492722,-1.7581575845602384,-2.0901686647088913,-2.194274650417327,1.5843307394006945,1.5463090692666612,-0.5688650341299796,-0.34290113299620106,-0.8059694639746,1.0946405279645712,-0.2529147778628351,-0.22965760608731267,-1.119295166803151,-0.3921188919620247,-0.07095947242679883,-0.11031946970293831,-0.38184998948033355,-0.6446726587031845,-0.5904647734189133,-0.7124274490013944,-0.08989331499509892,-0.10060545457319174,-0.21981657747106437,1.2591633047302777,-0.3070801941090227,-0.19621814613865227,0.9415829490307701,-0.4156175589970315,-0.20166150310667885,-0.4864967196604686,-0.21219372754742588,-0.2991983466782894,1.5624913792865636,-0.14660958536878183,-1.482807455038566,-0.3318468896580935,-0.2931944802761775,-0.03167031776097681,-0.268264101878365,-0.3392400313681768,0.855943274340589,-0.03167031776097681,-0.03167031776097681
-1.746673863492722,-1.7581575845602384,-2.014419215679206,-2.146034385960654,1.3980486849801133,1.5463090692666612,-0.5688650341299796,-0.34290113299620106,-0.8059694639746,1.0946405279645712,-0.2529147778628351,-0.22965760608731267,-1.119295166803151,-0.3921188919620247,-0.07095947242679883,-0.11031946970293831,-0.38184998948033355,-0.6446726587031845,1.6935811330619999,-0.7124274490013944,-0.08989331499509892,-0.10060545457319174,-0.21981657747106437,1.2591633047302777,-0.3070801941090227,-0.19621814613865227,-1.0620413220411034,2.4060581136494816,-0.20166150310667885,-0.4864967196604686,-0.21219372754742588,-0.2991983466782894,-0.6400035310637054,-0.14660958536878183,0.6743963935452368,-0.3318468896580935,-0.2931944802761775,-0.03167031776097681,-0.268264101878365,-0.3392400313681768,0.855943274340589,-0.03167031776097681,-0.03167031776097681
-1.7804730983477464,-1.7894006405847236,-2.0901686647088913,-2.194274650417327,1.3049076577698226,1.5463090692666612,-0.5688650341299796,-0.34290113299620106,-0.8059694639746,-0.9135419112057267,-0.2529147778628351,-0.22965760608731267,-1.119295166803151,-0.3921188919620247,-0.07095947242679883,-0.11031946970293831,-0.38184998948033355,-0.6446726587031845,1.6935811330619999,-0.7124274490013944,-0.08989331499509892,-0.10060545457319174,-0.21981657747106437,1.2591633047302777,-0.3070801941090227,-0.19621814613865227,0.9415829490307701,-0.4156175589970315,-0.20166150310667885,-0.4864967196604686,-0.21219372754742588,3.3422644580160132,-0.6400035310637054,-0.14660958536878183,0.6743963935452368,-0.3318468896580935,-0.2931944802761775,-0.03167031776097681,-0.268264101878365,-0.3392400313681768,0.855943274340589,-0.03167031776097681,-0.03167031776097681
-1.746673863492722,-1.7581575845602384,-2.0901686647088913,-2.194274650417327,0.8392025217183697,0.7830961854248571,-0.5688650341299796,-0.34290113299620106,-0.8059694639746,-0.9135419112057267,-0.2529147778628351,-0.22965760608731267,-1.119295166803151,-0.3921188919620247,-0.07095947242679883,-0.11031946970293831,-0.38184998948033355,-0.6446726587031845,1.6935811330619999,-0.7124274490013944,-0.08989331499509892,-0.10060545457319174,-0.21981657747106437,1.2591633047302777,-0.3070801941090227,-0.19621814613865227,0.9415829490307701,-0.4156175589970315,-0.20166150310667885,-0.4864967196604686,-0.21219372754742588,-0.2991983466782894,-0.6400035310637054,-0.14660958536878183,0.6743963935452368,-0.3318468896580935,3.4107054097950273,-0.03167031776097681,-0.268264101878365,-0.3392400313681768,-1.1683017204269652,-0.03167031776097681,-0.03167031776097681
-1.746673863492722,-1.7581575845602384,-1.8629203176198355,-2.146034385960654,1.4911897121904039,1.164702627345759,-0.5688650341299796,-0.34290113299620106,-0.8059694639746,-0.9135419112057267,-0.2529147778628351,-0.22965760608731267,-1.119295166803151,-0.3921188919620247,-0.07095947242679883,-0.11031946970293831,-0.38184998948033355,-0.6446726587031845,1.6935811330619999,-0.7124274490013944,-0.08989331499509892,-0.10060545457319174,-0.21981657747106437,1.2591633047302777,-0.3070801941090227,-0.19621814613865227,-1.0620413220411034,2.4060581136494816,-0.20166150310667885,-0.4864967196604686,-0.21219372754742588,-0.2991983466782894,-0.6400035310637054,-0.14660958536878183,0.6743963935452368,-0.3318468896580935,-0.2931944802761775,-0.03167031776097681,-0.268264101878365,-0.3392400313681768,0.855943274340589,-0.03167031776097681,-0.03167031776097681
-1.746673863492722,-1.7581575845602384,-2.0901686647088913,-2.146034385960654,0.09407430403604503,0.7830961854248571,-0.5688650341299796,-0.34290113299620106,-0.8059694639746,-0.9135419112057267,-0.2529147778628351,-0.22965760608731267,-1.119295166803151,-0.3921188919620247,-0.07095947242679883,-0.11031946970293831,-0.38184998948033355,-0.6446726587031845,1.6935811330619999,-0.7124274490013944,-0.08989331499509892,-0.10060545457319174,-0.21981657747106437,1.2591633047302777,-0.3070801941090227,-0.19621814613865227,0.9415829490307701,-0.4156175589970315,-0.20166150310667885,-0.4864967196604686,-0.21219372754742588,-0.2991983466782894,1.5624913792865636,-0.14660958536878183,-1.482807455038566,-0.3318468896580935,-0.2931944802761775,-0.03167031776097681,-0.268264101878365,-0.3392400313681768,0.855943274340589,-0.03167031776097681,-0.03167031776097681
-1.746673863492722,-1.7581575845602384,-1.9386697666495207,-1.953073328133958,1.025484576138951,1.164702627345759,-0.5688650341299796,-0.34290113299620106,-0.8059694639746,1.0946405279645712,-0.2529147778628351,-0.22965760608731267,-1.119295166803151,-0.3921188919620247,-0.07095947242679883,-0.11031946970293831,-0.38184998948033355,-0.6446726587031845,1.6935811330619999,-0.7124274490013944,-0.08989331499509892,-0.10060545457319174,-0.21981657747106437,1.2591633047302777,-0.3070801941090227,-0.19621814613865227,0.9415829490307701,-0.4156175589970315,-0.20166150310667885,-0.4864967196604686,4.712674646692831,-0.2991983466782894,-0.6400035310637054,-0.14660958536878183,0.6743963935452368,-0.3318468896580935,-0.2931944802761775,-0.03167031776097681,-0.268264101878365,-0.3392400313681768,0.855943274340589,-0.03167031776097681,-0.03167031776097681
-1.7804730983477464,-1.7894006405847236,-2.014419215679206,-2.194274650417327,0.1872153312463356,1.164702627345759,1.757886212024609,-0.34290113299620106,-0.8059694639746,1.0946405279645712,-0.2529147778628351,-0.22965760608731267,-1.119295166803151,-0.3921188919620247,-0.07095947242679883,-0.11031946970293831,-0.38184998948033355,-0.6446726587031845,1.6935811330619999,-0.7124274490013944,-0.08989331499509892,-0.10060545457319174,-0.21981657747106437,1.2591633047302777,-0.3070801941090227,-0.19621814613865227,0.9415829490307701,-0.4156175589970315,-0.20166150310667885,-0.4864967196604686,4.712674646692831,-0.2991983466782894,-0.6400035310637054,-0.14660958536878183,0.6743963935452368,-0.3318468896580935,-0.2931944802761775,-0.03167031776097681,-0.268264101878365,-0.3392400313681768,0.855943274340589,-0.03167031776097681,-0.03167031776097681
-1.7804730983477464,-1.7894006405847236,-2.014419215679206,-2.146034385960654,1.025484576138951,1.9279155111875632,1.757886212024609,-0.34290113299620106,-0.8059694639746,-0.9135419112057267,-0.2529147778628351,-0.22965760608731267,-1.119295166803151,2.5502469289259504,-0.07095947242679883,-0.11031946970293831,-0.38184998948033355,-0.6446726587031845,-0.5904647734189133,-0.7124274490013944,-0.08989331499509892,-0.10060545457319174,-0.21981657747106437,-0.7941781627873975,3.256478337528241,-0.19621814613865227,-1.0620413220411034,2.4060581136494816,-0.20166150310667885,-0.4864967196604686,4.712674646692831,-0.2991983466782894,-0.6400035310637054,-0.14660958536878183,0.6743963935452368,-0.3318468896580935,-0.2931944802761775,-0.03167031776097681,-0.268264101878365,-0.3392400313681768,0.855943274340589,-0.03167031776097681,-0.03167031776097681
-1.7804730983477464,-1.7894006405847236,-2.1659181137385763,-2.146034385960654,0.6529204672977886,2.309521953108465,1.757886212024609,-0.34290113299620106,-0.8059694639746,-0.9135419112057267,-0.2529147778628351,-0.22965760608731267,-1.119295166803151,-0.3921188919620247,-0.07095947242679883,-0.11031946970293831,2.618829455412367,-0.6446726587031845,-0.5904647734189133,-0.7124274490013944,-0.08989331499509892,-0.10060545457319174,-0.21981657747106437,-0.7941781627873975,3.256478337528241,-0.19621814613865227,0.9415829490307701,-0.4156175589970315,-0.20166150310667885,-0.4864967196604686,4.712674646692831,-0.2991983466782894,-0.6400035310637054,-0.14660958536878183,0.6743963935452368,-0.3318468896580935,-0.2931944802761775,-0.03167031776097681,-0.268264101878365,-0.3392400313681768,0.855943274340589,-0.03167031776097681,-0.03167031776097681
-1.7804730983477464,-1.7894006405847236,-2.014419215679206,-2.146034385960654,1.5843307394006945,1.9279155111875632,1.757886212024609,-0.34290113299620106,-0.8059694639746,1.0946405279645712,-0.2529147778628351,-0.22965760608731267,-1.119295166803151,-0.3921188919620247,-0.07095947242679883,-0.11031946970293831,-0.38184998948033355,-0.6446726587031845,-0.5904647734189133,-0.7124274490013944,-0.08989331499509892,-0.10060545457319174,-0.21981657747106437,-0.7941781627873975,-0.3070801941090227,-0.19621814613865227,-1.0620413220411034,2.4060581136494816,-0.20166150310667885,-0.4864967196604686,-0.21219372754742588,-0.2991983466782894,1.5624913792865636,-0.14660958536878183,-1.482807455038566,-0.3318468896580935,-0.2931944802761775,-0.03167031776097681,-0.268264101878365,-0.3392400313681768,0.855943274340589,-0.03167031776097681,-0.03167031776097681
-1.746673863492722,-1.7581575845602384,-2.0901686647088913,-1.953073328133958,1.3980486849801133,0.7830961854248571,1.757886212024609,-0.34290113299620106,-0.8059694639746,1.0946405279645712,-0.2529147778628351,-0.22965760608731267,-1.119295166803151,-0.3921188919620247,-0.07095947242679883,-0.11031946970293831,2.618829455412367,-0.6446726587031845,-0.5904647734189133,-0.7124274490013944,-0.08989331499509892,-0.10060545457319174,-0.21981657747106437,-0.7941781627873975,3.256478337528241,-0.19621814613865227,0.9415829490307701,-0.4156175589970315,-0.20166150310667885,-0.4864967196604686,-0.21219372754742588,-0.2991983466782894,-0.6400035310637054,-0.14660958536878183,0.6743963935452368,-0.3318468896580935,-0.2931944802761775,-0.03167031776097681,-0.268264101878365,-0.3392400313681768,0.855943274340589,-0.03167031776097681,-0.03167031776097681
-1.7804730983477464,-1.7894006405847236,-2.014419215679206,-2.290755179330675,-0.09220775038453617,1.9279155111875632,1.757886212024609,-0.34290113299620106,-0.8059694639746,-0.9135419112057267,-0.2529147778628351,-0.22965760608731267,-1.119295166803151,-0.3921188919620247,-0.07095947242679883,-0.11031946970293831,2.618829455412367,-0.6446726587031845,-0.5904647734189133,-0.7124274490013944,-0.08989331499509892,-0.10060545457319174,-0.21981657747106437,-0.7941781627873975,-0.3070801941090227,5.0963686064660765,0.9415829490307701,-0.4156175589970315,-0.20166150310667885,-0.4864967196604686,-0.21219372754742588,-0.2991983466782894,-0.6400035310637054,-0.14660958536878183,0.6743963935452368,-0.3318468896580935,-0.2931944802761775,-0.03167031776097681,-0.268264101878365,-0.3392400313681768,0.855943274340589,-0.03167031776097681,-0.03167031776097681
-1.7804730983477464,-1.7894006405847236,-2.241667562768262,-2.146034385960654,0.9323435489286603,1.5463090692666612,1.757886212024609,-0.34290113299620106,-0.8059694639746,-0.9135419112057267,-0.2529147778628351,-0.22965760608731267,-1.119295166803151,2.5502469289259504,-0.07095947242679883,-0.11031946970293831,-0.38184998948033355,-0.6446726587031845,-0.5904647734189133,-0.7124274490013944,-0.08989331499509892,-0.10060545457319174,-0.21981657747106437,-0.7941781627873975,3.256478337528241,-0.19621814613865227,-1.0620413220411034,2.4060581136494816,-0.20166150310667885,-0.4864967196604686,-0.21219372754742588,3.3422644580160132,-0.6400035310637054,-0.14660958536878183,0.6743963935452368,-0.3318468896580935,-0.2931944802761775,-0.03167031776097681,-0.268264101878365,-0.3392400313681768,0.855943274340589,-0.03167031776097681,-0.03167031776097681
-1.7804730983477464,-1.7894006405847236,-2.1659181137385763,-2.194274650417327,1.211766630559532,1.164702627345759,-0.5688650341299796,2.9162924930057867,-0.8059694639746,1.0946405279645712,-0.2529147778628351,-0.22965760608731267,-1.119295166803151,2.5502469289259504,-0.07095947242679883,-0.11031946970293831,-0.38184998948033355,-0.6446726587031845,-0.5904647734189133,-0.7124274490013944,-0.08989331499509892,-0.10060545457319174,-0.21981657747106437,-0.7941781627873975,3.256478337528241,-0.19621814613865227,0.9415829490307701,-0.4156175589970315,-0.20166150310667885,-0.4864967196604686,-0.21219372754742588,-0.2991983466782894,1.5624913792865636,-0.14660958536878183,-1.482807455038566,-0.3318468896580935,-0.2931944802761775,-0.03167031776097681,-0.268264101878365,-0.3392400313681768,0.855943274340589,-0.03167031776097681,-0.03167031776097681
-1.746673863492722,-1.7581575845602384,-2.014419215679206,-1.9048330636772843,-0.18534877759482676,1.5463090692666612,-0.5688650341299796,2.9162924930057867,-0.8059694639746,1.0946405279645712,-0.2529147778628351,-0.22965760608731267,-1.119295166803151,2.5502469289259504,-0.07095947242679883,-0.11031946970293831,-0.38184998948033355,-0.6446726587031845,-0.5904647734189133,-0.7124274490013944,-0.08989331499509892,-0.10060545457319174,-0.21981657747106437,-0.7941781627873975,3.256478337528241,-0.19621814613865227,-1.0620413220411034,2.4060581136494816,-0.20166150310667885,-0.4864967196604686,-0.21219372754742588,-0.2991983466782894,-0.6400035310637054,-0.14660958536878183,0.6743963935452368,-0.3318468896580935,-0.2931944802761775,-0.03167031776097681,-0.268264101878365,2.9477653211118273,-1.1683017204269652,-0.03167031776097681,-0.03167031776097681
-1.746673863492722,-1.7581575845602384,-2.014419215679206,-1.8565927992206104,0.000933276825754426,0.7830961854248571,-0.5688650341299796,2.9162924930057867,-0.8059694639746,-0.9135419112057267,-0.2529147778628351,-0.22965760608731267,-1.119295166803151,2.5502469289259504,-0.07095947242679883,-0.11031946970293831,-0.38184998948033355,-0.6446726587031845,-0.5904647734189133,-0.7124274490013944,-0.08989331499509892,-0.10060545457319174,-0.21981657747106437,-0.7941781627873975,3.256478337528241,-0.19621814613865227,0.9415829490307701,-0.4156175589970315,-0.20166150310667885,-0.4864967196604686,-0.21219372754742588,-0.2991983466782894,-0.6400035310637054,-0.14660958536878183,0.6743963935452368,-0.3318468896580935,-0.2931944802761775,-0.03167031776097681,-0.268264101878365,2.9477653211118273,-1.1683017204269652,-0.03167031776097681,-0.03167031776097681
-1.746673863492722,-1.7581575845602384,-2.241667562768262,-2.0977941215039797,0.7460614945080791,1.164702627345759,-0.5688650341299796,2.9162924930057867,-0.8059694639746,-0.9135419112057267,-0.2529147778628351,-0.22965760608731267,-1.119295166803151,2.5502469289259504,-0.07095947242679883,-0.11031946970293831,-0.38184998948033355,-0.6446726587031845,-0.5904647734189133,-0.7124274490013944,-0.08989331499509892,-0.10060545457319174,-0.21981657747106437,1.2591633047302777,-0.3070801941090227,-0.19621814613865227,-1.0620413220411034,2.4060581136494816,-0.20166150310667885,-0.4864967196604686,-0.21219372754742588,-0.2991983466782894,-0.6400035310637054,-0.14660958536878183,0.6743963935452368,-0.3318468896580935,-0.2931944802761775,-0.03167031776097681,-0.268264101878365,2.9477653211118273,-1.1683017204269652,-0.03167031776097681,-0.03167031776097681
-1.746673863492722,-1.7581575845602384,-2.014419215679206,-1.953073328133958,1.1186256033492414,1.5463090692666612,-0.5688650341299796,2.9162924930057867,-0.8059694639746,-0.9135419112057267,-0.2529147778628351,-0.22965760608731267,-1.119295166803151,-0.3921188919620247,-0.07095947242679883,-0.11031946970293831,-0.38184998948033355,-0.6446726587031845,1.6935811330619999,-0.7124274490013944,-0.08989331499509892,-0.10060545457319174,-0.21981657747106437,1.2591633047302777,-0.3070801941090227,-0.19621814613865227,0.9415829490307701,-0.4156175589970315,-0.20166150310667885,-0.4864967196604686,-0.21219372754742588,-0.2991983466782894,-0.6400035310637054,-0.14660958536878183,0.6743963935452368,-0.3318468896580935,-0.2931944802761775,-0.03167031776097681,-0.268264101878365,2.9477653211118273,-1.1683017204269652,-0.03167031776097681,-0.03167031776097681
-1.746673863492722,-1.7581575845602384,-1.8629203176198355,-2.049553857047306,1.211766630559532,1.164702627345759,1.757886212024609,-0.34290113299620106,-0.8059694639746,-0.9135419112057267,-0.2529147778628351,-0.22965760608731267,-1.119295166803151,-0.3921188919620247,-0.07095947242679883,-0.11031946970293831,-0.38184998948033355,-0.6446726587031845,-0.5904647734189133,-0.7124274490013944,-0.08989331499509892,-0.10060545457319174,-0.21981657747106437,-0.7941781627873975,-0.3070801941090227,-0.19621814613865227,0.9415829490307701,-0.4156175589970315,-0.20166150310667885,-0.4864967196604686,-0.21219372754742588,-0.2991983466782894,-0.6400035310637054,-0.14660958536878183,0.6743963935452368,-0.3318468896580935,-0.2931944802761775,-0.03167031776097681,-0.268264101878365,2.9477653211118273,-1.1683017204269652,-0.03167031776097681,-0.03167031776097681
-1.746673863492722,-1.7581575845602384,-2.0901686647088913,-2.194274650417327,-0.27848980480511737,1.5463090692666612,1.757886212024609,-0.34290113299620106,-0.8059694639746,1.0946405279645712,-0.2529147778628351,-0.22965760608731267,-1.119295166803151,-0.3921188919620247,-0.07095947242679883,-0.11031946970293831,2.618829455412367,-0.6446726587031845,-0.5904647734189133,-0.7124274490013944,-0.08989331499509892,-0.10060545457319174,-0.21981657747106437,-0.7941781627873975,3.256478337528241,-0.19621814613865227,0.9415829490307701,-0.4156175589970315,-0.20166150310667885,-0.4864967196604686,-0.21219372754742588,-0.2991983466782894,-0.6400035310637054,-0.14660958536878183,0.6743963935452368,-0.3318468896580935,-0.2931944802761775,-0.03167031776097681,-0.268264101878365,2.9477653211118273,-1.1683017204269652,-0.03167031776097681,-0.03167031776097681
-1.746673863492722,-1.7581575845602384,-1.9386697666495207,-2.001313592590632,1.025484576138951,1.164702627345759,1.757886212024609,-0.34290113299620106,-0.8059694639746,1.0946405279645712,-0.2529147778628351,-0.22965760608731267,-1.119295166803151,-0.3921188919620247,-0.07095947242679883,-0.11031946970293831,2.618829455412367,-0.6446726587031845,-0.5904647734189133,-0.7124274490013944,-0.08989331499509892,-0.10060545457319174,-0.21981657747106437,-0.7941781627873975,3.256478337528241,-0.19621814613865227,-1.0620413220411034,2.4060581136494816,-0.20166150310667885,-0.4864967196604686,-0.21219372754742588,-0.2991983466782894,-0.6400035310637054,-0.14660958536878183,0.6743963935452368,-0.3318468896580935,-0.2931944802761775,-0.03167031776097681,-0.268264101878365,2.9477653211118273,-1.1683017204269652,-0.03167031776097681,-0.03167031776097681
-1.746673863492722,-1.7581575845602384,-2.014419215679206,-2.001313592590632,1.4911897121904039,1.5463090692666612,1.757886212024609,-0.34290113299620106,-0.8059694639746,-0.9135419112057267,-0.2529147778628351,-0.22965760608731267,-1.119295166803151,-0.3921188919620247,-0.07095947242679883,-0.11031946970293831,2.618829455412367,-0.6446726587031845,-0.5904647734189133,-0.7124274490013944,-0.08989331499509892,-0.10060545457319174,-0.21981657747106437,1.2591633047302777,-0.3070801941090227,-0.19621814613865227,0.9415829490307701,-0.4156175589970315,-0.20166150310667885,-0.4864967196604686,-0.21219372754742588,-0.2991983466782894,-0.6400035310637054,-0.14660958536878183,0.6743963935452368,-0.3318468896580935,-0.2931944802761775,-0.03167031776097681,-0.268264101878365,2.9477653211118273,-1.1683017204269652,-0.03167031776097681,-0.03167031776097681
